split_id,family,val,test,drop,n_val,n_test,tumor_frac_val,tumor_frac_test,share_patches_val
0,F1,040 041 042 044,045 046 048 051 052,,20002,65052,0.3513148685131487,0.5457172723359773,0.23516824605544712
1,F1,040 041 042 045,044 046 048 051 052,,22441,62613,0.1982977585669088,0.6081324964464249,0.26384414607190726
2,F1,040 041 042 046,044 045 048 051 052,,22863,62191,0.2532476053011416,0.590712482513547,0.26880569990829356
3,F1,040 041 042 048,044 045 046 051 052,,19270,65784,0.2270887389724961,0.5799434512951478,0.22656194887953535
4,F1,040 041 042 051,044 045 046 048 052,,46592,38462,0.6710164835164835,0.2928344859861682,0.5477931666941002
5,F1,040 041 042 052,044 045 046 048 051,,27456,57598,0.39881993006993005,0.548230841348658,0.3228066875161662
6,F1,040 041 044 045,042 046 048 051 052,,20519,64535,0.1453287197231834,0.6127682652824049,0.2412467373668493
7,F1,040 041 044 046,042 045 048 051 052,,20941,64113,0.20638937968578386,0.5959009873192644,0.2462082912032356
8,F1,040 041 044 048,042 045 046 051 052,,17348,67706,0.16762739220659442,0.5851623194399315,0.2039645401744774
9,F1,040 041 044 051,042 045 046 048 052,,44670,40384,0.6670248488918737,0.31524861331220283,0.5251957579890423
10,F1,040 041 044 052,042 045 046 048 051,,25534,59520,0.37134800657946265,0.5551915322580645,0.30020927881110826
11,F1,040 041 045 046,042 044 048 051 052,,23380,61674,0.07463644140290847,0.6612510944644421,0.2748841912196957
12,F1,040 041 045 048,042 044 046 051 052,,19787,65267,0.016728154849143376,0.6465135520247598,0.23264044019093752
13,F1,040 041 045 051,042 044 046 048 052,,47109,37945,0.5777876838820607,0.4034260113321913,0.5538716580055024
14,F1,040 041 045 052,042 044 046 048 051,,27973,57081,0.24684517213026846,0.6240605455405477,0.32888517882756835
15,F1,040 041 046 048,042 044 045 051 052,,20209,64845,0.08268593201049038,0.6300562880715552,0.23760199402732382
16,F1,040 041 046 051,042 044 045 048 052,,47531,37523,0.6008499715974838,0.37225168563281186,0.5588332118418887
17,F1,040 041 046 052,042 044 045 048 051,,28395,56659,0.2903680225391794,0.6050583314213099,0.33384673266395465
18,F1,040 041 048 051,042 044 045 046 052,,43938,41116,0.6178023578679048,0.37411226773032397,0.5165894608131305
19,F1,040 041 048 052,042 044 045 046 051,,24802,60252,0.2754213369889525,0.5924450640642634,0.2916029816351965
20,F1,040 041 051 052,042 044 045 046 048,,52124,32930,0.6468997007136827,0.2674764652292742,0.6128341994497614
21,F1,040 042 044 045,041 046 048 051 052,,24035,61019,0.29960474308300394,0.5789344302594274,0.2825851811790157
22,F1,040 042 044 046,041 045 048 051 052,,24457,60597,0.3492251707077728,0.5608528475007013,0.28754673501540196
23,F1,040 042 044 048,041 045 046 051 052,,20864,64190,0.34159317484662577,0.5514877706807914,0.24530298398664377
24,F1,040 042 044 051,041 045 046 048 052,,48186,36868,0.7059104304154734,0.23087772594119563,0.5665342018012086
25,F1,040 042 044 052,041 045 046 048 051,,29050,56004,0.4716351118760757,0.514713234768945,0.34154772262327465
26,F1,040 042 045 046,041 044 048 051 052,,26896,58158,0.22174301011302797,0.6286839299838372,0.3162226350318621
27,F1,040 042 045 048,041 044 046 051 052,,23303,61751,0.19525382997897267,0.6150021861994138,0.2739788840031039
28,F1,040 042 045 051,041 044 046 048 052,,50625,34429,0.6209975308641975,0.32208312759592206,0.5952101018176688
29,F1,040 042 045 052,041 044 046 048 051,,31489,53565,0.35326621994982377,0.5862596844954728,0.37022362263973474
30,F1,040 042 046 048,041 044 045 051 052,,23725,61329,0.2482613277133825,0.5973845978248463,0.2789404378394902
31,F1,040 042 046 051,041 044 045 048 052,,51047,34007,0.6421141301153839,0.28667627253212574,0.6001716556540551
32,F1,040 042 046 052,041 044 045 048 051,,31911,53143,0.39058631819748674,0.5657000922040533,0.37518517647612104
33,F1,040 042 048 051,041 044 045 046 052,,47454,37600,0.6609348000168584,0.29688829787234045,0.5579279046252968
34,F1,040 042 048 052,041 044 045 046 051,,28318,56736,0.3902111731054453,0.5547976593344613,0.3329414254473628
35,F1,040 042 051 052,041 044 045 046 048,,55640,29414,0.6818475916606758,0.15601414292513768,0.6541726432619277
36,F1,040 044 045 046,041 042 048 051 052,,24974,60080,0.18002722831745016,0.6330059920106524,0.29362522632680416
37,F1,040 044 045 048,041 042 046 051 052,,21381,63673,0.14414667227912634,0.6194933488291741,0.25138147529804594
38,F1,040 044 045 051,041 042 046 048 052,,48703,36351,0.6153625033365501,0.3454375395449919,0.5726126931126108
39,F1,040 044 045 052,041 042 046 048 051,,29567,55487,0.3265803091284202,0.5924090327464091,0.3476262139346768
40,F1,040 044 046 048,041 042 045 051 052,,21803,63251,0.2028161262211622,0.6024410681254051,0.25634302913443224
41,F1,040 044 046 051,041 042 045 048 052,,49125,35929,0.63735368956743,0.3121990592557544,0.5775742469489971
42,F1,040 044 046 052,041 042 045 048 051,,29989,55065,0.36666777818533464,0.5726141832379915,0.3525877677710631
43,F1,040 044 048 051,041 042 045 046 052,,45532,39522,0.6565931652464201,0.31959415009361875,0.535330495920239
44,F1,040 044 048 052,041 042 045 046 051,,26396,58658,0.3630095469010456,0.5616454703535749,0.3103440167423049
45,F1,040 044 051 052,041 042 045 046 048,,53718,31336,0.6789158196507689,0.19329206025019147,0.6315752345568697
46,F1,040 045 046 048,041 042 044 051 052,,24242,60812,0.07610758188268295,0.6689798066171151,0.2850189291508924
47,F1,040 045 046 051,041 042 044 048 052,,51564,33490,0.5572298502831433,0.41188414452075245,0.6062501469654572
48,F1,040 045 046 052,041 042 044 048 051,,32428,52626,0.25962131491303814,0.6481207007942842,0.38126366778752324
49,F1,040 045 048 051,041 042 044 046 052,,47971,37083,0.569489900148006,0.4101070571420867,0.564006395936699
50,F1,040 045 048 052,041 042 044 046 051,,28835,56219,0.2429339344546558,0.6318504420213806,0.339019916758765
51,F1,040 045 051 052,041 042 044 046 048,,56157,28897,0.6035400751464643,0.2987853410388622,0.6602511345733298
52,F1,040 046 048 051,041 042 044 045 052,,48393,36661,0.5922137499225094,0.3782766427538801,0.5689679497730853
53,F1,040 046 048 052,041 042 044 045 051,,29257,55797,0.2852308849164303,0.6126135813753427,0.34398147059515133
54,F1,040 046 051 052,041 042 044 045 048,,56579,28475,0.6227222114211987,0.2561545215100966,0.6652126884097161
55,F1,040 048 051 052,041 042 044 045 046,,52986,32068,0.6382629373796852,0.2715479605837595,0.6229689373809579
56,F1,041 042 044 045,040 046 048 051 052,,23919,61135,0.30034700447343116,0.5781140099779177,0.2812213417358384
57,F1,041 042 044 046,040 045 048 051 052,,24341,60713,0.35019103570108046,0.5600612718857576,0.2861828955722247
58,F1,041 042 044 048,040 045 046 051 052,,20748,64306,0.34268363215731634,0.5507573165801014,0.2439391445434665
59,F1,041 042 044 051,040 045 046 048 052,,48070,36984,0.7072602454753485,0.23061323815704088,0.5651703623580314
60,F1,041 042 044 052,040 045 046 048 051,,28934,56120,0.4729384115573374,0.5139522451888809,0.34018388318009735
61,F1,041 042 045 046,040 044 048 051 052,,26780,58274,0.2220687079910381,0.6277241994714624,0.31485879558868485
62,F1,041 042 045 048,040 044 046 051 052,,23187,61867,0.19549747703454523,0.6141238463154832,0.27261504455992663
63,F1,041 042 045 051,040 044 046 048 052,,50509,34545,0.6220871527846522,0.3214937038645245,0.5938462623744915
64,F1,041 042 045 052,040 044 046 048 051,,31373,53681,0.3540305358110477,0.5853095136081667,0.3688597831965575
65,F1,041 042 046 048,040 044 045 051 052,,23609,61445,0.2487610656952857,0.5965334852306942,0.27757659839631293
66,F1,041 042 046 051,040 044 045 048 052,,50931,34123,0.643242818715517,0.28619992380505815,0.5988078162108778
67,F1,041 042 046 052,040 044 045 048 051,,31795,53259,0.3914766472715836,0.5647871721211438,0.3738213370329438
68,F1,041 042 048 051,040 044 045 046 052,,47338,37716,0.662195276522033,0.29642592003393786,0.5565640651821196
69,F1,041 042 048 052,040 044 045 046 051,,28202,56852,0.3912133891213389,0.5539646802223317,0.3315775860041856
70,F1,041 042 051 052,040 044 045 046 048,,55524,29530,0.6829659246451985,0.15597697257026752,0.6528088038187504
71,F1,041 044 045 046,040 042 048 051 052,,24858,60196,0.18018344195027758,0.6320685759851153,0.29226138688362685
72,F1,041 044 045 048,040 042 046 051 052,,21265,63789,0.14413355278626852,0.6186333066829705,0.2500176358548687
73,F1,041 044 045 051,040 042 046 048 052,,48587,36467,0.6164817749603804,0.34480489209422216,0.5712488536694336
74,F1,041 044 045 052,040 042 046 048 051,,29451,55603,0.3272893959458083,0.5914788770390087,0.3462623744914995
75,F1,041 044 046 048,040 042 045 051 052,,21687,63367,0.20311707474523907,0.601606514431802,0.254979189691255
76,F1,041 044 046 051,040 042 045 048 052,,49009,36045,0.638515374727091,0.3116659730891941,0.5762104075058199
77,F1,041 044 046 052,040 042 045 048 051,,29873,55181,0.3675225119673284,0.5717185263043438,0.3512239283278858
78,F1,041 044 048 051,040 042 045 046 052,,45416,39638,0.6578958957195702,0.31908774408395985,0.5339666564770617
79,F1,041 044 048 052,040 042 045 046 051,,26280,58774,0.3639649923896499,0.5608262156735971,0.30898017729912763
80,F1,041 044 051 052,040 042 045 046 048,,53602,31452,0.6800679079138838,0.1931196744245199,0.6302113951136925
81,F1,041 045 046 048,040 042 044 051 052,,24126,60928,0.07576888004642295,0.6679851628151261,0.2836550897077151
82,F1,041 045 046 051,040 042 044 048 052,,51448,33606,0.55815580780594,0.41096827947390346,0.60488630752228
83,F1,041 045 046 052,040 042 044 048 051,,32312,52742,0.26002723446397624,0.6470175571650677,0.37989982834434594
84,F1,041 045 048 051,040 042 044 046 052,,47855,37199,0.5705150976909413,0.4092851958385978,0.5626425564935218
85,F1,041 045 048 052,040 042 044 046 051,,28719,56335,0.24332323548870086,0.6308511582497559,0.3376560773155877
86,F1,041 045 051 052,040 042 044 046 048,,56041,29013,0.6044860013204618,0.29817667941957055,0.6588872951301527
87,F1,041 046 048 051,040 042 044 045 052,,48277,36777,0.5932845868633096,0.37754574870163415,0.5676041103299081
88,F1,041 046 048 052,040 042 044 045 051,,29141,55913,0.28578291753886276,0.6116466653551053,0.342617631151974
89,F1,041 046 051 052,040 042 044 045 048,,56463,28591,0.6237004764181854,0.2557098387604491,0.663848848966539
90,F1,041 048 051 052,040 042 044 045 046,,52870,32184,0.6393417817287687,0.2710974397216008,0.6216050979377807
91,F1,042 044 045 046,040 041 048 051 052,,28374,56680,0.30654824839641925,0.5968419195483415,0.33359983069579324
92,F1,042 044 045 048,040 041 046 051 052,,24781,60273,0.2939348694564384,0.5847228443913527,0.2913560796670351
93,F1,042 044 045 051,040 041 046 048 052,,52103,32951,0.6558547492466844,0.2535583138599739,0.6125872974815999
94,F1,042 044 045 052,040 041 046 048 051,,32967,52087,0.42035975369308703,0.5504060514139805,0.3876008183036659
95,F1,042 044 046 048,040 041 045 051 052,,25203,59851,0.3421814863309923,0.566456700807004,0.29631763350342133
96,F1,042 044 046 051,040 041 045 048 052,,52525,32529,0.6760970966206569,0.21565372436902455,0.6175488513179862
97,F1,042 044 046 052,040 041 045 048 051,,33389,51665,0.4551798496510827,0.5289654504984032,0.3925623721400522
98,F1,042 044 048 051,040 041 045 046 052,,48932,36122,0.696844600670318,0.23334809811195392,0.575305100289228
99,F1,042 044 048 052,040 041 045 046 051,,29796,55258,0.4626124311988186,0.5201599768359333,0.350318621111294
100,F1,042 044 051 052,040 041 045 046 048,,57118,27936,0.7120697503413985,0.06640177548682703,0.6715498389258588
101,F1,042 045 046 048,040 041 044 051 052,,27642,57412,0.21876130526011142,0.635407231937574,0.3249935335198815
102,F1,042 045 046 051,040 041 044 048 052,,54964,30090,0.5992103922567499,0.31877700232635425,0.6462247513344463
103,F1,042 045 046 052,040 041 044 048 051,,35828,49226,0.35226638383387293,0.6075244789338967,0.42123827215651233
104,F1,042 045 048 051,040 041 044 046 052,,51371,33683,0.613595219092484,0.3267523676632129,0.6039810003056881
105,F1,042 045 048 052,040 041 044 046 051,,32235,52819,0.3476655808903366,0.5929684393873417,0.3789945211277541
106,F1,042 045 051 052,040 041 044 046 048,,59557,25497,0.6396393371056299,0.17382437149468566,0.700225738942319
107,F1,042 046 048 051,040 041 044 045 052,,51793,33261,0.6344679782982257,0.2906106250563723,0.6089425541420744
108,F1,042 046 048 052,040 041 044 045 051,,32657,52397,0.38420553020791864,0.5721701624138786,0.3839560749641404
109,F1,042 046 051 052,040 041 044 045 048,,59979,25075,0.6574801180413145,0.12331006979062811,0.7051872927787053
110,F1,042 048 051 052,040 041 044 045 046,,56386,28668,0.6742985847550811,0.1571787358727501,0.6629435417499471
111,F1,044 045 046 048,040 041 042 051 052,,25720,59334,0.17803265940902022,0.6395658475747463,0.30239612481482353
112,F1,044 045 046 051,040 041 042 048 052,,53042,32012,0.5932468609780929,0.34549543921029613,0.6236273426293883
113,F1,044 045 046 052,040 041 042 048 051,,33906,51148,0.328938830885389,0.6133964182372722,0.3986408634514544
114,F1,044 045 048 051,040 041 042 046 052,,49449,35605,0.6077574875123865,0.3503440528015728,0.5813835916006301
115,F1,044 045 048 052,040 041 042 046 051,,30313,54741,0.321281298452809,0.5989660400796478,0.35639711242269617
116,F1,044 045 051 052,040 041 042 046 048,,57635,27419,0.6354992626008502,0.21517925526095044,0.677628330237261
117,F1,044 046 048 051,040 041 042 045 052,,49871,35183,0.6294840688977562,0.31645965381007873,0.5863451454370164
118,F1,044 046 048 052,040 041 042 045 051,,30735,54319,0.3604685212298682,0.5789502752259799,0.3613586662590825
119,F1,044 046 051 052,040 041 042 045 048,,58057,26997,0.6539607626987272,0.16890765640626737,0.6825898840736473
120,F1,044 048 051 052,040 041 042 045 046,,54464,30590,0.6711405699177438,0.19529257927427263,0.6403461330448891
121,F1,045 046 048 051,040 041 042 044 052,,52310,32744,0.5508698145670043,0.4187332030295627,0.6150210454534766
122,F1,045 046 048 052,040 041 042 044 051,,33174,51880,0.25628504250316514,0.655840400925212,0.3900345662755426
123,F1,045 046 051 052,040 041 042 044 048,,60496,24558,0.5849973551970378,0.29061812851209384,0.7112657840901074
124,F1,045 048 051 052,040 041 042 044 046,,56903,28151,0.5970862696167162,0.303754751163369,0.6690220330613492
125,F1,046 048 051 052,040 041 042 044 045,,57325,27729,0.6160662887047536,0.26005265245771575,0.6739835868977355
126,F1,040 041 042 044 045,046 048 051 052,,27729,57325,0.26005265245771575,0.6160662887047536,0.3260164131022644
127,F1,040 041 042 044 046,045 048 051 052,,28151,56903,0.303754751163369,0.5970862696167162,0.3309779669386507
128,F1,040 041 042 044 048,045 046 051 052,,24558,60496,0.29061812851209384,0.5849973551970378,0.28873421590989257
129,F1,040 041 042 044 051,045 046 048 052,,51880,33174,0.655840400925212,0.25628504250316514,0.6099654337244574
130,F1,040 041 042 044 052,045 046 048 051,,32744,52310,0.4187332030295627,0.5508698145670043,0.38497895454652337
131,F1,040 041 042 045 046,044 048 051 052,,30590,54464,0.19529257927427263,0.6711405699177438,0.35965386695511087
132,F1,040 041 042 045 048,044 046 051 052,,26997,58057,0.16890765640626737,0.6539607626987272,0.31741011592635265
133,F1,040 041 042 045 051,044 046 048 052,,54319,30735,0.5789502752259799,0.3604685212298682,0.6386413337409176
134,F1,040 041 042 045 052,044 046 048 051,,35183,49871,0.31645965381007873,0.6294840688977562,0.4136548545629835
135,F1,040 041 042 046 048,044 045 051 052,,27419,57635,0.21517925526095044,0.6354992626008502,0.32237166976273895
136,F1,040 041 042 046 051,044 045 048 052,,54741,30313,0.5989660400796478,0.321281298452809,0.6436028875773039
137,F1,040 041 042 046 052,044 045 048 051,,35605,49449,0.3503440528015728,0.6077574875123865,0.4186164083993698
138,F1,040 041 042 048 051,044 045 046 052,,51148,33906,0.6133964182372722,0.328938830885389,0.6013591365485457
139,F1,040 041 042 048 052,044 045 046 051,,32012,53042,0.34549543921029613,0.5932468609780929,0.3763726573706116
140,F1,040 041 042 051 052,044 045 046 048,,59334,25720,0.6395658475747463,0.17803265940902022,0.6976038751851765
141,F1,040 041 044 045 046,042 048 051 052,,28668,56386,0.1571787358727501,0.6742985847550811,0.3370564582500529
142,F1,040 041 044 045 048,042 046 051 052,,25075,59979,0.12331006979062811,0.6574801180413145,0.2948127072212947
143,F1,040 041 044 045 051,042 046 048 052,,52397,32657,0.5721701624138786,0.38420553020791864,0.6160439250358596
144,F1,040 041 044 045 052,042 046 048 051,,33261,51793,0.2906106250563723,0.6344679782982257,0.39105744585792557
145,F1,040 041 044 046 048,042 045 051 052,,25497,59557,0.17382437149468566,0.6396393371056299,0.299774261057681
146,F1,040 041 044 046 051,042 045 048 052,,52819,32235,0.5929684393873417,0.3476655808903366,0.6210054788722459
147,F1,040 041 044 046 052,042 045 048 051,,33683,51371,0.3267523676632129,0.613595219092484,0.39601899969431187
148,F1,040 041 044 048 051,042 045 046 052,,49226,35828,0.6075244789338967,0.35226638383387293,0.5787617278434877
149,F1,040 041 044 048 052,042 045 046 051,,30090,54964,0.31877700232635425,0.5992103922567499,0.35377524866555365
150,F1,040 041 044 051 052,042 045 046 048,,57412,27642,0.635407231937574,0.21876130526011142,0.6750064664801185
151,F1,040 041 045 046 048,042 044 051 052,,27936,57118,0.06640177548682703,0.7120697503413985,0.32845016107414116
152,F1,040 041 045 046 051,042 044 048 052,,55258,29796,0.5201599768359333,0.4626124311988186,0.649681378888706
153,F1,040 041 045 046 052,042 044 048 051,,36122,48932,0.23334809811195392,0.696844600670318,0.42469489971077196
154,F1,040 041 045 048 051,042 044 046 052,,51665,33389,0.5289654504984032,0.4551798496510827,0.6074376278599478
155,F1,040 041 045 048 052,042 044 046 051,,32529,52525,0.21565372436902455,0.6760970966206569,0.3824511486820138
156,F1,040 041 045 051 052,042 044 046 048,,59851,25203,0.566456700807004,0.3421814863309923,0.7036823664965787
157,F1,040 041 046 048 051,042 044 045 052,,52087,32967,0.5504060514139805,0.42035975369308703,0.6123991816963341
158,F1,040 041 046 048 052,042 044 045 051,,32951,52103,0.2535583138599739,0.6558547492466844,0.3874127025184001
159,F1,040 041 046 051 052,042 044 045 048,,60273,24781,0.5847228443913527,0.2939348694564384,0.708643920332965
160,F1,040 041 048 051 052,042 044 045 046,,56680,28374,0.5968419195483415,0.30654824839641925,0.6664001693042068
161,F1,040 042 044 045 046,041 048 051 052,,32184,52870,0.2710974397216008,0.6393417817287687,0.3783949020622193
162,F1,040 042 044 045 048,041 046 051 052,,28591,56463,0.2557098387604491,0.6237004764181854,0.3361511510334611
163,F1,040 042 044 045 051,041 046 048 052,,55913,29141,0.6116466653551053,0.28578291753886276,0.6573823688480259
164,F1,040 042 044 045 052,041 046 048 051,,36777,48277,0.37754574870163415,0.5932845868633096,0.43239588967009196
165,F1,040 042 044 046 048,041 045 051 052,,29013,56041,0.29817667941957055,0.6044860013204618,0.3411127048698474
166,F1,040 042 044 046 051,041 045 048 052,,56335,28719,0.6308511582497559,0.24332323548870086,0.6623439226844122
167,F1,040 042 044 046 052,041 045 048 051,,37199,47855,0.4092851958385978,0.5705150976909413,0.43735744350647826
168,F1,040 042 044 048 051,041 045 046 052,,52742,32312,0.6470175571650677,0.26002723446397624,0.620100171655654
169,F1,040 042 044 048 052,041 045 046 051,,33606,51448,0.41096827947390346,0.55815580780594,0.39511369247772005
170,F1,040 042 044 051 052,041 045 046 048,,60928,24126,0.6679851628151261,0.07576888004642295,0.7163449102922849
171,F1,040 042 045 046 048,041 044 051 052,,31452,53602,0.1931196744245199,0.6800679079138838,0.36978860488630755
172,F1,040 042 045 046 051,041 044 048 052,,58774,26280,0.5608262156735971,0.3639649923896499,0.6910198227008724
173,F1,040 042 045 046 052,041 044 048 051,,39638,45416,0.31908774408395985,0.6578958957195702,0.46603334352293835
174,F1,040 042 045 048 051,041 044 046 052,,55181,29873,0.5717185263043438,0.3675225119673284,0.6487760716721142
175,F1,040 042 045 048 052,041 044 046 051,,36045,49009,0.3116659730891941,0.638515374727091,0.4237895924941802
176,F1,040 042 045 051 052,041 044 046 048,,63367,21687,0.601606514431802,0.20311707474523907,0.745020810308745
177,F1,040 042 046 048 051,041 044 045 052,,55603,29451,0.5914788770390087,0.3272893959458083,0.6537376255085005
178,F1,040 042 046 048 052,041 044 045 051,,36467,48587,0.34480489209422216,0.6164817749603804,0.4287511463305665
179,F1,040 042 046 051 052,041 044 045 048,,63789,21265,0.6186333066829705,0.14413355278626852,0.7499823641451313
180,F1,040 042 048 051 052,041 044 045 046,,60196,24858,0.6320685759851153,0.18018344195027758,0.7077386131163731
181,F1,040 044 045 046 048,041 042 051 052,,29530,55524,0.15597697257026752,0.6829659246451985,0.34719119618124955
182,F1,040 044 045 046 051,041 042 048 052,,56852,28202,0.5539646802223317,0.3912133891213389,0.6684224139958144
183,F1,040 044 045 046 052,041 042 048 051,,37716,47338,0.29642592003393786,0.662195276522033,0.4434359348178804
184,F1,040 044 045 048 051,041 042 046 052,,53259,31795,0.5647871721211438,0.3914766472715836,0.6261786629670563
185,F1,040 044 045 048 052,041 042 046 051,,34123,50931,0.28619992380505815,0.643242818715517,0.4011921837891222
186,F1,040 044 045 051 052,041 042 046 048,,61445,23609,0.5965334852306942,0.2487610656952857,0.7224234016036871
187,F1,040 044 046 048 051,041 042 045 052,,53681,31373,0.5853095136081667,0.3540305358110477,0.6311402168034426
188,F1,040 044 046 048 052,041 042 045 051,,34545,50509,0.3214937038645245,0.6220871527846522,0.4061537376255085
189,F1,040 044 046 051 052,041 042 045 048,,61867,23187,0.6141238463154832,0.19549747703454523,0.7273849554400733
190,F1,040 044 048 051 052,041 042 045 046,,58274,26780,0.6277241994714624,0.2220687079910381,0.6851412044113152
191,F1,040 045 046 048 051,041 042 044 052,,56120,28934,0.5139522451888809,0.4729384115573374,0.6598161168199026
192,F1,040 045 046 048 052,041 042 044 051,,36984,48070,0.23061323815704088,0.7072602454753485,0.43482963764196864
193,F1,040 045 046 051 052,041 042 044 048,,64306,20748,0.5507573165801014,0.34268363215731634,0.7560608554565335
194,F1,040 045 048 051 052,041 042 044 046,,60713,24341,0.5600612718857576,0.35019103570108046,0.7138171044277754
195,F1,040 046 048 051 052,041 042 044 045,,61135,23919,0.5781140099779177,0.30034700447343116,0.7187786582641615
196,F1,041 042 044 045 046,040 048 051 052,,32068,52986,0.2715479605837595,0.6382629373796852,0.377031062619042
197,F1,041 042 044 045 048,040 046 051 052,,28475,56579,0.2561545215100966,0.6227222114211987,0.3347873115902838
198,F1,041 042 044 045 051,040 046 048 052,,55797,29257,0.6126135813753427,0.2852308849164303,0.6560185294048487
199,F1,041 042 044 045 052,040 046 048 051,,36661,48393,0.3782766427538801,0.5922137499225094,0.43103205022691465
200,F1,041 042 044 046 048,040 045 051 052,,28897,56157,0.2987853410388622,0.6035400751464643,0.3397488654266701
201,F1,041 042 044 046 051,040 045 048 052,,56219,28835,0.6318504420213806,0.2429339344546558,0.660980083241235
202,F1,041 042 044 046 052,040 045 048 051,,37083,47971,0.4101070571420867,0.569489900148006,0.43599360406330095
203,F1,041 042 044 048 051,040 045 046 052,,52626,32428,0.6481207007942842,0.25962131491303814,0.6187363322124768
204,F1,041 042 044 048 052,040 045 046 051,,33490,51564,0.41188414452075245,0.5572298502831433,0.39374985303454274
205,F1,041 042 044 051 052,040 045 046 048,,60812,24242,0.6689798066171151,0.07610758188268295,0.7149810708491077
206,F1,041 042 045 046 048,040 044 051 052,,31336,53718,0.19329206025019147,0.6789158196507689,0.36842476544313024
207,F1,041 042 045 046 051,040 044 048 052,,58658,26396,0.5616454703535749,0.3630095469010456,0.6896559832576951
208,F1,041 042 045 046 052,040 044 048 051,,39522,45532,0.31959415009361875,0.6565931652464201,0.4646695040797611
209,F1,041 042 045 048 051,040 044 046 052,,55065,29989,0.5726141832379915,0.36666777818533464,0.647412232228937
210,F1,041 042 045 048 052,040 044 046 051,,35929,49125,0.3121990592557544,0.63735368956743,0.4224257530510029
211,F1,041 042 045 051 052,040 044 046 048,,63251,21803,0.6024410681254051,0.2028161262211622,0.7436569708655678
212,F1,041 042 046 048 051,040 044 045 052,,55487,29567,0.5924090327464091,0.3265803091284202,0.6523737860653233
213,F1,041 042 046 048 052,040 044 045 051,,36351,48703,0.3454375395449919,0.6153625033365501,0.4273873068873892
214,F1,041 042 046 051 052,040 044 045 048,,63673,21381,0.6194933488291741,0.14414667227912634,0.748618524701954
215,F1,041 042 048 051 052,040 044 045 046,,60080,24974,0.6330059920106524,0.18002722831745016,0.7063747736731959
216,F1,041 044 045 046 048,040 042 051 052,,29414,55640,0.15601414292513768,0.6818475916606758,0.3458273567380723
217,F1,041 044 045 046 051,040 042 048 052,,56736,28318,0.5547976593344613,0.3902111731054453,0.6670585745526372
218,F1,041 044 045 046 052,040 042 048 051,,37600,47454,0.29688829787234045,0.6609348000168584,0.44207209537470316
219,F1,041 044 045 048 051,040 042 046 052,,53143,31911,0.5657000922040533,0.39058631819748674,0.624814823523879
220,F1,041 044 045 048 052,040 042 046 051,,34007,51047,0.28667627253212574,0.6421141301153839,0.39982834434594494
221,F1,041 044 045 051 052,040 042 046 048,,61329,23725,0.5973845978248463,0.2482613277133825,0.7210595621605098
222,F1,041 044 046 048 051,040 042 045 052,,53565,31489,0.5862596844954728,0.35326621994982377,0.6297763773602653
223,F1,041 044 046 048 052,040 042 045 051,,34429,50625,0.32208312759592206,0.6209975308641975,0.40478989818233124
224,F1,041 044 046 051 052,040 042 045 048,,61751,23303,0.6150021861994138,0.19525382997897267,0.7260211159968961
225,F1,041 044 048 051 052,040 042 045 046,,58158,26896,0.6286839299838372,0.22174301011302797,0.6837773649681379
226,F1,041 045 046 048 051,040 042 044 052,,56004,29050,0.514713234768945,0.4716351118760757,0.6584522773767254
227,F1,041 045 046 048 052,040 042 044 051,,36868,48186,0.23087772594119563,0.7059104304154734,0.43346579819879133
228,F1,041 045 046 051 052,040 042 044 048,,64190,20864,0.5514877706807914,0.34159317484662577,0.7546970160133563
229,F1,041 045 048 051 052,040 042 044 046,,60597,24457,0.5608528475007013,0.3492251707077728,0.712453264984598
230,F1,041 046 048 051 052,040 042 044 045,,61019,24035,0.5789344302594274,0.29960474308300394,0.7174148188209843
231,F1,042 044 045 046 048,040 041 051 052,,32930,52124,0.2674764652292742,0.6468997007136827,0.3871658005502387
232,F1,042 044 045 046 051,040 041 048 052,,60252,24802,0.5924450640642634,0.2754213369889525,0.7083970183648035
233,F1,042 044 045 046 052,040 041 048 051,,41116,43938,0.37411226773032397,0.6178023578679048,0.4834105391868695
234,F1,042 044 045 048 051,040 041 046 052,,56659,28395,0.6050583314213099,0.2903680225391794,0.6661532673360453
235,F1,042 044 045 048 052,040 041 046 051,,37523,47531,0.37225168563281186,0.6008499715974838,0.44116678815811133
236,F1,042 044 045 051 052,040 041 046 048,,64845,20209,0.6300562880715552,0.08268593201049038,0.7623980059726762
237,F1,042 044 046 048 051,040 041 045 052,,57081,27973,0.6240605455405477,0.24684517213026846,0.6711148211724316
238,F1,042 044 046 048 052,040 041 045 051,,37945,47109,0.4034260113321913,0.5777876838820607,0.44612834199449763
239,F1,042 044 046 051 052,040 041 045 048,,65267,19787,0.6465135520247598,0.016728154849143376,0.7673595598090625
240,F1,042 044 048 051 052,040 041 045 046,,61674,23380,0.6612510944644421,0.07463644140290847,0.7251158087803042
241,F1,042 045 046 048 051,040 041 044 052,,59520,25534,0.5551915322580645,0.37134800657946265,0.6997907211888917
242,F1,042 045 046 048 052,040 041 044 051,,40384,44670,0.31524861331220283,0.6670248488918737,0.4748042420109577
243,F1,042 045 046 051 052,040 041 044 048,,67706,17348,0.5851623194399315,0.16762739220659442,0.7960354598255226
244,F1,042 045 048 051 052,040 041 044 046,,64113,20941,0.5959009873192644,0.20638937968578386,0.7537917087967644
245,F1,042 046 048 051 052,040 041 044 045,,64535,20519,0.6127682652824049,0.1453287197231834,0.7587532626331507
246,F1,044 045 046 048 051,040 041 042 052,,57598,27456,0.548230841348658,0.39881993006993005,0.6771933124838339
247,F1,044 045 046 048 052,040 041 042 051,,38462,46592,0.2928344859861682,0.6710164835164835,0.4522068333058998
248,F1,044 045 046 051 052,040 041 042 048,,65784,19270,0.5799434512951478,0.2270887389724961,0.7734380511204646
249,F1,044 045 048 051 052,040 041 042 046,,62191,22863,0.590712482513547,0.2532476053011416,0.7311943000917065
250,F1,044 046 048 051 052,040 041 042 045,,62613,22441,0.6081324964464249,0.1982977585669088,0.7361558539280928
251,F1,045 046 048 051 052,040 041 042 044,,65052,20002,0.5457172723359773,0.3513148685131487,0.7648317539445528
252,F2,040 041 042,044 045 046 048 051 052,,14714,70340,0.28992795976620905,0.543943702018766,0.17299597902508995
253,F2,040 041 044,042 045 046 048 051 052,,12792,72262,0.21873045653533457,0.5497910381666713,0.15039857032003198
254,F2,040 041 045,042 044 046 048 051 052,,15231,69823,0.014509881163416716,0.6059034988470847,0.1790744703364921
255,F2,040 041 046,042 044 045 048 051 052,,15653,69401,0.09972529227624098,0.5902796789671618,0.1840360241728784
256,F2,040 041 048,042 044 045 046 051 052,,12060,72994,0.01218905472636816,0.5805956653971559,0.1417922731441202
257,F2,040 041 051,042 044 045 046 048 052,,39382,45672,0.6864811335127723,0.33920126116657906,0.46302349095868506
258,F2,040 041 052,042 044 045 046 048 051,,20246,64808,0.3319668082584214,0.5524935193186027,0.23803701178075104
259,F2,040 042 044,041 045 046 048 051 052,,16308,68746,0.4302796173657101,0.5165391440956565,0.19173701413219837
260,F2,040 042 045,041 044 046 048 051 052,,18747,66307,0.2368378940630501,0.5744039090895381,0.2204129141486585
261,F2,040 042 046,041 044 045 048 051 052,,19169,65885,0.3015285095727477,0.5577445549062761,0.2253744679850448
262,F2,040 042 048,041 044 045 046 051 052,,15576,69478,0.2803030303030303,0.549253000949941,0.1831307169562866
263,F2,040 042 051,041 044 045 046 048 052,,42898,42156,0.7285654342859808,0.26741151911946104,0.5043619347708514
264,F2,040 042 052,041 044 045 046 048 051,,23762,61292,0.4603989563168083,0.5153527377145467,0.27937545559291743
265,F2,040 044 045,041 042 046 048 051 052,,16825,68229,0.17664190193164933,0.5797388207360507,0.19781550544360055
266,F2,040 044 046,041 042 045 048 051 052,,17247,67807,0.2500144952745405,0.5635848806170455,0.20277705927998682
267,F2,040 044 048,041 042 045 046 051 052,,13654,71400,0.21224549582539914,0.5550280112044818,0.16053330825122863
268,F2,040 044 051,041 042 045 046 048 052,,40976,44078,0.7269133151112847,0.2890557647806162,0.4817645260657935
269,F2,040 044 052,041 042 045 046 048 051,,21840,63214,0.4336996336996337,0.5229063182206474,0.2567780468878595
270,F2,040 045 046,041 042 044 048 051 052,,19686,65368,0.08813369907548511,0.6240362256761718,0.23145295929644696
271,F2,040 045 048,041 042 044 046 051 052,,16093,68961,0.019946560616417076,0.6120270877742492,0.18920920826768875
272,F2,040 045 051,041 042 044 046 048 052,,43415,41639,0.6267188759645284,0.3678762698431759,0.5104404260822536
273,F2,040 045 052,041 042 044 046 048 051,,24279,60775,0.28399027966555457,0.5862937062937063,0.28545394690431963
274,F2,040 046 048,041 042 044 045 051 052,,16515,68539,0.10057523463518014,0.5962444739491385,0.19417076210407505
275,F2,040 046 051,041 042 044 045 048 052,,43837,41217,0.6512535073111755,0.339131911589878,0.5154019799186399
276,F2,040 046 052,041 042 044 045 048 051,,24701,60353,0.3333873122545646,0.5681904793465113,0.2904155007407059
277,F2,040 048 051,041 042 044 045 046 052,,40244,44810,0.6742620017890866,0.34349475563490295,0.47315822888988174
278,F2,040 048 052,041 042 044 045 046 051,,21108,63946,0.3231476217547849,0.5583773809151471,0.2481717497119477
279,F2,040 051 052,041 042 044 045 046 048,,48430,36624,0.6960355151765435,0.24077107907383136,0.5694029675265125
280,F2,041 042 044,040 045 046 048 051 052,,16192,68862,0.4323122529644269,0.5159158897505155,0.1903731746890211
281,F2,041 042 045,040 044 046 048 051 052,,18631,66423,0.23740003220439054,0.573656715294401,0.2190490747054812
282,F2,041 042 046,040 044 045 048 051 052,,19053,66001,0.3024720516454102,0.5570218633051014,0.2240106285418675
283,F2,041 042 048,040 044 045 046 051 052,,15460,69594,0.2813065976714101,0.5485817742908872,0.18176687751310933
284,F2,041 042 051,040 044 045 046 048 052,,42782,42272,0.7301435183020897,0.2670798637395912,0.5029980953276741
285,F2,041 042 052,040 044 045 046 048 051,,23646,61408,0.4619385942654149,0.5146560708702449,0.2780116161497402
286,F2,041 044 045,040 042 046 048 051 052,,16709,68345,0.17685079897061465,0.5790035847538225,0.19645166600042327
287,F2,041 044 046,040 042 045 048 051 052,,17131,67923,0.2507150779289008,0.5628726646349543,0.20141321983680954
288,F2,041 044 048,040 042 045 046 051 052,,13538,71516,0.21280839119515438,0.5543654566810224,0.15916946880805136
289,F2,041 044 051,040 042 045 046 048 052,,40860,44194,0.7285609397944199,0.2886817215006562,0.4804006866226162
290,F2,041 044 052,040 042 045 046 048 051,,21724,63330,0.4352329221137912,0.5222169587873046,0.2554142074446822
291,F2,041 045 046,040 042 044 048 051 052,,19570,65484,0.08778742973939703,0.6231903976543889,0.23008911985326969
292,F2,041 045 048,040 042 044 046 051 052,,15977,69077,0.019027351818238718,0.6112454217756996,0.1878453688245115
293,F2,041 045 051,040 042 044 046 048 052,,43299,41755,0.6280052657105245,0.3672614058196623,0.5090765866390764
294,F2,041 045 052,040 042 044 046 048 051,,24163,60891,0.28465008484045856,0.5854559787160664,0.2840901074611423
295,F2,041 046 048,040 042 044 045 051 052,,16399,68655,0.100250015244832,0.5954846697254388,0.19280692266089777
296,F2,041 046 051,040 042 044 045 048 052,,43721,41333,0.6525925756501453,0.3385914402535504,0.5140381404754627
297,F2,041 046 052,040 042 044 045 048 051,,24585,60469,0.33426886312792353,0.5673816335643057,0.28905166129752863
298,F2,041 048 051,040 042 044 045 046 052,,40128,44926,0.6757874800637959,0.34298624404576417,0.47179438944670443
299,F2,041 048 052,040 042 044 045 046 051,,20992,64062,0.3241234756097561,0.5576316693203459,0.24680791026877044
300,F2,041 051 052,040 042 044 045 046 048,,48314,36740,0.6973548039905617,0.2404735982580294,0.5680391280833353
301,F2,042 044 045,040 041 046 048 051 052,,20225,64829,0.3547095179233622,0.5453269370189268,0.23779010981258966
302,F2,042 044 046,040 041 045 048 051 052,,20647,64407,0.41236014917421415,0.5280947723073579,0.24275166364897593
303,F2,042 044 048,040 041 045 046 051 052,,17054,68000,0.4163246159258825,0.520985294117647,0.20050791262021775
304,F2,042 044 051,040 041 045 046 048 052,,44376,40678,0.7659095006309717,0.20991690840257632,0.5217391304347826
305,F2,042 044 052,040 041 045 046 048 051,,25240,59814,0.5417591125198098,0.48237870732604404,0.2967526512568486
306,F2,042 045 046,040 041 044 048 051 052,,23086,61968,0.25716884692021136,0.5904660469919959,0.2714275636654361
307,F2,042 045 048,040 041 044 046 051 052,,19493,65561,0.23203201149130456,0.5796738914903677,0.22918381263667786
308,F2,042 045 051,040 041 044 046 048 052,,46815,38239,0.67096016234113,0.29069797850362195,0.5504150304512427
309,F2,042 045 052,040 041 044 046 048 051,,27679,57375,0.4009176632103761,0.5477995642701525,0.3254285512733087
310,F2,042 046 048,040 041 044 045 051 052,,19915,65139,0.29440120512176754,0.5628578885153288,0.23414536647306416
311,F2,042 046 051,040 041 044 045 048 052,,47237,37817,0.6933336155979423,0.25850807837744927,0.555376584287629
312,F2,042 046 052,040 041 044 045 048 051,,28101,56953,0.44258211451549767,0.5283303776798413,0.330390105109695
313,F2,042 048 051,040 041 044 045 046 052,,43644,41410,0.7180139308954266,0.27022458343395317,0.5131328332588708
314,F2,042 048 052,040 041 044 045 046 051,,24508,60546,0.44977150318263426,0.5203316486638259,0.2881463540809368
315,F2,042 051 052,040 041 044 045 046 048,,51830,33224,0.7314489677792784,0.13893570912593306,0.6093775718955017
316,F2,044 045 046,040 041 042 048 051 052,,21164,63890,0.21116046116046117,0.5956800751291282,0.2488301549603781
317,F2,044 045 048,040 041 042 046 051 052,,17571,67483,0.173866029252746,0.5849176829720077,0.20658640393161992
318,F2,044 045 051,040 041 042 046 048 052,,44893,40161,0.6669859443565812,0.3133388112845796,0.5278176217461847
319,F2,044 045 052,040 041 042 046 048 051,,25757,59297,0.3738401211321194,0.5548004114879336,0.3028311425682508
320,F2,044 046 048,040 041 042 045 051 052,,17993,67061,0.24426165731117658,0.5686166326180642,0.2115479577680062
321,F2,044 046 051,040 041 042 045 048 052,,45315,39739,0.6903453602559859,0.282946224112333,0.532779175582571
322,F2,044 046 052,040 041 042 045 048 051,,26179,58875,0.4189999618014439,0.5360169851380042,0.3077926964046371
323,F2,044 048 051,040 041 042 045 046 052,,41722,43332,0.7159052777910935,0.2921166805132466,0.4905354245538129
324,F2,044 048 052,040 041 042 045 046 051,,22586,62468,0.4230496767909324,0.5278222449894346,0.26554894537587886
325,F2,044 051 052,040 041 042 045 046 048,,49908,35146,0.7302035745772221,0.17310647015307573,0.5867801631904437
326,F2,045 046 048,040 041 042 044 051 052,,20432,64622,0.0889780736100235,0.6299557426263501,0.24022385778446634
327,F2,045 046 051,040 041 042 044 048 052,,47754,37300,0.6011224190643716,0.3705361930294906,0.5614550755990312
328,F2,045 046 052,040 041 042 044 048 051,,28618,56436,0.293242015514711,0.604844425543979,0.33646859642109717
329,F2,045 048 051,040 041 042 044 046 052,,44161,40893,0.6180113674962071,0.3725576504536229,0.519211324570273
330,F2,045 048 052,040 041 042 044 046 051,,25025,60029,0.27884115884115884,0.5921971047327125,0.294224845392339
331,F2,045 051 052,040 041 042 044 046 048,,52347,32707,0.6469520698416337,0.26480569908582263,0.6154560632069038
332,F2,046 048 051,040 041 042 044 045 052,,44583,40471,0.6422178857412018,0.34333226260779326,0.5241728784066593
333,F2,046 048 052,040 041 042 044 045 051,,25447,59607,0.3268754666561874,0.5739091046353616,0.29918639922872525
334,F2,046 051 052,040 041 042 044 045 048,,52769,32285,0.6671720138717808,0.22676165401889423,0.6204176170432901
335,F2,048 051 052,040 041 042 044 045 046,,49176,35878,0.6871644704734017,0.2434639612018507,0.5781738660145319
336,F2,040 041 042 044 045 046,048 051 052,,35878,49176,0.2434639612018507,0.6871644704734017,0.42182613398546803
337,F2,040 041 042 044 045 048,046 051 052,,32285,52769,0.22676165401889423,0.6671720138717808,0.3795823829567099
338,F2,040 041 042 044 045 051,046 048 052,,59607,25447,0.5739091046353616,0.3268754666561874,0.7008136007712747
339,F2,040 041 042 044 045 052,046 048 051,,40471,44583,0.34333226260779326,0.6422178857412018,0.4758271215933407
340,F2,040 041 042 044 046 048,045 051 052,,32707,52347,0.26480569908582263,0.6469520698416337,0.3845439367930962
341,F2,040 041 042 044 046 051,045 048 052,,60029,25025,0.5921971047327125,0.27884115884115884,0.705775154607661
342,F2,040 041 042 044 046 052,045 048 051,,40893,44161,0.3725576504536229,0.6180113674962071,0.480788675429727
343,F2,040 041 042 044 048 051,045 046 052,,56436,28618,0.604844425543979,0.293242015514711,0.6635314035789028
344,F2,040 041 042 044 048 052,045 046 051,,37300,47754,0.3705361930294906,0.6011224190643716,0.4385449244009688
345,F2,040 041 042 044 051 052,045 046 048,,64622,20432,0.6299557426263501,0.0889780736100235,0.7597761422155337
346,F2,040 041 042 045 046 048,044 051 052,,35146,49908,0.17310647015307573,0.7302035745772221,0.41321983680955626
347,F2,040 041 042 045 046 051,044 048 052,,62468,22586,0.5278222449894346,0.4230496767909324,0.7344510546241212
348,F2,040 041 042 045 046 052,044 048 051,,43332,41722,0.2921166805132466,0.7159052777910935,0.5094645754461872
349,F2,040 041 042 045 048 051,044 046 052,,58875,26179,0.5360169851380042,0.4189999618014439,0.692207303595363
350,F2,040 041 042 045 048 052,044 046 051,,39739,45315,0.282946224112333,0.6903453602559859,0.4672208244174289
351,F2,040 041 042 045 051 052,044 046 048,,67061,17993,0.5686166326180642,0.24426165731117658,0.7884520422319938
352,F2,040 041 042 046 048 051,044 045 052,,59297,25757,0.5548004114879336,0.3738401211321194,0.6971688574317493
353,F2,040 041 042 046 048 052,044 045 051,,40161,44893,0.3133388112845796,0.6669859443565812,0.4721823782538152
354,F2,040 041 042 046 051 052,044 045 048,,67483,17571,0.5849176829720077,0.173866029252746,0.7934135960683801
355,F2,040 041 042 048 051 052,044 045 046,,63890,21164,0.5956800751291282,0.21116046116046117,0.7511698450396219
356,F2,040 041 044 045 046 048,042 051 052,,33224,51830,0.13893570912593306,0.7314489677792784,0.3906224281044983
357,F2,040 041 044 045 046 051,042 048 052,,60546,24508,0.5203316486638259,0.44977150318263426,0.7118536459190632
358,F2,040 041 044 045 046 052,042 048 051,,41410,43644,0.27022458343395317,0.7180139308954266,0.4868671667411292
359,F2,040 041 044 045 048 051,042 046 052,,56953,28101,0.5283303776798413,0.44258211451549767,0.669609894890305
360,F2,040 041 044 045 048 052,042 046 051,,37817,47237,0.25850807837744927,0.6933336155979423,0.44462341571237096
361,F2,040 041 044 045 051 052,042 046 048,,65139,19915,0.5628578885153288,0.29440120512176754,0.7658546335269358
362,F2,040 041 044 046 048 051,042 045 052,,57375,27679,0.5477995642701525,0.4009176632103761,0.6745714487266913
363,F2,040 041 044 046 048 052,042 045 051,,38239,46815,0.29069797850362195,0.67096016234113,0.44958496954875726
364,F2,040 041 044 046 051 052,042 045 048,,65561,19493,0.5796738914903677,0.23203201149130456,0.7708161873633221
365,F2,040 041 044 048 051 052,042 045 046,,61968,23086,0.5904660469919959,0.25716884692021136,0.7285724363345639
366,F2,040 041 045 046 048 051,042 044 052,,59814,25240,0.48237870732604404,0.5417591125198098,0.7032473487431514
367,F2,040 041 045 046 048 052,042 044 051,,40678,44376,0.20991690840257632,0.7659095006309717,0.4782608695652174
368,F2,040 041 045 046 051 052,042 044 048,,68000,17054,0.520985294117647,0.4163246159258825,0.7994920873797823
369,F2,040 041 045 048 051 052,042 044 046,,64407,20647,0.5280947723073579,0.41236014917421415,0.7572483363510241
370,F2,040 041 046 048 051 052,042 044 045,,64829,20225,0.5453269370189268,0.3547095179233622,0.7622098901874104
371,F2,040 042 044 045 046 048,041 051 052,,36740,48314,0.2404735982580294,0.6973548039905617,0.4319608719166647
372,F2,040 042 044 045 046 051,041 048 052,,64062,20992,0.5576316693203459,0.3241234756097561,0.7531920897312295
373,F2,040 042 044 045 046 052,041 048 051,,44926,40128,0.34298624404576417,0.6757874800637959,0.5282056105532955
374,F2,040 042 044 045 048 051,041 046 052,,60469,24585,0.5673816335643057,0.33426886312792353,0.7109483387024713
375,F2,040 042 044 045 048 052,041 046 051,,41333,43721,0.3385914402535504,0.6525925756501453,0.48596185952453735
376,F2,040 042 044 045 051 052,041 046 048,,68655,16399,0.5954846697254388,0.100250015244832,0.8071930773391022
377,F2,040 042 044 046 048 051,041 045 052,,60891,24163,0.5854559787160664,0.28465008484045856,0.7159098925388576
378,F2,040 042 044 046 048 052,041 045 051,,41755,43299,0.3672614058196623,0.6280052657105245,0.49092341336092366
379,F2,040 042 044 046 051 052,041 045 048,,69077,15977,0.6112454217756996,0.019027351818238718,0.8121546311754885
380,F2,040 042 044 048 051 052,041 045 046,,65484,19570,0.6231903976543889,0.08778742973939703,0.7699108801467303
381,F2,040 042 045 046 048 051,041 044 052,,63330,21724,0.5222169587873046,0.4352329221137912,0.7445857925553178
382,F2,040 042 045 046 048 052,041 044 051,,44194,40860,0.2886817215006562,0.7285609397944199,0.5195993133773837
383,F2,040 042 045 046 051 052,041 044 048,,71516,13538,0.5543654566810224,0.21280839119515438,0.8408305311919486
384,F2,040 042 045 048 051 052,041 044 046,,67923,17131,0.5628726646349543,0.2507150779289008,0.7985867801631904
385,F2,040 042 046 048 051 052,041 044 045,,68345,16709,0.5790035847538225,0.17685079897061465,0.8035483339995767
386,F2,040 044 045 046 048 051,041 042 052,,61408,23646,0.5146560708702449,0.4619385942654149,0.7219883838502599
387,F2,040 044 045 046 048 052,041 042 051,,42272,42782,0.2670798637395912,0.7301435183020897,0.4970019046723258
388,F2,040 044 045 046 051 052,041 042 048,,69594,15460,0.5485817742908872,0.2813065976714101,0.8182331224868907
389,F2,040 044 045 048 051 052,041 042 046,,66001,19053,0.5570218633051014,0.3024720516454102,0.7759893714581325
390,F2,040 044 046 048 051 052,041 042 045,,66423,18631,0.573656715294401,0.23740003220439054,0.7809509252945188
391,F2,040 045 046 048 051 052,041 042 044,,68862,16192,0.5159158897505155,0.4323122529644269,0.809626825310979
392,F2,041 042 044 045 046 048,040 051 052,,36624,48430,0.24077107907383136,0.6960355151765435,0.4305970324734874
393,F2,041 042 044 045 046 051,040 048 052,,63946,21108,0.5583773809151471,0.3231476217547849,0.7518282502880523
394,F2,041 042 044 045 046 052,040 048 051,,44810,40244,0.34349475563490295,0.6742620017890866,0.5268417711101183
395,F2,041 042 044 045 048 051,040 046 052,,60353,24701,0.5681904793465113,0.3333873122545646,0.7095844992592941
396,F2,041 042 044 045 048 052,040 046 051,,41217,43837,0.339131911589878,0.6512535073111755,0.4845980200813601
397,F2,041 042 044 045 051 052,040 046 048,,68539,16515,0.5962444739491385,0.10057523463518014,0.805829237895925
398,F2,041 042 044 046 048 051,040 045 052,,60775,24279,0.5862937062937063,0.28399027966555457,0.7145460530956804
399,F2,041 042 044 046 048 052,040 045 051,,41639,43415,0.3678762698431759,0.6267188759645284,0.48955957391774635
400,F2,041 042 044 046 051 052,040 045 048,,68961,16093,0.6120270877742492,0.019946560616417076,0.8107907917323113
401,F2,041 042 044 048 051 052,040 045 046,,65368,19686,0.6240362256761718,0.08813369907548511,0.7685470407035531
402,F2,041 042 045 046 048 051,040 044 052,,63214,21840,0.5229063182206474,0.4336996336996337,0.7432219531121406
403,F2,041 042 045 046 048 052,040 044 051,,44078,40976,0.2890557647806162,0.7269133151112847,0.5182354739342065
404,F2,041 042 045 046 051 052,040 044 048,,71400,13654,0.5550280112044818,0.21224549582539914,0.8394666917487714
405,F2,041 042 045 048 051 052,040 044 046,,67807,17247,0.5635848806170455,0.2500144952745405,0.7972229407200132
406,F2,041 042 046 048 051 052,040 044 045,,68229,16825,0.5797388207360507,0.17664190193164933,0.8021844945563995
407,F2,041 044 045 046 048 051,040 042 052,,61292,23762,0.5153527377145467,0.4603989563168083,0.7206245444070826
408,F2,041 044 045 046 048 052,040 042 051,,42156,42898,0.26741151911946104,0.7285654342859808,0.49563806522914855
409,F2,041 044 045 046 051 052,040 042 048,,69478,15576,0.549253000949941,0.2803030303030303,0.8168692830437134
410,F2,041 044 045 048 051 052,040 042 046,,65885,19169,0.5577445549062761,0.3015285095727477,0.7746255320149552
411,F2,041 044 046 048 051 052,040 042 045,,66307,18747,0.5744039090895381,0.2368378940630501,0.7795870858513415
412,F2,041 045 046 048 051 052,040 042 044,,68746,16308,0.5165391440956565,0.4302796173657101,0.8082629858678017
413,F2,042 044 045 046 048 051,040 041 052,,64808,20246,0.5524935193186027,0.3319668082584214,0.7619629882192489
414,F2,042 044 045 046 048 052,040 041 051,,45672,39382,0.33920126116657906,0.6864811335127723,0.5369765090413149
415,F2,042 044 045 046 051 052,040 041 048,,72994,12060,0.5805956653971559,0.01218905472636816,0.8582077268558798
416,F2,042 044 045 048 051 052,040 041 046,,69401,15653,0.5902796789671618,0.09972529227624098,0.8159639758271215
417,F2,042 044 046 048 051 052,040 041 045,,69823,15231,0.6059034988470847,0.014509881163416716,0.8209255296635078
418,F2,042 045 046 048 051 052,040 041 044,,72262,12792,0.5497910381666713,0.21873045653533457,0.849601429679968
419,F2,044 045 046 048 051 052,040 041 042,,70340,14714,0.543943702018766,0.28992795976620905,0.8270040209749101
420,F3,040,041 042 044 045 046 048 051 052,,3810,81244,0.007086614173228346,0.5231155531485402,0.044795071366426034
421,F3,041,040 042 044 045 046 048 051 052,,3694,81360,0.0027070925825663237,0.52257866273353,0.04343123192324876
422,F3,042,040 041 044 045 046 048 051 052,,7210,77844,0.5865464632454924,0.49198396793587174,0.08476967573541515
423,F3,044,040 041 042 045 046 048 051 052,,5288,79766,0.522125567322239,0.4985332096381917,0.062172267030357185
424,F3,045,040 041 042 044 046 048 051 052,,7727,77327,0.023812605150770026,0.5475836383152068,0.09084816704681732
425,F3,046,040 041 042 044 045 048 051 052,,8149,76905,0.18701681187875813,0.5331642936089981,0.09580972088320361
426,F3,048,040 041 042 044 045 046 051 052,,4556,80498,0.024143985952589993,0.5269323461452459,0.05356596985444541
427,F3,051,040 041 042 044 045 046 048 052,,31878,53176,0.8469163686554991,0.2920302392056567,0.37479718766901027
428,F3,052,040 041 042 044 045 046 048 051,,12742,72312,0.5245644325851515,0.49567153446177675,0.14981070849107625
429,F3,040 041,042 044 045 046 048 051 052,,7504,77550,0.004930703624733476,0.5479045776918118,0.08822630328967479
430,F3,040 042,041 044 045 046 048 051 052,,11020,74034,0.38620689655172413,0.5169381635464786,0.12956474710184118
431,F3,040 044,041 042 045 046 048 051 052,,9098,75956,0.3064409760386898,0.5231844752224972,0.10696733839678323
432,F3,040 045,041 042 044 046 048 051 052,,11537,73517,0.018288983271214355,0.5755947603955548,0.13564323841324336
433,F3,040 046,041 042 044 045 048 051 052,,11959,73095,0.12969311815369178,0.5605855393665777,0.14060479224962966
434,F3,040 048,041 042 044 045 046 051 052,,8366,76688,0.016375806837198182,0.5527592322136449,0.09836104122087144
435,F3,040 051,041 042 044 045 046 048 052,,35688,49366,0.7572573414032728,0.314021796378074,0.4195922590354363
436,F3,040 052,041 042 044 045 046 048 051,,16552,68502,0.4054494925084582,0.5228460482905608,0.1946057798575023
437,F3,041 042,040 044 045 046 048 051 052,,10904,74150,0.3887564196625092,0.5163587322993931,0.1282009076586639
438,F3,041 044,040 042 045 046 048 051 052,,8982,76072,0.30850590069026945,0.5226101587969292,0.10560349895360595
439,F3,041 045,040 042 044 046 048 051 052,,11421,73633,0.01698625339287278,0.5749188543180368,0.13427939897006608
440,F3,041 046,040 042 044 045 048 051 052,,11843,73211,0.12952799121844127,0.5599295187881602,0.13924095280645238
441,F3,041 048,040 042 044 045 046 051 052,,8250,76804,0.014545454545454545,0.5521457215770011,0.09699720177769416
442,F3,041 051,040 042 044 045 046 048 052,,35572,49482,0.7592488474080737,0.31362919849642296,0.41822841959225904
443,F3,041 052,040 042 044 045 046 048 051,,16436,68618,0.4072767096617182,0.5222099157655425,0.19324194041432502
444,F3,042 044,040 041 045 046 048 051 052,,12498,72556,0.5592894863178108,0.4897871988532995,0.14694194276577233
445,F3,042 045,040 041 044 046 048 051 052,,14937,70117,0.2954408515766218,0.5435771638832237,0.17561784278223247
446,F3,042 046,040 041 044 045 048 051 052,,15359,69695,0.37456865681359464,0.5276418681397518,0.18057939661861877
447,F3,042 048,040 041 044 045 046 051 052,,11766,73288,0.36877443481217065,0.5210675690426809,0.13833564558986056
448,F3,042 051,040 041 044 045 046 048 052,,39088,45966,0.7988896848137536,0.24583387721359265,0.45956686340442543
449,F3,042 052,040 041 044 045 046 048 051,,19952,65102,0.5469627105052125,0.48560720100764954,0.2345803842264914
450,F3,044 045,040 041 042 046 048 051 052,,13015,72039,0.22627737226277372,0.5494523799608545,0.1530204340771745
451,F3,044 046,040 041 042 045 048 051 052,,13437,71617,0.31889558681253255,0.5339793624418784,0.1579819879135608
452,F3,044 048,040 041 042 045 046 051 052,,9844,75210,0.2916497358797237,0.5272703097992288,0.1157382368848026
453,F3,044 051,040 041 042 045 046 048 052,,37166,47888,0.8007049453801862,0.26662211827597726,0.4369694546993675
454,F3,044 052,040 041 042 045 046 048 051,,18030,67024,0.5238491403216861,0.49358438768202434,0.21198297552143344
455,F3,045 046,040 041 042 044 048 051 052,,15876,69178,0.10758377425044091,0.5900575327416231,0.18665788793002092
456,F3,045 048,040 041 042 044 046 051 052,,12283,72771,0.023935520638280552,0.5803548116694838,0.14441413690126273
457,F3,045 051,040 041 042 044 046 048 052,,39605,45449,0.6863274839035476,0.33763119100530264,0.4656453547158276
458,F3,045 052,040 041 042 044 046 048 051,,20469,64585,0.335531779764522,0.5521251064488658,0.24065887553789359
459,F3,046 048,040 041 042 044 045 051 052,,12705,72349,0.1286107831562377,0.5652185932079227,0.14937569073764903
460,F3,046 051,040 041 042 044 045 048 052,,40027,45027,0.7125690159142579,0.3110356008617052,0.4706069085522139
461,F3,046 052,040 041 042 044 045 048 051,,20891,64163,0.3928964625915466,0.5348721225628478,0.24562042937427986
462,F3,048 051,040 041 042 044 045 046 052,,36434,48620,0.7440303013668551,0.31713286713286715,0.42836315752345566
463,F3,048 052,040 041 042 044 045 046 051,,17298,67756,0.3927621690368829,0.5273776492118779,0.20337667834552167
464,F3,051 052,040 041 042 044 045 046 048,,44620,40434,0.7548632900044823,0.21875154572884206,0.5246078961600865
465,F3,040 041 042,044 045 046 048 051 052,,14714,70340,0.28992795976620905,0.543943702018766,0.17299597902508995
466,F3,040 041 044,042 045 046 048 051 052,,12792,72262,0.21873045653533457,0.5497910381666713,0.15039857032003198
467,F3,040 041 045,042 044 046 048 051 052,,15231,69823,0.014509881163416716,0.6059034988470847,0.1790744703364921
468,F3,040 041 046,042 044 045 048 051 052,,15653,69401,0.09972529227624098,0.5902796789671618,0.1840360241728784
469,F3,040 041 048,042 044 045 046 051 052,,12060,72994,0.01218905472636816,0.5805956653971559,0.1417922731441202
470,F3,040 041 051,042 044 045 046 048 052,,39382,45672,0.6864811335127723,0.33920126116657906,0.46302349095868506
471,F3,040 041 052,042 044 045 046 048 051,,20246,64808,0.3319668082584214,0.5524935193186027,0.23803701178075104
472,F3,040 042 044,041 045 046 048 051 052,,16308,68746,0.4302796173657101,0.5165391440956565,0.19173701413219837
473,F3,040 042 045,041 044 046 048 051 052,,18747,66307,0.2368378940630501,0.5744039090895381,0.2204129141486585
474,F3,040 042 046,041 044 045 048 051 052,,19169,65885,0.3015285095727477,0.5577445549062761,0.2253744679850448
475,F3,040 042 048,041 044 045 046 051 052,,15576,69478,0.2803030303030303,0.549253000949941,0.1831307169562866
476,F3,040 042 051,041 044 045 046 048 052,,42898,42156,0.7285654342859808,0.26741151911946104,0.5043619347708514
477,F3,040 042 052,041 044 045 046 048 051,,23762,61292,0.4603989563168083,0.5153527377145467,0.27937545559291743
478,F3,040 044 045,041 042 046 048 051 052,,16825,68229,0.17664190193164933,0.5797388207360507,0.19781550544360055
479,F3,040 044 046,041 042 045 048 051 052,,17247,67807,0.2500144952745405,0.5635848806170455,0.20277705927998682
480,F3,040 044 048,041 042 045 046 051 052,,13654,71400,0.21224549582539914,0.5550280112044818,0.16053330825122863
481,F3,040 044 051,041 042 045 046 048 052,,40976,44078,0.7269133151112847,0.2890557647806162,0.4817645260657935
482,F3,040 044 052,041 042 045 046 048 051,,21840,63214,0.4336996336996337,0.5229063182206474,0.2567780468878595
483,F3,040 045 046,041 042 044 048 051 052,,19686,65368,0.08813369907548511,0.6240362256761718,0.23145295929644696
484,F3,040 045 048,041 042 044 046 051 052,,16093,68961,0.019946560616417076,0.6120270877742492,0.18920920826768875
485,F3,040 045 051,041 042 044 046 048 052,,43415,41639,0.6267188759645284,0.3678762698431759,0.5104404260822536
486,F3,040 045 052,041 042 044 046 048 051,,24279,60775,0.28399027966555457,0.5862937062937063,0.28545394690431963
487,F3,040 046 048,041 042 044 045 051 052,,16515,68539,0.10057523463518014,0.5962444739491385,0.19417076210407505
488,F3,040 046 051,041 042 044 045 048 052,,43837,41217,0.6512535073111755,0.339131911589878,0.5154019799186399
489,F3,040 046 052,041 042 044 045 048 051,,24701,60353,0.3333873122545646,0.5681904793465113,0.2904155007407059
490,F3,040 048 051,041 042 044 045 046 052,,40244,44810,0.6742620017890866,0.34349475563490295,0.47315822888988174
491,F3,040 048 052,041 042 044 045 046 051,,21108,63946,0.3231476217547849,0.5583773809151471,0.2481717497119477
492,F3,040 051 052,041 042 044 045 046 048,,48430,36624,0.6960355151765435,0.24077107907383136,0.5694029675265125
493,F3,041 042 044,040 045 046 048 051 052,,16192,68862,0.4323122529644269,0.5159158897505155,0.1903731746890211
494,F3,041 042 045,040 044 046 048 051 052,,18631,66423,0.23740003220439054,0.573656715294401,0.2190490747054812
495,F3,041 042 046,040 044 045 048 051 052,,19053,66001,0.3024720516454102,0.5570218633051014,0.2240106285418675
496,F3,041 042 048,040 044 045 046 051 052,,15460,69594,0.2813065976714101,0.5485817742908872,0.18176687751310933
497,F3,041 042 051,040 044 045 046 048 052,,42782,42272,0.7301435183020897,0.2670798637395912,0.5029980953276741
498,F3,041 042 052,040 044 045 046 048 051,,23646,61408,0.4619385942654149,0.5146560708702449,0.2780116161497402
499,F3,041 044 045,040 042 046 048 051 052,,16709,68345,0.17685079897061465,0.5790035847538225,0.19645166600042327
500,F3,041 044 046,040 042 045 048 051 052,,17131,67923,0.2507150779289008,0.5628726646349543,0.20141321983680954
501,F3,041 044 048,040 042 045 046 051 052,,13538,71516,0.21280839119515438,0.5543654566810224,0.15916946880805136
502,F3,041 044 051,040 042 045 046 048 052,,40860,44194,0.7285609397944199,0.2886817215006562,0.4804006866226162
503,F3,041 044 052,040 042 045 046 048 051,,21724,63330,0.4352329221137912,0.5222169587873046,0.2554142074446822
504,F3,041 045 046,040 042 044 048 051 052,,19570,65484,0.08778742973939703,0.6231903976543889,0.23008911985326969
505,F3,041 045 048,040 042 044 046 051 052,,15977,69077,0.019027351818238718,0.6112454217756996,0.1878453688245115
506,F3,041 045 051,040 042 044 046 048 052,,43299,41755,0.6280052657105245,0.3672614058196623,0.5090765866390764
507,F3,041 045 052,040 042 044 046 048 051,,24163,60891,0.28465008484045856,0.5854559787160664,0.2840901074611423
508,F3,041 046 048,040 042 044 045 051 052,,16399,68655,0.100250015244832,0.5954846697254388,0.19280692266089777
509,F3,041 046 051,040 042 044 045 048 052,,43721,41333,0.6525925756501453,0.3385914402535504,0.5140381404754627
510,F3,041 046 052,040 042 044 045 048 051,,24585,60469,0.33426886312792353,0.5673816335643057,0.28905166129752863
511,F3,041 048 051,040 042 044 045 046 052,,40128,44926,0.6757874800637959,0.34298624404576417,0.47179438944670443
512,F3,041 048 052,040 042 044 045 046 051,,20992,64062,0.3241234756097561,0.5576316693203459,0.24680791026877044
513,F3,041 051 052,040 042 044 045 046 048,,48314,36740,0.6973548039905617,0.2404735982580294,0.5680391280833353
514,F3,042 044 045,040 041 046 048 051 052,,20225,64829,0.3547095179233622,0.5453269370189268,0.23779010981258966
515,F3,042 044 046,040 041 045 048 051 052,,20647,64407,0.41236014917421415,0.5280947723073579,0.24275166364897593
516,F3,042 044 048,040 041 045 046 051 052,,17054,68000,0.4163246159258825,0.520985294117647,0.20050791262021775
517,F3,042 044 051,040 041 045 046 048 052,,44376,40678,0.7659095006309717,0.20991690840257632,0.5217391304347826
518,F3,042 044 052,040 041 045 046 048 051,,25240,59814,0.5417591125198098,0.48237870732604404,0.2967526512568486
519,F3,042 045 046,040 041 044 048 051 052,,23086,61968,0.25716884692021136,0.5904660469919959,0.2714275636654361
520,F3,042 045 048,040 041 044 046 051 052,,19493,65561,0.23203201149130456,0.5796738914903677,0.22918381263667786
521,F3,042 045 051,040 041 044 046 048 052,,46815,38239,0.67096016234113,0.29069797850362195,0.5504150304512427
522,F3,042 045 052,040 041 044 046 048 051,,27679,57375,0.4009176632103761,0.5477995642701525,0.3254285512733087
523,F3,042 046 048,040 041 044 045 051 052,,19915,65139,0.29440120512176754,0.5628578885153288,0.23414536647306416
524,F3,042 046 051,040 041 044 045 048 052,,47237,37817,0.6933336155979423,0.25850807837744927,0.555376584287629
525,F3,042 046 052,040 041 044 045 048 051,,28101,56953,0.44258211451549767,0.5283303776798413,0.330390105109695
526,F3,042 048 051,040 041 044 045 046 052,,43644,41410,0.7180139308954266,0.27022458343395317,0.5131328332588708
527,F3,042 048 052,040 041 044 045 046 051,,24508,60546,0.44977150318263426,0.5203316486638259,0.2881463540809368
528,F3,042 051 052,040 041 044 045 046 048,,51830,33224,0.7314489677792784,0.13893570912593306,0.6093775718955017
529,F3,044 045 046,040 041 042 048 051 052,,21164,63890,0.21116046116046117,0.5956800751291282,0.2488301549603781
530,F3,044 045 048,040 041 042 046 051 052,,17571,67483,0.173866029252746,0.5849176829720077,0.20658640393161992
531,F3,044 045 051,040 041 042 046 048 052,,44893,40161,0.6669859443565812,0.3133388112845796,0.5278176217461847
532,F3,044 045 052,040 041 042 046 048 051,,25757,59297,0.3738401211321194,0.5548004114879336,0.3028311425682508
533,F3,044 046 048,040 041 042 045 051 052,,17993,67061,0.24426165731117658,0.5686166326180642,0.2115479577680062
534,F3,044 046 051,040 041 042 045 048 052,,45315,39739,0.6903453602559859,0.282946224112333,0.532779175582571
535,F3,044 046 052,040 041 042 045 048 051,,26179,58875,0.4189999618014439,0.5360169851380042,0.3077926964046371
536,F3,044 048 051,040 041 042 045 046 052,,41722,43332,0.7159052777910935,0.2921166805132466,0.4905354245538129
537,F3,044 048 052,040 041 042 045 046 051,,22586,62468,0.4230496767909324,0.5278222449894346,0.26554894537587886
538,F3,044 051 052,040 041 042 045 046 048,,49908,35146,0.7302035745772221,0.17310647015307573,0.5867801631904437
539,F3,045 046 048,040 041 042 044 051 052,,20432,64622,0.0889780736100235,0.6299557426263501,0.24022385778446634
540,F3,045 046 051,040 041 042 044 048 052,,47754,37300,0.6011224190643716,0.3705361930294906,0.5614550755990312
541,F3,045 046 052,040 041 042 044 048 051,,28618,56436,0.293242015514711,0.604844425543979,0.33646859642109717
542,F3,045 048 051,040 041 042 044 046 052,,44161,40893,0.6180113674962071,0.3725576504536229,0.519211324570273
543,F3,045 048 052,040 041 042 044 046 051,,25025,60029,0.27884115884115884,0.5921971047327125,0.294224845392339
544,F3,045 051 052,040 041 042 044 046 048,,52347,32707,0.6469520698416337,0.26480569908582263,0.6154560632069038
545,F3,046 048 051,040 041 042 044 045 052,,44583,40471,0.6422178857412018,0.34333226260779326,0.5241728784066593
546,F3,046 048 052,040 041 042 044 045 051,,25447,59607,0.3268754666561874,0.5739091046353616,0.29918639922872525
547,F3,046 051 052,040 041 042 044 045 048,,52769,32285,0.6671720138717808,0.22676165401889423,0.6204176170432901
548,F3,048 051 052,040 041 042 044 045 046,,49176,35878,0.6871644704734017,0.2434639612018507,0.5781738660145319
549,F3,040 041 042 044,045 046 048 051 052,,20002,65052,0.3513148685131487,0.5457172723359773,0.23516824605544712
550,F3,040 041 042 045,044 046 048 051 052,,22441,62613,0.1982977585669088,0.6081324964464249,0.26384414607190726
551,F3,040 041 042 046,044 045 048 051 052,,22863,62191,0.2532476053011416,0.590712482513547,0.26880569990829356
552,F3,040 041 042 048,044 045 046 051 052,,19270,65784,0.2270887389724961,0.5799434512951478,0.22656194887953535
553,F3,040 041 042 051,044 045 046 048 052,,46592,38462,0.6710164835164835,0.2928344859861682,0.5477931666941002
554,F3,040 041 042 052,044 045 046 048 051,,27456,57598,0.39881993006993005,0.548230841348658,0.3228066875161662
555,F3,040 041 044 045,042 046 048 051 052,,20519,64535,0.1453287197231834,0.6127682652824049,0.2412467373668493
556,F3,040 041 044 046,042 045 048 051 052,,20941,64113,0.20638937968578386,0.5959009873192644,0.2462082912032356
557,F3,040 041 044 048,042 045 046 051 052,,17348,67706,0.16762739220659442,0.5851623194399315,0.2039645401744774
558,F3,040 041 044 051,042 045 046 048 052,,44670,40384,0.6670248488918737,0.31524861331220283,0.5251957579890423
559,F3,040 041 044 052,042 045 046 048 051,,25534,59520,0.37134800657946265,0.5551915322580645,0.30020927881110826
560,F3,040 041 045 046,042 044 048 051 052,,23380,61674,0.07463644140290847,0.6612510944644421,0.2748841912196957
561,F3,040 041 045 048,042 044 046 051 052,,19787,65267,0.016728154849143376,0.6465135520247598,0.23264044019093752
562,F3,040 041 045 051,042 044 046 048 052,,47109,37945,0.5777876838820607,0.4034260113321913,0.5538716580055024
563,F3,040 041 045 052,042 044 046 048 051,,27973,57081,0.24684517213026846,0.6240605455405477,0.32888517882756835
564,F3,040 041 046 048,042 044 045 051 052,,20209,64845,0.08268593201049038,0.6300562880715552,0.23760199402732382
565,F3,040 041 046 051,042 044 045 048 052,,47531,37523,0.6008499715974838,0.37225168563281186,0.5588332118418887
566,F3,040 041 046 052,042 044 045 048 051,,28395,56659,0.2903680225391794,0.6050583314213099,0.33384673266395465
567,F3,040 041 048 051,042 044 045 046 052,,43938,41116,0.6178023578679048,0.37411226773032397,0.5165894608131305
568,F3,040 041 048 052,042 044 045 046 051,,24802,60252,0.2754213369889525,0.5924450640642634,0.2916029816351965
569,F3,040 041 051 052,042 044 045 046 048,,52124,32930,0.6468997007136827,0.2674764652292742,0.6128341994497614
570,F3,040 042 044 045,041 046 048 051 052,,24035,61019,0.29960474308300394,0.5789344302594274,0.2825851811790157
571,F3,040 042 044 046,041 045 048 051 052,,24457,60597,0.3492251707077728,0.5608528475007013,0.28754673501540196
572,F3,040 042 044 048,041 045 046 051 052,,20864,64190,0.34159317484662577,0.5514877706807914,0.24530298398664377
573,F3,040 042 044 051,041 045 046 048 052,,48186,36868,0.7059104304154734,0.23087772594119563,0.5665342018012086
574,F3,040 042 044 052,041 045 046 048 051,,29050,56004,0.4716351118760757,0.514713234768945,0.34154772262327465
575,F3,040 042 045 046,041 044 048 051 052,,26896,58158,0.22174301011302797,0.6286839299838372,0.3162226350318621
576,F3,040 042 045 048,041 044 046 051 052,,23303,61751,0.19525382997897267,0.6150021861994138,0.2739788840031039
577,F3,040 042 045 051,041 044 046 048 052,,50625,34429,0.6209975308641975,0.32208312759592206,0.5952101018176688
578,F3,040 042 045 052,041 044 046 048 051,,31489,53565,0.35326621994982377,0.5862596844954728,0.37022362263973474
579,F3,040 042 046 048,041 044 045 051 052,,23725,61329,0.2482613277133825,0.5973845978248463,0.2789404378394902
580,F3,040 042 046 051,041 044 045 048 052,,51047,34007,0.6421141301153839,0.28667627253212574,0.6001716556540551
581,F3,040 042 046 052,041 044 045 048 051,,31911,53143,0.39058631819748674,0.5657000922040533,0.37518517647612104
582,F3,040 042 048 051,041 044 045 046 052,,47454,37600,0.6609348000168584,0.29688829787234045,0.5579279046252968
583,F3,040 042 048 052,041 044 045 046 051,,28318,56736,0.3902111731054453,0.5547976593344613,0.3329414254473628
584,F3,040 042 051 052,041 044 045 046 048,,55640,29414,0.6818475916606758,0.15601414292513768,0.6541726432619277
585,F3,040 044 045 046,041 042 048 051 052,,24974,60080,0.18002722831745016,0.6330059920106524,0.29362522632680416
586,F3,040 044 045 048,041 042 046 051 052,,21381,63673,0.14414667227912634,0.6194933488291741,0.25138147529804594
587,F3,040 044 045 051,041 042 046 048 052,,48703,36351,0.6153625033365501,0.3454375395449919,0.5726126931126108
588,F3,040 044 045 052,041 042 046 048 051,,29567,55487,0.3265803091284202,0.5924090327464091,0.3476262139346768
589,F3,040 044 046 048,041 042 045 051 052,,21803,63251,0.2028161262211622,0.6024410681254051,0.25634302913443224
590,F3,040 044 046 051,041 042 045 048 052,,49125,35929,0.63735368956743,0.3121990592557544,0.5775742469489971
591,F3,040 044 046 052,041 042 045 048 051,,29989,55065,0.36666777818533464,0.5726141832379915,0.3525877677710631
592,F3,040 044 048 051,041 042 045 046 052,,45532,39522,0.6565931652464201,0.31959415009361875,0.535330495920239
593,F3,040 044 048 052,041 042 045 046 051,,26396,58658,0.3630095469010456,0.5616454703535749,0.3103440167423049
594,F3,040 044 051 052,041 042 045 046 048,,53718,31336,0.6789158196507689,0.19329206025019147,0.6315752345568697
595,F3,040 045 046 048,041 042 044 051 052,,24242,60812,0.07610758188268295,0.6689798066171151,0.2850189291508924
596,F3,040 045 046 051,041 042 044 048 052,,51564,33490,0.5572298502831433,0.41188414452075245,0.6062501469654572
597,F3,040 045 046 052,041 042 044 048 051,,32428,52626,0.25962131491303814,0.6481207007942842,0.38126366778752324
598,F3,040 045 048 051,041 042 044 046 052,,47971,37083,0.569489900148006,0.4101070571420867,0.564006395936699
599,F3,040 045 048 052,041 042 044 046 051,,28835,56219,0.2429339344546558,0.6318504420213806,0.339019916758765
600,F3,040 045 051 052,041 042 044 046 048,,56157,28897,0.6035400751464643,0.2987853410388622,0.6602511345733298
601,F3,040 046 048 051,041 042 044 045 052,,48393,36661,0.5922137499225094,0.3782766427538801,0.5689679497730853
602,F3,040 046 048 052,041 042 044 045 051,,29257,55797,0.2852308849164303,0.6126135813753427,0.34398147059515133
603,F3,040 046 051 052,041 042 044 045 048,,56579,28475,0.6227222114211987,0.2561545215100966,0.6652126884097161
604,F3,040 048 051 052,041 042 044 045 046,,52986,32068,0.6382629373796852,0.2715479605837595,0.6229689373809579
605,F3,041 042 044 045,040 046 048 051 052,,23919,61135,0.30034700447343116,0.5781140099779177,0.2812213417358384
606,F3,041 042 044 046,040 045 048 051 052,,24341,60713,0.35019103570108046,0.5600612718857576,0.2861828955722247
607,F3,041 042 044 048,040 045 046 051 052,,20748,64306,0.34268363215731634,0.5507573165801014,0.2439391445434665
608,F3,041 042 044 051,040 045 046 048 052,,48070,36984,0.7072602454753485,0.23061323815704088,0.5651703623580314
609,F3,041 042 044 052,040 045 046 048 051,,28934,56120,0.4729384115573374,0.5139522451888809,0.34018388318009735
610,F3,041 042 045 046,040 044 048 051 052,,26780,58274,0.2220687079910381,0.6277241994714624,0.31485879558868485
611,F3,041 042 045 048,040 044 046 051 052,,23187,61867,0.19549747703454523,0.6141238463154832,0.27261504455992663
612,F3,041 042 045 051,040 044 046 048 052,,50509,34545,0.6220871527846522,0.3214937038645245,0.5938462623744915
613,F3,041 042 045 052,040 044 046 048 051,,31373,53681,0.3540305358110477,0.5853095136081667,0.3688597831965575
614,F3,041 042 046 048,040 044 045 051 052,,23609,61445,0.2487610656952857,0.5965334852306942,0.27757659839631293
615,F3,041 042 046 051,040 044 045 048 052,,50931,34123,0.643242818715517,0.28619992380505815,0.5988078162108778
616,F3,041 042 046 052,040 044 045 048 051,,31795,53259,0.3914766472715836,0.5647871721211438,0.3738213370329438
617,F3,041 042 048 051,040 044 045 046 052,,47338,37716,0.662195276522033,0.29642592003393786,0.5565640651821196
618,F3,041 042 048 052,040 044 045 046 051,,28202,56852,0.3912133891213389,0.5539646802223317,0.3315775860041856
619,F3,041 042 051 052,040 044 045 046 048,,55524,29530,0.6829659246451985,0.15597697257026752,0.6528088038187504
620,F3,041 044 045 046,040 042 048 051 052,,24858,60196,0.18018344195027758,0.6320685759851153,0.29226138688362685
621,F3,041 044 045 048,040 042 046 051 052,,21265,63789,0.14413355278626852,0.6186333066829705,0.2500176358548687
622,F3,041 044 045 051,040 042 046 048 052,,48587,36467,0.6164817749603804,0.34480489209422216,0.5712488536694336
623,F3,041 044 045 052,040 042 046 048 051,,29451,55603,0.3272893959458083,0.5914788770390087,0.3462623744914995
624,F3,041 044 046 048,040 042 045 051 052,,21687,63367,0.20311707474523907,0.601606514431802,0.254979189691255
625,F3,041 044 046 051,040 042 045 048 052,,49009,36045,0.638515374727091,0.3116659730891941,0.5762104075058199
626,F3,041 044 046 052,040 042 045 048 051,,29873,55181,0.3675225119673284,0.5717185263043438,0.3512239283278858
627,F3,041 044 048 051,040 042 045 046 052,,45416,39638,0.6578958957195702,0.31908774408395985,0.5339666564770617
628,F3,041 044 048 052,040 042 045 046 051,,26280,58774,0.3639649923896499,0.5608262156735971,0.30898017729912763
629,F3,041 044 051 052,040 042 045 046 048,,53602,31452,0.6800679079138838,0.1931196744245199,0.6302113951136925
630,F3,041 045 046 048,040 042 044 051 052,,24126,60928,0.07576888004642295,0.6679851628151261,0.2836550897077151
631,F3,041 045 046 051,040 042 044 048 052,,51448,33606,0.55815580780594,0.41096827947390346,0.60488630752228
632,F3,041 045 046 052,040 042 044 048 051,,32312,52742,0.26002723446397624,0.6470175571650677,0.37989982834434594
633,F3,041 045 048 051,040 042 044 046 052,,47855,37199,0.5705150976909413,0.4092851958385978,0.5626425564935218
634,F3,041 045 048 052,040 042 044 046 051,,28719,56335,0.24332323548870086,0.6308511582497559,0.3376560773155877
635,F3,041 045 051 052,040 042 044 046 048,,56041,29013,0.6044860013204618,0.29817667941957055,0.6588872951301527
636,F3,041 046 048 051,040 042 044 045 052,,48277,36777,0.5932845868633096,0.37754574870163415,0.5676041103299081
637,F3,041 046 048 052,040 042 044 045 051,,29141,55913,0.28578291753886276,0.6116466653551053,0.342617631151974
638,F3,041 046 051 052,040 042 044 045 048,,56463,28591,0.6237004764181854,0.2557098387604491,0.663848848966539
639,F3,041 048 051 052,040 042 044 045 046,,52870,32184,0.6393417817287687,0.2710974397216008,0.6216050979377807
640,F3,042 044 045 046,040 041 048 051 052,,28374,56680,0.30654824839641925,0.5968419195483415,0.33359983069579324
641,F3,042 044 045 048,040 041 046 051 052,,24781,60273,0.2939348694564384,0.5847228443913527,0.2913560796670351
642,F3,042 044 045 051,040 041 046 048 052,,52103,32951,0.6558547492466844,0.2535583138599739,0.6125872974815999
643,F3,042 044 045 052,040 041 046 048 051,,32967,52087,0.42035975369308703,0.5504060514139805,0.3876008183036659
644,F3,042 044 046 048,040 041 045 051 052,,25203,59851,0.3421814863309923,0.566456700807004,0.29631763350342133
645,F3,042 044 046 051,040 041 045 048 052,,52525,32529,0.6760970966206569,0.21565372436902455,0.6175488513179862
646,F3,042 044 046 052,040 041 045 048 051,,33389,51665,0.4551798496510827,0.5289654504984032,0.3925623721400522
647,F3,042 044 048 051,040 041 045 046 052,,48932,36122,0.696844600670318,0.23334809811195392,0.575305100289228
648,F3,042 044 048 052,040 041 045 046 051,,29796,55258,0.4626124311988186,0.5201599768359333,0.350318621111294
649,F3,042 044 051 052,040 041 045 046 048,,57118,27936,0.7120697503413985,0.06640177548682703,0.6715498389258588
650,F3,042 045 046 048,040 041 044 051 052,,27642,57412,0.21876130526011142,0.635407231937574,0.3249935335198815
651,F3,042 045 046 051,040 041 044 048 052,,54964,30090,0.5992103922567499,0.31877700232635425,0.6462247513344463
652,F3,042 045 046 052,040 041 044 048 051,,35828,49226,0.35226638383387293,0.6075244789338967,0.42123827215651233
653,F3,042 045 048 051,040 041 044 046 052,,51371,33683,0.613595219092484,0.3267523676632129,0.6039810003056881
654,F3,042 045 048 052,040 041 044 046 051,,32235,52819,0.3476655808903366,0.5929684393873417,0.3789945211277541
655,F3,042 045 051 052,040 041 044 046 048,,59557,25497,0.6396393371056299,0.17382437149468566,0.700225738942319
656,F3,042 046 048 051,040 041 044 045 052,,51793,33261,0.6344679782982257,0.2906106250563723,0.6089425541420744
657,F3,042 046 048 052,040 041 044 045 051,,32657,52397,0.38420553020791864,0.5721701624138786,0.3839560749641404
658,F3,042 046 051 052,040 041 044 045 048,,59979,25075,0.6574801180413145,0.12331006979062811,0.7051872927787053
659,F3,042 048 051 052,040 041 044 045 046,,56386,28668,0.6742985847550811,0.1571787358727501,0.6629435417499471
660,F3,044 045 046 048,040 041 042 051 052,,25720,59334,0.17803265940902022,0.6395658475747463,0.30239612481482353
661,F3,044 045 046 051,040 041 042 048 052,,53042,32012,0.5932468609780929,0.34549543921029613,0.6236273426293883
662,F3,044 045 046 052,040 041 042 048 051,,33906,51148,0.328938830885389,0.6133964182372722,0.3986408634514544
663,F3,044 045 048 051,040 041 042 046 052,,49449,35605,0.6077574875123865,0.3503440528015728,0.5813835916006301
664,F3,044 045 048 052,040 041 042 046 051,,30313,54741,0.321281298452809,0.5989660400796478,0.35639711242269617
665,F3,044 045 051 052,040 041 042 046 048,,57635,27419,0.6354992626008502,0.21517925526095044,0.677628330237261
666,F3,044 046 048 051,040 041 042 045 052,,49871,35183,0.6294840688977562,0.31645965381007873,0.5863451454370164
667,F3,044 046 048 052,040 041 042 045 051,,30735,54319,0.3604685212298682,0.5789502752259799,0.3613586662590825
668,F3,044 046 051 052,040 041 042 045 048,,58057,26997,0.6539607626987272,0.16890765640626737,0.6825898840736473
669,F3,044 048 051 052,040 041 042 045 046,,54464,30590,0.6711405699177438,0.19529257927427263,0.6403461330448891
670,F3,045 046 048 051,040 041 042 044 052,,52310,32744,0.5508698145670043,0.4187332030295627,0.6150210454534766
671,F3,045 046 048 052,040 041 042 044 051,,33174,51880,0.25628504250316514,0.655840400925212,0.3900345662755426
672,F3,045 046 051 052,040 041 042 044 048,,60496,24558,0.5849973551970378,0.29061812851209384,0.7112657840901074
673,F3,045 048 051 052,040 041 042 044 046,,56903,28151,0.5970862696167162,0.303754751163369,0.6690220330613492
674,F3,046 048 051 052,040 041 042 044 045,,57325,27729,0.6160662887047536,0.26005265245771575,0.6739835868977355
675,F3,040 041 042 044 045,046 048 051 052,,27729,57325,0.26005265245771575,0.6160662887047536,0.3260164131022644
676,F3,040 041 042 044 046,045 048 051 052,,28151,56903,0.303754751163369,0.5970862696167162,0.3309779669386507
677,F3,040 041 042 044 048,045 046 051 052,,24558,60496,0.29061812851209384,0.5849973551970378,0.28873421590989257
678,F3,040 041 042 044 051,045 046 048 052,,51880,33174,0.655840400925212,0.25628504250316514,0.6099654337244574
679,F3,040 041 042 044 052,045 046 048 051,,32744,52310,0.4187332030295627,0.5508698145670043,0.38497895454652337
680,F3,040 041 042 045 046,044 048 051 052,,30590,54464,0.19529257927427263,0.6711405699177438,0.35965386695511087
681,F3,040 041 042 045 048,044 046 051 052,,26997,58057,0.16890765640626737,0.6539607626987272,0.31741011592635265
682,F3,040 041 042 045 051,044 046 048 052,,54319,30735,0.5789502752259799,0.3604685212298682,0.6386413337409176
683,F3,040 041 042 045 052,044 046 048 051,,35183,49871,0.31645965381007873,0.6294840688977562,0.4136548545629835
684,F3,040 041 042 046 048,044 045 051 052,,27419,57635,0.21517925526095044,0.6354992626008502,0.32237166976273895
685,F3,040 041 042 046 051,044 045 048 052,,54741,30313,0.5989660400796478,0.321281298452809,0.6436028875773039
686,F3,040 041 042 046 052,044 045 048 051,,35605,49449,0.3503440528015728,0.6077574875123865,0.4186164083993698
687,F3,040 041 042 048 051,044 045 046 052,,51148,33906,0.6133964182372722,0.328938830885389,0.6013591365485457
688,F3,040 041 042 048 052,044 045 046 051,,32012,53042,0.34549543921029613,0.5932468609780929,0.3763726573706116
689,F3,040 041 042 051 052,044 045 046 048,,59334,25720,0.6395658475747463,0.17803265940902022,0.6976038751851765
690,F3,040 041 044 045 046,042 048 051 052,,28668,56386,0.1571787358727501,0.6742985847550811,0.3370564582500529
691,F3,040 041 044 045 048,042 046 051 052,,25075,59979,0.12331006979062811,0.6574801180413145,0.2948127072212947
692,F3,040 041 044 045 051,042 046 048 052,,52397,32657,0.5721701624138786,0.38420553020791864,0.6160439250358596
693,F3,040 041 044 045 052,042 046 048 051,,33261,51793,0.2906106250563723,0.6344679782982257,0.39105744585792557
694,F3,040 041 044 046 048,042 045 051 052,,25497,59557,0.17382437149468566,0.6396393371056299,0.299774261057681
695,F3,040 041 044 046 051,042 045 048 052,,52819,32235,0.5929684393873417,0.3476655808903366,0.6210054788722459
696,F3,040 041 044 046 052,042 045 048 051,,33683,51371,0.3267523676632129,0.613595219092484,0.39601899969431187
697,F3,040 041 044 048 051,042 045 046 052,,49226,35828,0.6075244789338967,0.35226638383387293,0.5787617278434877
698,F3,040 041 044 048 052,042 045 046 051,,30090,54964,0.31877700232635425,0.5992103922567499,0.35377524866555365
699,F3,040 041 044 051 052,042 045 046 048,,57412,27642,0.635407231937574,0.21876130526011142,0.6750064664801185
700,F3,040 041 045 046 048,042 044 051 052,,27936,57118,0.06640177548682703,0.7120697503413985,0.32845016107414116
701,F3,040 041 045 046 051,042 044 048 052,,55258,29796,0.5201599768359333,0.4626124311988186,0.649681378888706
702,F3,040 041 045 046 052,042 044 048 051,,36122,48932,0.23334809811195392,0.696844600670318,0.42469489971077196
703,F3,040 041 045 048 051,042 044 046 052,,51665,33389,0.5289654504984032,0.4551798496510827,0.6074376278599478
704,F3,040 041 045 048 052,042 044 046 051,,32529,52525,0.21565372436902455,0.6760970966206569,0.3824511486820138
705,F3,040 041 045 051 052,042 044 046 048,,59851,25203,0.566456700807004,0.3421814863309923,0.7036823664965787
706,F3,040 041 046 048 051,042 044 045 052,,52087,32967,0.5504060514139805,0.42035975369308703,0.6123991816963341
707,F3,040 041 046 048 052,042 044 045 051,,32951,52103,0.2535583138599739,0.6558547492466844,0.3874127025184001
708,F3,040 041 046 051 052,042 044 045 048,,60273,24781,0.5847228443913527,0.2939348694564384,0.708643920332965
709,F3,040 041 048 051 052,042 044 045 046,,56680,28374,0.5968419195483415,0.30654824839641925,0.6664001693042068
710,F3,040 042 044 045 046,041 048 051 052,,32184,52870,0.2710974397216008,0.6393417817287687,0.3783949020622193
711,F3,040 042 044 045 048,041 046 051 052,,28591,56463,0.2557098387604491,0.6237004764181854,0.3361511510334611
712,F3,040 042 044 045 051,041 046 048 052,,55913,29141,0.6116466653551053,0.28578291753886276,0.6573823688480259
713,F3,040 042 044 045 052,041 046 048 051,,36777,48277,0.37754574870163415,0.5932845868633096,0.43239588967009196
714,F3,040 042 044 046 048,041 045 051 052,,29013,56041,0.29817667941957055,0.6044860013204618,0.3411127048698474
715,F3,040 042 044 046 051,041 045 048 052,,56335,28719,0.6308511582497559,0.24332323548870086,0.6623439226844122
716,F3,040 042 044 046 052,041 045 048 051,,37199,47855,0.4092851958385978,0.5705150976909413,0.43735744350647826
717,F3,040 042 044 048 051,041 045 046 052,,52742,32312,0.6470175571650677,0.26002723446397624,0.620100171655654
718,F3,040 042 044 048 052,041 045 046 051,,33606,51448,0.41096827947390346,0.55815580780594,0.39511369247772005
719,F3,040 042 044 051 052,041 045 046 048,,60928,24126,0.6679851628151261,0.07576888004642295,0.7163449102922849
720,F3,040 042 045 046 048,041 044 051 052,,31452,53602,0.1931196744245199,0.6800679079138838,0.36978860488630755
721,F3,040 042 045 046 051,041 044 048 052,,58774,26280,0.5608262156735971,0.3639649923896499,0.6910198227008724
722,F3,040 042 045 046 052,041 044 048 051,,39638,45416,0.31908774408395985,0.6578958957195702,0.46603334352293835
723,F3,040 042 045 048 051,041 044 046 052,,55181,29873,0.5717185263043438,0.3675225119673284,0.6487760716721142
724,F3,040 042 045 048 052,041 044 046 051,,36045,49009,0.3116659730891941,0.638515374727091,0.4237895924941802
725,F3,040 042 045 051 052,041 044 046 048,,63367,21687,0.601606514431802,0.20311707474523907,0.745020810308745
726,F3,040 042 046 048 051,041 044 045 052,,55603,29451,0.5914788770390087,0.3272893959458083,0.6537376255085005
727,F3,040 042 046 048 052,041 044 045 051,,36467,48587,0.34480489209422216,0.6164817749603804,0.4287511463305665
728,F3,040 042 046 051 052,041 044 045 048,,63789,21265,0.6186333066829705,0.14413355278626852,0.7499823641451313
729,F3,040 042 048 051 052,041 044 045 046,,60196,24858,0.6320685759851153,0.18018344195027758,0.7077386131163731
730,F3,040 044 045 046 048,041 042 051 052,,29530,55524,0.15597697257026752,0.6829659246451985,0.34719119618124955
731,F3,040 044 045 046 051,041 042 048 052,,56852,28202,0.5539646802223317,0.3912133891213389,0.6684224139958144
732,F3,040 044 045 046 052,041 042 048 051,,37716,47338,0.29642592003393786,0.662195276522033,0.4434359348178804
733,F3,040 044 045 048 051,041 042 046 052,,53259,31795,0.5647871721211438,0.3914766472715836,0.6261786629670563
734,F3,040 044 045 048 052,041 042 046 051,,34123,50931,0.28619992380505815,0.643242818715517,0.4011921837891222
735,F3,040 044 045 051 052,041 042 046 048,,61445,23609,0.5965334852306942,0.2487610656952857,0.7224234016036871
736,F3,040 044 046 048 051,041 042 045 052,,53681,31373,0.5853095136081667,0.3540305358110477,0.6311402168034426
737,F3,040 044 046 048 052,041 042 045 051,,34545,50509,0.3214937038645245,0.6220871527846522,0.4061537376255085
738,F3,040 044 046 051 052,041 042 045 048,,61867,23187,0.6141238463154832,0.19549747703454523,0.7273849554400733
739,F3,040 044 048 051 052,041 042 045 046,,58274,26780,0.6277241994714624,0.2220687079910381,0.6851412044113152
740,F3,040 045 046 048 051,041 042 044 052,,56120,28934,0.5139522451888809,0.4729384115573374,0.6598161168199026
741,F3,040 045 046 048 052,041 042 044 051,,36984,48070,0.23061323815704088,0.7072602454753485,0.43482963764196864
742,F3,040 045 046 051 052,041 042 044 048,,64306,20748,0.5507573165801014,0.34268363215731634,0.7560608554565335
743,F3,040 045 048 051 052,041 042 044 046,,60713,24341,0.5600612718857576,0.35019103570108046,0.7138171044277754
744,F3,040 046 048 051 052,041 042 044 045,,61135,23919,0.5781140099779177,0.30034700447343116,0.7187786582641615
745,F3,041 042 044 045 046,040 048 051 052,,32068,52986,0.2715479605837595,0.6382629373796852,0.377031062619042
746,F3,041 042 044 045 048,040 046 051 052,,28475,56579,0.2561545215100966,0.6227222114211987,0.3347873115902838
747,F3,041 042 044 045 051,040 046 048 052,,55797,29257,0.6126135813753427,0.2852308849164303,0.6560185294048487
748,F3,041 042 044 045 052,040 046 048 051,,36661,48393,0.3782766427538801,0.5922137499225094,0.43103205022691465
749,F3,041 042 044 046 048,040 045 051 052,,28897,56157,0.2987853410388622,0.6035400751464643,0.3397488654266701
750,F3,041 042 044 046 051,040 045 048 052,,56219,28835,0.6318504420213806,0.2429339344546558,0.660980083241235
751,F3,041 042 044 046 052,040 045 048 051,,37083,47971,0.4101070571420867,0.569489900148006,0.43599360406330095
752,F3,041 042 044 048 051,040 045 046 052,,52626,32428,0.6481207007942842,0.25962131491303814,0.6187363322124768
753,F3,041 042 044 048 052,040 045 046 051,,33490,51564,0.41188414452075245,0.5572298502831433,0.39374985303454274
754,F3,041 042 044 051 052,040 045 046 048,,60812,24242,0.6689798066171151,0.07610758188268295,0.7149810708491077
755,F3,041 042 045 046 048,040 044 051 052,,31336,53718,0.19329206025019147,0.6789158196507689,0.36842476544313024
756,F3,041 042 045 046 051,040 044 048 052,,58658,26396,0.5616454703535749,0.3630095469010456,0.6896559832576951
757,F3,041 042 045 046 052,040 044 048 051,,39522,45532,0.31959415009361875,0.6565931652464201,0.4646695040797611
758,F3,041 042 045 048 051,040 044 046 052,,55065,29989,0.5726141832379915,0.36666777818533464,0.647412232228937
759,F3,041 042 045 048 052,040 044 046 051,,35929,49125,0.3121990592557544,0.63735368956743,0.4224257530510029
760,F3,041 042 045 051 052,040 044 046 048,,63251,21803,0.6024410681254051,0.2028161262211622,0.7436569708655678
761,F3,041 042 046 048 051,040 044 045 052,,55487,29567,0.5924090327464091,0.3265803091284202,0.6523737860653233
762,F3,041 042 046 048 052,040 044 045 051,,36351,48703,0.3454375395449919,0.6153625033365501,0.4273873068873892
763,F3,041 042 046 051 052,040 044 045 048,,63673,21381,0.6194933488291741,0.14414667227912634,0.748618524701954
764,F3,041 042 048 051 052,040 044 045 046,,60080,24974,0.6330059920106524,0.18002722831745016,0.7063747736731959
765,F3,041 044 045 046 048,040 042 051 052,,29414,55640,0.15601414292513768,0.6818475916606758,0.3458273567380723
766,F3,041 044 045 046 051,040 042 048 052,,56736,28318,0.5547976593344613,0.3902111731054453,0.6670585745526372
767,F3,041 044 045 046 052,040 042 048 051,,37600,47454,0.29688829787234045,0.6609348000168584,0.44207209537470316
768,F3,041 044 045 048 051,040 042 046 052,,53143,31911,0.5657000922040533,0.39058631819748674,0.624814823523879
769,F3,041 044 045 048 052,040 042 046 051,,34007,51047,0.28667627253212574,0.6421141301153839,0.39982834434594494
770,F3,041 044 045 051 052,040 042 046 048,,61329,23725,0.5973845978248463,0.2482613277133825,0.7210595621605098
771,F3,041 044 046 048 051,040 042 045 052,,53565,31489,0.5862596844954728,0.35326621994982377,0.6297763773602653
772,F3,041 044 046 048 052,040 042 045 051,,34429,50625,0.32208312759592206,0.6209975308641975,0.40478989818233124
773,F3,041 044 046 051 052,040 042 045 048,,61751,23303,0.6150021861994138,0.19525382997897267,0.7260211159968961
774,F3,041 044 048 051 052,040 042 045 046,,58158,26896,0.6286839299838372,0.22174301011302797,0.6837773649681379
775,F3,041 045 046 048 051,040 042 044 052,,56004,29050,0.514713234768945,0.4716351118760757,0.6584522773767254
776,F3,041 045 046 048 052,040 042 044 051,,36868,48186,0.23087772594119563,0.7059104304154734,0.43346579819879133
777,F3,041 045 046 051 052,040 042 044 048,,64190,20864,0.5514877706807914,0.34159317484662577,0.7546970160133563
778,F3,041 045 048 051 052,040 042 044 046,,60597,24457,0.5608528475007013,0.3492251707077728,0.712453264984598
779,F3,041 046 048 051 052,040 042 044 045,,61019,24035,0.5789344302594274,0.29960474308300394,0.7174148188209843
780,F3,042 044 045 046 048,040 041 051 052,,32930,52124,0.2674764652292742,0.6468997007136827,0.3871658005502387
781,F3,042 044 045 046 051,040 041 048 052,,60252,24802,0.5924450640642634,0.2754213369889525,0.7083970183648035
782,F3,042 044 045 046 052,040 041 048 051,,41116,43938,0.37411226773032397,0.6178023578679048,0.4834105391868695
783,F3,042 044 045 048 051,040 041 046 052,,56659,28395,0.6050583314213099,0.2903680225391794,0.6661532673360453
784,F3,042 044 045 048 052,040 041 046 051,,37523,47531,0.37225168563281186,0.6008499715974838,0.44116678815811133
785,F3,042 044 045 051 052,040 041 046 048,,64845,20209,0.6300562880715552,0.08268593201049038,0.7623980059726762
786,F3,042 044 046 048 051,040 041 045 052,,57081,27973,0.6240605455405477,0.24684517213026846,0.6711148211724316
787,F3,042 044 046 048 052,040 041 045 051,,37945,47109,0.4034260113321913,0.5777876838820607,0.44612834199449763
788,F3,042 044 046 051 052,040 041 045 048,,65267,19787,0.6465135520247598,0.016728154849143376,0.7673595598090625
789,F3,042 044 048 051 052,040 041 045 046,,61674,23380,0.6612510944644421,0.07463644140290847,0.7251158087803042
790,F3,042 045 046 048 051,040 041 044 052,,59520,25534,0.5551915322580645,0.37134800657946265,0.6997907211888917
791,F3,042 045 046 048 052,040 041 044 051,,40384,44670,0.31524861331220283,0.6670248488918737,0.4748042420109577
792,F3,042 045 046 051 052,040 041 044 048,,67706,17348,0.5851623194399315,0.16762739220659442,0.7960354598255226
793,F3,042 045 048 051 052,040 041 044 046,,64113,20941,0.5959009873192644,0.20638937968578386,0.7537917087967644
794,F3,042 046 048 051 052,040 041 044 045,,64535,20519,0.6127682652824049,0.1453287197231834,0.7587532626331507
795,F3,044 045 046 048 051,040 041 042 052,,57598,27456,0.548230841348658,0.39881993006993005,0.6771933124838339
796,F3,044 045 046 048 052,040 041 042 051,,38462,46592,0.2928344859861682,0.6710164835164835,0.4522068333058998
797,F3,044 045 046 051 052,040 041 042 048,,65784,19270,0.5799434512951478,0.2270887389724961,0.7734380511204646
798,F3,044 045 048 051 052,040 041 042 046,,62191,22863,0.590712482513547,0.2532476053011416,0.7311943000917065
799,F3,044 046 048 051 052,040 041 042 045,,62613,22441,0.6081324964464249,0.1982977585669088,0.7361558539280928
800,F3,045 046 048 051 052,040 041 042 044,,65052,20002,0.5457172723359773,0.3513148685131487,0.7648317539445528
801,F3,040 041 042 044 045 046,048 051 052,,35878,49176,0.2434639612018507,0.6871644704734017,0.42182613398546803
802,F3,040 041 042 044 045 048,046 051 052,,32285,52769,0.22676165401889423,0.6671720138717808,0.3795823829567099
803,F3,040 041 042 044 045 051,046 048 052,,59607,25447,0.5739091046353616,0.3268754666561874,0.7008136007712747
804,F3,040 041 042 044 045 052,046 048 051,,40471,44583,0.34333226260779326,0.6422178857412018,0.4758271215933407
805,F3,040 041 042 044 046 048,045 051 052,,32707,52347,0.26480569908582263,0.6469520698416337,0.3845439367930962
806,F3,040 041 042 044 046 051,045 048 052,,60029,25025,0.5921971047327125,0.27884115884115884,0.705775154607661
807,F3,040 041 042 044 046 052,045 048 051,,40893,44161,0.3725576504536229,0.6180113674962071,0.480788675429727
808,F3,040 041 042 044 048 051,045 046 052,,56436,28618,0.604844425543979,0.293242015514711,0.6635314035789028
809,F3,040 041 042 044 048 052,045 046 051,,37300,47754,0.3705361930294906,0.6011224190643716,0.4385449244009688
810,F3,040 041 042 044 051 052,045 046 048,,64622,20432,0.6299557426263501,0.0889780736100235,0.7597761422155337
811,F3,040 041 042 045 046 048,044 051 052,,35146,49908,0.17310647015307573,0.7302035745772221,0.41321983680955626
812,F3,040 041 042 045 046 051,044 048 052,,62468,22586,0.5278222449894346,0.4230496767909324,0.7344510546241212
813,F3,040 041 042 045 046 052,044 048 051,,43332,41722,0.2921166805132466,0.7159052777910935,0.5094645754461872
814,F3,040 041 042 045 048 051,044 046 052,,58875,26179,0.5360169851380042,0.4189999618014439,0.692207303595363
815,F3,040 041 042 045 048 052,044 046 051,,39739,45315,0.282946224112333,0.6903453602559859,0.4672208244174289
816,F3,040 041 042 045 051 052,044 046 048,,67061,17993,0.5686166326180642,0.24426165731117658,0.7884520422319938
817,F3,040 041 042 046 048 051,044 045 052,,59297,25757,0.5548004114879336,0.3738401211321194,0.6971688574317493
818,F3,040 041 042 046 048 052,044 045 051,,40161,44893,0.3133388112845796,0.6669859443565812,0.4721823782538152
819,F3,040 041 042 046 051 052,044 045 048,,67483,17571,0.5849176829720077,0.173866029252746,0.7934135960683801
820,F3,040 041 042 048 051 052,044 045 046,,63890,21164,0.5956800751291282,0.21116046116046117,0.7511698450396219
821,F3,040 041 044 045 046 048,042 051 052,,33224,51830,0.13893570912593306,0.7314489677792784,0.3906224281044983
822,F3,040 041 044 045 046 051,042 048 052,,60546,24508,0.5203316486638259,0.44977150318263426,0.7118536459190632
823,F3,040 041 044 045 046 052,042 048 051,,41410,43644,0.27022458343395317,0.7180139308954266,0.4868671667411292
824,F3,040 041 044 045 048 051,042 046 052,,56953,28101,0.5283303776798413,0.44258211451549767,0.669609894890305
825,F3,040 041 044 045 048 052,042 046 051,,37817,47237,0.25850807837744927,0.6933336155979423,0.44462341571237096
826,F3,040 041 044 045 051 052,042 046 048,,65139,19915,0.5628578885153288,0.29440120512176754,0.7658546335269358
827,F3,040 041 044 046 048 051,042 045 052,,57375,27679,0.5477995642701525,0.4009176632103761,0.6745714487266913
828,F3,040 041 044 046 048 052,042 045 051,,38239,46815,0.29069797850362195,0.67096016234113,0.44958496954875726
829,F3,040 041 044 046 051 052,042 045 048,,65561,19493,0.5796738914903677,0.23203201149130456,0.7708161873633221
830,F3,040 041 044 048 051 052,042 045 046,,61968,23086,0.5904660469919959,0.25716884692021136,0.7285724363345639
831,F3,040 041 045 046 048 051,042 044 052,,59814,25240,0.48237870732604404,0.5417591125198098,0.7032473487431514
832,F3,040 041 045 046 048 052,042 044 051,,40678,44376,0.20991690840257632,0.7659095006309717,0.4782608695652174
833,F3,040 041 045 046 051 052,042 044 048,,68000,17054,0.520985294117647,0.4163246159258825,0.7994920873797823
834,F3,040 041 045 048 051 052,042 044 046,,64407,20647,0.5280947723073579,0.41236014917421415,0.7572483363510241
835,F3,040 041 046 048 051 052,042 044 045,,64829,20225,0.5453269370189268,0.3547095179233622,0.7622098901874104
836,F3,040 042 044 045 046 048,041 051 052,,36740,48314,0.2404735982580294,0.6973548039905617,0.4319608719166647
837,F3,040 042 044 045 046 051,041 048 052,,64062,20992,0.5576316693203459,0.3241234756097561,0.7531920897312295
838,F3,040 042 044 045 046 052,041 048 051,,44926,40128,0.34298624404576417,0.6757874800637959,0.5282056105532955
839,F3,040 042 044 045 048 051,041 046 052,,60469,24585,0.5673816335643057,0.33426886312792353,0.7109483387024713
840,F3,040 042 044 045 048 052,041 046 051,,41333,43721,0.3385914402535504,0.6525925756501453,0.48596185952453735
841,F3,040 042 044 045 051 052,041 046 048,,68655,16399,0.5954846697254388,0.100250015244832,0.8071930773391022
842,F3,040 042 044 046 048 051,041 045 052,,60891,24163,0.5854559787160664,0.28465008484045856,0.7159098925388576
843,F3,040 042 044 046 048 052,041 045 051,,41755,43299,0.3672614058196623,0.6280052657105245,0.49092341336092366
844,F3,040 042 044 046 051 052,041 045 048,,69077,15977,0.6112454217756996,0.019027351818238718,0.8121546311754885
845,F3,040 042 044 048 051 052,041 045 046,,65484,19570,0.6231903976543889,0.08778742973939703,0.7699108801467303
846,F3,040 042 045 046 048 051,041 044 052,,63330,21724,0.5222169587873046,0.4352329221137912,0.7445857925553178
847,F3,040 042 045 046 048 052,041 044 051,,44194,40860,0.2886817215006562,0.7285609397944199,0.5195993133773837
848,F3,040 042 045 046 051 052,041 044 048,,71516,13538,0.5543654566810224,0.21280839119515438,0.8408305311919486
849,F3,040 042 045 048 051 052,041 044 046,,67923,17131,0.5628726646349543,0.2507150779289008,0.7985867801631904
850,F3,040 042 046 048 051 052,041 044 045,,68345,16709,0.5790035847538225,0.17685079897061465,0.8035483339995767
851,F3,040 044 045 046 048 051,041 042 052,,61408,23646,0.5146560708702449,0.4619385942654149,0.7219883838502599
852,F3,040 044 045 046 048 052,041 042 051,,42272,42782,0.2670798637395912,0.7301435183020897,0.4970019046723258
853,F3,040 044 045 046 051 052,041 042 048,,69594,15460,0.5485817742908872,0.2813065976714101,0.8182331224868907
854,F3,040 044 045 048 051 052,041 042 046,,66001,19053,0.5570218633051014,0.3024720516454102,0.7759893714581325
855,F3,040 044 046 048 051 052,041 042 045,,66423,18631,0.573656715294401,0.23740003220439054,0.7809509252945188
856,F3,040 045 046 048 051 052,041 042 044,,68862,16192,0.5159158897505155,0.4323122529644269,0.809626825310979
857,F3,041 042 044 045 046 048,040 051 052,,36624,48430,0.24077107907383136,0.6960355151765435,0.4305970324734874
858,F3,041 042 044 045 046 051,040 048 052,,63946,21108,0.5583773809151471,0.3231476217547849,0.7518282502880523
859,F3,041 042 044 045 046 052,040 048 051,,44810,40244,0.34349475563490295,0.6742620017890866,0.5268417711101183
860,F3,041 042 044 045 048 051,040 046 052,,60353,24701,0.5681904793465113,0.3333873122545646,0.7095844992592941
861,F3,041 042 044 045 048 052,040 046 051,,41217,43837,0.339131911589878,0.6512535073111755,0.4845980200813601
862,F3,041 042 044 045 051 052,040 046 048,,68539,16515,0.5962444739491385,0.10057523463518014,0.805829237895925
863,F3,041 042 044 046 048 051,040 045 052,,60775,24279,0.5862937062937063,0.28399027966555457,0.7145460530956804
864,F3,041 042 044 046 048 052,040 045 051,,41639,43415,0.3678762698431759,0.6267188759645284,0.48955957391774635
865,F3,041 042 044 046 051 052,040 045 048,,68961,16093,0.6120270877742492,0.019946560616417076,0.8107907917323113
866,F3,041 042 044 048 051 052,040 045 046,,65368,19686,0.6240362256761718,0.08813369907548511,0.7685470407035531
867,F3,041 042 045 046 048 051,040 044 052,,63214,21840,0.5229063182206474,0.4336996336996337,0.7432219531121406
868,F3,041 042 045 046 048 052,040 044 051,,44078,40976,0.2890557647806162,0.7269133151112847,0.5182354739342065
869,F3,041 042 045 046 051 052,040 044 048,,71400,13654,0.5550280112044818,0.21224549582539914,0.8394666917487714
870,F3,041 042 045 048 051 052,040 044 046,,67807,17247,0.5635848806170455,0.2500144952745405,0.7972229407200132
871,F3,041 042 046 048 051 052,040 044 045,,68229,16825,0.5797388207360507,0.17664190193164933,0.8021844945563995
872,F3,041 044 045 046 048 051,040 042 052,,61292,23762,0.5153527377145467,0.4603989563168083,0.7206245444070826
873,F3,041 044 045 046 048 052,040 042 051,,42156,42898,0.26741151911946104,0.7285654342859808,0.49563806522914855
874,F3,041 044 045 046 051 052,040 042 048,,69478,15576,0.549253000949941,0.2803030303030303,0.8168692830437134
875,F3,041 044 045 048 051 052,040 042 046,,65885,19169,0.5577445549062761,0.3015285095727477,0.7746255320149552
876,F3,041 044 046 048 051 052,040 042 045,,66307,18747,0.5744039090895381,0.2368378940630501,0.7795870858513415
877,F3,041 045 046 048 051 052,040 042 044,,68746,16308,0.5165391440956565,0.4302796173657101,0.8082629858678017
878,F3,042 044 045 046 048 051,040 041 052,,64808,20246,0.5524935193186027,0.3319668082584214,0.7619629882192489
879,F3,042 044 045 046 048 052,040 041 051,,45672,39382,0.33920126116657906,0.6864811335127723,0.5369765090413149
880,F3,042 044 045 046 051 052,040 041 048,,72994,12060,0.5805956653971559,0.01218905472636816,0.8582077268558798
881,F3,042 044 045 048 051 052,040 041 046,,69401,15653,0.5902796789671618,0.09972529227624098,0.8159639758271215
882,F3,042 044 046 048 051 052,040 041 045,,69823,15231,0.6059034988470847,0.014509881163416716,0.8209255296635078
883,F3,042 045 046 048 051 052,040 041 044,,72262,12792,0.5497910381666713,0.21873045653533457,0.849601429679968
884,F3,044 045 046 048 051 052,040 041 042,,70340,14714,0.543943702018766,0.28992795976620905,0.8270040209749101
885,F3,040 041 042 044 045 046 048,051 052,,40434,44620,0.21875154572884206,0.7548632900044823,0.4753921038399135
886,F3,040 041 042 044 045 046 051,048 052,,67756,17298,0.5273776492118779,0.3927621690368829,0.7966233216544784
887,F3,040 041 042 044 045 046 052,048 051,,48620,36434,0.31713286713286715,0.7440303013668551,0.5716368424765443
888,F3,040 041 042 044 045 048 051,046 052,,64163,20891,0.5348721225628478,0.3928964625915466,0.7543795706257201
889,F3,040 041 042 044 045 048 052,046 051,,45027,40027,0.3110356008617052,0.7125690159142579,0.5293930914477861
890,F3,040 041 042 044 045 051 052,046 048,,72349,12705,0.5652185932079227,0.1286107831562377,0.850624309262351
891,F3,040 041 042 044 046 048 051,045 052,,64585,20469,0.5521251064488658,0.335531779764522,0.7593411244621064
892,F3,040 041 042 044 046 048 052,045 051,,45449,39605,0.33763119100530264,0.6863274839035476,0.5343546452841724
893,F3,040 041 042 044 046 051 052,045 048,,72771,12283,0.5803548116694838,0.023935520638280552,0.8555858630987373
894,F3,040 041 042 044 048 051 052,045 046,,69178,15876,0.5900575327416231,0.10758377425044091,0.8133421120699791
895,F3,040 041 042 045 046 048 051,044 052,,67024,18030,0.49358438768202434,0.5238491403216861,0.7880170244785666
896,F3,040 041 042 045 046 048 052,044 051,,47888,37166,0.26662211827597726,0.8007049453801862,0.5630305453006326
897,F3,040 041 042 045 046 051 052,044 048,,75210,9844,0.5272703097992288,0.2916497358797237,0.8842617631151974
898,F3,040 041 042 045 048 051 052,044 046,,71617,13437,0.5339793624418784,0.31889558681253255,0.8420180120864392
899,F3,040 041 042 046 048 051 052,044 045,,72039,13015,0.5494523799608545,0.22627737226277372,0.8469795659228255
900,F3,040 041 044 045 046 048 051,042 052,,65102,19952,0.48560720100764954,0.5469627105052125,0.7654196157735086
901,F3,040 041 044 045 046 048 052,042 051,,45966,39088,0.24583387721359265,0.7988896848137536,0.5404331365955746
902,F3,040 041 044 045 046 051 052,042 048,,73288,11766,0.5210675690426809,0.36877443481217065,0.8616643544101394
903,F3,040 041 044 045 048 051 052,042 046,,69695,15359,0.5276418681397518,0.37456865681359464,0.8194206033813812
904,F3,040 041 044 046 048 051 052,042 045,,70117,14937,0.5435771638832237,0.2954408515766218,0.8243821572177675
905,F3,040 041 045 046 048 051 052,042 044,,72556,12498,0.4897871988532995,0.5592894863178108,0.8530580572342277
906,F3,040 042 044 045 046 048 051,041 052,,68618,16436,0.5222099157655425,0.4072767096617182,0.806758059585675
907,F3,040 042 044 045 046 048 052,041 051,,49482,35572,0.31362919849642296,0.7592488474080737,0.581771580407741
908,F3,040 042 044 045 046 051 052,041 048,,76804,8250,0.5521457215770011,0.014545454545454545,0.9030027982223058
909,F3,040 042 044 045 048 051 052,041 046,,73211,11843,0.5599295187881602,0.12952799121844127,0.8607590471935477
910,F3,040 042 044 046 048 051 052,041 045,,73633,11421,0.5749188543180368,0.01698625339287278,0.865720601029934
911,F3,040 042 045 046 048 051 052,041 044,,76072,8982,0.5226101587969292,0.30850590069026945,0.894396501046394
912,F3,040 044 045 046 048 051 052,041 042,,74150,10904,0.5163587322993931,0.3887564196625092,0.8717990923413361
913,F3,041 042 044 045 046 048 051,040 052,,68502,16552,0.5228460482905608,0.4054494925084582,0.8053942201424977
914,F3,041 042 044 045 046 048 052,040 051,,49366,35688,0.314021796378074,0.7572573414032728,0.5804077409645637
915,F3,041 042 044 045 046 051 052,040 048,,76688,8366,0.5527592322136449,0.016375806837198182,0.9016389587791286
916,F3,041 042 044 045 048 051 052,040 046,,73095,11959,0.5605855393665777,0.12969311815369178,0.8593952077503704
917,F3,041 042 044 046 048 051 052,040 045,,73517,11537,0.5755947603955548,0.018288983271214355,0.8643567615867567
918,F3,041 042 045 046 048 051 052,040 044,,75956,9098,0.5231844752224972,0.3064409760386898,0.8930326616032168
919,F3,041 044 045 046 048 051 052,040 042,,74034,11020,0.5169381635464786,0.38620689655172413,0.8704352528981588
920,F3,042 044 045 046 048 051 052,040 041,,77550,7504,0.5479045776918118,0.004930703624733476,0.9117736967103252
921,F3,040 041 042 044 045 046 048 051,052,,72312,12742,0.49567153446177675,0.5245644325851515,0.8501892915089238
922,F3,040 041 042 044 045 046 048 052,051,,53176,31878,0.2920302392056567,0.8469163686554991,0.6252028123309897
923,F3,040 041 042 044 045 046 051 052,048,,80498,4556,0.5269323461452459,0.024143985952589993,0.9464340301455546
924,F3,040 041 042 044 045 048 051 052,046,,76905,8149,0.5331642936089981,0.18701681187875813,0.9041902791167964
925,F3,040 041 042 044 046 048 051 052,045,,77327,7727,0.5475836383152068,0.023812605150770026,0.9091518329531827
926,F3,040 041 042 045 046 048 051 052,044,,79766,5288,0.4985332096381917,0.522125567322239,0.9378277329696428
927,F3,040 041 044 045 046 048 051 052,042,,77844,7210,0.49198396793587174,0.5865464632454924,0.9152303242645848
928,F3,040 042 044 045 046 048 051 052,041,,81360,3694,0.52257866273353,0.0027070925825663237,0.9565687680767513
929,F3,041 042 044 045 046 048 051 052,040,,81244,3810,0.5231155531485402,0.007086614173228346,0.955204928633574
930,LOPO,041 042 044 045 046 048 051 052,040,,81244,3810,0.5231155531485402,0.007086614173228346,0.955204928633574
931,LOPO,040 042 044 045 046 048 051 052,041,,81360,3694,0.52257866273353,0.0027070925825663237,0.9565687680767513
932,LOPO,040 041 044 045 046 048 051 052,042,,77844,7210,0.49198396793587174,0.5865464632454924,0.9152303242645848
933,LOPO,040 041 042 045 046 048 051 052,044,,79766,5288,0.4985332096381917,0.522125567322239,0.9378277329696428
934,LOPO,040 041 042 044 046 048 051 052,045,,77327,7727,0.5475836383152068,0.023812605150770026,0.9091518329531827
935,LOPO,040 041 042 044 045 048 051 052,046,,76905,8149,0.5331642936089981,0.18701681187875813,0.9041902791167964
936,LOPO,040 041 042 044 045 046 051 052,048,,80498,4556,0.5269323461452459,0.024143985952589993,0.9464340301455546
937,LOPO,040 041 042 044 045 046 048 052,051,,53176,31878,0.2920302392056567,0.8469163686554991,0.6252028123309897
938,LOPO,040 041 042 044 045 046 048 051,052,,72312,12742,0.49567153446177675,0.5245644325851515,0.8501892915089238
939,FROZEN,041 042 044 045 048 052,040 046 051,,41217,43837,0.339131911589878,0.6512535073111755,0.4845980200813601
940,DROP1,041 042 044 045 048 052,046 051,040,41217,40027,0.339131911589878,0.7125690159142579,0.5073236177440795
941,DROP1,042 044 045 048 052,040 046 051,041,37523,43837,0.37225168563281186,0.6512535073111755,0.46119714847590954
942,DROP1,041 044 045 048 052,040 046 051,042,34007,43837,0.28667627253212574,0.6512535073111755,0.436860901289759
943,DROP1,041 042 045 048 052,040 046 051,044,35929,43837,0.3121990592557544,0.6512535073111755,0.45043000777273523
944,DROP1,041 042 044 048 052,040 046 051,045,33490,43837,0.41188414452075245,0.6512535073111755,0.43309581388130924
945,DROP1,041 042 044 045 048 052,040 051,046,41217,35688,0.339131911589878,0.7572573414032728,0.5359469475326701
946,DROP1,041 042 044 045 052,040 046 051,048,36661,43837,0.3782766427538801,0.6512535073111755,0.4554274640363736
947,DROP1,041 042 044 045 048 052,040 046,051,41217,11959,0.339131911589878,0.12969311815369178,0.775105310666466
948,DROP1,041 042 044 045 048,040 046 051,052,28475,43837,0.2561545215100966,0.6512535073111755,0.39377973227126895
