unit,cell,dataset,backbone,status,match_both_folds,fold,N,d,G,rho_f,rho_f_trace,pr,lemma_stat_d,lemma_stat_pr,pred_recoverable,pred_recoverable_pr,M1_khat,M1_prec,M1_rec,M1_ari,M2_khat,M2_prec,M2_rec,M2_ari,cov_M1,cov_M2,cov_oracle,cov_naive,obs_recoverable,match
e3|isic2019_resnet50_s42_std,isic2019_resnet50_s42_std,isic2019,resnet50,ok,False,0,4000,2048,3082,0.7491945013238124,0.944222644817917,8.98581997582996,23.974224042361996,1.5880290405900208,True,False,165,0.0008759560527168091,0.5951252538930264,0.0013810471062188107,2,0.0003017828276566067,0.8849018280297901,0.0002342299500670443,0.866,0.936,0.934,0.922,False,False
e3|isic2019_resnet50_s42_std,isic2019_resnet50_s42_std,isic2019,resnet50,ok,False,1,4000,2048,3015,0.7567428590364014,0.9422108081654418,9.214257943333175,24.215771489164844,1.6242897976647421,True,False,166,0.0013625288129932368,0.64568345323741,0.002304052341666066,2,0.0003456972693345259,0.9064748201438849,0.0002743000660372569,0.888,0.946,0.928,0.912,False,False
e3|breakhis_efficientnet_v2_s_s42_std_r4,breakhis_efficientnet_v2_s_s42_std_r4,breakhis,efficientnet_v2_s,ok,False,0,2132,1280,33,0.6346229354518741,0.668560473173049,9.167581560928653,16.05483145127953,1.3587143335581162,False,False,11,0.13658768654047015,0.937354247980951,0.18756699350462971,3,0.07936257099964093,0.9739180597491224,0.08615332407440901,0.916,0.952,0.94,0.398,True,False
e3|breakhis_efficientnet_v2_s_s42_std_r4,breakhis_efficientnet_v2_s_s42_std_r4,breakhis,efficientnet_v2_s,ok,False,1,2114,1280,28,0.6303385015361648,0.657972060300314,8.947826419848768,15.946442894014606,1.3332684812285216,False,False,10,0.1442292490118577,0.93706176588808,0.19395839120460764,5,0.14348191000504867,0.996360144700996,0.19436027845962123,0.89,0.928,0.94,0.368,False,True
e3|camelyon_densenet121_s42,camelyon_densenet121_s42,camelyon,densenet121,ok,True,0,4000,1024,15,0.31496903323023895,0.378028425940586,2.7961122385268884,7.1269356563479365,0.37241756806967985,False,False,162,0.14862989042912628,0.22146856502959528,0.10687046962690892,2,0.07944741830928562,0.8694985272944564,0.027154664296020436,0.496,0.886,0.956,0.198,False,True
e3|camelyon_densenet121_s42,camelyon_densenet121_s42,camelyon,densenet121,ok,True,1,4000,1024,15,0.3701034775654829,0.47656636329583196,1.915134548461447,8.374485719272839,0.3621661142015899,False,False,70,0.1250857693666886,0.3424110965774888,0.09518061921576532,2,0.09323653104527925,0.8042459088898717,0.054529641541718674,0.544,0.938,0.946,0.214,False,True
e3|breakhis_fm_conch_v1_5_s42_std_r2,breakhis_fm_conch_v1_5_s42_std_r2,breakhis,fm_conch_v1_5,ok,True,0,1951,768,29,0.27775888079846894,0.28815761716585564,17.53952494452855,5.44294023586228,0.8225491708400041,False,False,204,0.2025210300872168,0.20485748590519942,0.1700597906495709,3,0.06807907981433543,0.5721444978074754,0.05353835224193365,0.608,0.878,0.954,0.348,False,True
e3|breakhis_fm_conch_v1_5_s42_std_r2,breakhis_fm_conch_v1_5_s42_std_r2,breakhis,fm_conch_v1_5,ok,True,1,1963,768,28,0.23907006082680157,0.2432149900948326,18.580249617862147,4.684797294414407,0.7286785179351436,False,False,223,0.22293425349682666,0.17648565261399252,0.16561074339601964,439,0.6431226765799256,0.04641406812112048,0.08131322377654449,0.598,0.452,0.944,0.322,False,True
e3|breakhis_densenet121_s43_std_r1,breakhis_densenet121_s43_std_r1,breakhis,densenet121,ok,True,0,1938,1024,30,0.45629144787778925,0.5736967211819166,12.822406755632697,10.324696863738012,1.1553461087420096,False,False,75,0.11646535464768183,0.749875009867642,0.14143029108130725,3,0.08652908696463012,0.9645159592663737,0.09127322140763712,0.74,0.924,0.932,0.368,False,True
e3|breakhis_densenet121_s43_std_r1,breakhis_densenet121_s43_std_r1,breakhis,densenet121,ok,True,1,1959,1024,26,0.4195280013612172,0.5385187027262769,14.58864543720458,9.492835029124986,1.1330613875159121,False,False,81,0.12371190603603233,0.6593695911850028,0.14687697124320476,5,0.12272941978147915,0.9659320835669535,0.15353121148575888,0.774,0.922,0.934,0.364,False,True
e3|breakhis_resnet18_s42_std_r2,breakhis_resnet18_s42_std_r2,breakhis,resnet18,ok,True,0,1951,512,29,0.5237253031016509,0.5368938587184926,13.153494541610383,8.379604849626414,1.3431024255220267,False,False,89,0.11561867285892406,0.527641470035498,0.13233795958987626,5,0.10774244620588265,0.9574023804552099,0.13074208222042363,0.746,0.904,0.934,0.378,False,True
e3|breakhis_resnet18_s42_std_r2,breakhis_resnet18_s42_std_r2,breakhis,resnet18,ok,True,1,1963,512,28,0.4998057354925176,0.5116934543794498,12.897654023460111,7.996891767880282,1.2692337129542304,False,False,125,0.17627208912481665,0.492420824136291,0.2100709012963901,2,0.072632471083878,0.9688052584724577,0.06071914426776885,0.736,0.944,0.93,0.37,False,True
e3|breakhis_fm_conch_v1_5_s42_std_r1,breakhis_fm_conch_v1_5_s42_std_r1,breakhis,fm_conch_v1_5,ok,True,0,1938,768,30,0.24474784046949027,0.2499654091356052,19.617216760219442,4.7960585983868,0.7665183676792403,False,False,231,0.20605391510677565,0.16452648475120385,0.1524898789590377,646,0.6683505935842384,0.03481304107570455,0.06241955294575697,0.576,0.454,0.95,0.386,False,True
e3|breakhis_fm_conch_v1_5_s42_std_r1,breakhis_fm_conch_v1_5_s42_std_r1,breakhis,fm_conch_v1_5,ok,True,1,1959,768,26,0.2520031825790938,0.2601145771610791,16.551724236357405,4.938233687009654,0.7249576695806923,False,False,185,0.18342754480522325,0.20409058774773897,0.1551397470612328,3,0.06835188300266531,0.5423319763048194,0.04915822978731713,0.58,0.798,0.936,0.366,False,True
e3|camelyon_resnet50_s42,camelyon_resnet50_s42,camelyon,resnet50,ok,True,0,4000,2048,15,0.4280704911377368,0.42786980984938566,1.7147637666015538,13.698255716407578,0.3963715201028091,False,False,51,0.12011646197199799,0.2440362483179162,0.0789838585122772,2,0.07905937917641614,0.860061919504644,0.02632984264927613,0.466,0.91,0.93,0.218,False,True
e3|camelyon_resnet50_s42,camelyon_resnet50_s42,camelyon,resnet50,ok,True,1,4000,2048,15,0.5196704862563639,0.5363151730143026,1.4493644554383618,16.629455560203645,0.4423864923308649,False,False,23,0.11014534637897853,0.4461573207110392,0.07847670578273565,2,0.09338746092393192,0.8096210488674753,0.05486925574277674,0.578,0.94,0.938,0.192,False,True
e3|breakhis_densenet121_s42_std_r1,breakhis_densenet121_s42_std_r1,breakhis,densenet121,ok,True,0,1938,1024,30,0.4349448736125953,0.5526978375625654,13.722082420227617,9.841679026361344,1.139276739248296,False,False,79,0.20496491077086773,0.6893666289503461,0.27043632266842743,3,0.09033221935434163,0.9872246927874115,0.09863879290984547,0.772,0.934,0.938,0.342,False,True
e3|breakhis_densenet121_s42_std_r1,breakhis_densenet121_s42_std_r1,breakhis,densenet121,ok,True,1,1959,1024,26,0.39037428166713667,0.5183279085208078,15.342746435132637,8.83316165656511,1.0812291706424875,False,False,102,0.12238283464134378,0.5974013310255722,0.14224025903446652,5,0.11999494836890004,0.9380804953560371,0.1481582309914428,0.734,0.934,0.948,0.338,False,True
e3|dermamnist_mobilenet_v3_large_s42_std,dermamnist_mobilenet_v3_large_s42_std,dermamnist,mobilenet_v3_large,ok,False,0,3514,960,2838,0.6328364916165181,0.932455338668718,20.421620455313718,13.864752866831838,2.0221884081616577,True,False,583,0.0004239655889385591,0.664968152866242,0.0005933432598341525,2,0.00020645992023062836,0.9363057324840764,0.0001585646671350156,0.896,0.968,0.966,0.954,False,False
e3|dermamnist_mobilenet_v3_large_s42_std,dermamnist_mobilenet_v3_large_s42_std,dermamnist,mobilenet_v3_large,ok,False,1,3493,960,2840,0.612733603789193,0.930879300470205,19.879105916270444,13.424320661470956,1.9317686987500893,True,False,551,0.0006114268605883593,0.6134347275031685,0.0009634023857393975,2,0.00020350809731734727,0.917617237008872,0.00014828131784088493,0.906,0.944,0.956,0.944,True,True
e3|dermamnist_convnext_tiny_s42_std,dermamnist_convnext_tiny_s42_std,dermamnist,convnext_tiny,ok,False,0,3514,768,2838,0.7603050726384484,0.9529126590917789,9.461542738073986,14.898875814511186,1.653689115577247,True,False,459,0.0008703391050558195,0.8471337579617835,0.0014851695844975306,2,0.00022121550329917895,0.8726114649681529,0.0001880706249610302,0.906,0.952,0.95,0.934,True,True
e3|dermamnist_convnext_tiny_s42_std,dermamnist_convnext_tiny_s42_std,dermamnist,convnext_tiny,ok,False,1,3493,768,2840,0.7643897728567698,0.955109914108847,9.430265230510292,14.978919264808166,1.6598231739117888,True,False,414,0.000863927003944796,0.85297845373891,0.0014680066334735542,2,0.0002305010516610482,0.8922686945500634,0.00020226182853707867,0.888,0.958,0.952,0.942,False,False
e3|breakhis_effb3_s42_std_r1,breakhis_effb3_s42_std_r1,breakhis,effb3,ok,True,0,1938,1536,30,0.5006122010872031,0.5502071141204157,14.73805139268342,13.873372274750771,1.3589593487175242,False,False,50,0.2257083816162248,0.6739862642422967,0.2954214328344871,2,0.07681583603055675,0.9917111806962609,0.07290036264109434,0.802,0.94,0.922,0.398,False,True
e3|breakhis_effb3_s42_std_r1,breakhis_effb3_s42_std_r1,breakhis,effb3,ok,True,1,1959,1536,26,0.4957142464232551,0.5327044465342775,15.737553602274414,13.737636173452742,1.3905448907416733,False,False,46,0.19807594163528888,0.6008020282294435,0.24964924610463482,5,0.1259454901474313,0.9776334072791985,0.15943625463342964,0.808,0.92,0.93,0.36,False,True
e3|breakhis_convnext_tiny_s42_std_r2,breakhis_convnext_tiny_s42_std_r2,breakhis,convnext_tiny,ok,True,0,1951,768,29,0.6043423875370371,0.6071030404729838,10.347168189462428,11.842643835208548,1.374607826772227,False,False,61,0.1354670435391204,0.7856024222175819,0.1743529695232934,2,0.054553847687587545,0.9855397786594279,0.029283377921471263,0.82,0.936,0.92,0.386,False,True
e3|breakhis_convnext_tiny_s42_std_r2,breakhis_convnext_tiny_s42_std_r2,breakhis,convnext_tiny,ok,True,1,1963,768,28,0.560868594552452,0.5599484950683232,12.635845691698155,10.990734955243585,1.409770055727858,False,False,112,0.1383746263115731,0.6909062084608725,0.17180692854548563,3,0.07803228265011705,0.9788783063621176,0.07128825276788414,0.752,0.902,0.918,0.36,False,True
e3|dermamnist_densenet121_s42_std,dermamnist_densenet121_s42_std,dermamnist,densenet121,ok,False,0,3514,1024,2838,0.6385149765276474,0.9495409404802091,13.588479930465805,14.4479446333398,1.6643379998079297,True,False,371,0.00035011812095468665,0.7617834394904459,0.00044578420631673476,3,0.00024215302193831293,0.9859872611464968,0.00022994751796369593,0.894,0.94,0.962,0.958,False,False
e3|dermamnist_densenet121_s42_std,dermamnist_densenet121_s42_std,dermamnist,densenet121,ok,False,1,3493,1024,2840,0.6362139232177777,0.9513821584438501,13.356600564059384,14.39587774056282,1.6441299495519202,True,False,331,0.0003508588825588716,0.8010139416983524,0.0004428980057149815,5,0.0002727711669380444,0.9923954372623575,0.0002867973529185399,0.872,0.89,0.942,0.932,False,False
e3|breakhis_densenet121_s43_std_r3,breakhis_densenet121_s43_std_r3,breakhis,densenet121,ok,True,0,2086,1024,29,0.4693095402315294,0.578185784459592,13.928976016317142,10.619262667944168,1.2385227266240622,False,False,62,0.21524066071530107,0.7020307392725502,0.2861158619567836,3,0.09002109013908437,0.9815819366205346,0.09946724682078435,0.846,0.938,0.936,0.356,False,True
e3|breakhis_densenet121_s43_std_r3,breakhis_densenet121_s43_std_r3,breakhis,densenet121,ok,True,1,2056,1024,29,0.4429562457204601,0.5628152083282328,12.03380070846502,10.022955683771903,1.086543803177146,False,False,56,0.09737897132514146,0.713312458719636,0.11080524201796887,5,0.09943472266278104,0.962376770468945,0.11839807163483312,0.778,0.928,0.954,0.37,False,True
e3|breakhis_convnext_tiny_s42_std_r0,breakhis_convnext_tiny_s42_std_r0,breakhis,convnext_tiny,ok,True,0,1831,768,27,0.5522355936494531,0.5529450375066024,11.180575029426144,10.821563377952915,1.3056941775064501,False,False,80,0.1108289445524326,0.6987244578598155,0.12661936001402596,4,0.10462263746878143,0.9853528258057337,0.12096161581798409,0.716,0.912,0.93,0.326,False,True
e3|breakhis_convnext_tiny_s42_std_r0,breakhis_convnext_tiny_s42_std_r0,breakhis,convnext_tiny,ok,True,1,1830,768,29,0.5719318883524486,0.570665336363562,13.395433128815508,11.207530352719491,1.4801566955054897,False,False,82,0.11172065929405989,0.7539953908026932,0.13482148587701084,7,0.12668424106904125,0.9634578017442649,0.16540299094562894,0.816,0.926,0.94,0.362,False,True
e3|breakhis_regnet_y_3_2gf_s42_std_r1,breakhis_regnet_y_3_2gf_s42_std_r1,breakhis,regnet_y_3_2gf,ok,True,0,1938,1512,30,0.39809353391319074,0.431825405765051,21.407297360975345,10.945762516977998,1.3024199698739467,False,False,150,0.3239938490029432,0.51560403126069,0.3664231510090365,5,0.1496404802514966,0.8830355498250139,0.20054912210747722,0.746,0.93,0.952,0.382,False,True
e3|breakhis_regnet_y_3_2gf_s42_std_r1,breakhis_regnet_y_3_2gf_s42_std_r1,breakhis,regnet_y_3_2gf,ok,True,1,1959,1512,26,0.3506447916960335,0.3746701796658258,24.979015974909814,9.64113779993458,1.2391961558937088,False,False,128,0.522698159229298,0.36307013480900024,0.4077304120231645,15,0.33071584208731003,0.5790570683308549,0.3876458073259645,0.766,0.872,0.942,0.366,False,True
e3|breakhis_fm_dinov2_vitb14_s42_std_r3,breakhis_fm_dinov2_vitb14_s42_std_r3,breakhis,fm_dinov2_vitb14,ok,True,0,2086,768,29,0.166509501095763,0.17509492062943974,18.572818108681794,3.2629065200801266,0.5074145594960262,False,False,349,0.11457906837579919,0.12650392934140064,0.08202690359499995,2,0.04111947533202308,0.5398150079977745,0.0029031591427810055,0.532,0.822,0.946,0.38,False,True
e3|breakhis_fm_dinov2_vitb14_s42_std_r3,breakhis_fm_dinov2_vitb14_s42_std_r3,breakhis,fm_dinov2_vitb14,ok,True,1,2056,768,29,0.16815913594262036,0.1797869536593442,15.587378933281355,3.2952326291738445,0.46945288893778675,False,False,334,0.07660465784616065,0.16953692605005014,0.055154494255584295,2,0.04237951795915761,0.5520316054698011,0.007361133516402178,0.482,0.846,0.942,0.344,False,True
e3|breakhis_efficientnet_v2_s_s42_std_r2,breakhis_efficientnet_v2_s_s42_std_r2,breakhis,efficientnet_v2_s,ok,True,0,1951,1280,29,0.5886100157318082,0.6212797427044524,10.055335356127335,14.890786426400442,1.3198085259902363,False,False,21,0.14727486266998743,0.882086552516183,0.19696920161195344,5,0.13814234936766406,0.9834908122781374,0.1846612228847344,0.852,0.928,0.946,0.362,False,True
e3|breakhis_efficientnet_v2_s_s42_std_r2,breakhis_efficientnet_v2_s_s42_std_r2,breakhis,efficientnet_v2_s,ok,True,1,1963,1280,28,0.572076737267303,0.5962563568628252,11.637251513372181,14.472523889299262,1.379953653592243,False,False,21,0.16122705760679443,0.8250753039597079,0.213727197888116,4,0.09230225691860802,0.9908537700759746,0.09865159205851556,0.836,0.898,0.93,0.37,False,True
e3|isic2019_fm_virchow2_s42_std,isic2019_fm_virchow2_s42_std,isic2019,fm_virchow2,ok,True,0,4000,2560,3027,0.5628548634693461,0.8909069461843341,14.70547961666989,20.137307778941135,1.526233641026066,True,False,351,0.0024690563183054613,0.44932630345635616,0.004488507440862127,2,0.00029692099047950364,0.7680140597539543,0.00016699198786042932,0.942,0.95,0.964,0.956,True,True
e3|isic2019_fm_virchow2_s42_std,isic2019_fm_virchow2_s42_std,isic2019,fm_virchow2,ok,True,1,4000,2560,3067,0.5555770942867448,0.8932158826828651,13.99162166425463,19.876930393071547,1.4694789214441983,True,False,335,0.0020797568284323677,0.43867618429591176,0.0037577997058575877,2,0.0002612685085541574,0.7637897469175859,0.0001371966180798297,0.934,0.946,0.954,0.932,True,True
e3|kermany_mobilenet_v3_large_s42_std,kermany_mobilenet_v3_large_s42_std,kermany,mobilenet_v3_large,ok,False,0,4000,960,1140,0.5937350744662314,0.7439963156227988,2.7816162878925415,13.008083738686581,0.7002067899636779,True,False,18,0.008994769166750956,0.6403865527405694,0.011205321889124764,2,0.005677206200503599,0.9355621058915712,0.004655437048248679,0.762,0.934,0.936,0.698,False,False
e3|kermany_mobilenet_v3_large_s42_std,kermany_mobilenet_v3_large_s42_std,kermany,mobilenet_v3_large,ok,False,1,4000,960,1173,0.5967042510769028,0.7504420035542269,2.8234205644905908,13.07313513896184,0.708976631758313,True,False,21,0.008862477484205114,0.7348626522046295,0.011637378399881876,2,0.005621525265888353,0.935211735860034,0.005225829083656561,0.776,0.952,0.94,0.71,False,False
e3|breakhis_resnet50_s42_std_r1,breakhis_resnet50_s42_std_r1,breakhis,resnet50,ok,True,0,1938,2048,30,0.6478026725863368,0.663765366829836,9.533770144996614,20.72968552276278,1.4143603605202122,False,False,34,0.16489909429140517,0.8659447938320659,0.2242662138560037,2,0.07730030787825334,0.9962897665973739,0.07386308060207651,0.844,0.936,0.944,0.372,False,True
e3|breakhis_resnet50_s42_std_r1,breakhis_resnet50_s42_std_r1,breakhis,resnet50,ok,True,1,1959,2048,26,0.6110313117132512,0.6213922505990972,10.575702922566911,19.55300197482404,1.4050865913407935,False,False,44,0.12944276832368995,0.7316130762292484,0.15881823800140135,5,0.1184797345772827,0.9863240779113137,0.14634505917010726,0.834,0.944,0.954,0.37,False,True
e3|kermany_densenet121_s42_std,kermany_densenet121_s42_std,kermany,densenet121,ok,False,0,4000,1024,1130,0.5786300986687709,0.7879007871985232,2.6813249811575424,13.092904530154529,0.6699783208240581,True,False,10,0.007226687659579408,0.9093048735949357,0.008276309916743803,3,0.007214585984949458,0.9357221117558738,0.008254104954817034,0.758,0.93,0.958,0.708,False,False
e3|kermany_densenet121_s42_std,kermany_densenet121_s42_std,kermany,densenet121,ok,False,1,4000,1024,1156,0.5835709787580138,0.7976257513531307,2.6580275436699474,13.204703884270792,0.6727573121281046,True,False,7,0.007032776267294232,0.8904732124244319,0.008052502962205084,3,0.006993855534843637,0.9155722326454033,0.00797687133678427,0.808,0.948,0.936,0.716,False,False
e3|breakhis_resnet18_s42_std_r4,breakhis_resnet18_s42_std_r4,breakhis,resnet18,ok,True,0,2132,512,33,0.5358232484422075,0.5585039003351042,10.924274048395258,8.57317197507532,1.2522840477107464,False,False,76,0.09398677846886624,0.6137172594938263,0.10749121356087471,2,0.062037535380600396,0.9832584628224955,0.05279987883830516,0.714,0.928,0.94,0.384,False,True
e3|breakhis_resnet18_s42_std_r4,breakhis_resnet18_s42_std_r4,breakhis,resnet18,ok,True,1,2114,512,28,0.5357448041441577,0.5529277150817523,12.054795446508296,8.571916866306523,1.3152941624956316,False,False,80,0.1763841271894833,0.5479991961055781,0.2195158910054156,2,0.07059419626907783,0.9442521548836587,0.0613193107958061,0.748,0.952,0.934,0.352,False,True
e3|breakhis_fm_conch_v1_5_s42_std_r3,breakhis_fm_conch_v1_5_s42_std_r3,breakhis,fm_conch_v1_5,ok,True,0,2086,768,29,0.26606904386901836,0.27197013300955136,18.386435965610033,5.213867150634303,0.8067298523148196,False,False,223,0.23839946709460585,0.18252312400027818,0.17848755373053127,695,0.759779217662587,0.036697035027934255,0.06660020847437385,0.574,0.422,0.924,0.354,False,True
e3|breakhis_fm_conch_v1_5_s42_std_r3,breakhis_fm_conch_v1_5_s42_std_r3,breakhis,fm_conch_v1_5,ok,True,1,2056,768,29,0.2643506239180328,0.2732178070161708,17.041366162995633,5.180193134284439,0.7716449991722909,False,False,212,0.18964569266973103,0.2109396022407593,0.16572278042147195,3,0.0685276245833025,0.6001736833092786,0.05753665974893086,0.642,0.862,0.944,0.398,False,True
e3|breakhis_fm_dinov2_vitb14_s42_std_r0,breakhis_fm_dinov2_vitb14_s42_std_r0,breakhis,fm_dinov2_vitb14,ok,True,0,1831,768,27,0.16431145437954311,0.17389959612427383,16.6112685177046,3.2198337769958156,0.4735373519443687,False,False,302,0.12564224800042376,0.131977577165431,0.08866432224969736,2,0.046865437048540584,0.554937335688751,0.007920422746028275,0.528,0.868,0.93,0.364,False,True
e3|breakhis_fm_dinov2_vitb14_s42_std_r0,breakhis_fm_dinov2_vitb14_s42_std_r0,breakhis,fm_dinov2_vitb14,ok,True,1,1830,768,29,0.16085355330352888,0.1711061061152542,17.532704105489653,3.1520730312577694,0.4762556192906509,False,False,319,0.08966085121712727,0.13121149588034162,0.062333184492989024,2,0.04200851245241576,0.5462049435900526,0.004688577826136095,0.522,0.868,0.946,0.412,False,True
e3|breakhis_fm_conch_v1_5_s42_std_r4,breakhis_fm_conch_v1_5_s42_std_r4,breakhis,fm_conch_v1_5,ok,True,0,2132,768,33,0.2592454684293608,0.26769286046047563,18.63167048388028,5.0801529262459155,0.7912652136246293,False,False,229,0.1883142959129038,0.2072072072072072,0.16596756728476195,2,0.03819761708376756,0.5695436580995165,0.004685842969947235,0.644,0.858,0.944,0.414,False,True
e3|breakhis_fm_conch_v1_5_s42_std_r4,breakhis_fm_conch_v1_5_s42_std_r4,breakhis,fm_conch_v1_5,ok,True,1,2114,768,28,0.2571987598292111,0.26327703458731705,18.207001958954546,5.040045792465653,0.7760203172119446,False,False,216,0.3131208150886818,0.2051940511812782,0.22325836399884572,2,0.04144713324666971,0.51653566164977,0.002691463803347863,0.6,0.824,0.94,0.34,False,True
e3|isic2019_mobilenet_v3_large_s42_std,isic2019_mobilenet_v3_large_s42_std,isic2019,mobilenet_v3_large,ok,True,0,4000,960,3078,0.5848113395715484,0.9059466669358347,19.072687900171378,12.812574502726026,1.8059542255501198,True,False,601,0.0011620869874932275,0.5079155672823219,0.001941373394559554,2,0.000329823226281314,0.9056728232189973,0.0002805558647531516,0.91,0.938,0.944,0.932,True,True
e3|isic2019_mobilenet_v3_large_s42_std,isic2019_mobilenet_v3_large_s42_std,isic2019,mobilenet_v3_large,ok,True,1,4000,960,3006,0.5828862512959551,0.8983679614200849,18.66410907496254,12.770397931776778,1.7806249144087951,True,False,550,0.0015618081852947167,0.5021021021021022,0.0026999880150168957,2,0.00034029922813511466,0.8516516516516517,0.00026424880144096337,0.93,0.964,0.956,0.94,True,True
e3|breakhis_fm_dinov2_vitb14_s42_std_r4,breakhis_fm_dinov2_vitb14_s42_std_r4,breakhis,fm_dinov2_vitb14,ok,True,0,2132,768,33,0.16327063287533283,0.1748300220485674,18.44434860029526,3.1994379242067654,0.49582079717279476,False,False,372,0.0720589307855007,0.15764538380342194,0.05225097732160757,2,0.0388155331549888,0.5490463215258855,0.005905931888477302,0.528,0.874,0.944,0.386,False,True
e3|breakhis_fm_dinov2_vitb14_s42_std_r4,breakhis_fm_dinov2_vitb14_s42_std_r4,breakhis,fm_dinov2_vitb14,ok,True,1,2114,768,28,0.15128320933588366,0.15844196740668295,16.980431089680984,2.9645333561885385,0.44080862868767606,False,False,343,0.08692768537819046,0.13316734402215175,0.05955398730982326,2,0.04237427271282616,0.5388772274574606,0.004552985324395046,0.516,0.856,0.946,0.332,False,True
e3|breakhis_fm_dinov2_vitl14_s42_std_r1,breakhis_fm_dinov2_vitl14_s42_std_r1,breakhis,fm_dinov2_vitl14,ok,True,0,1938,1024,30,0.16876402923059974,0.1774437443728906,15.72975397793366,3.818694063658298,0.4732883917998041,False,False,319,0.12338056318926442,0.1364497539667921,0.09092233145141661,2,0.039869069786144226,0.6783543404468069,0.0,0.57,0.81,0.944,0.406,False,True
e3|breakhis_fm_dinov2_vitl14_s42_std_r1,breakhis_fm_dinov2_vitl14_s42_std_r1,breakhis,fm_dinov2_vitl14,ok,True,1,1959,1024,26,0.15279403038579373,0.15969291173678163,14.18762251029811,3.457334240339781,0.40695482438264663,False,False,307,0.09813309291010555,0.1538967845737549,0.07132948193666758,2,0.04369428469610403,0.5963043319275493,0.001855626479876245,0.482,0.816,0.936,0.33,False,True
e3|breakhis_convnext_tiny_s43_std_r3,breakhis_convnext_tiny_s43_std_r3,breakhis,convnext_tiny,ok,True,0,2086,768,29,0.5652531003051112,0.5622388849233734,13.249416157395192,11.076653370190085,1.4548771595801995,False,False,79,0.14429524264458715,0.6617520921714537,0.18375736508667947,2,0.07058029339218486,0.9452674038528409,0.06210611883056474,0.764,0.952,0.922,0.358,False,True
e3|breakhis_convnext_tiny_s43_std_r3,breakhis_convnext_tiny_s43_std_r3,breakhis,convnext_tiny,ok,True,1,2056,768,29,0.5320626688207984,0.5312573524279969,11.110758580856961,10.42625639835511,1.2540638423628883,False,False,112,0.0892117280472658,0.7010690085373908,0.09622426875994344,4,0.09785708721665079,0.9526529513931359,0.11539016285249537,0.732,0.93,0.95,0.37,False,True
e3|breakhis_resnet18_s43_std_r0,breakhis_resnet18_s43_std_r0,breakhis,resnet18,ok,True,0,1831,512,27,0.5133055367690984,0.5424374821242525,10.103912861340282,8.212888588305574,1.1537341480956198,False,False,104,0.11736538394688358,0.5635615028306742,0.13266642044476157,3,0.08731937213559586,0.9355273956406226,0.08815489490241313,0.72,0.934,0.942,0.374,False,True
e3|breakhis_resnet18_s43_std_r0,breakhis_resnet18_s43_std_r0,breakhis,resnet18,ok,True,1,1830,512,29,0.5141452534374683,0.5341514139846895,11.497901523764112,8.226324054999493,1.2327645165143504,False,False,102,0.1041046774972022,0.5913027760622995,0.11750448015388842,2,0.0751119652059028,0.9796653059994879,0.07107377107886592,0.752,0.95,0.94,0.396,False,True
e3|dermamnist_resnet18_s43_std,dermamnist_resnet18_s43_std,dermamnist,resnet18,ok,False,0,3514,512,2838,0.7370591809185314,0.9512933332668421,13.562589598497334,11.792946894696502,1.919369867701826,True,False,433,0.0006088067075252895,0.7426751592356687,0.0009627085697510138,2,0.00020048650313543107,0.9477707006369427,0.00014661874367596526,0.876,0.944,0.952,0.93,False,False
e3|dermamnist_resnet18_s43_std,dermamnist_resnet18_s43_std,dermamnist,resnet18,ok,False,1,3493,512,2840,0.7325191436330456,0.9518895174240276,13.056366304669867,11.72030629812873,1.8716090830022545,True,False,424,0.0005959022473734067,0.7351077313054499,0.0009325494704897196,2,0.0002032659698480648,0.9467680608365019,0.00014779809208364844,0.876,0.928,0.93,0.926,False,False
e3|breakhis_convnext_tiny_s43_std_r4,breakhis_convnext_tiny_s43_std_r4,breakhis,convnext_tiny,ok,True,0,2132,768,33,0.5909743335838389,0.5908471839643186,12.486420468062308,11.5806845468939,1.4766331004017086,False,False,109,0.10980486963822546,0.7191373935243145,0.13680312375054007,2,0.06121653904868244,0.9932371063161254,0.05121903531921145,0.754,0.902,0.94,0.342,False,True
e3|breakhis_convnext_tiny_s43_std_r4,breakhis_convnext_tiny_s43_std_r4,breakhis,convnext_tiny,ok,True,1,2114,768,28,0.5846528556415446,0.5774129035060034,12.771901302403327,11.45680938386286,1.4774434068637823,False,False,98,0.12204916873724825,0.6745790719485507,0.14889807099968608,2,0.045104051032613675,0.994864007860301,0.010366849901386728,0.734,0.902,0.93,0.35,False,True
e3|kermany_resnet18_s42_std,kermany_resnet18_s42_std,kermany,resnet18,ok,False,0,4000,512,1153,0.7218789724053136,0.8145774232563223,2.109308588342337,11.550063558485018,0.7413434488073284,True,False,7,0.007364613184268568,0.9070452070815018,0.0085120953302147,3,0.00727802357269575,0.9362422873734726,0.008342126001024092,0.81,0.932,0.924,0.71,False,False
e3|kermany_resnet18_s42_std,kermany_resnet18_s42_std,kermany,resnet18,ok,False,1,4000,512,1137,0.7229289438801267,0.8141743623648218,2.123220241179963,11.566863102082028,0.7448659776579427,True,False,5,0.007062361824226159,0.9105365329808764,0.008056747494007577,3,0.007199398016437044,0.9211515426872083,0.008329860364284078,0.842,0.93,0.93,0.702,False,False
e3|dermamnist_regnet_y_3_2gf_s42_std,dermamnist_regnet_y_3_2gf_s42_std,dermamnist,regnet_y_3_2gf,ok,True,0,3514,1512,2838,0.696828934399551,0.9436204218266686,27.828174010857403,19.159628029928157,2.5992827995846564,True,False,512,0.0017766255031725455,0.8292993630573249,0.003292674026085192,2,0.00022476045225036957,0.8853503184713376,0.00019516045934321878,0.946,0.952,0.954,0.954,True,True
e3|dermamnist_regnet_y_3_2gf_s42_std,dermamnist_regnet_y_3_2gf_s42_std,dermamnist,regnet_y_3_2gf,ok,True,1,3493,1512,2840,0.6865411533279205,0.9430881950446393,27.38484472447573,18.876760816964875,2.5404269940436257,True,False,502,0.001587946024249209,0.8377693282636248,0.002912384975811777,2,0.0002257726332156698,0.8745247148288974,0.00019280501965688936,0.914,0.946,0.938,0.932,True,True
e3|camelyon_mobilenet_v3_large_s42,camelyon_mobilenet_v3_large_s42,camelyon,mobilenet_v3_large,ok,True,0,4000,960,15,0.32954990273075185,0.29743747928371983,6.318620262945927,7.220076621970645,0.5857567715569383,False,False,203,0.1579178585513671,0.23813977998814306,0.1195667887078619,2,0.07925098432624453,0.8617482379289901,0.02672822952449033,0.53,0.91,0.94,0.222,False,True
e3|camelyon_mobilenet_v3_large_s42,camelyon_mobilenet_v3_large_s42,camelyon,mobilenet_v3_large,ok,True,1,4000,960,15,0.36859849031023645,0.36302114574504407,4.164985435065656,8.075588312210636,0.5319187480894509,False,False,133,0.11656207406759525,0.30098149002042024,0.0799240120698985,2,0.09351903057622143,0.8096662181109846,0.05512833046376837,0.532,0.932,0.94,0.198,False,True
e3|breakhis_resnet50_s42_std_r0,breakhis_resnet50_s42_std_r0,breakhis,resnet50,ok,True,0,1831,2048,27,0.626173470236488,0.6468734537280115,8.68646909006875,20.037551047567614,1.3049723351529638,False,False,35,0.13555424795183996,0.8331501856977925,0.17205935063559405,4,0.10418817358952306,0.9925303584593342,0.12025210289013931,0.846,0.946,0.95,0.384,False,True
e3|breakhis_resnet50_s42_std_r0,breakhis_resnet50_s42_std_r0,breakhis,resnet50,ok,True,1,1830,2048,29,0.6446655245577221,0.6656158118623262,9.015348912491502,20.629296785847107,1.3687077221543187,False,False,34,0.12535775358762133,0.8425040292819593,0.16024623943012153,7,0.13114104595879555,0.987181611411529,0.17365120845168747,0.844,0.922,0.93,0.37,False,True
e3|breakhis_fm_uni_s42_std_r2,breakhis_fm_uni_s42_std_r2,breakhis,fm_uni,ok,True,0,1951,1024,29,0.19131997883826016,0.20284983746622584,47.76484220348903,4.329076941216017,0.9349739266655248,False,False,195,0.5201323567684129,0.18257987053664648,0.2546824232637731,161,0.7495605655330532,0.12800167049488412,0.2093719842190962,0.626,0.566,0.946,0.336,False,True
e3|breakhis_fm_uni_s42_std_r2,breakhis_fm_uni_s42_std_r2,breakhis,fm_uni,ok,True,1,1963,1024,28,0.1854242049797355,0.19691131516880248,51.84537575580961,4.195670807593452,0.9440748777090026,False,False,213,0.5401773506777608,0.16863208985256278,0.24166097245353546,654,0.939459127228027,0.037280033170327194,0.06868698472094073,0.608,0.432,0.944,0.364,False,True
e3|breakhis_fm_virchow2_s42_std_r3,breakhis_fm_virchow2_s42_std_r3,breakhis,fm_virchow2,ok,True,0,2086,2560,29,0.23402594800626644,0.25123113510074563,15.582491425573721,8.372766851853491,0.6532320183427343,False,False,177,0.4362023718566256,0.15220112664302107,0.20943763796652354,695,0.8812918242653477,0.0351090710990565,0.06468472459117518,0.618,0.454,0.96,0.372,False,True
e3|breakhis_fm_virchow2_s42_std_r3,breakhis_fm_virchow2_s42_std_r3,breakhis,fm_virchow2,ok,True,1,2056,2560,29,0.2285118241186975,0.24159435266682558,13.459266380675771,8.175487558270138,0.5927947839503096,False,False,149,0.29858525688756515,0.15204628293255706,0.18007630474171993,2,0.0432173881829277,0.5890310428337288,0.009068785933497515,0.586,0.894,0.94,0.39,False,True
e3|kermany_effb3_s42_std,kermany_effb3_s42_std,kermany,effb3,ok,False,0,4000,1536,1165,0.6854135846710956,0.8002984139399153,2.247266706069089,18.994738445572,0.7265491829840596,True,False,8,0.0074145477183004925,0.924367088607595,0.008493079903834978,3,0.0073713963332546,0.9246439873417721,0.008407335417577213,0.802,0.938,0.946,0.706,False,False
e3|kermany_effb3_s42_std,kermany_effb3_s42_std,kermany,effb3,ok,False,1,4000,1536,1151,0.6866825908557269,0.8010471966593153,2.29135724267367,19.02990617656241,0.7350001735446788,True,False,4,0.007646919882612413,0.9181015885467739,0.008901105727456539,3,0.007597259020488604,0.9190037262208276,0.00880252424256681,0.892,0.944,0.944,0.736,False,False
e3|breakhis_convnext_tiny_s43_std_r0,breakhis_convnext_tiny_s43_std_r0,breakhis,convnext_tiny,ok,True,0,1831,768,27,0.5604756735447539,0.5608648738245813,12.085523646499105,10.983035307418941,1.3777629632151758,False,False,107,0.1105705722924114,0.697430832788527,0.12614664591729194,3,0.07309174158244458,0.9832385138612622,0.06106340897908147,0.716,0.93,0.946,0.348,False,True
e3|breakhis_convnext_tiny_s43_std_r0,breakhis_convnext_tiny_s43_std_r0,breakhis,convnext_tiny,ok,True,1,1830,768,29,0.5762045175227875,0.5739510307463188,12.96157985401891,11.291256443339181,1.4668666371334547,False,False,119,0.11297825432960204,0.7580020786576089,0.137062381277653,5,0.12573001262621447,0.9929506394131558,0.16434929316098307,0.766,0.93,0.926,0.368,False,True
e3|kermany_convnext_tiny_s43_std,kermany_convnext_tiny_s43_std,kermany,convnext_tiny,ok,False,0,4000,768,1164,0.612586702512001,0.7533666712284772,3.024504550702733,12.004198754948131,0.7533203310875911,True,False,23,0.007614748024657213,0.866466853334385,0.008866959500835563,3,0.007476609405887005,0.92881650037465,0.008597692094415382,0.766,0.94,0.956,0.73,False,False
e3|kermany_convnext_tiny_s43_std,kermany_convnext_tiny_s43_std,kermany,convnext_tiny,ok,False,1,4000,768,1170,0.6161451682142517,0.7570799462988828,3.0396561164335707,12.073930156849801,0.7595918145561469,True,False,21,0.007045734449395386,0.8268994448917327,0.00816884578082287,3,0.006913275534010458,0.90821644984957,0.007911791062850615,0.758,0.942,0.936,0.706,False,False
e3|breakhis_fm_dinov2_vitb14_s42_std_r2,breakhis_fm_dinov2_vitb14_s42_std_r2,breakhis,fm_dinov2_vitb14,ok,True,0,1951,768,29,0.16153389889412745,0.17061892617554947,18.434770337016527,3.165405027623521,0.4904192891937506,False,False,335,0.10368766462788517,0.1212413865107538,0.07145776703549143,2,0.04228085788832629,0.5449989559406975,0.004011181128271798,0.488,0.846,0.934,0.34,False,True
e3|breakhis_fm_dinov2_vitb14_s42_std_r2,breakhis_fm_dinov2_vitb14_s42_std_r2,breakhis,fm_dinov2_vitb14,ok,True,1,1963,768,28,0.1608823906924531,0.16980670353600016,15.972609565202392,3.152638126364798,0.45465445538376537,False,False,334,0.10244944730198936,0.1450104267021134,0.07384923326465069,2,0.04475054640986643,0.5500664626041146,0.004352934821582495,0.528,0.838,0.932,0.364,False,True
e3|camelyon_uni_s42,camelyon_uni_s42,camelyon,uni,ok,True,0,4000,1024,15,0.22720469918567532,0.24091121022063647,34.75581964354999,5.141055472372502,0.947144145387762,False,False,306,0.3290872922755296,0.23226966038375035,0.2299980110677972,2,0.11956823239423302,0.9994993742177722,0.10769525893286734,0.578,0.94,0.928,0.214,False,True
e3|camelyon_uni_s42,camelyon_uni_s42,camelyon,uni,ok,True,1,4000,1024,15,0.24416310917759718,0.26143688672411763,32.48480685103722,5.524780486882251,0.9840228724862414,False,False,240,0.45192708236186496,0.27360328229836167,0.30608169866520146,2,0.11955630499272764,1.0,0.10767892093786657,0.63,0.932,0.94,0.168,False,True
e3|breakhis_fm_virchow2_s42_std_r2,breakhis_fm_virchow2_s42_std_r2,breakhis,fm_virchow2,ok,True,0,1951,2560,29,0.24084735230682508,0.2591591308047937,13.80528651259938,8.616816831342428,0.6327754053620808,False,False,164,0.3523013737430959,0.1623251200668198,0.20196904508638627,2,0.04859821124011816,0.6340441637084987,0.01669929282296209,0.556,0.876,0.942,0.356,False,True
e3|breakhis_fm_virchow2_s42_std_r2,breakhis_fm_virchow2_s42_std_r2,breakhis,fm_virchow2,ok,True,1,1963,2560,28,0.21151902448666346,0.22410521217832857,15.204420622033734,7.567534676585953,0.5832024971168677,False,False,172,0.37310558221773177,0.14410799868294288,0.1886599444231688,2,0.04717487694360436,0.6031999609760856,0.00924935971211157,0.572,0.866,0.946,0.376,False,True
e3|isic2019_resnet18_s42_std,isic2019_resnet18_s42_std,isic2019,resnet18,ok,True,0,4000,512,3050,0.6927167546134112,0.9294064358253343,12.767447713056207,11.08346807381458,1.7502203862106092,True,False,333,0.0013393220299589778,0.5902688860435339,0.0022837565893024676,2,0.00031241491968418185,0.881562099871959,0.00023424067175777894,0.908,0.974,0.952,0.94,True,True
e3|isic2019_resnet18_s42_std,isic2019_resnet18_s42_std,isic2019,resnet18,ok,True,1,4000,512,3037,0.6872444161267443,0.9277413572494734,12.504924608725146,10.995910658027908,1.7184494479744334,True,False,342,0.0012261801210342476,0.6244486452425961,0.0020522955521517757,2,0.0003196759881765815,0.8771266540642723,0.00024251061921822502,0.926,0.964,0.958,0.938,True,True
e3|isic2019_resnet50_s43_std,isic2019_resnet50_s43_std,isic2019,resnet50,ok,True,0,4000,2048,3019,0.7485227858218515,0.9395556552099253,9.780806789054228,23.952729146299248,1.6553024863225851,True,False,177,0.0013842453108690094,0.5903614457831325,0.002348854406414351,2,0.0003465887495248955,0.8789156626506024,0.00027807949798881797,0.922,0.942,0.946,0.918,True,True
e3|isic2019_resnet50_s43_std,isic2019_resnet50_s43_std,isic2019,resnet50,ok,True,1,4000,2048,3031,0.7549501882249617,0.9422348318538444,9.657191508747708,24.158406023198776,1.6589325243270971,True,False,189,0.001106821986130564,0.6307592472420506,0.0018257973901557244,2,0.00032127584237658823,0.8896820246593121,0.0002572115812356914,0.908,0.924,0.946,0.926,True,True
e3|breakhis_regnet_y_3_2gf_s42_std_r2,breakhis_regnet_y_3_2gf_s42_std_r2,breakhis,regnet_y_3_2gf,ok,True,0,1951,1512,29,0.4016241910255909,0.43384250912398875,22.031595341905938,11.042839537801045,1.3329929087439094,False,False,115,0.3862946919418723,0.38057266652745875,0.3577340985523438,2,0.06379709525260749,0.9152223846314471,0.04754786330143034,0.738,0.942,0.93,0.348,False,True
e3|breakhis_regnet_y_3_2gf_s42_std_r2,breakhis_regnet_y_3_2gf_s42_std_r2,breakhis,regnet_y_3_2gf,ok,True,1,1963,1512,28,0.3647593617336628,0.38976719728798376,23.55507677457481,10.029224313529731,1.2517964376685173,False,False,182,0.2653764220640892,0.4998109779149035,0.308197223415745,2,0.07683580691908963,0.9886220899745125,0.06902070593427517,0.774,0.932,0.95,0.366,False,True
e3|breakhis_regnet_y_3_2gf_s42_std_r3,breakhis_regnet_y_3_2gf_s42_std_r3,breakhis,regnet_y_3_2gf,ok,True,0,2086,1512,29,0.4189743427695269,0.44905135271203156,20.863254923953747,11.519889839914386,1.3532045919999434,False,False,137,0.35430082533779406,0.5388761388135476,0.39873410715970525,7,0.17247761591297253,0.811182975172126,0.2343730407367904,0.794,0.884,0.934,0.358,False,True
e3|breakhis_regnet_y_3_2gf_s42_std_r3,breakhis_regnet_y_3_2gf_s42_std_r3,breakhis,regnet_y_3_2gf,ok,True,1,2056,1512,29,0.3666941690897768,0.40111235125934785,19.73062470528736,10.08242272051703,1.1517531914346806,False,False,106,0.37718345262440356,0.43314415714670124,0.37747517990560736,2,0.07024000876744356,0.9407030504660094,0.06325044884042381,0.746,0.95,0.932,0.332,False,True
e3|breakhis_efficientnet_v2_s_s42_std_r1,breakhis_efficientnet_v2_s_s42_std_r1,breakhis,efficientnet_v2_s,ok,True,0,1938,1280,30,0.6009886295926895,0.635498036136861,10.563864879498398,15.203943339009369,1.3812194215509037,False,False,15,0.1623573063351559,0.9165329052969502,0.22234636649648382,5,0.14898434508202038,0.9367023656027156,0.201268322199591,0.872,0.938,0.928,0.34,False,True
e3|breakhis_efficientnet_v2_s_s42_std_r1,breakhis_efficientnet_v2_s_s42_std_r1,breakhis,efficientnet_v2_s,ok,True,1,1959,1280,26,0.5735507535502249,0.6016913179066281,10.23031900068046,14.509813879396928,1.297183586656037,False,False,18,0.13509440668177172,0.9266107603422638,0.17414298804383885,5,0.12663716551334978,0.9874942102825383,0.16085257736111924,0.868,0.932,0.932,0.388,False,True
e3|breakhis_effb3_s42_std_r3,breakhis_effb3_s42_std_r3,breakhis,effb3,ok,True,0,2086,1536,29,0.5381012934827476,0.5805435999269661,14.844643480986592,14.912300478890407,1.4659998438350978,False,False,45,0.26943436082315614,0.7510489834712659,0.35917153346981695,7,0.21330082993234545,0.9026357883023854,0.30014477857063,0.846,0.936,0.94,0.32,False,True
e3|breakhis_effb3_s42_std_r3,breakhis_effb3_s42_std_r3,breakhis,effb3,ok,True,1,2056,1536,29,0.535071371304486,0.5827635177637331,13.30988093580601,14.828332812398745,1.3803327820247324,False,False,29,0.11956997441059412,0.8521367939528853,0.15216395611639735,5,0.09933577860424521,0.9967342645368037,0.11862848474301779,0.816,0.912,0.956,0.394,False,True
e3|breakhis_convnext_tiny_s42_std_r4,breakhis_convnext_tiny_s42_std_r4,breakhis,convnext_tiny,ok,True,0,2132,768,33,0.5926706031275651,0.5931415140291094,12.776315141284183,11.613924505680723,1.4979633797549858,False,False,41,0.1271453146950618,0.850909492598866,0.16939853975835872,4,0.08846341891007528,0.9971401919630802,0.10343859478095216,0.854,0.922,0.932,0.362,False,True
e3|breakhis_convnext_tiny_s42_std_r4,breakhis_convnext_tiny_s42_std_r4,breakhis,convnext_tiny,ok,True,1,2114,768,28,0.6078009042505818,0.6032390620957826,12.571505972104765,11.910416644929123,1.5238422022928906,False,False,43,0.1425314313021416,0.8292059309544013,0.18765477779912818,5,0.10245943487573722,0.9746996561118306,0.12168425015725164,0.83,0.886,0.922,0.342,False,True
e3|breakhis_resnet18_s43_std_r4,breakhis_resnet18_s43_std_r4,breakhis,resnet18,ok,True,0,2132,512,33,0.5410519926573409,0.5645976028899967,10.792055915983068,8.656831882517455,1.2568287204733015,False,False,79,0.09292413512926656,0.6513243488720328,0.1065579835795909,2,0.06263919929885085,0.9903772982792056,0.05400530208587708,0.716,0.958,0.926,0.38,False,True
e3|breakhis_resnet18_s43_std_r4,breakhis_resnet18_s43_std_r4,breakhis,resnet18,ok,True,1,2114,512,28,0.5436308146739939,0.5634033446593069,11.741077019632634,8.698093034783902,1.3171736575112871,False,False,88,0.2020064901683588,0.5615872448751731,0.25307491962883005,4,0.08747525118506773,0.9510740922692154,0.09364535966045916,0.788,0.88,0.942,0.362,False,True
e3|camelyon_dinov2_vitb14_s42,camelyon_dinov2_vitb14_s42,camelyon,dinov2_vitb14,ok,True,0,4000,768,15,0.1165078722119407,0.1184162946398158,11.898921757120842,2.283078703493136,0.284180371295932,False,False,757,0.09376958134489943,0.25967609888300225,0.044512809502192656,2,0.07468603064899121,0.57206658699314,0.01654334576738342,0.402,0.878,0.944,0.214,False,True
e3|camelyon_dinov2_vitb14_s42,camelyon_dinov2_vitb14_s42,camelyon,dinov2_vitb14,ok,True,1,4000,768,15,0.13591277360962484,0.1356781979534788,12.671497297358206,2.663335558959906,0.3421048609874555,False,False,730,0.1429525189652052,0.22446102741208465,0.1017538241124089,2,0.07332384595954929,0.5600045169243509,0.01380740915040111,0.51,0.85,0.944,0.216,False,True
e3|isic2019_resnet18_s43_std,isic2019_resnet18_s43_std,isic2019,resnet18,ok,False,0,4000,512,3075,0.6887689286038625,0.9297793810783307,13.013188528989208,11.0203028576618,1.7569136225298938,True,False,389,0.0011046695631401718,0.5904082955281919,0.0018207884659922691,2,0.0003091659708692829,0.8639014906027219,0.0002324919840105943,0.888,0.93,0.95,0.924,False,False
e3|isic2019_resnet18_s43_std,isic2019_resnet18_s43_std,isic2019,resnet18,ok,False,1,4000,512,3057,0.6872395842404326,0.9281125162544948,13.125597118911088,10.995833347846922,1.7605675929786582,True,False,381,0.001188689855891344,0.5736334405144694,0.0019851907006977827,2,0.00031092244148692063,0.8713826366559485,0.00023300513482842327,0.896,0.946,0.94,0.916,False,False
e3|isic2019_fm_dinov2_vitb14_s42_std,isic2019_fm_dinov2_vitb14_s42_std,isic2019,fm_dinov2_vitb14,ok,True,0,4000,768,3082,0.5433974465608726,0.8981570996614296,18.206648708423298,10.64837177284342,1.639523333403271,True,False,418,0.0015540388221920581,0.44689655172413795,0.0027369618776556448,2,0.00024328826285077018,0.7558620689655172,0.00012399092720457742,0.928,0.952,0.944,0.934,True,True
e3|isic2019_fm_dinov2_vitb14_s42_std,isic2019_fm_dinov2_vitb14_s42_std,isic2019,fm_dinov2_vitb14,ok,True,1,4000,768,3037,0.5318188996308848,0.890382625627504,18.352331043586798,10.42147951731271,1.6109957197290172,True,False,413,0.0016196947995304608,0.47655259822560203,0.002836270294788308,2,0.00032480094716147174,0.8250950570342205,0.0002550034858654734,0.928,0.95,0.96,0.944,True,True
e3|breakhis_densenet121_s42_std_r3,breakhis_densenet121_s42_std_r3,breakhis,densenet121,ok,True,0,2086,1024,29,0.4537349343219642,0.5688302389316333,14.776898123990545,10.266849565449398,1.2333287626358855,False,False,66,0.1623810189854315,0.767021350580708,0.21673088733215798,10,0.16055261118210193,0.8883672948976516,0.2195060940269182,0.826,0.904,0.95,0.36,False,True
e3|breakhis_densenet121_s42_std_r3,breakhis_densenet121_s42_std_r3,breakhis,densenet121,ok,True,1,2056,1024,29,0.43078333972042493,0.558068935438134,12.478700484001015,9.747514263632022,1.0760404104376267,False,False,78,0.09593787474436526,0.7074781672741506,0.10817698140497953,5,0.10518565322624863,0.9854937743095477,0.12917972591273075,0.778,0.93,0.952,0.34,False,True
e3|breakhis_fm_uni_s42_std_r4,breakhis_fm_uni_s42_std_r4,breakhis,fm_uni,ok,True,0,2132,1024,33,0.1949094256214173,0.20838592420695198,51.797940425738446,4.410296850370535,0.9919141592851402,False,False,247,0.5185797179418207,0.16563566291086726,0.2378420659733129,710,0.9221711659965537,0.039411345950855485,0.07286632479564586,0.644,0.472,0.936,0.374,False,True
e3|breakhis_fm_uni_s42_std_r4,breakhis_fm_uni_s42_std_r4,breakhis,fm_uni,ok,True,1,2114,1024,28,0.18476404227726972,0.19507426131909267,53.23869008574785,4.180733030838252,0.9532704659951523,False,False,205,0.6495870296726828,0.1896744227591443,0.28057515314295417,140,0.7216920587086333,0.14438837032736368,0.23034233128241982,0.68,0.64,0.952,0.382,False,True
e3|breakhis_densenet121_s43_std_r4,breakhis_densenet121_s43_std_r4,breakhis,densenet121,ok,True,0,2132,1024,33,0.45004749672861427,0.5604286458016865,14.619056481875194,10.18341237737068,1.2167546778586704,False,False,62,0.14474707259953162,0.7586101087463485,0.19459198016586168,7,0.09416713706513516,0.9869160713847362,0.1139052608551569,0.814,0.878,0.926,0.362,False,True
e3|breakhis_densenet121_s43_std_r4,breakhis_densenet121_s43_std_r4,breakhis,densenet121,ok,True,1,2114,1024,28,0.4427906906610422,0.5512186148049663,14.726549320717494,10.019209600406331,1.201528237829773,False,False,78,0.14887329051640102,0.6462417935777768,0.1891414400723883,5,0.13790364013472114,0.9710039748113081,0.18421649903020085,0.802,0.95,0.95,0.396,False,True
e3|camelyon_resnet18_s42,camelyon_resnet18_s42,camelyon,resnet18,ok,True,0,4000,512,15,0.4460097085643689,0.4605967168794427,1.4147391887708005,7.136155337029902,0.3751176564119717,False,False,70,0.10914131617261835,0.27680465243208147,0.0677137335871371,2,0.07983657682100943,0.8669144701553634,0.02794564752423222,0.516,0.922,0.948,0.248,False,True
e3|camelyon_resnet18_s42,camelyon_resnet18_s42,camelyon,resnet18,ok,True,1,4000,512,15,0.5034147238844409,0.5577255497136852,1.3489818093498729,8.054635582151054,0.413441399914796,False,False,29,0.10090370659264188,0.5960025219494293,0.06651697765560839,2,0.09378769284942831,0.8060507965784298,0.05562695334834002,0.564,0.936,0.942,0.2,False,True
e3|breakhis_resnet50_s42_std_r3,breakhis_resnet50_s42_std_r3,breakhis,resnet50,ok,True,0,2086,2048,29,0.6259142103496398,0.6422803513677469,9.53641093760583,20.029254731188473,1.3667601014481574,False,False,48,0.20465464217438284,0.713482625124603,0.27326370555796997,3,0.08211871147345397,0.9573567934719615,0.08434992711151419,0.848,0.918,0.944,0.404,False,True
e3|breakhis_resnet50_s42_std_r3,breakhis_resnet50_s42_std_r3,breakhis,resnet50,ok,True,1,2056,2048,29,0.5927558268431117,0.6159420521212536,7.9620988572311076,18.968186458979574,1.182700054241627,False,False,47,0.09912176473627111,0.7040411947454683,0.11363779384110613,4,0.09065797984860229,0.9514053670588811,0.10208747216252625,0.748,0.934,0.944,0.348,False,True
e3|dermamnist_efficientnet_v2_s_s42_std,dermamnist_efficientnet_v2_s_s42_std,dermamnist,efficientnet_v2_s,ok,False,0,3514,1280,2838,0.8272946625193388,0.9684643168737764,8.844097913448348,20.929083437291553,1.7396905146786459,True,False,78,0.00029965266451070007,0.9630573248407643,0.00034492520019661373,6,0.0002606266089449182,0.9974522292993631,0.00026689082621266446,0.824,0.876,0.968,0.954,False,False
e3|dermamnist_efficientnet_v2_s_s42_std,dermamnist_efficientnet_v2_s_s42_std,dermamnist,efficientnet_v2_s,ok,False,1,3493,1280,2840,0.8239560913782542,0.968769739440784,8.609052784449066,20.844623525800873,1.7094907541115196,True,False,51,0.00029172842162223327,0.9607097591888466,0.00032470190049449765,6,0.000274466654226979,0.9936628643852978,0.00029018787942654593,0.83,0.888,0.956,0.95,False,False
e3|kermany_efficientnet_v2_s_s42_std,kermany_efficientnet_v2_s_s42_std,kermany,efficientnet_v2_s,ok,False,0,4000,1280,1174,0.6715233072399265,0.7791227778861233,2.0379363255688676,16.988345222137653,0.6778621709983031,True,False,11,0.007711514989133994,0.8133683962634429,0.009023874135129041,3,0.0075999107312072845,0.9396341942067666,0.008813595162943274,0.794,0.942,0.96,0.72,False,False
e3|kermany_efficientnet_v2_s_s42_std,kermany_efficientnet_v2_s_s42_std,kermany,efficientnet_v2_s,ok,False,1,4000,1280,1137,0.6731493430821607,0.7760866704808695,2.020199351673069,17.029481036685894,0.6765400982857332,True,False,8,0.006710127472980251,0.8215911463771142,0.0074163441800666275,3,0.007011486119041134,0.9062017122572562,0.0080211924049481,0.836,0.946,0.964,0.736,False,False
e3|breakhis_densenet121_s43_std_r2,breakhis_densenet121_s43_std_r2,breakhis,densenet121,ok,True,0,1951,1024,29,0.4431015972766048,0.5616442585687369,14.844779666136052,10.026244614044094,1.2071887949997995,False,False,69,0.12219568292104804,0.6122494257673836,0.14640357538139875,7,0.14352733206418275,0.9642540196283149,0.19329304274753625,0.79,0.93,0.93,0.38,False,True
e3|breakhis_densenet121_s43_std_r2,breakhis_densenet121_s43_std_r2,breakhis,densenet121,ok,True,1,1963,1024,28,0.42454661149460116,0.5361469926827471,15.547476142040944,9.606393213363301,1.1836964104422778,False,False,96,0.17160076826279885,0.6635406885281887,0.21989603720561654,2,0.0784741815899493,0.9941342178753918,0.07223345693674683,0.768,0.952,0.952,0.35,False,True
e3|breakhis_efficientnet_v2_s_s42_std_r0,breakhis_efficientnet_v2_s_s42_std_r0,breakhis,efficientnet_v2_s,ok,True,0,1831,1280,27,0.6223726292691916,0.6492427970724955,7.883157856843452,15.744920494705772,1.2356219047711476,False,False,8,0.13372426880236082,0.9782587528341518,0.17283430799926885,5,0.12747875859558722,0.9938239835306227,0.16224881110936085,0.862,0.906,0.94,0.364,False,True
e3|breakhis_efficientnet_v2_s_s42_std_r0,breakhis_efficientnet_v2_s_s42_std_r0,breakhis,efficientnet_v2_s,ok,True,1,1830,1280,29,0.6420352669565974,0.6698674275376504,8.514613347977738,16.242350253896717,1.3247268910691044,False,False,11,0.12898122344377055,0.9885523204145265,0.16993307561037274,5,0.12646408434669518,0.9871966741478257,0.16551699073503534,0.858,0.918,0.924,0.398,False,True
e3|dermamnist_resnet50_s43_std,dermamnist_resnet50_s43_std,dermamnist,resnet50,ok,False,0,3514,2048,2838,0.8190573034942445,0.967024914714258,9.097253727179098,26.209833711815826,1.74684528991833,True,False,123,0.000529514527077885,0.7707006369426752,0.0008043204866539308,4,0.0002544585853934231,0.9910828025477707,0.00025455602138142616,0.906,0.91,0.952,0.946,True,True
e3|dermamnist_resnet50_s43_std,dermamnist_resnet50_s43_std,dermamnist,resnet50,ok,False,1,3493,2048,2840,0.8125743070719487,0.9667151655152575,8.862072174827821,26.002377826302357,1.7104710563726846,True,False,111,0.0005027459544024901,0.7820025348542459,0.0007464647929797232,4,0.00026753250741771414,0.9936628643852978,0.00027632175641775883,0.892,0.926,0.944,0.93,False,False
e3|isic2019_densenet121_s42_std,isic2019_densenet121_s42_std,isic2019,densenet121,ok,True,0,4000,1024,3059,0.5850880122838462,0.9179364755133704,18.332895342236913,13.239030434459703,1.7714207671941258,True,False,548,0.0007342838799844152,0.6037613488975356,0.001082072606593122,2,0.00033223411571763626,0.9163424124513618,0.00027887825516134733,0.914,0.94,0.96,0.956,True,True
e3|isic2019_densenet121_s42_std,isic2019_densenet121_s42_std,isic2019,densenet121,ok,True,1,4000,1024,3044,0.5797328804599996,0.913488395618373,18.342472421614765,13.117857633602428,1.7556658932404845,True,False,534,0.0006433893928286155,0.550561797752809,0.0008854985682265947,2,0.0003387371427980393,0.8995006242197253,0.00027688078529226185,0.906,0.948,0.95,0.93,True,True
e3|breakhis_fm_virchow2_s42_std_r1,breakhis_fm_virchow2_s42_std_r1,breakhis,fm_virchow2,ok,True,0,1938,2560,30,0.21887493793022855,0.23057604271748536,17.282608155587997,7.830707836528611,0.6434068492827756,False,False,192,0.42152356936592505,0.1363576559745283,0.1900243585887504,646,0.7988892136802105,0.03595768755098282,0.06555832869442783,0.556,0.424,0.93,0.338,False,True
e3|breakhis_fm_virchow2_s42_std_r1,breakhis_fm_virchow2_s42_std_r1,breakhis,fm_virchow2,ok,True,1,1959,2560,26,0.22529094904157526,0.2440903764534956,13.032669488481424,8.060254028358454,0.575102740951975,False,False,144,0.2967363332451478,0.15038638746008143,0.175895646071381,2,0.051110917248010916,0.6355647107579044,0.01675216958089575,0.548,0.872,0.938,0.366,False,True
e3|camelyon_conch_v1_5_s42,camelyon_conch_v1_5_s42,camelyon,conch_v1_5,ok,True,0,4000,768,15,0.24243222836310493,0.2586396645818541,12.716127811532079,4.750682053563956,0.6112977506974776,False,False,234,0.1511407450619366,0.37448690562451187,0.13332091911206945,5,0.14306571308113025,0.5600948554113695,0.13653067855054318,0.588,0.778,0.948,0.188,False,True
e3|camelyon_conch_v1_5_s42,camelyon_conch_v1_5_s42,camelyon,conch_v1_5,ok,True,1,4000,768,15,0.3091415112089398,0.3332961117065101,11.118801161937492,6.05791168619831,0.7289056383470267,False,False,176,0.18670203374050948,0.4378160670763266,0.18594791379634934,3,0.11888069189823945,0.725540384126775,0.10174201463108741,0.622,0.816,0.95,0.21,False,True
e3|camelyon_effb3_s42,camelyon_effb3_s42,camelyon,effb3,ok,True,0,4000,1536,15,0.5018248165062208,0.4299701937398395,2.097610151314213,13.906977259003254,0.5139247398230063,False,False,54,0.11466020951547375,0.26085238126605625,0.07381494177793455,2,0.07966372883980816,0.8674376805593458,0.027592586667950326,0.472,0.916,0.944,0.214,False,True
e3|camelyon_effb3_s42,camelyon_effb3_s42,camelyon,effb3,ok,True,1,4000,1536,15,0.5689808888107492,0.5289090759149305,1.550336735189003,15.76806092729465,0.5009515219747076,False,False,26,0.0947516070413845,0.5265905690383657,0.0540903680671343,2,0.09361642500942882,0.8072534276868643,0.055300343055299246,0.502,0.916,0.94,0.206,False,True
e3|breakhis_fm_dinov2_vitl14_s42_std_r0,breakhis_fm_dinov2_vitl14_s42_std_r0,breakhis,fm_dinov2_vitl14,ok,True,0,1831,1024,27,0.1552202117035252,0.1619080512052638,14.511588245891884,3.512232456728774,0.41811018524251,False,False,313,0.0976985164885509,0.1631497683993824,0.07242254332739115,2,0.04286275542983393,0.6449625126928267,0.0,0.5,0.82,0.934,0.358,False,True
e3|breakhis_fm_dinov2_vitl14_s42_std_r0,breakhis_fm_dinov2_vitl14_s42_std_r0,breakhis,fm_dinov2_vitl14,ok,True,1,1830,1024,29,0.15345343939617836,0.16104940413191696,15.829623006372751,3.472254962989972,0.43171477777550843,False,False,306,0.09171052845992146,0.16954615975538118,0.07121154145918482,2,0.0402754831619132,0.5944960761571947,0.0012253305435627644,0.508,0.832,0.948,0.388,False,True
e3|breakhis_resnet18_s42_std_r0,breakhis_resnet18_s42_std_r0,breakhis,resnet18,ok,True,0,1831,512,27,0.520777643930274,0.5455567571660147,10.988342104617903,8.332442302884385,1.2206844736279714,False,False,85,0.15249388555522098,0.5776105493038072,0.18602013294043435,3,0.09465336580786887,0.9481715374664422,0.102056040104094,0.768,0.94,0.938,0.378,False,True
e3|breakhis_resnet18_s42_std_r0,breakhis_resnet18_s42_std_r0,breakhis,resnet18,ok,True,1,1830,512,29,0.5222779138654086,0.5404536503031111,12.091245359879217,8.356446621846537,1.2841689946315666,False,False,87,0.10123409450395153,0.5408275467321394,0.11114233185929438,2,0.07485001119189637,0.9721188751148534,0.07052542808090237,0.692,0.938,0.924,0.346,False,True
e3|breakhis_fm_dinov2_vitb14_s42_std_r1,breakhis_fm_dinov2_vitb14_s42_std_r1,breakhis,fm_dinov2_vitb14,ok,True,0,1938,768,30,0.16437302209119214,0.17451170835082272,18.903326491747645,3.221040252821183,0.5053411447639212,False,False,323,0.11393599127153703,0.1318974817777544,0.08238753812802058,2,0.042093860628655416,0.5301818277504408,0.003204118411837902,0.532,0.82,0.936,0.382,False,True
e3|breakhis_fm_dinov2_vitb14_s42_std_r1,breakhis_fm_dinov2_vitb14_s42_std_r1,breakhis,fm_dinov2_vitb14,ok,True,1,1959,768,26,0.16157947157862465,0.17064599362575608,15.830625185676965,3.166298066209337,0.45459035686711785,False,False,317,0.0943421643466547,0.12804417249701372,0.062455313816204755,2,0.046381751361689996,0.553326345042783,0.007220278810293173,0.466,0.832,0.904,0.318,False,True
e3|isic2019_convnext_tiny_s43_std,isic2019_convnext_tiny_s43_std,isic2019,convnext_tiny,ok,True,0,4000,768,3032,0.6488832783098487,0.9102339610266998,19.659946180461016,12.715463475867972,2.034429979588438,True,False,722,0.0014728132455578747,0.6321626617375231,0.002534898012215995,2,0.00038819409704852424,0.9562538508934073,0.00037053669361681007,0.904,0.946,0.944,0.932,True,True
e3|isic2019_convnext_tiny_s43_std,isic2019_convnext_tiny_s43_std,isic2019,convnext_tiny,ok,True,1,4000,768,3042,0.651588629643304,0.9116074395314298,19.530623775192883,12.768477318603361,2.0361818240965492,True,False,725,0.0014578623325518037,0.6662412252712189,0.002519351087051791,2,0.0003724976718895507,0.9508615188257817,0.00035314741724828166,0.908,0.962,0.946,0.934,True,True
e3|dermamnist_fm_dinov2_vitb14_s42_std,dermamnist_fm_dinov2_vitb14_s42_std,dermamnist,fm_dinov2_vitb14,ok,True,0,3514,768,2838,0.5825539276944488,0.9225026552562895,18.232773190927183,11.415678964044844,1.7589257288817906,True,False,480,0.0007133360348563449,0.5426751592356688,0.0011710700530687805,2,0.0002013022193014908,0.8089171974522293,0.00014824471328121752,0.904,0.95,0.938,0.928,True,True
e3|dermamnist_fm_dinov2_vitb14_s42_std,dermamnist_fm_dinov2_vitb14_s42_std,dermamnist,fm_dinov2_vitb14,ok,True,1,3493,768,2840,0.5605637678476527,0.9202998441502085,18.317768563455846,10.984761596149728,1.6964704902745071,True,False,472,0.0007334175478550008,0.47021546261089986,0.0012065250401214064,2,0.00018619146605785807,0.7553865652724968,0.00011364396736731507,0.9,0.938,0.936,0.924,True,True
e3|camelyon_virchow2_s42,camelyon_virchow2_s42,camelyon,virchow2,ok,True,0,4000,2560,15,0.2173697146081155,0.2430050015335976,9.434480172478734,7.776855329815605,0.4721098106908683,False,False,169,0.20580177680459327,0.23172574740982618,0.15880078229158984,2,0.08051029670567168,0.6134660807212022,0.028199551990222227,0.564,0.926,0.95,0.236,False,True
e3|camelyon_virchow2_s42,camelyon_virchow2_s42,camelyon,virchow2,ok,True,1,4000,2560,15,0.22901941627069805,0.24777874991993198,10.854806517031898,8.193647727177636,0.5335416762861657,False,False,136,0.20829504468285512,0.2730292564954313,0.1740593371102345,2,0.07711089315108206,0.6047314782575964,0.021469776259393596,0.558,0.864,0.942,0.224,False,True
e3|breakhis_densenet121_s42_std_r0,breakhis_densenet121_s42_std_r0,breakhis,densenet121,ok,True,0,1831,1024,27,0.41372001052704305,0.5421800459565516,13.678761246560727,9.361415198599744,1.081969239436086,False,False,69,0.135385629853954,0.6168783296935638,0.16314589752915454,4,0.11512718423296278,0.9673255344897136,0.13979269754046186,0.774,0.936,0.946,0.422,False,True
e3|breakhis_densenet121_s42_std_r0,breakhis_densenet121_s42_std_r0,breakhis,densenet121,ok,True,1,1830,1024,29,0.424593357932887,0.5569320071206865,13.45535283562775,9.607450964515564,1.1013002645203578,False,False,76,0.10645640722489608,0.6700055732124298,0.12373034869100555,7,0.13114033052415378,0.9790477338113242,0.1734682437141849,0.732,0.904,0.944,0.38,False,True
e3|breakhis_efficientnet_v2_s_s42_std_r3,breakhis_efficientnet_v2_s_s42_std_r3,breakhis,efficientnet_v2_s,ok,False,0,2086,1280,29,0.6665619907999386,0.6911271749117368,7.6286884339597245,16.862832740992054,1.3018186427123877,False,False,11,0.14565551132287272,0.8918677701277326,0.1955459978439496,5,0.1441776619912908,0.9724714282402578,0.19553520696608118,0.916,0.964,0.962,0.376,True,False
e3|breakhis_efficientnet_v2_s_s42_std_r3,breakhis_efficientnet_v2_s_s42_std_r3,breakhis,efficientnet_v2_s,ok,False,1,2056,1280,29,0.6445388457753954,0.6774173272694133,6.600017053401143,16.305686344849963,1.170864471450244,False,False,9,0.11143821963876083,0.9792191589813841,0.14036452998482926,5,0.09977672153811333,0.9975048313314905,0.11944851222001146,0.874,0.926,0.932,0.342,False,True
e3|breakhis_effb3_s42_std_r0,breakhis_effb3_s42_std_r0,breakhis,effb3,ok,True,0,1831,1536,27,0.5084793432137605,0.5519122426760683,14.41936076722192,14.091392912727779,1.3653101556170122,False,False,51,0.19465746217495974,0.6793339917374914,0.2527596313938909,4,0.10759626544940872,0.9980526074195657,0.12658820229860773,0.814,0.924,0.938,0.366,False,True
e3|breakhis_effb3_s42_std_r0,breakhis_effb3_s42_std_r0,breakhis,effb3,ok,True,1,1830,1536,29,0.5266718633764146,0.5747145817285335,13.961830227011514,14.595558820558788,1.391541926724855,False,False,34,0.16048781513193852,0.690008887014415,0.2095262665031883,5,0.1013021980636654,0.9940200936902198,0.12054367046200878,0.838,0.91,0.942,0.356,False,True
e3|breakhis_convnext_tiny_s43_std_r1,breakhis_convnext_tiny_s43_std_r1,breakhis,convnext_tiny,ok,True,0,1938,768,30,0.5975882554735327,0.6038493746206754,9.804276454400942,11.710290417520893,1.323106582664982,False,False,96,0.1391998109143881,0.7593611030708102,0.17908626241635203,2,0.05474110457050729,0.9988685103807594,0.02925968251257231,0.796,0.932,0.956,0.372,False,True
e3|breakhis_convnext_tiny_s43_std_r1,breakhis_convnext_tiny_s43_std_r1,breakhis,convnext_tiny,ok,True,1,1959,768,26,0.5956654871422874,0.6024604399479099,8.832788837765438,11.672612007079824,1.2518040836934652,False,False,71,0.10859943292478554,0.7306257770410277,0.12383145084380597,3,0.10285527169062647,0.9762926306038371,0.11782226360493225,0.756,0.96,0.924,0.316,False,True
e3|camelyon_convnext_tiny_s42,camelyon_convnext_tiny_s42,camelyon,convnext_tiny,ok,True,0,4000,768,15,0.37080309704286485,0.44333180572998554,1.7431036379874556,7.266227062389862,0.34617042370782647,False,False,617,0.10609782153969904,0.22242652940235444,0.05901839847067466,2,0.07850252344324327,0.8708329020297929,0.02521528950902255,0.438,0.902,0.938,0.206,False,True
e3|camelyon_convnext_tiny_s42,camelyon_convnext_tiny_s42,camelyon,convnext_tiny,ok,True,1,4000,768,15,0.40975668033890106,0.4736150142945046,1.5262680436266935,8.029558284216188,0.3579533658568942,False,False,79,0.0908693925413954,0.6360187075950201,0.04838768819236053,2,0.09008739144537799,0.7924190952976935,0.0482329442205218,0.552,0.904,0.932,0.24,False,True
e3|kermany_resnet50_s42_std,kermany_resnet50_s42_std,kermany,resnet50,ok,False,0,4000,2048,1145,0.7099559629863772,0.8078627852514684,2.2028990321507442,22.71859081556407,0.745098534914921,True,False,4,0.007350458429651178,0.9220050243366306,0.008317003186891655,3,0.0073744899394087215,0.9304443397707647,0.008365377566003428,0.886,0.94,0.958,0.73,False,False
e3|kermany_resnet50_s42_std,kermany_resnet50_s42_std,kermany,resnet50,ok,False,1,4000,2048,1168,0.7158396453630558,0.8111799592036589,2.261458606058122,22.906868651617785,0.7611934995263695,True,False,6,0.007303705304037276,0.8822101996976689,0.008304789302223652,3,0.007346507201313592,0.9087835149972153,0.008391855839840642,0.83,0.946,0.968,0.724,False,False
e3|camelyon_dinov2_vitl14_s42,camelyon_dinov2_vitl14_s42,camelyon,dinov2_vitl14,ok,True,0,4000,1024,15,0.09948162876943929,0.09861982057270563,9.361474465906433,2.2510122978033045,0.2152286184052357,False,False,786,0.09376848467241604,0.23569687673501652,0.0432184829317302,2,0.06756081792021094,0.752265519869762,0.002356116806569881,0.374,0.728,0.928,0.198,False,True
e3|camelyon_dinov2_vitl14_s42,camelyon_dinov2_vitl14_s42,camelyon,dinov2_vitl14,ok,True,1,4000,1024,15,0.12048412485089836,0.11640432339702765,11.049862830387616,2.7262445346366997,0.28320001567506115,False,False,681,0.11904320062859662,0.24749922365362717,0.07804917613645823,2,0.0677454002302958,0.7675628370049028,0.0027463384586351755,0.502,0.768,0.942,0.218,False,True
e3|breakhis_resnet18_s43_std_r3,breakhis_resnet18_s43_std_r3,breakhis,resnet18,ok,True,0,2086,512,29,0.5549763090165,0.5694178760315661,11.242142729037232,8.879620944264,1.3157821601404278,False,False,77,0.20926947776794289,0.6439947145142221,0.2723114632441254,5,0.09597571285138287,0.981674664441199,0.11056947845840016,0.776,0.898,0.946,0.354,False,True
e3|breakhis_resnet18_s43_std_r3,breakhis_resnet18_s43_std_r3,breakhis,resnet18,ok,True,1,2056,512,29,0.5432623247250514,0.5645618235642431,9.678246212253315,8.692197195600823,1.1950688405352305,False,False,84,0.10927746575038419,0.6323050955258201,0.12885668854736113,3,0.07381757590837841,0.9325448274175004,0.07010958117099408,0.756,0.92,0.94,0.402,False,True
e3|isic2019_fm_uni_s42_std,isic2019_fm_uni_s42_std,isic2019,fm_uni,ok,True,0,4000,1024,3043,0.5541140722212127,0.8946729342811317,29.02170393976147,12.538170176592379,2.1107929524039952,True,False,399,0.004265329335125633,0.5445544554455446,0.008091501115578032,2,0.00023235100491809628,0.7247524752475247,8.586230023282223e-05,0.924,0.948,0.942,0.922,True,True
e3|isic2019_fm_uni_s42_std,isic2019_fm_uni_s42_std,isic2019,fm_uni,ok,True,1,4000,1024,3002,0.5512992423914758,0.8899940875032396,28.890742053172932,12.474477848256598,2.095326695771251,True,False,405,0.003512826438641091,0.5557586837294333,0.006576430795180237,2,0.0002478567312603955,0.720292504570384,8.536652964368519e-05,0.928,0.936,0.95,0.908,True,True
e3|dermamnist_fm_conch_v1_5_s42_std,dermamnist_fm_conch_v1_5_s42_std,dermamnist,fm_conch_v1_5,ok,True,0,3514,768,2838,0.5910076622318415,0.9229897720502173,18.46699865633599,11.581337652345287,1.7958756930682005,True,False,490,0.001637513956084853,0.5044585987261146,0.003011657330784657,2,0.0002002803293807143,0.8089171974522293,0.00014620110687942243,0.94,0.954,0.952,0.94,True,True
e3|dermamnist_fm_conch_v1_5_s42_std,dermamnist_fm_conch_v1_5_s42_std,dermamnist,fm_conch_v1_5,ok,True,1,3493,768,2840,0.5716989909708521,0.9215593087393549,18.12589886123325,11.202966514740758,1.7210845423149161,True,False,459,0.0017010161215037162,0.4803548795944233,0.003133008021250545,2,0.0002083586156769151,0.8225602027883396,0.00015797773252404162,0.944,0.964,0.962,0.948,True,True
e3|breakhis_resnet18_s42_std_r1,breakhis_resnet18_s42_std_r1,breakhis,resnet18,ok,True,0,1938,512,30,0.5453068482145556,0.578375438017541,9.89229151847766,8.724909571432889,1.2127587230282346,False,False,67,0.11955921313435681,0.7261531984317028,0.1459220724652584,5,0.09798694612085689,0.9802910296555535,0.11284471254777458,0.758,0.908,0.934,0.398,False,True
e3|breakhis_resnet18_s42_std_r1,breakhis_resnet18_s42_std_r1,breakhis,resnet18,ok,True,1,1959,512,26,0.5116811474798477,0.5312259248231713,12.373945821661218,8.186898359677564,1.2727365706527305,False,False,85,0.11584042395698202,0.5627117817703128,0.13043330033477446,3,0.0787250681640446,0.953389727212891,0.07210942637246105,0.722,0.916,0.942,0.382,False,True
e3|dermamnist_convnext_tiny_s43_std,dermamnist_convnext_tiny_s43_std,dermamnist,convnext_tiny,ok,True,0,3514,768,2838,0.7875378452597396,0.9590015347919612,9.257512260005553,15.432526992138381,1.6943517796872942,True,False,471,0.0008070194316244014,0.8789808917197452,0.001358776406230381,2,0.0002219002239410581,0.8726114649681529,0.0001894399187601007,0.918,0.958,0.938,0.924,True,True
e3|dermamnist_convnext_tiny_s43_std,dermamnist_convnext_tiny_s43_std,dermamnist,convnext_tiny,ok,True,1,3493,768,2840,0.785314321232411,0.9597703781456792,9.37690717802018,15.388954997756194,1.7004283150129644,True,False,461,0.0007986179212210398,0.861850443599493,0.0013376021121088992,2,0.00022763606831181286,0.8795944233206591,0.00019653176807066456,0.93,0.952,0.958,0.938,True,True
e3|isic2019_convnext_tiny_s42_std,isic2019_convnext_tiny_s42_std,isic2019,convnext_tiny,ok,False,0,4000,768,3025,0.5911084008893003,0.8946653238060474,27.692785013471845,11.583311718810462,2.1995581647371045,True,False,966,0.0007054066321817986,0.5877910635619886,0.0010126510232012379,3,0.0004454855807860446,0.9326620516047829,0.0004935821894980351,0.872,0.94,0.944,0.928,False,False
e3|isic2019_convnext_tiny_s42_std,isic2019_convnext_tiny_s42_std,isic2019,convnext_tiny,ok,False,1,4000,768,3050,0.6009739794957444,0.8996855006314459,26.609927483915477,11.77663678763531,2.192110873775478,True,False,971,0.0006191336379414161,0.5671641791044776,0.0008523189600329681,3,0.0004727524250361961,0.9850746268656716,0.0005601055448647429,0.892,0.95,0.946,0.926,False,False
e3|breakhis_resnet50_s43_std_r1,breakhis_resnet50_s43_std_r1,breakhis,resnet50,ok,True,0,1938,2048,30,0.6446605356557819,0.6727733839998563,8.727187587273567,20.62913714098502,1.3466453704776191,False,False,27,0.1696592800210213,0.7900297344946452,0.227851964463182,4,0.0948892897486408,0.9924611214904087,0.1072221357520896,0.818,0.9,0.936,0.402,False,True
e3|breakhis_resnet50_s43_std_r1,breakhis_resnet50_s43_std_r1,breakhis,resnet50,ok,True,1,1959,2048,26,0.6043321879516665,0.6179108827448546,10.747010027220641,19.33863001445333,1.4008916783473166,False,False,40,0.13267016380923627,0.7284439677238488,0.16395140969517752,7,0.1348495196930929,0.9674313156675849,0.1747366220916448,0.79,0.914,0.948,0.34,False,True
e3|kermany_resnet18_s43_std,kermany_resnet18_s43_std,kermany,resnet18,ok,False,0,4000,512,1150,0.7251058885098868,0.8214238807340822,2.0337829356336155,11.601694216158188,0.7312042949820747,True,False,6,0.00760036499246771,0.8583150766779526,0.008899973846279089,3,0.007301247252699789,0.9426807408882693,0.008312477514684136,0.822,0.95,0.954,0.72,False,False
e3|kermany_resnet18_s43_std,kermany_resnet18_s43_std,kermany,resnet18,ok,False,1,4000,512,1152,0.7321375240679929,0.8275913845927095,2.076307493790344,11.714200385087887,0.7459736790530778,True,False,5,0.006597510752344513,0.9079484762802388,0.007610480728553099,3,0.006610304690296361,0.9175530721242314,0.007636498876486445,0.86,0.95,0.956,0.71,False,False
e3|breakhis_mobilenet_v3_large_s42_std_r4,breakhis_mobilenet_v3_large_s42_std_r4,breakhis,mobilenet_v3_large,ok,True,0,2132,960,33,0.4319302068264669,0.4683557534679055,17.476798396026048,9.463116701869112,1.2768195321371925,False,False,121,0.19834178284748627,0.4609814173846871,0.2391943199788828,2,0.06279541273141397,0.9857255075238727,0.05429537943212764,0.748,0.952,0.946,0.406,False,True
e3|breakhis_mobilenet_v3_large_s42_std_r4,breakhis_mobilenet_v3_large_s42_std_r4,breakhis,mobilenet_v3_large,ok,True,1,2114,960,28,0.4267523899342949,0.4562901370696495,18.284170441368445,9.349676417450157,1.2903234635342598,False,False,129,0.25681810377390885,0.41751150015631283,0.28238301116666237,2,0.07487561472386425,0.9575834040462686,0.06968863332770564,0.776,0.966,0.942,0.398,False,True
e3|breakhis_fm_virchow2_s42_std_r0,breakhis_fm_virchow2_s42_std_r0,breakhis,fm_virchow2,ok,True,0,1831,2560,27,0.2100845900417637,0.22225280447272272,13.394044221696818,7.516214789736944,0.5436696180479564,False,False,152,0.4196648867611858,0.15851775604734947,0.21156399797899503,2,0.046548485884822986,0.5850245510564605,0.007321465795364561,0.63,0.878,0.92,0.372,False,True
e3|breakhis_fm_virchow2_s42_std_r0,breakhis_fm_virchow2_s42_std_r0,breakhis,fm_virchow2,ok,True,1,1830,2560,29,0.23458315471643112,0.2586955547663445,13.91781850983583,8.392702085156646,0.6188243710351509,False,False,142,0.3288730300327089,0.16659386344123273,0.19981141326978194,2,0.049261106509032974,0.6422449502176565,0.019233117347436445,0.594,0.894,0.922,0.324,False,True
e3|breakhis_convnext_tiny_s42_std_r3,breakhis_convnext_tiny_s42_std_r3,breakhis,convnext_tiny,ok,True,0,2086,768,29,0.5692250624673502,0.5683445860653922,13.142847696018258,11.154487614791103,1.4591964122567618,False,False,74,0.12380472511476878,0.6408071956788836,0.1510647866480625,2,0.061369190140972696,0.9812689802257922,0.044135041837410134,0.734,0.93,0.946,0.346,False,True
e3|breakhis_convnext_tiny_s42_std_r3,breakhis_convnext_tiny_s42_std_r3,breakhis,convnext_tiny,ok,True,1,2056,768,29,0.5494684420637569,0.5527488037995737,11.754229943326454,10.767338502545803,1.3320632528951417,False,False,72,0.090745957718804,0.7032706279507815,0.0989789142432618,3,0.06018192881903397,0.9931505173805621,0.043695629595647656,0.72,0.882,0.93,0.382,False,True
e3|breakhis_mobilenet_v3_large_s42_std_r3,breakhis_mobilenet_v3_large_s42_std_r3,breakhis,mobilenet_v3_large,ok,True,0,2086,960,29,0.43563179928740076,0.46763732413115944,17.53183880463546,9.544214529450894,1.28978793621985,False,False,134,0.20924277527130838,0.4972529383128173,0.25281592903869593,2,0.06921533791911942,0.9510165287340334,0.05947611475438941,0.756,0.944,0.942,0.386,False,True
e3|breakhis_mobilenet_v3_large_s42_std_r3,breakhis_mobilenet_v3_large_s42_std_r3,breakhis,mobilenet_v3_large,ok,True,1,2056,960,29,0.4378019128321604,0.4765686584022696,14.326782137043713,9.591759335083388,1.1717554584412166,False,False,90,0.14762784681480112,0.39087306440959907,0.1675426198542386,3,0.07278796603855586,0.9177205900340027,0.06804332241477946,0.712,0.908,0.928,0.368,False,True
e3|breakhis_resnet50_s42_std_r4,breakhis_resnet50_s42_std_r4,breakhis,resnet50,ok,True,0,2132,2048,33,0.6341822281144421,0.6485174325547975,9.542610344046096,20.29383129966215,1.3852643729573797,False,False,31,0.1529337024956383,0.7918599798708791,0.20878896729455967,3,0.08338298873002592,0.9944644917396961,0.09389708494567132,0.862,0.94,0.944,0.384,False,True
e3|breakhis_resnet50_s42_std_r4,breakhis_resnet50_s42_std_r4,breakhis,resnet50,ok,True,1,2114,2048,28,0.636612874342241,0.6473346790171091,10.040437740045283,20.371611978951712,1.4263849342599484,False,False,37,0.23977931517646028,0.7642691259881202,0.3237494161014216,5,0.10198077802776404,0.9757380197400741,0.12082122550275994,0.866,0.922,0.94,0.316,False,True
e3|breakhis_resnet50_s43_std_r0,breakhis_resnet50_s43_std_r0,breakhis,resnet50,ok,True,0,1831,2048,27,0.61642442439775,0.6374014487405559,9.469715790725004,19.725581580728,1.3413228188504478,False,False,35,0.13711251461557583,0.8286294529217844,0.17450481719610286,5,0.10804082534891343,0.985811854056836,0.1272353957029847,0.82,0.908,0.936,0.35,False,True
e3|breakhis_resnet50_s43_std_r0,breakhis_resnet50_s43_std_r0,breakhis,resnet50,ok,True,1,1830,2048,29,0.632180326997633,0.6518084606141425,9.99662881906641,20.229770463924257,1.413359890357198,False,False,32,0.12109199413615593,0.8074982301284851,0.15210271287898577,5,0.12088942775115238,0.9551883595173899,0.1551143619535277,0.842,0.934,0.95,0.398,False,True
e3|isic2019_fm_conch_v1_5_s42_std,isic2019_fm_conch_v1_5_s42_std,isic2019,fm_conch_v1_5,ok,True,0,4000,768,3014,0.5397176962707816,0.8877555748888806,19.81429969512126,10.57626368811077,1.6987951947563253,True,False,481,0.0030319284337612276,0.402291917973462,0.005609303565646434,3,0.0003211252975062992,0.6242460796139928,0.00022762422325149937,0.93,0.946,0.954,0.926,True,True
e3|isic2019_fm_conch_v1_5_s42_std,isic2019_fm_conch_v1_5_s42_std,isic2019,fm_conch_v1_5,ok,True,1,4000,768,3034,0.5014732576413005,0.8808255594931242,19.631268167458632,9.826828806979451,1.5711113211886503,True,False,500,0.003325386906564336,0.35973793924955333,0.006176417768636961,3,0.0003013585094150727,0.5842763549731983,0.0001828445155812717,0.928,0.928,0.956,0.938,True,True
e3|kermany_convnext_tiny_s42_std,kermany_convnext_tiny_s42_std,kermany,convnext_tiny,ok,False,0,4000,768,1181,0.6142309161529707,0.7600651944617777,2.975993607010694,12.036418630536126,0.7492602125727726,True,False,38,0.007333227301645006,0.8510918829831067,0.008575593247871188,3,0.007109874190244155,0.9277709105892048,0.008137756475079605,0.71,0.922,0.95,0.682,False,False
e3|kermany_convnext_tiny_s42_std,kermany_convnext_tiny_s42_std,kermany,convnext_tiny,ok,False,1,4000,768,1183,0.6184088952943713,0.7585649982084578,3.0490008711175456,12.118289966955508,0.7635535564077663,True,False,38,0.007323789685499528,0.8217470983506414,0.008483775773318623,3,0.007155228192593529,0.9083689676237019,0.008156006603105254,0.732,0.944,0.95,0.694,False,False
e3|camelyon_efficientnet_v2_s_s42,camelyon_efficientnet_v2_s_s42,camelyon,efficientnet_v2_s,ok,True,0,4000,1280,15,0.39734002830663284,0.3907882191515526,2.043436380756363,10.051995960037893,0.4016316053348795,False,False,140,0.0965908381896003,0.29136044115294496,0.05031887993836482,2,0.07944712193419376,0.8670819727667103,0.027146843286140303,0.434,0.898,0.94,0.18,False,True
e3|camelyon_efficientnet_v2_s_s42,camelyon_efficientnet_v2_s_s42,camelyon,efficientnet_v2_s,ok,True,1,4000,1280,15,0.463159261751901,0.45761089874648725,1.629963768044837,11.717105492304924,0.4181232626239716,False,False,41,0.09133476818093476,0.5253691174118024,0.04784192199358253,2,0.09297190810232508,0.8000978666942701,0.053976436780337506,0.476,0.936,0.94,0.198,False,True
e3|breakhis_fm_uni_s42_std_r1,breakhis_fm_uni_s42_std_r1,breakhis,fm_uni,ok,True,0,1938,1024,30,0.19924093539934973,0.21438056127823746,52.50080403402654,4.508307728346594,1.0208138445588977,False,False,210,0.5800274703078291,0.1889061389890272,0.2704789622581224,529,0.8773885350318471,0.05074599373733653,0.0919218456815102,0.634,0.49,0.926,0.382,False,True
e3|breakhis_fm_uni_s42_std_r1,breakhis_fm_uni_s42_std_r1,breakhis,fm_uni,ok,True,1,1959,1024,26,0.17648318262633844,0.18497908829184007,44.833259495786,3.99335856641497,0.8355808658314883,False,False,208,0.507810320781032,0.1775188318178494,0.24637193975405156,108,0.6221961064840836,0.148423977962507,0.22693525155818878,0.664,0.658,0.95,0.376,False,True
e3|isic2019_regnet_y_3_2gf_s42_std,isic2019_regnet_y_3_2gf_s42_std,isic2019,regnet_y_3_2gf,ok,True,0,4000,1512,3051,0.6722643784622369,0.9285748703221439,12.582030475491576,18.484214407953846,1.686166545050261,True,False,806,0.0015345920799219072,0.6507147296457427,0.002661627516247013,2,0.00027734422817970376,0.9912989434431324,0.0001523565433572147,0.92,0.924,0.96,0.938,True,True
e3|isic2019_regnet_y_3_2gf_s42_std,isic2019_regnet_y_3_2gf_s42_std,isic2019,regnet_y_3_2gf,ok,True,1,4000,1512,3036,0.663111224559016,0.9244909598021217,13.75673764804373,18.23254428429931,1.7391182358974557,True,False,789,0.0015893891852574301,0.599009900990099,0.002768450382122383,2,0.0002697656266151271,0.9931930693069307,0.00013544817303341627,0.928,0.934,0.952,0.946,True,True
e3|breakhis_resnet50_s43_std_r2,breakhis_resnet50_s43_std_r2,breakhis,resnet50,ok,True,0,1951,2048,29,0.6294608219436995,0.6410767998665898,11.217144986368153,20.142746302198383,1.4907158645489886,False,False,30,0.2101829845088712,0.8090415535602422,0.2881570596114245,7,0.14198046726344715,0.9689392357485905,0.19081077098079383,0.876,0.946,0.944,0.362,False,True
e3|breakhis_resnet50_s43_std_r2,breakhis_resnet50_s43_std_r2,breakhis,resnet50,ok,True,1,1963,2048,28,0.6095672671982163,0.6154018249629886,11.65259131966255,19.50615255034292,1.4713564511575827,False,False,42,0.2042547958681751,0.7292106193826905,0.2705952231403757,2,0.07654060369492628,0.9842562895574444,0.06842278194308826,0.864,0.944,0.954,0.398,False,True
e3|breakhis_resnet18_s43_std_r1,breakhis_resnet18_s43_std_r1,breakhis,resnet18,ok,True,0,1938,512,30,0.5310245596498876,0.5533888281945633,11.572921146338281,8.496392954398202,1.277382925218982,False,False,90,0.18500887392393306,0.587006288977186,0.2341861787758857,4,0.09638626348025499,0.974370444438597,0.10981452838637382,0.726,0.894,0.936,0.38,False,True
e3|breakhis_resnet18_s43_std_r1,breakhis_resnet18_s43_std_r1,breakhis,resnet18,ok,True,1,1959,512,26,0.5049330522452999,0.5170915048814757,13.763837574817956,8.078928835924799,1.3246116537698112,False,False,123,0.11133005185300161,0.5158089758903976,0.12130123700154562,8,0.13276798544667268,0.9358377416445235,0.17038500791924696,0.706,0.898,0.936,0.352,False,True
e3|breakhis_convnext_tiny_s43_std_r2,breakhis_convnext_tiny_s43_std_r2,breakhis,convnext_tiny,ok,True,0,1951,768,29,0.596100986630125,0.5964581127304124,10.040486681965186,11.681146019307388,1.3356178820821676,False,False,69,0.13152463207540716,0.7526362497389851,0.1667780376725176,2,0.047916443485522514,0.9981989977030695,0.01578431894077582,0.836,0.922,0.956,0.39,False,True
e3|breakhis_convnext_tiny_s43_std_r2,breakhis_convnext_tiny_s43_std_r2,breakhis,convnext_tiny,ok,True,1,1963,768,28,0.5431531555352208,0.5426205975492924,13.410814238372017,10.643584665950716,1.4064842802626183,False,False,135,0.1461079779257696,0.7057962707771857,0.1845628231615079,2,0.05009168015626448,0.9951220107071865,0.015560553326723247,0.812,0.862,0.936,0.346,False,True
e3|breakhis_mobilenet_v3_large_s42_std_r0,breakhis_mobilenet_v3_large_s42_std_r0,breakhis,mobilenet_v3_large,ok,True,0,1831,960,27,0.4230843341233115,0.4588844082367322,15.330702785042401,9.269313341055616,1.171366983960897,False,False,137,0.17211636152522342,0.46186588029099607,0.20081191586659464,5,0.10820261953605807,0.9537772461086923,0.12707351833331496,0.732,0.894,0.938,0.372,False,True
e3|breakhis_mobilenet_v3_large_s42_std_r0,breakhis_mobilenet_v3_large_s42_std_r0,breakhis,mobilenet_v3_large,ok,True,1,1830,960,29,0.43447193145594826,0.475371259639979,15.576917935794595,9.518803098450448,1.212516040759337,False,False,133,0.11495987069832615,0.49925439455331455,0.1308340048174303,2,0.07472349265615927,0.973067827501544,0.07028624692031867,0.736,0.944,0.952,0.382,False,True
e3|breakhis_densenet121_s42_std_r2,breakhis_densenet121_s42_std_r2,breakhis,densenet121,ok,True,0,1951,1024,29,0.42447616709715785,0.5457841321651501,14.657026969413979,9.60479923860718,1.149109081030861,False,False,80,0.11513922429320489,0.5631264355815411,0.13321088725193844,5,0.12609317451942734,0.9700093965337231,0.16354018836472603,0.766,0.948,0.938,0.382,False,True
e3|breakhis_densenet121_s42_std_r2,breakhis_densenet121_s42_std_r2,breakhis,densenet121,ok,True,1,1963,1024,28,0.40424789633695724,0.5230332834876209,15.785507931488228,9.147085720968288,1.1356958821879906,False,False,95,0.1510546709217278,0.6684308727942342,0.19016562108663398,3,0.08740949006316438,0.9963537030036219,0.08942489547571278,0.766,0.92,0.942,0.402,False,True
e3|kermany_densenet121_s43_std,kermany_densenet121_s43_std,kermany,densenet121,ok,False,0,4000,1024,1162,0.56878291711061,0.7963968799136621,2.607843823137356,12.870088246783308,0.6494898014301669,True,False,7,0.007523618430979122,0.9098475451162419,0.008780190431862091,3,0.007371028880076336,0.9433796166619983,0.00847948253902598,0.808,0.944,0.938,0.718,False,False
e3|kermany_densenet121_s43_std,kermany_densenet121_s43_std,kermany,densenet121,ok,False,1,4000,1024,1124,0.5679626757790439,0.7932450939288254,2.6259034209833603,12.851528304134991,0.650794948435085,True,False,10,0.00762538804103343,0.8953501968273766,0.00881640062180112,3,0.007535072973629633,0.9222824180535526,0.008639137435109417,0.762,0.944,0.942,0.688,False,False
e3|breakhis_resnet50_s43_std_r4,breakhis_resnet50_s43_std_r4,breakhis,resnet50,ok,True,0,2132,2048,33,0.644101010591842,0.6593041319998652,9.356221992538828,20.611232338938944,1.3931222917618011,False,False,23,0.15621686930587453,0.8807595061001056,0.2177052336724504,4,0.08738370284294586,0.9894444853572919,0.10135521541906144,0.888,0.914,0.94,0.374,False,True
e3|breakhis_resnet50_s43_std_r4,breakhis_resnet50_s43_std_r4,breakhis,resnet50,ok,True,1,2114,2048,28,0.6482719741221974,0.6578929328964097,9.959419684224345,20.744703171910317,1.4466359909663555,False,False,31,0.14465609918782124,0.8232883747934437,0.19087997160081588,7,0.15207297859561467,0.9753137421285338,0.2081799901954965,0.85,0.922,0.934,0.374,False,True
e3|camelyon_regnet_y_3_2gf_s42,camelyon_regnet_y_3_2gf_s42,camelyon,regnet_y_3_2gf,ok,True,0,4000,1512,15,0.28836067454294406,0.27974845225952427,12.749406393413503,7.9286077112494,0.7280580653143871,False,False,376,0.21855085230753482,0.26521309531651405,0.17989382257143982,3,0.0841740342192262,0.5852409496833448,0.03509640885750856,0.58,0.79,0.954,0.218,False,True
e3|camelyon_regnet_y_3_2gf_s42,camelyon_regnet_y_3_2gf_s42,camelyon,regnet_y_3_2gf,ok,True,1,4000,1512,15,0.3037759458990645,0.3125431974398649,6.72449248449338,8.352457598335638,0.5570166028703357,False,False,475,0.18578367346465735,0.30170043381294287,0.16096628605287872,2,0.08257932881358039,0.799968005119181,0.033278006994429156,0.546,0.916,0.932,0.214,False,True
e3|breakhis_mobilenet_v3_large_s42_std_r2,breakhis_mobilenet_v3_large_s42_std_r2,breakhis,mobilenet_v3_large,ok,True,0,1951,960,29,0.43765268321593737,0.47169896278344847,17.577758463788157,9.58848987800126,1.2974670691080885,False,False,104,0.13995303368660883,0.44411672583002715,0.16146877555031505,2,0.06904087550312998,0.9095322614324494,0.057788220661378724,0.732,0.948,0.938,0.358,False,True
e3|breakhis_mobilenet_v3_large_s42_std_r2,breakhis_mobilenet_v3_large_s42_std_r2,breakhis,mobilenet_v3_large,ok,True,1,1963,960,28,0.3994769828296681,0.4258268539126594,19.283257984762646,8.752102187996526,1.2404148847095187,False,False,173,0.27074249146627366,0.43236058096852475,0.2961135415413195,3,0.08664726591735888,0.9727442348264046,0.08778651491026106,0.746,0.918,0.942,0.382,False,True
e3|dermamnist_fm_dinov2_vitl14_s42_std,dermamnist_fm_dinov2_vitl14_s42_std,dermamnist,fm_dinov2_vitl14,ok,True,0,3514,1024,2838,0.5786229421623827,0.9216682310685745,20.787083304666044,13.092742596900235,1.8654234403277767,True,False,514,0.0009266859636237958,0.5464968152866242,0.001596710009836465,2,0.00020155046535275407,0.8191082802547771,0.00014874162356909857,0.912,0.918,0.942,0.938,True,True
e3|dermamnist_fm_dinov2_vitl14_s42_std,dermamnist_fm_dinov2_vitl14_s42_std,dermamnist,fm_dinov2_vitl14,ok,True,1,3493,1024,2840,0.5639111494190865,0.9209463836232252,21.012996205473144,12.75985272770997,1.8278463025889822,True,False,486,0.0008735127966436705,0.5209125475285171,0.0014861776142399495,2,0.00020241466574277709,0.8174904942965779,0.0001460906007742229,0.922,0.958,0.946,0.938,True,True
e3|breakhis_effb3_s42_std_r4,breakhis_effb3_s42_std_r4,breakhis,effb3,ok,True,0,2132,1536,33,0.5376940292394529,0.5848332283316205,15.166321202726673,14.901014041106524,1.4806770358433796,False,False,36,0.18022438489554216,0.8150821120848368,0.2511939910975962,3,0.08368988533287694,0.9963178437292879,0.09448933464146746,0.868,0.938,0.952,0.336,False,True
e3|breakhis_effb3_s42_std_r4,breakhis_effb3_s42_std_r4,breakhis,effb3,ok,True,1,2114,1536,28,0.5339825449958499,0.572090603022875,15.039115518821768,14.798158372603936,1.464276898525583,False,False,61,0.21139635634423656,0.6238109061676567,0.27218279891092984,4,0.12654921230393906,0.9822696619177348,0.1648775989020445,0.792,0.932,0.928,0.38,False,True
e3|kermany_resnet50_s43_std,kermany_resnet50_s43_std,kermany,resnet50,ok,False,0,4000,2048,1167,0.7256466141453219,0.8195398625949978,2.2191891976041496,23.220691652650302,0.76437652390321,True,False,4,0.007337625329547373,0.9231107030220768,0.008397285386152883,3,0.007236090594849622,0.9316539582418459,0.00819604564862398,0.86,0.924,0.944,0.706,False,False
e3|kermany_resnet50_s43_std,kermany_resnet50_s43_std,kermany,resnet50,ok,False,1,4000,2048,1133,0.7238418926488734,0.815821636862738,2.265309510306177,23.16294056476395,0.7703578116049564,True,False,3,0.00722130331709532,0.902593569207761,0.00807546968351525,3,0.007368189021449695,0.9037742532173639,0.008367487736328946,0.956,0.964,0.946,0.702,True,True
e3|isic2019_fm_dinov2_vitl14_s42_std,isic2019_fm_dinov2_vitl14_s42_std,isic2019,fm_dinov2_vitl14,ok,True,0,4000,1024,3040,0.5334640024242241,0.8902176010948752,22.355961693576635,12.070912436258743,1.7835562042917834,True,False,503,0.0019951166871330717,0.45825115055884286,0.0035956014624348065,2,0.0002897064716026417,0.7619986850756082,0.00019906788723388864,0.916,0.96,0.944,0.924,True,True
e3|isic2019_fm_dinov2_vitl14_s42_std,isic2019_fm_dinov2_vitl14_s42_std,isic2019,fm_dinov2_vitl14,ok,True,1,4000,1024,3016,0.5202641500670254,0.8842998518257476,22.819597505248762,11.772233872660777,1.7573687245142227,True,False,498,0.0017636076969054465,0.4532237673830594,0.003120707584282273,2,0.0003127841007744404,0.7914032869785083,0.0002299693873047888,0.926,0.934,0.95,0.928,True,True
e3|breakhis_convnext_tiny_s42_std_r1,breakhis_convnext_tiny_s42_std_r1,breakhis,convnext_tiny,ok,True,0,1938,768,30,0.581791693588392,0.5853007217310447,11.752597581598502,11.400742287049757,1.410325802176438,False,False,47,0.2031377692579327,0.794700418388022,0.2769278068650098,5,0.09858409732131804,0.9953030023945478,0.11411843577288851,0.854,0.914,0.952,0.39,False,True
e3|breakhis_convnext_tiny_s42_std_r1,breakhis_convnext_tiny_s42_std_r1,breakhis,convnext_tiny,ok,True,1,1959,768,26,0.5882520218610873,0.5923593988460026,9.693924285975255,11.527338349761592,1.2950849078550029,False,False,43,0.1258176825566728,0.8109261110163087,0.1552730421584653,4,0.10846287561037334,0.9559981472904122,0.1278043578311276,0.79,0.916,0.952,0.344,False,True
e3|breakhis_regnet_y_3_2gf_s42_std_r0,breakhis_regnet_y_3_2gf_s42_std_r0,breakhis,regnet_y_3_2gf,ok,True,0,1831,1512,27,0.3495862792001391,0.3831830550837577,22.866008146401178,9.612033518115624,1.1820464905337227,False,False,119,0.5065358273805141,0.3827043718963431,0.41436760529849914,2,0.08215856064731059,0.9759636115786399,0.07862471268976069,0.762,0.942,0.946,0.356,False,True
e3|breakhis_regnet_y_3_2gf_s42_std_r0,breakhis_regnet_y_3_2gf_s42_std_r0,breakhis,regnet_y_3_2gf,ok,True,1,1830,1512,29,0.35805394281628133,0.3893019334881507,22.673813103971025,9.844855774997994,1.2055791928773998,False,False,110,0.4820813742549332,0.39227884137432406,0.4116249128730888,2,0.07440088766929398,0.9564686921026073,0.0695699616931079,0.796,0.93,0.94,0.38,False,True
e3|dermamnist_fm_uni_s42_std,dermamnist_fm_uni_s42_std,dermamnist,fm_uni,ok,True,0,3514,1024,2838,0.5871103885401634,0.9220649933093753,36.81649943059613,13.284791585338183,2.518987506655632,True,False,491,0.0033436143789065697,0.6242038216560509,0.006400212755163836,2,0.00023541568641757504,0.9617834394904459,0.00021647290728932917,0.954,0.952,0.96,0.956,True,True
e3|dermamnist_fm_uni_s42_std,dermamnist_fm_uni_s42_std,dermamnist,fm_uni,ok,True,1,3493,1024,2840,0.5696920859421182,0.9211914391809012,35.910779645421236,12.890660389055398,2.414001888660285,True,False,454,0.002844978252013824,0.5487959442332065,0.005404596905787635,3,0.00031606088330699494,0.9150823827629911,0.0003733490583207098,0.946,0.96,0.956,0.948,True,True
e3|breakhis_fm_uni_s42_std_r3,breakhis_fm_uni_s42_std_r3,breakhis,fm_uni,ok,True,0,2086,1024,29,0.1967614597429968,0.20814422396786186,51.40455934728086,4.452203598733981,0.9975297535222833,False,False,233,0.6784766454352441,0.17779400514639404,0.26972324508034046,464,0.9357669357669358,0.061803092472819156,0.1115811213049641,0.624,0.448,0.958,0.326,False,True
e3|breakhis_fm_uni_s42_std_r3,breakhis_fm_uni_s42_std_r3,breakhis,fm_uni,ok,True,1,2056,1024,29,0.19157965102105895,0.20391359850049517,46.17075300215176,4.334952651978979,0.9204874226305108,False,False,191,0.4378929635089197,0.17803762322953107,0.23605791395295017,112,0.6457717327025428,0.16027789329484576,0.24519812235957103,0.584,0.574,0.924,0.352,False,True
e3|breakhis_resnet18_s43_std_r2,breakhis_resnet18_s43_std_r2,breakhis,resnet18,ok,True,0,1951,512,29,0.5304347454562169,0.5488466722457264,12.693215071116867,8.486955927299471,1.3362963610613834,False,False,88,0.10549736610710363,0.5151519106285237,0.11601954821721598,5,0.10580580843193325,0.9474055126331176,0.12709431902963178,0.744,0.908,0.938,0.39,False,True
e3|breakhis_resnet18_s43_std_r2,breakhis_resnet18_s43_std_r2,breakhis,resnet18,ok,True,1,1963,512,28,0.511073252162847,0.5274417424809457,12.128272793713354,8.177172034605553,1.2585417658442077,False,False,117,0.12967778716087472,0.5187253813977878,0.14954205458446226,2,0.0676002875532104,0.9781831928878916,0.05085235566943469,0.692,0.938,0.944,0.358,False,True
e3|breakhis_fm_uni_s42_std_r0,breakhis_fm_uni_s42_std_r0,breakhis,fm_uni,ok,True,0,1831,1024,27,0.19083093227119527,0.20361121792053827,51.25651019945448,4.3180110806116145,0.9660693219905437,False,False,197,0.6769797421731123,0.2045318607336106,0.30021660636101005,103,0.6606850629196998,0.16285765951231726,0.24855116649820053,0.67,0.646,0.95,0.382,False,True
e3|breakhis_fm_uni_s42_std_r0,breakhis_fm_uni_s42_std_r0,breakhis,fm_uni,ok,True,1,1830,1024,29,0.18871860845303368,0.20142902100803028,44.97948855385951,4.270214648743329,0.894966922201345,False,False,200,0.3941867272789889,0.17240807965174954,0.2210880654651092,277,0.8369436201780416,0.08496889544954736,0.14804546575865857,0.66,0.55,0.954,0.424,False,True
e3|dermamnist_effb3_s42_std,dermamnist_effb3_s42_std,dermamnist,effb3,ok,False,0,3514,1536,2838,0.7296456565350304,0.9501645520850649,15.230911866109961,20.22053357824997,2.0135385846399845,True,False,418,0.0003924175220175629,0.7821656050955414,0.0005303433241400206,3,0.0002247464551219628,0.9643312101910828,0.00019513652522568868,0.898,0.928,0.958,0.946,False,False
e3|dermamnist_effb3_s42_std,dermamnist_effb3_s42_std,dermamnist,effb3,ok,False,1,3493,1536,2840,0.7284222119186893,0.9516080577479459,14.88608305523075,20.18662848647798,1.987276977992536,True,False,394,0.00042847881673070665,0.7807351077313055,0.000598043798871893,4,0.0002528270432877922,0.9607097591888466,0.00024691263610295857,0.932,0.92,0.954,0.946,True,True
e3|dermamnist_resnet18_s42_std,dermamnist_resnet18_s42_std,dermamnist,resnet18,ok,False,0,3514,512,2838,0.7386475834991537,0.9513399151608275,13.140772769923887,11.81836133598646,1.8933579881720428,True,False,444,0.000593388226059167,0.729936305732484,0.0009318953807608566,2,0.00020953562397788773,0.9592356687898089,0.00016471662298578964,0.878,0.968,0.942,0.928,False,False
e3|dermamnist_resnet18_s42_std,dermamnist_resnet18_s42_std,dermamnist,resnet18,ok,False,1,3493,512,2840,0.7311260027465981,0.9515261686445592,12.534283717410688,11.69801604394557,1.8303198622544306,True,False,450,0.0006099764332075805,0.7338403041825095,0.0009606625574162252,2,0.00020546342890546618,0.9328263624841572,0.00015219235688043197,0.896,0.948,0.942,0.932,False,False
e3|breakhis_densenet121_s42_std_r4,breakhis_densenet121_s42_std_r4,breakhis,densenet121,ok,True,0,2132,1024,33,0.4429750128815518,0.5602844166291878,14.366042800972116,10.023380336151792,1.1872243888014382,False,False,65,0.1462102034529406,0.669919238039129,0.19248622379405614,7,0.08929860237678229,0.9324324324324325,0.10435738698283722,0.792,0.862,0.938,0.37,False,True
e3|breakhis_densenet121_s42_std_r4,breakhis_densenet121_s42_std_r4,breakhis,densenet121,ok,True,1,2114,1024,28,0.4246249670632605,0.539422115510771,14.712608688010523,9.608166197489469,1.1516894020696495,False,False,75,0.17780391931827963,0.6227167165378947,0.22849003693118142,5,0.13772584833599053,0.9510071010673932,0.1833981124313531,0.788,0.924,0.938,0.34,False,True
e3|breakhis_fm_virchow2_s42_std_r4,breakhis_fm_virchow2_s42_std_r4,breakhis,fm_virchow2,ok,True,0,2132,2560,33,0.22405573069032841,0.2340403633842658,17.064386972226572,8.016061513151364,0.6544649670641098,False,False,185,0.3684542189173861,0.1435304514323588,0.1903034999519057,710,0.8386514148103552,0.03419495790067997,0.06307773559337256,0.596,0.484,0.938,0.4,False,True
e3|breakhis_fm_virchow2_s42_std_r4,breakhis_fm_virchow2_s42_std_r4,breakhis,fm_virchow2,ok,True,1,2114,2560,28,0.21818071133916067,0.23054447266712674,14.32385854173997,7.80587043093796,0.583890443482908,False,False,178,0.3931548407999764,0.14903309365370015,0.19846538302179548,2,0.045926356482328214,0.6140078603010138,0.011713323175794797,0.594,0.888,0.952,0.354,False,True
e3|breakhis_fm_conch_v1_5_s42_std_r0,breakhis_fm_conch_v1_5_s42_std_r0,breakhis,fm_conch_v1_5,ok,True,0,1831,768,27,0.2593179011340068,0.2671067486065555,17.804975879138528,5.081572311582495,0.7737277884848701,False,False,202,0.21159768543453342,0.2131282079815276,0.1769137490650485,4,0.07936470331815533,0.4659832246039143,0.06722768122464416,0.602,0.798,0.912,0.358,False,True
e3|breakhis_fm_conch_v1_5_s42_std_r0,breakhis_fm_conch_v1_5_s42_std_r0,breakhis,fm_conch_v1_5,ok,True,1,1830,768,29,0.26116394649036384,0.2699675050475872,17.468017210494327,5.117747264903367,0.7718271127686287,False,False,214,0.1763170518355484,0.18823901549955566,0.14714394034865766,3,0.058164207793504584,0.4913464579975598,0.035598889170290186,0.63,0.852,0.952,0.39,False,True
e3|breakhis_fm_dinov2_vitl14_s42_std_r3,breakhis_fm_dinov2_vitl14_s42_std_r3,breakhis,fm_dinov2_vitl14,ok,True,0,2086,1024,29,0.16432398375349838,0.16990606874368655,15.592124982110061,3.718227303157977,0.45881605975137946,False,False,330,0.11189170814193694,0.14879337923360456,0.08635310125672915,2,0.039303647265499855,0.6000765004520481,0.0,0.552,0.834,0.936,0.364,False,True
e3|breakhis_fm_dinov2_vitl14_s42_std_r3,breakhis_fm_dinov2_vitl14_s42_std_r3,breakhis,fm_dinov2_vitl14,ok,True,1,2056,1024,29,0.16893042630208138,0.17835884520825315,13.936624621889784,3.822459199581954,0.4459351246970506,False,False,338,0.12885208716966867,0.12923505956603634,0.09392499316122183,2,0.03988330330401995,0.654125590156315,0.002403540211948812,0.562,0.81,0.938,0.386,False,True
e3|dermamnist_densenet121_s43_std,dermamnist_densenet121_s43_std,dermamnist,densenet121,ok,False,0,3514,1024,2838,0.6602870375500641,0.9515769911012344,12.970879475994522,14.940590136999262,1.6815217363028003,True,False,331,0.0003329993948538916,0.7528662420382166,0.0004115608958887481,6,0.00025786624454723786,0.9923566878980892,0.00026137051204193926,0.862,0.88,0.954,0.946,False,False
e3|dermamnist_densenet121_s43_std,dermamnist_densenet121_s43_std,dermamnist,densenet121,ok,False,1,3493,1024,2840,0.6184794379233844,0.9515266282176487,12.915603682401455,13.994592146562224,1.5716926522264931,True,False,293,0.0003531790330880389,0.7959442332065906,0.00044753492233709627,5,0.00027243095870710165,0.9949302915082383,0.00028611724561936465,0.87,0.908,0.938,0.928,False,False
e3|breakhis_regnet_y_3_2gf_s42_std_r4,breakhis_regnet_y_3_2gf_s42_std_r4,breakhis,regnet_y_3_2gf,ok,True,0,2132,1512,33,0.4012925365356797,0.42925999133860143,21.23109838533318,11.033720546973505,1.3074717564228926,False,False,139,0.3594933619254339,0.5061737486805606,0.3950326393555255,7,0.14741230677138004,0.8584088175368829,0.2028128624299711,0.766,0.902,0.918,0.38,False,True
e3|breakhis_regnet_y_3_2gf_s42_std_r4,breakhis_regnet_y_3_2gf_s42_std_r4,breakhis,regnet_y_3_2gf,ok,True,1,2114,1512,28,0.38766615792059816,0.4171353949460515,22.49029622535546,10.659057078263073,1.2999914024086938,False,False,136,0.3523618851793734,0.36353892188825865,0.3306002165806139,2,0.06060774475520589,0.9131905676387835,0.04158809701338422,0.75,0.936,0.946,0.346,False,True
e3|breakhis_effb3_s42_std_r2,breakhis_effb3_s42_std_r2,breakhis,effb3,ok,True,0,1951,1536,29,0.53598768277064,0.5834464396503454,15.061141834715718,14.853726380637731,1.4708512736613293,False,False,43,0.20367754966782914,0.6737967216537899,0.2674854834678899,5,0.12786299500854423,0.9882282313635414,0.16700948662704085,0.814,0.926,0.932,0.374,False,True
e3|breakhis_effb3_s42_std_r2,breakhis_effb3_s42_std_r2,breakhis,effb3,ok,True,1,1963,1536,28,0.5078503471345664,0.547384833900251,15.99737867279012,14.073961662056966,1.436300026052557,False,False,43,0.2643044992536783,0.7255521274130803,0.3466803140097641,3,0.0887258222895464,0.9950122559480982,0.0919186905867526,0.862,0.944,0.938,0.368,False,True
e3|breakhis_fm_dinov2_vitl14_s42_std_r4,breakhis_fm_dinov2_vitl14_s42_std_r4,breakhis,fm_dinov2_vitl14,ok,True,0,2132,1024,33,0.16207310637308384,0.1707140169655939,15.795480419314467,3.6672957620600397,0.4554727278533236,False,False,348,0.07120825819289846,0.14054790485308197,0.04926089910630235,2,0.03571689451146483,0.6361538650366988,0.0,0.488,0.804,0.946,0.38,False,True
e3|breakhis_fm_dinov2_vitl14_s42_std_r4,breakhis_fm_dinov2_vitl14_s42_std_r4,breakhis,fm_dinov2_vitl14,ok,True,1,2114,1024,28,0.14955720595942112,0.15448695690484687,14.750820752002266,3.3840932642950343,0.40616307464242596,False,False,350,0.07477172021599124,0.1396096645973829,0.04764461041790895,2,0.04022492226823183,0.6199589120628825,0.0002509888833642626,0.524,0.788,0.956,0.372,False,True
e3|breakhis_fm_dinov2_vitl14_s42_std_r2,breakhis_fm_dinov2_vitl14_s42_std_r2,breakhis,fm_dinov2_vitl14,ok,True,0,1951,1024,29,0.15613665166976365,0.1629227091225608,16.00844143152563,3.5329691259984566,0.4417376227200398,False,False,313,0.08374998966967762,0.13225621215285027,0.05599195726175338,2,0.03967406500059915,0.5833289830862393,0.0,0.462,0.808,0.92,0.358,False,True
e3|breakhis_fm_dinov2_vitl14_s42_std_r2,breakhis_fm_dinov2_vitl14_s42_std_r2,breakhis,fm_dinov2_vitl14,ok,True,1,1963,1024,28,0.16392172048521497,0.17200009360121918,12.96065301457069,3.709125124443562,0.4172870890096266,False,False,319,0.0901133291503025,0.14186412360824868,0.0613285280323024,2,0.04307026751916532,0.6439677564907745,0.000993964356180496,0.45,0.838,0.93,0.318,False,True
e3|dermamnist_fm_virchow2_s42_std,dermamnist_fm_virchow2_s42_std,dermamnist,fm_virchow2,ok,True,0,3514,2560,2838,0.5779881316004238,0.9174931241685631,20.78486108038837,20.678732039146272,1.863277269560019,True,False,446,0.001245480752385048,0.4980891719745223,0.0022315884648882356,3,0.00026759932581782415,0.729936305732484,0.00028080659060848425,0.928,0.95,0.954,0.95,True,True
e3|dermamnist_fm_virchow2_s42_std,dermamnist_fm_virchow2_s42_std,dermamnist,fm_virchow2,ok,True,1,3493,2560,2840,0.5462646391893143,0.9144716318062803,20.724393135647354,19.54375787090724,1.7584458613790532,True,False,440,0.0013002669735830913,0.4524714828897338,0.002335685867078582,3,0.0002616028344830911,0.7084917617237009,0.00026443609162571163,0.918,0.926,0.948,0.942,True,True
e3|isic2019_densenet121_s43_std,isic2019_densenet121_s43_std,isic2019,densenet121,ok,True,0,4000,1024,3081,0.5925273452553094,0.9215539078347461,17.142832752587076,13.407363323791744,1.7347412043094659,True,False,511,0.0006280248905277713,0.5907859078590786,0.0008863424389091078,2,0.00030282919338648994,0.8807588075880759,0.0002365720906195218,0.9,0.956,0.948,0.934,True,True
e3|isic2019_densenet121_s43_std,isic2019_densenet121_s43_std,isic2019,densenet121,ok,True,1,4000,1024,3051,0.5971122713964298,0.9202542053477714,17.549314992872418,13.511108359491764,1.7687688585716332,True,False,497,0.0006847042150246566,0.6283244680851063,0.0009926060468539403,2,0.00030854152352287193,0.8849734042553191,0.00024099563864271562,0.906,0.954,0.968,0.956,True,True
e3|dermamnist_resnet50_s42_std,dermamnist_resnet50_s42_std,dermamnist,resnet50,ok,True,0,3514,2048,2838,0.8233415683832249,0.96824411452286,8.871894723921987,26.346930188263197,1.7340963910658453,True,False,127,0.000635174894429197,0.7859872611464969,0.0010154269412303656,2,0.00020459134797998953,0.9503184713375796,0.00015482820397559922,0.908,0.93,0.96,0.946,True,True
e3|dermamnist_resnet50_s42_std,dermamnist_resnet50_s42_std,dermamnist,resnet50,ok,True,1,3493,2048,2840,0.8127961414216067,0.9674517655743078,8.646893423850058,26.009476525491415,1.6900388513358564,True,False,118,0.0007360928901737535,0.7858048162230672,0.001212623267663616,2,0.00020995523038538008,0.9366286438529785,0.00016117567669345239,0.908,0.942,0.94,0.932,True,True
e3|isic2019_effb3_s42_std,isic2019_effb3_s42_std,isic2019,effb3,ok,False,0,4000,1536,3045,0.6428389160573085,0.916085501591591,17.89069358763946,17.814874619100205,1.9226522968927597,True,False,577,0.0006603046948170059,0.6058394160583942,0.0009430927003809799,4,0.000465848775451736,0.9117451891174518,0.0005547789453029135,0.88,0.902,0.948,0.93,False,False
e3|isic2019_effb3_s42_std,isic2019_effb3_s42_std,isic2019,effb3,ok,False,1,4000,1536,3065,0.6476940434670185,0.919247630343415,17.718730654002552,17.949423856713615,1.9278409828100427,True,False,584,0.0006704743532532342,0.6067864271457086,0.0009644015854518639,4,0.0004473209198983703,0.8875582168995343,0.0005187314051661764,0.902,0.95,0.946,0.928,True,True
e3|breakhis_densenet121_s43_std_r0,breakhis_densenet121_s43_std_r0,breakhis,densenet121,ok,True,0,1831,1024,27,0.4046250183790394,0.5043291096815734,14.271239581933475,9.155619018673606,1.0808578543352116,False,False,97,0.11450381679389313,0.5842177741302805,0.12897650414075598,5,0.10583544265194718,0.965475511538301,0.12292414936683356,0.722,0.902,0.926,0.36,False,True
e3|breakhis_densenet121_s43_std_r0,breakhis_densenet121_s43_std_r0,breakhis,densenet121,ok,True,1,1830,1024,29,0.4209607442873019,0.5323678800317047,13.9077285936234,9.525254300764397,1.110081089071535,False,False,85,0.09377708441671,0.5704258235551071,0.09973132677552987,10,0.1341560927013423,0.9249574477699619,0.17732219752573383,0.72,0.9,0.934,0.38,False,True
e3|breakhis_resnet50_s42_std_r2,breakhis_resnet50_s42_std_r2,breakhis,resnet50,ok,True,0,1951,2048,29,0.6109456191124227,0.6247509139182058,11.648093739283153,19.550259811597527,1.4743988573885605,False,False,42,0.23169748404466128,0.6637868030904155,0.3018013507194333,5,0.1267605633802817,0.979706097306327,0.16490722721237558,0.838,0.94,0.936,0.36,False,True
e3|breakhis_resnet50_s42_std_r2,breakhis_resnet50_s42_std_r2,breakhis,resnet50,ok,True,1,1963,2048,28,0.5964565747309915,0.6025358497128794,11.87745269631213,19.086610391391726,1.4535349777556472,False,False,42,0.25340911146076356,0.6834916647357959,0.3279839137681591,4,0.091979290462484,0.9796953695686638,0.09793971985651213,0.808,0.886,0.916,0.408,False,True
e3|isic2019_efficientnet_v2_s_s42_std,isic2019_efficientnet_v2_s_s42_std,isic2019,efficientnet_v2_s,ok,False,0,4000,1280,3061,0.7395171047153224,0.9418950096179658,9.810737141190003,18.708467356429313,1.6378874136181432,True,False,141,0.0006434802898513151,0.81483913328956,0.0009057450481694824,4,0.0005404950370921945,0.9822718319107026,0.0007000262751057246,0.886,0.936,0.96,0.952,False,False
e3|isic2019_efficientnet_v2_s_s42_std,isic2019_efficientnet_v2_s_s42_std,isic2019,efficientnet_v2_s,ok,False,1,4000,1280,3064,0.7423600255816931,0.942336599799415,9.965092057808146,18.78038819759212,1.6570676456413358,True,False,152,0.0006237205731832139,0.8183606557377049,0.0008657661148532941,4,0.0005354193155030089,0.9783606557377049,0.0006893789154292174,0.846,0.916,0.948,0.924,False,False
e3|breakhis_resnet50_s43_std_r3,breakhis_resnet50_s43_std_r3,breakhis,resnet50,ok,True,0,2086,2048,29,0.6591079703668428,0.6711421772248736,10.007524434774316,21.09145505173897,1.4743646014336473,False,False,33,0.20114510677546066,0.7912001298189489,0.27487439643442474,5,0.1001013761875998,0.9911560841041334,0.11829668124456245,0.84,0.91,0.946,0.344,False,True
e3|breakhis_resnet50_s43_std_r3,breakhis_resnet50_s43_std_r3,breakhis,resnet50,ok,True,1,2056,2048,29,0.640869429217751,0.6590371046676189,8.560508337595572,20.507821734968033,1.3258803516522788,False,False,20,0.11662012486768505,0.8341324396389345,0.14668353541445459,4,0.09374945887133547,0.9932972920081216,0.10825818801684665,0.834,0.92,0.946,0.38,False,True
e3|kermany_regnet_y_3_2gf_s42_std,kermany_regnet_y_3_2gf_s42_std,kermany,regnet_y_3_2gf,ok,False,0,4000,1512,1137,0.42955411041492936,0.625411778375292,4.592622358589056,11.810785356334996,0.6509284434812924,True,False,373,0.006195885229607498,0.283489818785982,0.00583021115760948,2,0.005734588340712102,0.8862485993586028,0.004997314892111714,0.792,0.96,0.956,0.694,False,False
e3|kermany_regnet_y_3_2gf_s42_std,kermany_regnet_y_3_2gf_s42_std,kermany,regnet_y_3_2gf,ok,False,1,4000,1512,1197,0.426783351855615,0.6325474982669039,4.376756477022045,11.734602091351967,0.6313477886710911,True,False,384,0.005044329408388132,0.28568405011852355,0.004132625480135609,2,0.005087138497511664,0.8752539790044023,0.004267206753722181,0.816,0.952,0.96,0.72,False,False
e3|breakhis_resnet18_s42_std_r3,breakhis_resnet18_s42_std_r3,breakhis,resnet18,ok,True,0,2086,512,29,0.5470985159983366,0.567939476378905,10.57146799584263,8.753576255973385,1.25781910981109,False,False,75,0.19656412620001498,0.5783665994389967,0.2489324263933959,2,0.0668407497437923,0.9532883603403111,0.05484264364350134,0.766,0.954,0.908,0.366,False,True
e3|breakhis_resnet18_s42_std_r3,breakhis_resnet18_s42_std_r3,breakhis,resnet18,ok,True,1,2056,512,29,0.5280517951212469,0.5527931264958692,9.699366902548691,8.44882872193995,1.1628754967190686,False,False,75,0.096954752061052,0.6290271288436605,0.10820423048132648,2,0.06793114257583986,0.9409599060642384,0.058765844688406864,0.746,0.944,0.954,0.364,False,True
e3|breakhis_mobilenet_v3_large_s42_std_r1,breakhis_mobilenet_v3_large_s42_std_r1,breakhis,mobilenet_v3_large,ok,True,0,1938,960,30,0.43078573333929293,0.4782107861341049,15.89557154010601,9.438042544053442,1.2144632799223045,False,False,133,0.22451015809120778,0.5151303844433334,0.27164151573647727,5,0.09834551149631154,0.9608451964318606,0.11328210771718199,0.738,0.866,0.94,0.372,False,True
e3|breakhis_mobilenet_v3_large_s42_std_r1,breakhis_mobilenet_v3_large_s42_std_r1,breakhis,mobilenet_v3_large,ok,True,1,1959,960,26,0.39578340809295903,0.42110329394385715,19.01372476368357,8.671180019951455,1.2203269080743748,False,False,133,0.1798916216072787,0.3718583164720509,0.1961278172579615,2,0.07272356485660225,0.969296214134224,0.060528677683102654,0.714,0.94,0.942,0.34,False,True
