cell_id,fold,N,G,d,jackknife,n_jackknife,rho_w,rho_raw,rho_anova,s_logo,dq_pred,se_rho_w,se_rho_raw,se_rho_anova,se_s_logo,se_dq_pred,n_w_over_n_bar,dq_pred_nw,dq_pred_nbar,dq_pred_without_conversion,conversion_factor,s_logo_over_s_tr,lw_delta,r_sat,flag_r_sat_ge_0_9,flag_delta_ge_0_5,flag_N_lt_5d,classcond_rho_w,classcond_s_logo,classcond_dq_pred
breakhis_convnext_tiny_s42_std_r0,0,1831,27,768,delete-a-group,27,0.01671563286207156,0.5249838626843959,0.5317217087914301,1734.04110094042,-10.943483227543135,0.0012244371509789887,0.028882580791360045,0.030315264153268674,108.37742140117727,1.2999272334034662,1.1727008099181493,-11.525275172316679,-10.434387656607386,-10.861256164138709,1.007570677107858,0.14846650109489823,0.007513792610151149,0.37471221083509954,False,False,True,NA (no labels_train),NA,NA
breakhis_convnext_tiny_s42_std_r0,1,1830,29,768,delete-a-group,29,0.01788718654302701,0.5485607984107077,0.5540724915565913,1861.2768425804018,-12.782049576870099,0.001287841086781879,0.026280195608107654,0.02839883759761222,125.73681540554159,1.939061801108159,1.1656460330257696,-13.450369081863686,-12.236276649721207,-12.687373969462602,1.0074621909652364,0.1526941729554525,0.0074069191202965606,0.3810822589769091,False,False,True,NA (no labels_train),NA,NA
breakhis_convnext_tiny_s42_std_r1,0,1938,30,768,delete-a-group,30,0.019134074226966113,0.5628095279777241,0.568069463580212,1683.6020403869873,-12.70432174837711,0.0016234474619702917,0.029214569617575303,0.027587150997210534,94.34303577838041,2.036157996060555,1.2296836609827246,-13.505006044371193,-11.908257921532988,-12.612875414817154,1.0072502368058378,0.13879426171862908,0.007198049244276756,0.39153195071105396,False,False,True,NA (no labels_train),NA,NA
breakhis_convnext_tiny_s42_std_r1,1,1959,26,768,delete-a-group,26,0.015884485060650766,0.5503190099213255,0.5600940328371813,1822.1272693342705,-10.899691319811007,0.0012397559523788621,0.03516829639442253,0.03579406426467433,146.15239536516953,1.7192276419846952,1.1249288307183427,-11.524054259673862,-10.714669678186128,-10.822512771727249,1.0071312965585386,0.1486239722900497,0.0070808012648468635,0.37391790242608614,False,False,True,NA (no labels_train),NA,NA
breakhis_convnext_tiny_s42_std_r2,0,1951,29,768,delete-a-group,29,0.01878880269389538,0.5623844433372984,0.5715120996818264,1812.1463249862127,-13.448674585830696,0.0014862387629766233,0.027248109764607602,0.028696238084984508,115.19485331312447,1.8715124454630394,1.1824216628778734,-14.424035497506788,-13.045496638825096,-13.356333247201505,1.006913674353591,0.14091812329746645,0.006866203657457821,0.3922788359817921,False,False,True,NA (no labels_train),NA,NA
breakhis_convnext_tiny_s42_std_r2,1,1963,28,768,delete-a-group,28,0.018673500757628747,0.5183934198064932,0.5316730756349669,1634.7471250339245,-12.258513275623812,0.0013231050591848606,0.03512213091547154,0.035026788363106624,138.26605188549317,2.1217271665750723,1.2059628859836677,-12.924467798645876,-11.544834400997244,-12.154330507071693,1.008571658347739,0.14339595324808432,0.008498809456713538,0.39815733041419815,False,False,True,NA (no labels_train),NA,NA
breakhis_convnext_tiny_s42_std_r3,0,2086,29,768,delete-a-group,29,0.020854347058192668,0.5395845921030449,0.548126741413445,1717.6989660838365,-15.417060486995243,0.0012924725613227574,0.026446096075829557,0.027227580835992266,94.03162134888206,1.927934344904094,1.1638531634445588,-15.992775009968403,-14.655637359802148,-15.303802531702123,1.0074006414457128,0.1404019971103523,0.007346274303629916,0.4272240593360806,False,False,True,NA (no labels_train),NA,NA
breakhis_convnext_tiny_s42_std_r3,1,2056,29,768,delete-a-group,29,0.017622700452069928,0.5210503352335069,0.5272768375069986,1536.262593188903,-9.957346699554488,0.001087695714824102,0.030738550601479564,0.03085300226692439,162.83975558931058,1.818613957678887,1.1358962664082726,-10.345132294211217,-9.540598567781249,-9.888392192840085,1.0069732778969196,0.12991372175539886,0.006924988030946965,0.36524793385699134,False,False,True,NA (no labels_train),NA,NA
breakhis_convnext_tiny_s42_std_r4,0,2132,33,768,delete-a-group,33,0.021091016422893794,0.563649062405875,0.5714919028922449,1583.6716236451218,-13.254926529803493,0.0014127592148205452,0.03051964778125195,0.030480969848511494,145.7470066175815,2.329814553985852,1.1984888538450977,-13.875898911474229,-12.426954537593915,-13.163881138813677,1.0069163030286994,0.13350553169306792,0.006868796351688659,0.3941134962223849,False,False,True,NA (no labels_train),NA,NA
breakhis_convnext_tiny_s42_std_r4,1,2114,28,768,delete-a-group,28,0.019468277510188425,0.5701204984900248,0.5818204635220039,1693.4930298605302,-13.641827601137923,0.0011833290548209025,0.02627896554986241,0.027480785486485974,113.16164221684664,1.8224071391757657,1.1355516988603256,-14.210317651552568,-13.188126409207245,-13.55271973699604,1.006574906429935,0.13736380753219285,0.006531959408023052,0.4110697469726994,False,False,True,NA (no labels_train),NA,NA
breakhis_convnext_tiny_s43_std_r0,0,1831,27,768,delete-a-group,27,0.01663749939544168,0.5319420590170034,0.539606621461296,1750.278452719207,-10.997140943213275,0.0011867477675497025,0.029336325506392744,0.030427891574878668,105.55194842419854,1.1919800640641895,1.1727008099181493,-11.581788766084038,-10.48558799972125,-10.912317496097412,1.0077731835740849,0.14808233715377014,0.007713227242777994,0.3747328744009088,False,False,True,NA (no labels_train),NA,NA
breakhis_convnext_tiny_s43_std_r0,1,1830,29,768,delete-a-group,29,0.01765444842548536,0.5505467405750368,0.5577645434426102,1925.7029053525696,-13.082951950528775,0.0012517014568582726,0.025828775983356818,0.027313751970284045,136.81686811557796,2.0209295530403097,1.1656460330257696,-13.767113004013869,-12.52609055912515,-12.984061176034082,1.0076163207454094,0.15616047398720026,0.007558750874316004,0.38191534994246856,False,False,True,NA (no labels_train),NA,NA
breakhis_convnext_tiny_s43_std_r1,0,1938,30,768,delete-a-group,30,0.019047332407467366,0.5697308487103561,0.5773147929301488,1710.5646195731329,-12.8748495880553,0.0015440875618816345,0.026833189748478908,0.025982235347016013,101.49234066855156,1.9346276371753786,1.2296836609827246,-13.686426361787008,-12.070582527908837,-12.78615586214757,1.0069366998857179,0.1319832054324933,0.006888913559814828,0.39243374787515917,False,False,True,NA (no labels_train),NA,NA
breakhis_convnext_tiny_s43_std_r1,1,1959,26,768,delete-a-group,26,0.01573317438710664,0.5542428711608671,0.5609129119999513,1895.6890426529442,-11.297744468254852,0.0012462229138309566,0.03402890772984776,0.03407321166179843,155.32718380974993,1.7932210521114003,1.1249288307183427,-11.944271233256144,-11.108714598547099,-11.225832745753161,1.0064059142987762,0.14134118932259895,0.006365139758980405,0.3763874300123384,False,False,True,NA (no labels_train),NA,NA
breakhis_convnext_tiny_s43_std_r2,0,1951,29,768,delete-a-group,29,0.018803128820740977,0.5578349809384107,0.5675417053986362,1901.68356824417,-14.338874408865074,0.0014937804257900476,0.02388333970712332,0.024711602503738567,117.74309762209839,1.8667717255467373,1.1824216628778734,-15.375776703861453,-13.92069801966369,-14.239073014446976,1.0070089811546608,0.14347127413712366,0.00696019726321018,0.3982110816285222,False,False,True,NA (no labels_train),NA,NA
breakhis_convnext_tiny_s43_std_r2,1,1963,28,768,delete-a-group,28,0.01847210848833425,0.5182951083970306,0.5257302068614017,1687.585254725765,-12.566911021824598,0.0013779588156471103,0.03249763699512226,0.032473510526363804,147.05751516216606,2.219108551114001,1.2059628859836677,-13.249822328040178,-11.838878081490689,-12.458088050867469,1.0087351261696655,0.14577837230768864,0.008659484480167063,0.39964023290063083,False,False,True,NA (no labels_train),NA,NA
breakhis_convnext_tiny_s43_std_r3,0,2086,29,768,delete-a-group,29,0.020914891772045863,0.5321370990725219,0.541391091609068,1746.2379948722783,-15.822478334585039,0.0012533518302750835,0.026262449649097186,0.02634638097648522,95.86727529381147,1.9291142695316692,1.1638531634445588,-16.413726778510608,-15.048098316612217,-15.707329699818157,1.0073308854507723,0.13861017020370506,0.0072775346776862045,0.43007411541612933,False,False,True,NA (no labels_train),NA,NA
breakhis_convnext_tiny_s43_std_r3,1,2056,29,768,delete-a-group,29,0.017644788934518818,0.5024666931017572,0.513353446088699,1576.5180144004853,-10.33183616893656,0.001025977316039205,0.025890155482271852,0.026173486105731277,162.89012472810217,1.7158512189706472,1.1358962664082726,-10.734675701139897,-9.904561638299993,-10.261455243319551,1.0068587665148985,0.12686413408868538,0.0068120442935994865,0.3688871693619621,False,False,True,NA (no labels_train),NA,NA
breakhis_convnext_tiny_s43_std_r4,0,2132,33,768,delete-a-group,33,0.02096177680513378,0.5450503592769538,0.5530379640681795,1550.9537532679797,-12.767679199259627,0.0014265223732344567,0.02987614628508973,0.029743528523450545,138.14042059515884,2.1806593194276167,1.1984888538450977,-13.363355683012957,-11.958497862417621,-12.677441700581488,1.0071179580872378,0.1344948776379256,0.007067650844749606,0.38994619010832055,False,False,True,NA (no labels_train),NA,NA
breakhis_convnext_tiny_s43_std_r4,1,2114,28,768,delete-a-group,28,0.01927506805161272,0.5313122074844205,0.5471114349898553,1661.3518363945095,-13.105848491494058,0.0011691993315903588,0.027665236661550834,0.02860797651733891,110.97346719962528,1.8262909998133836,1.1355516988603256,-13.652112081250154,-12.661960154349908,-13.006850366827454,1.0076112296116735,0.14796491078173044,0.007553736389586349,0.4061763271764718,False,False,True,NA (no labels_train),NA,NA
breakhis_densenet121_s42_std_r0,0,1831,27,1024,delete-a-group,27,0.025124868534388445,0.5130161145206267,0.40837452058528295,1040.3054049168468,-10.551366524429085,0.001838122541636867,0.03167311859500485,0.024110602215443876,58.18863719744561,1.4457543588043884,1.1727008099181493,-11.115170300827726,-10.106597328487345,-10.474511857184233,1.0073373029972885,0.014341327463471928,0.007283859115965202,0.4007459480161378,False,False,True,NA (no labels_train),NA,NA
breakhis_densenet121_s42_std_r0,1,1830,29,1024,delete-a-group,29,0.027314503720011762,0.5286198983410403,0.42101498566255724,1066.1581723388408,-11.915630591045652,0.0017874224254857676,0.02923480434903879,0.022452581715213606,58.26011690862148,1.8712816485276742,1.1656460330257696,-12.54030412061879,-11.454321420238921,-11.833083209143869,1.0069759825434166,0.013993751654945126,0.006927655340693104,0.4063338134370967,False,False,True,NA (no labels_train),NA,NA
breakhis_densenet121_s42_std_r1,0,1938,30,1024,delete-a-group,30,0.029151919089668632,0.5325978104567286,0.42766926923258664,1002.2617516011605,-12.277331980262229,0.001760381733462478,0.029438068065995582,0.02070618481780096,68.132725568281,1.9797076722090423,1.2296836609827246,-13.053303143785863,-11.574198777749084,-12.190882229008874,1.007091344960059,0.013330751629404216,0.007041411879416197,0.41724085697992536,False,False,True,NA (no labels_train),NA,NA
breakhis_densenet121_s42_std_r1,1,1959,26,1024,delete-a-group,26,0.024675489054639232,0.49420653518002355,0.3856133553029462,1050.4416121625745,-10.488670527201892,0.0018674308984981056,0.035019141307294666,0.024043053362372554,87.58371331402728,1.9125040232975163,1.1249288307183427,-11.082089929792234,-10.33826829449955,-10.40373902587704,1.0081635555364856,0.015960073027937713,0.008097451541125695,0.4013763350149837,False,False,True,NA (no labels_train),NA,NA
breakhis_densenet121_s42_std_r2,0,1951,29,1024,delete-a-group,29,0.028372133439202085,0.5226840689019236,0.4206743584928584,1057.7308057056773,-12.549611687002342,0.0019565946402540953,0.024113114924128615,0.019961128900941698,61.08776253739843,1.928347949996739,1.1824216628778734,-13.448777075866944,-12.212121869169538,-12.458470815310891,1.0073155745229536,0.014529952199871346,0.00726244556123154,0.41514287856098386,False,False,True,NA (no labels_train),NA,NA
breakhis_densenet121_s42_std_r2,1,1963,28,1024,delete-a-group,28,0.0275493562529171,0.4867530283475511,0.3979292597879314,1004.7167149455529,-11.732906010804909,0.001725327959221578,0.03237646509532972,0.02362600064869981,74.02782669760067,1.9079728701538659,1.2059628859836677,-12.372095773829171,-11.099231674015414,-11.633649879485217,1.0085318135192223,0.015992556890909778,0.008459637469888934,0.4203014678943829,False,False,True,NA (no labels_train),NA,NA
breakhis_densenet121_s42_std_r3,0,2086,29,1024,delete-a-group,29,0.030852821127268837,0.5524317046822789,0.4506801703822158,1092.0061498261832,-15.460716025308264,0.0018171650746801227,0.026698077346316906,0.021065611187844214,64.56145896975748,2.2168384131491914,1.1638531634445588,-16.040280827764004,-14.764979601384947,-15.355754372552546,1.0068353302748403,0.014049960848618481,0.006788925725296491,0.4557757255908601,False,False,True,NA (no labels_train),NA,NA
breakhis_densenet121_s42_std_r3,1,2056,29,1024,delete-a-group,29,0.026658076305757006,0.527735141447711,0.43089580065709926,953.3550241245733,-10.00885817623922,0.0017049083816703552,0.03223641383564011,0.021786352329089487,73.92347498867004,1.7934522621460736,1.1358962664082726,-10.401250119596124,-9.625369953839815,-9.949683367317977,1.0059474062376315,0.010768690757329641,0.005912243722438104,0.39149461604226604,False,False,True,NA (no labels_train),NA,NA
breakhis_densenet121_s42_std_r4,0,2132,33,1024,delete-a-group,33,0.030915460716622767,0.5366462328868802,0.435747511349967,991.4974323471284,-12.78862547594641,0.001985700626226265,0.029561147205743363,0.022430810526017708,61.945437005167335,2.1333138218293364,1.1984888538450977,-13.398309863440291,-12.045523335281397,-12.703549530289747,1.0066970216043802,0.012508103667842517,0.006652469869938731,0.4144362815322503,False,False,True,NA (no labels_train),NA,NA
breakhis_densenet121_s42_std_r4,1,2114,28,1024,delete-a-group,28,0.028609139483352086,0.5301956533099847,0.4244953321419845,1015.7297946327518,-12.513361074198428,0.0017384625780614415,0.02624697146592575,0.020433513928061257,72.97973683906862,1.9223393075586555,1.1355516988603256,-13.03393154946994,-12.122775114394058,-12.429357329678023,1.0067584946101618,0.012914644898791303,0.006713123997805309,0.42772603575515805,False,False,True,NA (no labels_train),NA,NA
breakhis_densenet121_s43_std_r0,0,1831,27,1024,delete-a-group,27,0.02497368623314633,0.4730201545456475,0.40168211776053964,1003.0740387796719,-9.946817628473719,0.0017762656471544194,0.028742543495119125,0.02272407329507566,53.17000370542875,1.3668812982224359,1.1727008099181493,-10.477807386985024,-9.516268618959856,-9.867501013884633,1.0080381663480429,0.01504022412609673,0.007974069451322249,0.39390504071277593,False,False,True,NA (no labels_train),NA,NA
breakhis_densenet121_s43_std_r0,1,1830,29,1024,delete-a-group,29,0.02729366630947405,0.4972925100413722,0.4218922754609453,1026.9824391246636,-11.311746186484193,0.001736203795541899,0.027551925884187034,0.021654194124032623,51.68700920303616,1.6071004989744937,1.1656460330257696,-11.90463387672617,-10.863729740042658,-11.228152277703398,1.0074450280610099,0.014291092200310666,0.007390009234885108,0.40057459191537154,False,False,True,NA (no labels_train),NA,NA
breakhis_densenet121_s43_std_r1,0,1938,30,1024,delete-a-group,30,0.02851827794533901,0.5448808783220356,0.4518119316444098,1008.4133570814373,-11.95850079324311,0.001762515323185009,0.027623491283954443,0.021778623801741562,60.529853735163066,1.9221150054184575,1.2296836609827246,-12.71421044728871,-11.263278460857935,-11.878325135805465,1.0067497443049414,0.01281035766167624,0.006704490706974482,0.41304115047761425,False,False,True,NA (no labels_train),NA,NA
breakhis_densenet121_s43_std_r1,1,1959,26,1024,delete-a-group,26,0.02523505472775278,0.519958515292278,0.41362401467166243,1102.458979045801,-11.604684105600395,0.001928526794610175,0.03454225053327342,0.025401917820338776,92.50378230376154,2.0733074172696035,1.1249288307183427,-12.256786380277394,-11.451822506997898,-11.519974538845434,1.007353277255025,0.015190161330944193,0.007299601263086617,0.41408054793559523,False,False,True,NA (no labels_train),NA,NA
breakhis_densenet121_s43_std_r2,0,1951,29,1024,delete-a-group,29,0.0283223657406505,0.543244622982429,0.4411556870606654,1089.4800171965092,-13.031352243581741,0.00204161466643719,0.025587369914038212,0.020908465535423484,64.78038267418447,2.0327658362160768,1.1824216628778734,-13.962747281279096,-12.68792179520906,-12.936581568408615,1.007325789635537,0.014959836353424624,0.007272512737103154,0.4192477450921072,False,False,True,NA (no labels_train),NA,NA
breakhis_densenet121_s43_std_r2,1,1963,28,1024,delete-a-group,28,0.027319410027567437,0.5089093628186706,0.4213523086321331,1038.736300095862,-12.114692452198474,0.0018877790118548795,0.031494928317696756,0.023082872902584702,80.7005809808512,2.0527044136496455,1.2059628859836677,-12.774759256728624,-11.467610043520958,-12.017803964778635,1.0080620792038044,0.01564965198099625,0.007997601903815321,0.42349519797178314,False,False,True,NA (no labels_train),NA,NA
breakhis_densenet121_s43_std_r3,0,2086,29,1024,delete-a-group,29,0.031049533351187764,0.5575913516864075,0.46661802633059113,1096.3853776461629,-15.693273359787545,0.001748186616580683,0.025999307201369153,0.02207091313899385,65.17027815866945,2.1747534246049027,1.1638531634445588,-16.281576837923858,-14.992208716228872,-15.58987449583087,1.0066324372261193,0.013635913042406309,0.006588737836022383,0.45795658348632123,False,False,True,NA (no labels_train),NA,NA
breakhis_densenet121_s43_std_r3,1,2056,29,1024,delete-a-group,29,0.026573832538327014,0.5346096538950693,0.43836506795586566,958.4109098729048,-10.030428633412747,0.001633072965742053,0.030685208777469605,0.02193233866565177,69.02270388629594,1.6749178077037175,1.1358962664082726,-10.423673407920177,-9.64625209566101,-9.97348985981047,1.0057090120311565,0.010348335316225081,0.005676604229315288,0.3915986697232959,False,False,True,NA (no labels_train),NA,NA
breakhis_densenet121_s43_std_r4,0,2132,33,1024,delete-a-group,33,0.030648171902510346,0.5346228324948523,0.444253409439982,993.9358672530689,-12.661031044651956,0.0019885196649741606,0.028879705092340884,0.022419444546430474,56.90456611030486,2.1160742732786093,1.1984888538450977,-13.26388248835116,-11.920972122779332,-12.574874974075803,1.0068514455017463,0.012854127947027892,0.006804822630345425,0.4128009974463508,False,False,True,NA (no labels_train),NA,NA
breakhis_densenet121_s43_std_r4,1,2114,28,1024,delete-a-group,28,0.02875963324703079,0.5390129053878154,0.4434260315499324,1054.0251547138866,-13.273878664497532,0.0018825939980149605,0.02463131795505856,0.020713640491569343,81.95536300784246,2.2395499674999675,1.1355516988603256,-13.825400789956857,-12.871113169686433,-13.185232208776583,1.0067231622710402,0.013368505127667605,0.006678263223698448,0.43496414997876354,False,False,True,NA (no labels_train),NA,NA
breakhis_effb3_s42_std_r0,0,1831,27,1536,delete-a-group,27,0.005811360480194927,0.5298027282200704,0.5018758047929386,6266.595203128488,-9.245920443776019,0.0005153075012029523,0.03673793250225865,0.03146274684919415,609.5382753208328,1.267809688907851,1.1727008099181493,-9.700766927893358,-8.607189520138906,-9.174239931236542,1.0078132371811441,0.1414202515956664,0.007752663780243529,0.2519188333092578,False,False,True,NA (no labels_train),NA,NA
breakhis_effb3_s42_std_r0,1,1830,29,1536,delete-a-group,29,0.006218951352629176,0.5515582727944485,0.5156908919075592,6418.550992007603,-10.108139046271127,0.0006273219451948231,0.033304335290887756,0.031026085610327107,598.2915371077505,2.0135495870326743,1.1656460330257696,-10.591079174128433,-9.439413494454097,-10.036644689020605,1.0071233324946467,0.13412814540237838,0.007072949523473024,0.25144001529252336,False,False,True,NA (no labels_train),NA,NA
breakhis_effb3_s42_std_r1,0,1938,30,1536,delete-a-group,30,0.0070449477485254874,0.5314261024587307,0.4942787068523383,5916.463269526364,-11.808969660118706,0.0008001142319391197,0.03550476074599832,0.02664757130240562,609.3908006708442,2.505374023837949,1.2296836609827246,-12.5033951218904,-10.76656095740869,-11.717511974691616,1.0078052137368947,0.13726120999662736,0.007744764196995217,0.2811224033387774,False,False,True,NA (no labels_train),NA,NA
breakhis_effb3_s42_std_r1,1,1959,26,1536,delete-a-group,26,0.005999951756838762,0.5174049805955259,0.49017063264781124,6146.069915428419,-9.80849616939731,0.0005925519093294581,0.04137253080832863,0.03739267216988019,579.3441806377467,1.8504022336055428,1.1249288307183427,-10.381147316659202,-9.523590383312822,-9.728748491295628,1.0081971158133065,0.1523607285164847,0.008130469413904327,0.2638224331445182,False,False,True,NA (no labels_train),NA,NA
breakhis_effb3_s42_std_r2,0,1951,29,1536,delete-a-group,29,0.006960516287766172,0.5630490796628879,0.5284216496355842,6240.280151407026,-12.1302970331847,0.0007843451096975792,0.03245612049026312,0.032087489770781116,692.7836615458724,2.4107059204994656,1.1824216628778734,-13.030775992780788,-11.551091813214372,-12.0406722975718,1.007443499282924,0.1385946538004263,0.007388502966391868,0.27720763983502444,False,False,True,NA (no labels_train),NA,NA
breakhis_effb3_s42_std_r2,1,1963,28,1536,delete-a-group,28,0.0069014153202622275,0.5116186523123708,0.4914552903067831,5755.3414826381695,-11.600693872016162,0.000710283375888397,0.04074829396046214,0.03298994180250433,604.2771665419123,2.7790297459909743,1.2059628859836677,-12.189551017522387,-10.661780029306662,-11.501839448774511,1.0085946620696555,0.14322862657847965,0.008521423315902877,0.28957298348208094,False,False,True,NA (no labels_train),NA,NA
breakhis_effb3_s42_std_r3,0,2086,29,1536,delete-a-group,29,0.007673663568984579,0.5635159154710945,0.5322794586216747,6063.970085387787,-14.706783999157793,0.0007349111656435619,0.03193164888507451,0.029396316000218033,493.8844879774303,2.847991646359923,1.1638531634445588,-15.212288828072937,-13.69666145299759,-14.605313256152328,1.0069475225368905,0.13666278193149295,0.0068995874972580425,0.31387091337360823,False,False,True,NA (no labels_train),NA,NA
breakhis_effb3_s42_std_r3,1,2056,29,1536,delete-a-group,29,0.006536104078770699,0.5591692427866625,0.525578313716353,5315.470679636638,-9.311661493774793,0.000500660604116486,0.03752499277154096,0.029958313407321656,638.6139036002096,1.7215097832101147,1.1358962664082726,-9.652116358074094,-8.78759758880002,-9.25303270073699,1.0063361705220315,0.11710218369693459,0.0062962762421077114,0.2663320371291185,False,False,True,NA (no labels_train),NA,NA
breakhis_effb3_s42_std_r4,0,2132,33,1536,delete-a-group,33,0.008128060390350078,0.5619269721012459,0.5271569647454142,5654.160914153034,-14.006250917261806,0.0007822363125549855,0.03443199835301178,0.02702885190215345,688.9431104605635,3.22156329303024,1.1984888538450977,-14.57605771198565,-12.831311031517176,-13.908237461958437,1.0070471514145092,0.1320305290134216,0.006997836600412012,0.3026335074133954,False,False,True,NA (no labels_train),NA,NA
breakhis_effb3_s42_std_r4,1,2114,28,1536,delete-a-group,28,0.007091964292750497,0.564541030180179,0.5346830503012154,5533.618004470983,-11.64819680393126,0.0005148390140939579,0.03055335208155284,0.026931136712445267,440.34729834104974,1.5704694991418648,1.1355516988603256,-12.117684724107493,-11.076613045625269,-11.567012058648167,1.0070186444754672,0.13342760804763823,0.006969726443469119,0.2947443388157078,False,False,True,NA (no labels_train),NA,NA
breakhis_efficientnet_v2_s_s42_std_r0,0,1831,27,1280,delete-a-group,27,0.007872392847057319,0.6332206175783499,0.6138631163649677,3805.1369970415158,-8.537679818338553,0.0007863572196756902,0.03556382495496971,0.03519667378467578,451.3862952243875,1.3350014883799777,1.1727008099181493,-8.97005393119692,-8.00041096092599,-8.502541441627018,1.0041326910257093,0.057237825357326196,0.0041156821828874915,0.28383876070033576,False,False,True,NA (no labels_train),NA,NA
breakhis_efficientnet_v2_s_s42_std_r0,1,1830,29,1280,delete-a-group,29,0.008779510896817944,0.6520303512527932,0.6340589239123962,4212.09560094195,-11.028265861126284,0.0009511642632101982,0.035769393508895776,0.04114477056262119,392.0030489196206,2.7943433775637816,1.1656460330257696,-11.580781925819645,-10.395625218152444,-10.97865081899446,1.0045192294526741,0.06517559729927082,0.004498897900776288,0.2968796507668502,False,False,True,NA (no labels_train),NA,NA
breakhis_efficientnet_v2_s_s42_std_r1,0,1938,30,1280,delete-a-group,30,0.00957200065352004,0.6137450590963256,0.5900572823185867,3759.6803483786025,-11.443395869808983,0.0009437619999903593,0.032751544057153116,0.03056375981746244,263.6735664120905,2.369643199657951,1.2296836609827246,-12.138847894715774,-10.531521046413923,-11.382754306994759,1.0053274946624262,0.07585143128921674,0.005299262867783402,0.3162960147072883,False,False,True,NA (no labels_train),NA,NA
breakhis_efficientnet_v2_s_s42_std_r1,1,1959,26,1280,delete-a-group,26,0.007841974935116847,0.5851353221796229,0.5647743021600273,4133.349381649274,-9.603190686431764,0.0008800014468404877,0.04363493274893393,0.046224687619250845,468.8847665178299,2.2156596634994195,1.1249288307183427,-10.16358474315641,-9.359091516875736,-9.553618848490611,1.0051888021416078,0.08342807962857808,0.0051620174543854985,0.29474085849177534,False,False,True,NA (no labels_train),NA,NA
breakhis_efficientnet_v2_s_s42_std_r2,0,1951,29,1280,delete-a-group,29,0.009410150408147078,0.6035369709778182,0.5794263916328036,4096.29685974272,-12.187330098375337,0.0010104483862149072,0.032697326759663824,0.035982043592235995,268.0656065469122,2.6132134453549014,1.1824216628778734,-13.091428128408717,-11.680597461640218,-12.124908078919198,1.0051482468196744,0.08123770969076347,0.005121878126896836,0.31455056325720254,False,False,True,NA (no labels_train),NA,NA
breakhis_efficientnet_v2_s_s42_std_r2,1,1963,28,1280,delete-a-group,28,0.009265274736219298,0.5754911436320711,0.560594030353504,3827.767031429854,-11.614084627182661,0.0008628011161250687,0.04083353551169771,0.03846219211086641,400.0043758282461,2.78121901864343,1.2059628859836677,-12.223454424509738,-10.765641908353892,-11.54249027919054,1.006202677780998,0.08722885561229413,0.0061644417352147525,0.32545857477892054,False,False,True,NA (no labels_train),NA,NA
breakhis_efficientnet_v2_s_s42_std_r3,0,2086,29,1280,delete-a-group,29,0.01085478139578755,0.6809719100679003,0.6618320877225361,4244.532503925307,-16.973998300054284,0.0010066505605712424,0.0276435437505345,0.03153446313203004,360.36361352520123,3.6799716925491865,1.1638531634445588,-17.589372679952604,-15.96805439006045,-16.91000517778308,1.0037843348714806,0.06158167296614816,0.003770067672918065,0.36702258969974266,False,False,True,NA (no labels_train),NA,NA
breakhis_efficientnet_v2_s_s42_std_r3,1,2056,29,1280,delete-a-group,29,0.008911583178402793,0.6611365877947475,0.6362017081669409,3615.1339690410964,-9.81457696763959,0.0006421999470666892,0.037478363722796885,0.037401568649798295,527.8986365413966,2.1656569329689086,1.1358962664082726,-10.184776107295724,-9.31755755709895,-9.782855120300471,1.0032425960467606,0.04843610898415824,0.003232115601488631,0.30365914221104207,False,False,True,NA (no labels_train),NA,NA
breakhis_efficientnet_v2_s_s42_std_r4,0,2132,33,1280,delete-a-group,33,0.010448463611082648,0.6522688318596905,0.626501867885467,3770.297673083957,-12.983598411784087,0.0010486194817823002,0.03210804810240379,0.0319197266971687,682.7090726986263,3.7135669219969163,1.1984888538450977,-13.539454026875779,-11.97585925026111,-12.927839827230269,1.0043130627621462,0.06592259523118452,0.004294540140983638,0.32816925269971536,False,False,True,NA (no labels_train),NA,NA
breakhis_efficientnet_v2_s_s42_std_r4,1,2114,28,1280,delete-a-group,28,0.009801904851824306,0.6441648911187261,0.6225319007441564,3699.8028164736966,-12.236101182498402,0.0007834718404112097,0.02903410418708105,0.031322947392199985,318.6878456951259,1.7615091384396375,1.1355516988603256,-12.7398137547084,-11.708024457290533,-12.186292847925046,1.0040872425433167,0.06404694800661863,0.004070604993410756,0.33603347978490783,False,False,True,NA (no labels_train),NA,NA
breakhis_fm_conch_v1_5_s42_std_r0,0,1831,27,768,delete-a-group,27,0.03919613040640313,0.25651621548167325,0.2592885427574941,401.05953609429383,-5.442225312230729,0.0017686104305476922,0.017417881928881128,0.016279339220044337,12.794007047562026,0.45493357993590194,1.1727008099181493,-5.728214906062599,-5.158611028296314,-5.386201365056949,1.010401383716776,0.008676348899016048,0.010294308662280796,0.3426340696214193,False,False,True,NA (no labels_train),NA,NA
breakhis_fm_conch_v1_5_s42_std_r0,1,1830,29,768,delete-a-group,29,0.04233520317199513,0.2585546986974824,0.261105008854879,392.6674324554886,-5.6969933718598815,0.0023297626171197216,0.01975023850611139,0.01788652526160611,12.6039033269341,0.367467436751294,1.1656460330257696,-5.990581664517946,-5.413630169998182,-5.637740970734776,1.0105099545070768,0.008534305904243863,0.010400644209589699,0.3391396651520177,False,False,True,NA (no labels_train),NA,NA
breakhis_fm_conch_v1_5_s42_std_r1,0,1938,30,768,delete-a-group,30,0.043031374828795044,0.23851522508300638,0.24469823333189827,386.8222788015813,-5.77174190111418,0.0021737602845997342,0.016579389461556692,0.015248075917612583,11.300310943111167,0.5171396457289736,1.2296836609827246,-6.128855700735925,-5.347907733109033,-5.709339265927044,1.0109299224096826,0.008754506346131244,0.010811750812192438,0.34299607475113936,False,False,True,NA (no labels_train),NA,NA
breakhis_fm_conch_v1_5_s42_std_r1,1,1959,26,768,delete-a-group,26,0.03694127260640978,0.2505046599986067,0.25196575688460365,413.79586375854433,-5.170755354075569,0.00176916439433533,0.019544357011874267,0.01766693305390185,10.79689081541719,0.44296167000528763,1.1249288307183427,-5.47058535905918,-5.062445393849401,-5.124304479672012,1.0090648154472135,0.00798980386336897,0.008983382740578506,0.33522540897717884,False,False,True,NA (no labels_train),NA,NA
breakhis_fm_conch_v1_5_s42_std_r2,0,1951,29,768,delete-a-group,29,0.041300303800802185,0.2777569080376614,0.27772881750988404,403.0147171970236,-5.6589797663479535,0.002195302738352922,0.019228360018980904,0.01757958368194832,10.936466398413168,0.43728929654914855,1.1824216628778734,-6.077300162041695,-5.4433958080544365,-5.604764071150828,1.0096731449368561,0.00820197286768676,0.009580471646060358,0.33673106490215826,False,False,True,NA (no labels_train),NA,NA
breakhis_fm_conch_v1_5_s42_std_r2,1,1963,28,768,delete-a-group,28,0.04101670791619172,0.23260812743129144,0.23902530939743555,397.98185714331555,-5.800383399844053,0.0020202989106326077,0.016783751044331333,0.015661963645442763,12.108477522971796,0.4778479014036459,1.2059628859836677,-6.110030905924415,-5.40879045651927,-5.741904863972703,1.0101845184231928,0.008470497473547391,0.010081839740614844,0.3517482279089315,False,False,True,NA (no labels_train),NA,NA
breakhis_fm_conch_v1_5_s42_std_r3,0,2086,29,768,delete-a-group,29,0.0438104654038034,0.2620072802762299,0.26601798875131505,410.3574607446849,-6.618025215271134,0.0018448901396156865,0.01902017261323921,0.01750167452830379,12.455856270076437,0.4000936946083297,1.1638531634445588,-6.857519833559827,-6.223107811104135,-6.555377151528408,1.0095567443786386,0.008312411888402937,0.009466277583555444,0.3646342694221866,False,False,True,NA (no labels_train),NA,NA
breakhis_fm_conch_v1_5_s42_std_r3,1,2056,29,768,delete-a-group,29,0.03975937357157566,0.2631471923143668,0.2643190848599979,412.0289668707201,-5.5684100750280505,0.002245432769743845,0.013700600056114213,0.012845506624460365,10.284579388794105,0.5011122251473035,1.1358962664082726,-5.782721775697962,-5.313279630568325,-5.5188833039486225,1.008974056589309,0.007943458827266693,0.008894239183557083,0.33688674867887025,False,False,True,NA (no labels_train),NA,NA
breakhis_fm_conch_v1_5_s42_std_r4,0,2132,33,768,delete-a-group,33,0.043381469816348384,0.25647572548437403,0.259195595586004,402.97968654163043,-5.914452330973128,0.0020923239379896977,0.0175319978510029,0.016212598525633993,10.839507928721646,0.5622377785858476,1.1984888538450977,-6.170776049143256,-5.465298129949306,-5.858968763131451,1.0094698521335044,0.008130496372867066,0.009381015305697382,0.33514578787067645,False,False,True,NA (no labels_train),NA,NA
breakhis_fm_conch_v1_5_s42_std_r4,1,2114,28,768,delete-a-group,28,0.040707686337410065,0.25369534849599307,0.25715271957055064,411.4158625460036,-5.908496109900336,0.0023454216737761858,0.016827135704881695,0.01609399238777325,9.285822972135449,0.511196295415095,1.1355516988603256,-6.152858978784655,-5.6645250464291985,-5.854286773303634,1.0092597678753807,0.008158864279279315,0.009174811252878588,0.3495558227085277,False,False,True,NA (no labels_train),NA,NA
breakhis_fm_dinov2_vitb14_s42_std_r0,0,1831,27,768,delete-a-group,27,0.015444564103639702,0.16166616520174848,0.1640170936823503,1194.4930827875378,-5.8183837715041635,0.0007096278944524491,0.013294301600586334,0.012608255507644201,21.713055305396928,0.4073097781733962,1.1727008099181493,-6.119047184092375,-5.482672620437968,-5.7522162116331295,1.0115029681494272,0.07855984364109939,0.01137215461707654,0.31179985365847357,False,False,True,NA (no labels_train),NA,NA
breakhis_fm_dinov2_vitb14_s42_std_r0,1,1830,29,768,delete-a-group,29,0.01746002296550664,0.15785708232408457,0.1605415771696588,1165.8854534642269,-6.56488161543975,0.0008541001498930085,0.013379298460910221,0.012812722839141238,40.45521061679134,0.6528567828248364,1.1656460330257696,-6.899172237603055,-6.214382823358167,-6.484326585851798,1.0124230370758491,0.07800943277439489,0.012270598969903073,0.31854015410030856,False,False,True,NA (no labels_train),NA,NA
breakhis_fm_dinov2_vitb14_s42_std_r1,0,1938,30,768,delete-a-group,30,0.017890678003716687,0.1618156350725185,0.1642382713067863,1141.7729420282446,-6.7524269305864735,0.0008971697381504947,0.011441886151560455,0.010630156280415375,29.723932946774386,0.804742718501896,1.2296836609827246,-7.165921809003559,-6.230798801674245,-6.671034372074251,1.0122008902926571,0.0787010153576057,0.012053822921583746,0.32657777978119723,False,False,True,NA (no labels_train),NA,NA
breakhis_fm_dinov2_vitb14_s42_std_r1,1,1959,26,768,delete-a-group,26,0.014824176757584961,0.15966764159575997,0.16134980368297072,1155.0860800534365,-5.2152479702896315,0.0007080098352874256,0.012456863208162024,0.011601534378022253,31.583655566534848,0.46395609056978504,1.1249288307183427,-5.519398208571302,-5.0867002595364195,-5.162846990742817,1.0101496286139744,0.07169101012829147,0.010047648711112868,0.3015118041094791,False,False,True,NA (no labels_train),NA,NA
breakhis_fm_dinov2_vitb14_s42_std_r2,0,1951,29,768,delete-a-group,29,0.016701429996703876,0.15822465728172352,0.16129326571543495,1128.1338172166265,-5.834152269425699,0.00066748600483905,0.012029597808227599,0.01142545581880841,20.790622840466632,0.4235316987156218,1.1824216628778734,-6.267270061165638,-5.583560815765041,-5.766076807477396,1.011806201030833,0.07723905133265926,0.011668441069846092,0.3060315117542951,False,False,True,NA (no labels_train),NA,NA
breakhis_fm_dinov2_vitb14_s42_std_r2,1,1963,28,768,delete-a-group,28,0.01676854628934621,0.15813767374879073,0.16076892051520977,1180.0948097137193,-6.624591663879421,0.0007164526678405777,0.010177265062288643,0.009374239445471425,21.630874553648773,0.6150004428899841,1.2059628859836677,-6.9736943660897115,-6.1489937825129655,-6.557008408346435,1.0103070259063507,0.07395774581766376,0.010201874917284916,0.3313549221491966,False,False,True,NA (no labels_train),NA,NA
breakhis_fm_dinov2_vitb14_s42_std_r3,0,2086,29,768,delete-a-group,29,0.01830254000151388,0.1636864368015709,0.1663887721980946,1137.8034203345358,-7.166164345536524,0.000587319945909742,0.011893593221490192,0.010956544525418402,16.878386631567565,0.506299102341784,1.1638531634445588,-7.4200036982342095,-6.708246419863903,-7.088728832926645,1.0109237515547493,0.07582837355692502,0.010805712634557424,0.3404001664821645,False,False,True,NA (no labels_train),NA,NA
breakhis_fm_dinov2_vitb14_s42_std_r3,1,2056,29,768,delete-a-group,29,0.016147550143277734,0.16824818152216614,0.16794170189753627,1177.6833336921698,-5.969807195510206,0.0007328331119811998,0.013037492493614264,0.01208496806385824,25.92113178338917,0.5507521932167683,1.1358962664082726,-6.196107474632388,-5.673850556628731,-5.912053158216027,1.0097688629903332,0.0750544295578965,0.009674355536576624,0.31088742766427874,False,False,True,NA (no labels_train),NA,NA
breakhis_fm_dinov2_vitb14_s42_std_r4,0,2132,33,768,delete-a-group,33,0.018140713251444396,0.16208432745661527,0.1631116007001764,1144.3038254722235,-6.656869551573122,0.0008250365984176735,0.011696789568806537,0.010968123567912817,18.874800242233828,0.724958294380822,1.1984888538450977,-6.936048924039272,-6.122479260135424,-6.585126577178628,1.0108946993734524,0.07809039237562682,0.010777284103087132,0.31722573982515595,False,False,True,NA (no labels_train),NA,NA
breakhis_fm_dinov2_vitb14_s42_std_r4,1,2114,28,768,delete-a-group,28,0.016501904957457403,0.14708775350714065,0.15086585488388468,1147.5307586875276,-6.133129380678063,0.0007812610810557251,0.012378808771767886,0.011864288811114706,29.391515277381192,0.5633931986099933,1.1355516988603256,-6.383922788006538,-5.855053964591067,-6.069664405722515,1.0104560929094717,0.07584610471876728,0.010347894364578315,0.32052821326854425,False,False,True,NA (no labels_train),NA,NA
breakhis_fm_dinov2_vitl14_s42_std_r0,0,1831,27,1024,delete-a-group,27,0.012396083420585624,0.14981110072760095,0.1552095625119893,1814.0284465548086,-7.162189988586108,0.0007058998908164994,0.012543302526286788,0.011971529126471266,65.30007564596045,0.5877237211431815,1.1727008099181493,-7.532862643364334,-6.752159989722378,-7.066265261681229,1.0135750249038988,0.08344999427999196,0.013393211721239823,0.31423991824638997,False,False,True,NA (no labels_train),NA,NA
breakhis_fm_dinov2_vitl14_s42_std_r0,1,1830,29,1024,delete-a-group,29,0.013599095795327476,0.14798257152306382,0.15345906684876806,1814.6566679313112,-7.952338834338279,0.0007310451530851276,0.012193939024052757,0.011516792829800691,61.948582785952816,0.7566442180840229,1.1656460330257696,-8.357080383542286,-7.526698570713733,-7.842513937160902,1.0140037873132726,0.08531972493244953,0.013810389555227672,0.3177977347455873,False,False,True,NA (no labels_train),NA,NA
breakhis_fm_dinov2_vitl14_s42_std_r1,0,1938,30,1024,delete-a-group,30,0.014091810444063713,0.16504296134744556,0.16885304095356604,1835.156575961243,-8.733456400840558,0.0006245037797916363,0.013869855573917901,0.012492417820336122,87.37031272584085,1.1867254184483902,1.2296836609827246,-9.270764799781354,-8.073088082278902,-8.626371838298098,1.012413627020695,0.08299852210499195,0.012261418346595693,0.3335709774100661,False,False,True,NA (no labels_train),NA,NA
breakhis_fm_dinov2_vitl14_s42_std_r1,1,1959,26,1024,delete-a-group,26,0.011471222194299302,0.14886473408328083,0.1528418529535184,1786.736825357373,-6.225380474363251,0.000546440190418708,0.013917790073445744,0.012727909126380596,49.17361812821506,0.49144273569582414,1.1249288307183427,-6.588478213497336,-6.0712235569106445,-6.159119679567657,1.0107581599713689,0.07452132278442462,0.010643653840671057,0.3005026890092078,False,False,True,NA (no labels_train),NA,NA
breakhis_fm_dinov2_vitl14_s42_std_r2,0,1951,29,1024,delete-a-group,29,0.013120846071763337,0.1507368862567695,0.15616011434679108,1754.5786705134233,-7.207706233882947,0.0004655475694909023,0.012496675018706174,0.011858128079125741,37.7345323405233,0.5095610740985296,1.1824216628778734,-7.742669434805745,-6.901796676129563,-7.117862626160249,1.0126222733482515,0.0814953146476782,0.012464937499859463,0.3091825080437355,False,False,True,NA (no labels_train),NA,NA
breakhis_fm_dinov2_vitl14_s42_std_r2,1,1963,28,1024,delete-a-group,28,0.013120714972435055,0.16053350822928492,0.16397090566079509,1865.0895166374705,-8.276428383439686,0.0005320122700138792,0.013047584777692429,0.011514242907212261,63.15801351826996,0.8890106068401968,1.2059628859836677,-8.71358661111701,-7.68800489267811,-8.188932992465283,1.0106845899282495,0.07634662719649267,0.01057163632920136,0.33463405432095583,False,False,True,NA (no labels_train),NA,NA
breakhis_fm_dinov2_vitl14_s42_std_r3,0,2086,29,1024,delete-a-group,29,0.014001553085930873,0.15856887078044968,0.16431041936594123,1810.1130764862241,-8.760677853338965,0.0004577100841326385,0.013652601861910234,0.012669250372283045,58.130700567078634,0.8404679733478426,1.1638531634445588,-9.071471174220402,-8.203254616932815,-8.666188690411277,1.0109031970458058,0.07878313104900223,0.010785599528885201,0.3419370996561265,False,False,True,NA (no labels_train),NA,NA
breakhis_fm_dinov2_vitl14_s42_std_r3,1,2056,29,1024,delete-a-group,29,0.01302965567810832,0.16707378176831122,0.16896647657024938,1768.8419071022165,-7.3687200201609055,0.0006150025460352136,0.013716928025787254,0.012533027539625367,62.08270048355109,0.6482126314695115,1.1358962664082726,-7.6489828172147245,-7.0089538293285285,-7.283604442660594,1.01168591432585,0.07925762105605118,0.011550931134231536,0.3160271495739881,False,False,True,NA (no labels_train),NA,NA
breakhis_fm_dinov2_vitl14_s42_std_r4,0,2132,33,1024,delete-a-group,33,0.014282473980897659,0.1581199140693863,0.16211934914716314,1784.7582898937349,-8.320259849583353,0.0006188519056345225,0.013279490613300356,0.012582222688774717,48.045584639540834,1.0421398280921848,1.1984888538450977,-8.672990270002304,-7.66373903066468,-8.229479346653651,1.0110311356412378,0.07974991658992106,0.010910777376051324,0.3228416142836536,False,False,True,NA (no labels_train),NA,NA
breakhis_fm_dinov2_vitl14_s42_std_r4,1,2114,28,1024,delete-a-group,28,0.013622498529434313,0.14347449528514433,0.14948757803158808,1763.881067096396,-8.141879369487405,0.0007911753109131769,0.013974859297919135,0.013169578034788092,57.99254156185446,0.8390251674729622,1.1355516988603256,-8.476858935807787,-7.788843591251622,-8.039347173582161,1.0127537962587523,0.08345673668399498,0.012593185338693875,0.33457594662231765,False,False,True,NA (no labels_train),NA,NA
breakhis_fm_uni_s42_std_r0,0,1831,27,1024,delete-a-group,27,0.014525587350313507,0.19178115925984618,0.19062051426567758,1944.547484528129,-10.35759329698536,0.0005568943977154507,0.014289853116964978,0.012789058348213438,85.27984465497535,0.7264086586320151,1.1727008099181493,-10.904911591580003,-9.842192682841741,-10.054639882848878,1.0301307075804136,0.23209909656889868,0.02924940239009569,0.35597071046042983,False,False,True,NA (no labels_train),NA,NA
breakhis_fm_uni_s42_std_r0,1,1830,29,1024,delete-a-group,29,0.015530120943851089,0.1886216438070859,0.18843269360961368,1993.368638866466,-11.330896297610394,0.00047310701720995114,0.013858966239349345,0.012739348998573442,90.49133692262916,0.5837911380864516,1.1656460330257696,-11.919286239446148,-10.801341360993066,-11.040911628674726,1.0262645584611454,0.21609216342517373,0.025592385749468288,0.3566502021953694,False,False,True,NA (no labels_train),NA,NA
breakhis_fm_uni_s42_std_r1,0,1938,30,1024,delete-a-group,30,0.016481382169185377,0.20187641623319397,0.1988378985956596,1886.4747462650334,-11.874151643513688,0.0007884811003172309,0.01228042174211536,0.010706165078478038,76.65149180088834,1.340551331348196,1.2296836609827246,-12.618312436505054,-11.07734356124013,-11.537665087124283,1.0291641813008523,0.2239512945633828,0.028337734474968797,0.3710849170039123,False,False,True,NA (no labels_train),NA,NA
breakhis_fm_uni_s42_std_r1,1,1959,26,1024,delete-a-group,26,0.01381256666569819,0.1742964096392241,0.17641333514084576,1950.2965206773831,-9.661555132464256,0.0005584561478144342,0.01161121786219602,0.01078040777886009,84.38968170952515,0.6675159010898618,1.1249288307183427,-10.219565449495496,-9.47427512646229,-9.431310707861353,1.0244127705824584,0.21041841892546306,0.023830990088670793,0.35010395712398434,False,False,True,NA (no labels_train),NA,NA
breakhis_fm_uni_s42_std_r2,0,1951,29,1024,delete-a-group,29,0.015836205917963975,0.19074719868440249,0.190918020926171,1946.02246449469,-11.432658358607307,0.0005316963006997098,0.014302037616470706,0.013101446478279195,101.24354633541633,0.6525941658085478,1.1824216628778734,-12.27213976691376,-11.039715327125798,-11.140321309071266,1.026241348110669,0.21931566663925464,0.02557034771496948,0.361492030584074,False,False,True,NA (no labels_train),NA,NA
breakhis_fm_uni_s42_std_r2,1,1963,28,1024,delete-a-group,28,0.015614035564520456,0.18551320402236038,0.1853606241973882,1932.0629709196053,-11.702288575323331,0.0006985317512314739,0.009660798031208138,0.008825517506462424,61.712273589819496,1.1134737573791516,1.2059628859836677,-12.334279867308153,-10.972781523789692,-11.378885827095749,1.0284213017989412,0.2275669338639103,0.0276358548283917,0.3771927169290449,False,False,True,NA (no labels_train),NA,NA
breakhis_fm_uni_s42_std_r3,0,2086,29,1024,delete-a-group,29,0.016994687258233165,0.19690923836376362,0.19640931582064403,1957.3800990046495,-13.496376554529824,0.0005737846603710223,0.009815395961967842,0.009089285097990656,59.27100729834541,0.9904870114668719,1.1638531634445588,-13.994384975667689,-12.760455889149663,-13.148218347142919,1.0264794969321878,0.22344589772379445,0.025796420689674117,0.39525608276013435,False,False,True,NA (no labels_train),NA,NA
breakhis_fm_uni_s42_std_r3,1,2056,29,1024,delete-a-group,29,0.015624193787836083,0.19262955739437893,0.19142032481835508,1903.7868007401019,-11.101415460275053,0.0005274677834636381,0.012424305810573865,0.011018814128016854,80.29458315665217,0.8433007878379157,1.1358962664082726,-11.533648863304009,-10.63564724748137,-10.842159334285773,1.0239118535335894,0.2110566834083615,0.023353429742089576,0.3645019507639684,False,False,True,NA (no labels_train),NA,NA
breakhis_fm_uni_s42_std_r4,0,2132,33,1024,delete-a-group,33,0.01794267978971431,0.19599572297308954,0.19470484818829062,1850.174720468059,-12.839952346734886,0.0007125160954948062,0.01027128081904809,0.009097471042932272,68.73906311097693,1.3323188311165508,1.1984888538450977,-13.430566359665999,-11.98911739272546,-12.51318037474985,1.0261142221400743,0.21616922912472272,0.025449624979965987,0.37693603289148714,False,False,True,NA (no labels_train),NA,NA
breakhis_fm_uni_s42_std_r4,1,2114,28,1024,delete-a-group,28,0.015985533586930223,0.18423768366525117,0.184470600647956,1847.6180294330443,-11.408774739432461,0.00044778751809633526,0.013625576918080277,0.012681954066833787,71.96015366107524,0.7258017528243484,1.1355516988603256,-11.883441930694532,-10.978246914399739,-11.107359040637391,1.0271365765428409,0.22369099933485495,0.026419638013649258,0.37607241728409224,False,False,True,NA (no labels_train),NA,NA
breakhis_fm_virchow2_s42_std_r0,0,1831,27,2560,delete-a-group,27,0.005198903958203327,0.21250752517768667,0.20866015336430277,7770.533761240407,-9.771729738965503,0.0002581954458060165,0.015002402959965844,0.01276490360705998,550.1300633138217,0.8570022608955178,1.1727008099181493,-10.246371301523045,-9.073485803963719,-9.689827820971663,1.0084523605070237,0.051077009383504485,0.008381516904550653,0.23985756133831507,False,False,True,NA (no labels_train),NA,NA
breakhis_fm_virchow2_s42_std_r0,1,1830,29,2560,delete-a-group,29,0.005997145420150396,0.24646880804288607,0.23364194216556156,7499.747264564873,-11.374814720625908,0.0002657707524446757,0.02041292636063635,0.016379405346363504,576.0772506994782,0.7286608094062997,1.1656460330257696,-11.917793883159575,-10.62069813424994,-11.277619339619909,1.0086184307236314,0.04948370325128739,0.00854478805969081,0.2507415021909684,False,False,True,NA (no labels_train),NA,NA
breakhis_fm_virchow2_s42_std_r1,0,1938,30,2560,delete-a-group,30,0.00688344859864487,0.22031326788300765,0.21830602738652446,6671.799113252732,-13.091319018696435,0.000630799021136662,0.013147805110513791,0.012477011508273456,538.0039880071556,2.612425748315949,1.2296836609827246,-13.861997695949455,-11.938995293529466,-12.956665386670062,1.0103926147668292,0.05313285821472538,0.01028571924907379,0.2821267123366732,False,False,True,NA (no labels_train),NA,NA
breakhis_fm_virchow2_s42_std_r1,1,1959,26,2560,delete-a-group,26,0.005300232471369792,0.23201489304854883,0.22316911207454943,7405.060303193191,-9.826063757677275,0.0002833518163010781,0.016568631306034334,0.013473369513642126,582.5762407745924,0.7781991598721827,1.1249288307183427,-10.399071114719256,-9.52226857427909,-9.751621253543787,1.0076338592525254,0.04520873512861077,0.007576024944406172,0.24845818436396075,False,False,True,NA (no labels_train),NA,NA
breakhis_fm_virchow2_s42_std_r2,0,1951,29,2560,delete-a-group,29,0.006005902748588476,0.24901721151970713,0.24019726250536355,7310.37337102944,-11.323589225878727,0.0002645490006852409,0.017491345856247068,0.014945516845245548,527.6876629537002,0.6575874671674404,1.1824216628778734,-12.161976945555754,-10.741006705259784,-11.233089921923925,1.0080564924329656,0.04702992509471025,0.007992104106706333,0.2558476199039336,False,False,True,NA (no labels_train),NA,NA
breakhis_fm_virchow2_s42_std_r2,1,1963,28,2560,delete-a-group,28,0.006227227153042025,0.2142310087070326,0.20975822402330357,7199.937744262376,-12.64987007080815,0.0005418965385723471,0.011954138173516439,0.010725529497178539,450.70969598696365,2.272743652236783,1.2059628859836677,-13.28478779777993,-11.597558945780793,-12.536853115631855,1.0090147785998527,0.050691754847504086,0.008934238418551224,0.2796179764281055,False,False,True,NA (no labels_train),NA,NA
breakhis_fm_virchow2_s42_std_r3,0,2086,29,2560,delete-a-group,29,0.006865001772284551,0.23973219573125315,0.23240545293472575,7224.395758129691,-14.978673332249912,0.0005141296188461039,0.017452943153722877,0.014047276925027765,472.91086759073386,2.3157741507712686,1.1638531634445588,-15.483573648658355,-13.909921381263016,-14.851891105197865,1.0085364366163225,0.049458331944740946,0.00846418265755737,0.29946051949585695,False,False,True,NA (no labels_train),NA,NA
breakhis_fm_virchow2_s42_std_r3,1,2056,29,2560,delete-a-group,29,0.006100456741947591,0.2332092470238546,0.22781645485114585,7165.0421392307535,-11.777426223211643,0.00020584525079251145,0.013592500367200493,0.011964342260427318,388.43963045084047,0.9007499561492905,1.1358962664082726,-12.208490257120161,-11.116591148067286,-11.689645004819464,1.0075093142996205,0.04425110537689685,0.007453344791001486,0.2674362178477792,False,False,True,NA (no labels_train),NA,NA
breakhis_fm_virchow2_s42_std_r4,0,2132,33,2560,delete-a-group,33,0.007668524229495488,0.22503680083557498,0.22426964190784238,6478.403205182666,-14.944216043978908,0.0005065036951016947,0.013583937047652908,0.012624217030762299,358.20285151350475,2.424536056428525,1.1984888538450977,-15.545936058452003,-13.67335557015318,-14.806140067470512,1.0093255889704673,0.04859433149873114,0.009239425882365286,0.29803144270715914,False,False,True,NA (no labels_train),NA,NA
breakhis_fm_virchow2_s42_std_r4,1,2114,28,2560,delete-a-group,28,0.006051603659747884,0.22178950746239168,0.21700968116390548,7041.991162473715,-11.821275743283806,0.00022170009052877292,0.013752740223039113,0.0131013871294732,438.7380011867274,0.7403353011000627,1.1355516988603256,-12.29122463601142,-11.206848278268053,-11.729169504486183,1.007852750253323,0.046220778890773744,0.007791565038989393,0.27523351085907133,False,False,True,NA (no labels_train),NA,NA
breakhis_mobilenet_v3_large_s42_std_r0,0,1831,27,960,delete-a-group,27,0.011254283697014755,0.4392619618413578,0.4175336436387247,2123.8243389827926,-7.472507947992074,0.0008245137371230563,0.030333168186722402,0.026318671333081127,106.44620282403514,0.9107322545586107,1.1727008099181493,-7.858189573534933,-7.038806201651064,-7.408459433553995,1.0086453216100495,0.12044459216468456,0.008571220650931495,0.30994986751130704,False,False,True,NA (no labels_train),NA,NA
breakhis_mobilenet_v3_large_s42_std_r0,1,1830,29,960,delete-a-group,29,0.012384259774030681,0.4496834491213971,0.4243604462159238,2196.9142414078874,-8.705398420849212,0.0008680071647140039,0.025898593660133303,0.024328693749979455,122.36105168741977,1.1858364411365958,1.1656460330257696,-9.148332643388574,-8.238736166182647,-8.63399412271799,1.008270135132863,0.12240281982051375,0.008202300995231887,0.31734275758532066,False,False,True,NA (no labels_train),NA,NA
breakhis_mobilenet_v3_large_s42_std_r1,0,1938,30,960,delete-a-group,30,0.013490934612419347,0.44543316438958813,0.41878274521539005,2017.037729695986,-9.176842548262078,0.0009750043335018187,0.030979694593455818,0.023839714871671094,114.3710642586695,1.3037731079874957,1.2296836609827246,-9.741725528933127,-8.48471003603307,-9.099482890998539,1.0085015443394114,0.11465368203458717,0.00842987736323208,0.3343956762961836,False,False,True,NA (no labels_train),NA,NA
breakhis_mobilenet_v3_large_s42_std_r1,1,1959,26,960,delete-a-group,26,0.011990825579470843,0.41271745925808123,0.39763572320082047,2037.5293658096916,-7.990343893528906,0.0008648989958617121,0.033032297536063376,0.029650601911314644,106.7951057793324,1.1510862778820095,1.1249288307183427,-8.454801276637266,-7.813198969657234,-7.912405967984146,1.0098500918507114,0.12447121017192551,0.009754013917708809,0.32385872325543713,False,False,True,NA (no labels_train),NA,NA
breakhis_mobilenet_v3_large_s42_std_r2,0,1951,29,960,delete-a-group,29,0.013402798626207413,0.45866782621783264,0.43703344276493894,2145.713527302331,-9.724798011132442,0.0010314793712596683,0.025251983178595307,0.022904192988951515,136.4470432513959,1.3364489891150688,1.1824216628778734,-10.443904506571968,-9.351972662129686,-9.638813266456268,1.0089206775045023,0.12112629725840955,0.008841802634640334,0.3351632053057623,False,False,True,NA (no labels_train),NA,NA
breakhis_mobilenet_v3_large_s42_std_r2,1,1963,28,960,delete-a-group,28,0.013049551683286587,0.4063996092870019,0.39399792534987554,2007.1336088712653,-9.035997277199973,0.0008682743667393032,0.030636670025032543,0.025807468563932807,118.69137046363777,1.4555754353021395,1.2059628859836677,-9.515439503495825,-8.406593152608366,-8.943739011485059,1.0103154022715155,0.1244759846987466,0.010210081176950318,0.3414658234431772,False,False,True,NA (no labels_train),NA,NA
breakhis_mobilenet_v3_large_s42_std_r3,0,2086,29,960,delete-a-group,29,0.014367582060220818,0.45087284920495807,0.42976060578082476,2097.187985229646,-11.077935853281831,0.0008266931075515784,0.029095051222805514,0.0243698347749599,110.05409488474011,1.4001243708982265,1.1638531634445588,-11.478839653572441,-10.416961689860383,-10.988244739220054,1.0081624605376367,0.12230078882221565,0.008096374202709129,0.3646760789547704,False,False,True,NA (no labels_train),NA,NA
breakhis_mobilenet_v3_large_s42_std_r3,1,2056,29,960,delete-a-group,29,0.012576329137519382,0.4574254384889813,0.43081082282287825,1980.94232796196,-8.054969874371306,0.0007001414638052717,0.03123374258933581,0.02487109223582978,128.99356663619574,1.1191281614246433,1.1358962664082726,-8.3622954585867,-7.667654580779735,-7.999812737699494,1.0068948034760716,0.10419182159370313,0.006847590684020664,0.3211101949519921,False,False,True,NA (no labels_train),NA,NA
breakhis_mobilenet_v3_large_s42_std_r4,0,2132,33,960,delete-a-group,33,0.014586163652765993,0.4522852751132145,0.42976719829098387,1971.430484118557,-9.818031907259613,0.0009747706004005749,0.029933595746526074,0.024285466072399568,110.38665621738765,1.5664759697785444,1.1984888538450977,-10.245997729536603,-9.080491981609248,-9.736402023766388,1.008383988591881,0.11699909693800092,0.008314281748551543,0.3385914196293763,False,False,True,NA (no labels_train),NA,NA
breakhis_mobilenet_v3_large_s42_std_r4,1,2114,28,960,delete-a-group,28,0.013836177652028159,0.4435666662725313,0.42546363571772033,1969.4760625578383,-9.647275180923634,0.0007551838636136875,0.0267162806943021,0.022654494127468686,106.25871342534224,1.2190680449989495,1.1355516988603256,-10.04643233653842,-9.250758897385115,-9.563364818891896,1.0087741462990074,0.11993646209595851,0.008697830263788852,0.35094890129274287,False,False,True,NA (no labels_train),NA,NA
breakhis_regnet_y_3_2gf_s42_std_r0,0,1831,27,1512,delete-a-group,27,0.007205429173695821,0.38196763713343274,0.35397166293667714,3697.561840057846,-7.149643271187815,0.0005338878273001289,0.029500706267688935,0.02483656013993708,247.22022434766512,1.0164079276091857,1.1727008099181493,-7.50580305598103,-6.673694917120111,-7.05593289560876,1.0132810752264063,0.10785950601661115,0.013107000171140831,0.2648372942131037,False,False,True,NA (no labels_train),NA,NA
breakhis_regnet_y_3_2gf_s42_std_r0,1,1830,29,1512,delete-a-group,29,0.00814752074668501,0.3837965989891927,0.3601835051075136,3673.733462963673,-8.300232154937756,0.0005723062152979965,0.029200276360862084,0.02645879221874761,211.81565621742735,1.2537407862084415,1.1656460330257696,-8.706982347956934,-7.787084283529474,-8.184710643184097,1.0141143061483624,0.11044850312073289,0.013917865138860888,0.27344514134354087,False,False,True,NA (no labels_train),NA,NA
breakhis_regnet_y_3_2gf_s42_std_r1,0,1938,30,1512,delete-a-group,30,0.0084112142942675,0.41961467925093665,0.38557365219994744,3849.174771494093,-9.54359872033956,0.000653337476245952,0.025918597940136835,0.021987492169838918,271.66609102108896,1.8075984776638732,1.2296836609827246,-10.110969125564113,-8.72582641971642,-9.43899349496154,1.0110822436135651,0.10074002148159719,0.010960773649784965,0.2915408115728459,False,False,True,NA (no labels_train),NA,NA
breakhis_regnet_y_3_2gf_s42_std_r1,1,1959,26,1512,delete-a-group,26,0.007677069636468192,0.3744001193280777,0.35783061690535634,3527.997298022416,-7.683559435231301,0.0005806632144518508,0.029212200145840195,0.026523264878053492,199.8573740545393,1.180119927549094,1.1249288307183427,-8.132250618176485,-7.4748413818423485,-7.57479243714425,1.0143590730689456,0.11007027697655003,0.014155808776375569,0.27967072809716537,False,False,True,NA (no labels_train),NA,NA
breakhis_regnet_y_3_2gf_s42_std_r2,0,1951,29,1512,delete-a-group,29,0.008619270702853177,0.4286559783124734,0.4029042579663846,3722.1196294898814,-9.426273094962612,0.0007504432114833827,0.02601667494919944,0.02438525773479515,237.23851388966835,1.573541752764043,1.1824216628778734,-10.126383500344883,-8.996438303279314,-9.302300323334583,1.0133271091363334,0.11010789882523979,0.013151833219671909,0.2899542698588004,False,False,True,NA (no labels_train),NA,NA
breakhis_regnet_y_3_2gf_s42_std_r2,1,1963,28,1512,delete-a-group,28,0.008304439413633458,0.38412826097284847,0.3595876615869459,3619.1782259991296,-9.100042339452994,0.0005163701548833917,0.027772129526087104,0.024317195023810384,249.87061910808896,1.6239893429041026,1.2059628859836677,-9.566365338168914,-8.382023518872634,-8.97663129945664,1.0137480348562187,0.1115531472659329,0.013561589649018357,0.29867102762614944,False,False,True,NA (no labels_train),NA,NA
breakhis_regnet_y_3_2gf_s42_std_r3,0,2086,29,1512,delete-a-group,29,0.009187960707474296,0.43404846457310875,0.4056756579370901,3925.8325759065146,-11.833794838239138,0.0006387039647793877,0.02327002517573584,0.021899631957431977,199.48623402557467,1.853773627971358,1.1638531634445588,-12.245793587768969,-11.043698911331719,-11.7011726100385,1.0113340972414049,0.10915773369881802,0.011207075161730057,0.3243982347172981,False,False,True,NA (no labels_train),NA,NA
breakhis_regnet_y_3_2gf_s42_std_r3,1,2056,29,1512,delete-a-group,29,0.00765655255343356,0.3999878411759553,0.3718146589757239,3554.8288315027603,-7.481679327019871,0.0005589496458189916,0.026189603644577578,0.02374991343338571,252.69070963300874,1.1287169047993146,1.1358962664082726,-7.756664692064096,-7.067011217116802,-7.400554154376439,1.0109620402676815,0.10041194768956342,0.010843176925593513,0.27190192312729605,False,False,True,NA (no labels_train),NA,NA
breakhis_regnet_y_3_2gf_s42_std_r4,0,2132,33,1512,delete-a-group,33,0.009431497256645716,0.4187630037437474,0.39412666825401943,3583.571928858771,-10.363437438742364,0.0007584534168739839,0.02517024451239194,0.023126870840104407,206.16973606323762,2.1044410395781274,1.1984888538450977,-10.785396168171381,-9.495057711074889,-10.24128656027163,1.0119272981721443,0.10573730430637147,0.011786714513669756,0.3030105498633416,False,False,True,NA (no labels_train),NA,NA
breakhis_regnet_y_3_2gf_s42_std_r4,1,2114,28,1512,delete-a-group,28,0.008876592483169521,0.4084451699689181,0.38817695016461,3574.1144857135373,-10.023970133340663,0.0005951875691026969,0.023679224740399428,0.02245359274350032,220.81233628896211,1.467286759934369,1.1355516988603256,-10.432106932230802,-9.557280652192466,-9.89906929920513,1.0126174320393497,0.1074431900468244,0.012460216109393739,0.3120179812541186,False,False,True,NA (no labels_train),NA,NA
breakhis_resnet18_s42_std_r0,0,1831,27,512,delete-a-group,27,0.02526977317528256,0.5158875070192201,0.5087035524412121,902.6339878690975,-8.736208041469355,0.0020173863045705245,0.03266395553944704,0.03135900189724815,51.220448758379824,1.4865423865820369,1.1727008099181493,-9.201348433297827,-8.338585598901224,-8.681856198484883,1.006260394291483,0.10468663990484504,0.006221445589032739,0.3806269737547595,False,False,True,NA (no labels_train),NA,NA
breakhis_resnet18_s42_std_r0,1,1830,29,512,delete-a-group,29,0.02734339859132251,0.5196167018169892,0.5135422974395698,899.362960321505,-9.425431544208358,0.001955961196798929,0.026120528114301926,0.026200518293196758,36.42620996668189,1.3823518210514814,1.1656460330257696,-9.918224849602906,-9.0226184775093,-9.365587940293361,1.006389732742515,0.10473334012791355,0.006349163285979127,0.380844383598878,False,False,True,NA (no labels_train),NA,NA
breakhis_resnet18_s42_std_r1,0,1938,30,512,delete-a-group,30,0.028783071129968696,0.5523980236881905,0.535051049589699,869.5964620797657,-9.864894483822372,0.001966442372219651,0.03173080227502567,0.028035777677411805,37.56665493914449,1.4851178706374253,1.2296836609827246,-10.486689023437465,-9.247838009190472,-9.812799626805,1.005308867907082,0.09728055662728177,0.0052808326640291885,0.3920469104481994,False,False,True,NA (no labels_train),NA,NA
breakhis_resnet18_s42_std_r1,1,1959,26,512,delete-a-group,26,0.0255904947197112,0.5016313704804585,0.5013713250594651,903.863024489268,-9.001889215851712,0.002022431318085545,0.036267938652434606,0.03464063681414907,53.656118959198295,1.6106685065841966,1.1249288307183427,-9.514845167838772,-8.860038328129532,-8.937542991431572,1.00719954292604,0.1123870950993785,0.007148080017118132,0.38639975425365874,False,False,True,NA (no labels_train),NA,NA
breakhis_resnet18_s42_std_r2,0,1951,29,512,delete-a-group,29,0.02845736913802499,0.522203828533418,0.5186949029897887,898.6820330646115,-10.051290434861654,0.002195706964304031,0.02631312242226629,0.027420203730175084,50.16673206236886,1.7201436411917428,1.1824216628778734,-10.780906777930912,-9.747331422441794,-9.983860620352758,1.0067538817971313,0.10787998705782939,0.006708572888812841,0.39038911760619793,False,False,True,NA (no labels_train),NA,NA
breakhis_resnet18_s42_std_r2,1,1963,28,512,delete-a-group,28,0.027454175952852156,0.49109592889691334,0.4888114884050403,874.7757706382839,-9.613210968129348,0.001785354822334143,0.033732083893396395,0.03036520989190762,52.95741431920369,1.6104551300870302,1.2059628859836677,-10.135392288903782,-9.052427623076037,-9.547896822765063,1.0068406840351014,0.10909249328603515,0.006794207011665505,0.39755988745733073,False,False,True,NA (no labels_train),NA,NA
breakhis_resnet18_s42_std_r3,0,2086,29,512,delete-a-group,29,0.03077950926116102,0.547260274089642,0.5411005823437678,912.8259648932822,-12.033933104304415,0.0017589455041851904,0.026833698375462185,0.025353039491535032,39.473135582141865,1.59782442008197,1.1638531634445588,-12.483173898581235,-11.437264977562156,-11.96878727834026,1.0054429763391357,0.09895138658340633,0.005413510728329778,0.42599104744412986,False,False,True,NA (no labels_train),NA,NA
breakhis_resnet18_s42_std_r3,1,2056,29,512,delete-a-group,29,0.026319802535078485,0.5278392547100618,0.5205164634432831,837.628270859462,-8.147128634341998,0.0018104162424277277,0.03075597092067003,0.027735343039683984,45.888932432753116,1.4073114024484397,1.1358962664082726,-8.464670382537486,-7.808906627372286,-8.106896643393492,1.0049626870451458,0.08962872839238853,0.004938180401242014,0.36772290524466694,False,False,True,NA (no labels_train),NA,NA
breakhis_resnet18_s42_std_r4,0,2132,33,512,delete-a-group,33,0.03078781874347969,0.5354053672766835,0.528379559367713,865.8512518906472,-10.498045145519708,0.002002029543424325,0.030493272266753545,0.02822869869356792,39.15633724404492,1.7021366000903746,1.1984888538450977,-10.988659396520355,-9.836569286622943,-10.439774676490671,1.0055815830163708,0.0981178915552253,0.005550601871235556,0.39162365380863384,False,False,True,NA (no labels_train),NA,NA
breakhis_resnet18_s42_std_r4,1,2114,28,512,delete-a-group,28,0.02887030108783417,0.5268432277490414,0.5246289984161804,887.8935323672716,-10.516752471762933,0.0020104763037841803,0.030337149865857435,0.02893351542037234,51.909041214749365,1.7766971172016273,1.1355516988603256,-10.955078388904457,-10.162648834270582,-10.452553100079733,1.0061419799611169,0.10494396543383758,0.0061044863284148414,0.40776521682030503,False,False,True,NA (no labels_train),NA,NA
breakhis_resnet18_s43_std_r0,0,1831,27,512,delete-a-group,27,0.024197398633648448,0.5140460035965138,0.5053975462962212,911.2770366025653,-8.254794044334853,0.0019316234611805145,0.03117524826074078,0.029239804779438477,47.63887447542415,1.3709047235479608,1.1727008099181493,-8.693340798195749,-7.867223621432,-8.207110278814152,1.0058100554154599,0.1079201953036459,0.005776493667146749,0.372195538797117,False,False,True,NA (no labels_train),NA,NA
breakhis_resnet18_s43_std_r0,1,1830,29,512,delete-a-group,29,0.02716724914018942,0.5145660139716142,0.5072421465643961,911.2207601191528,-9.498018631477422,0.001856503868905288,0.027544632003458663,0.027337532770585333,41.207735962197404,1.395604692479931,1.1656460330257696,-9.994657735076684,-9.0929135740606,-9.4410103406115,1.006038367590881,0.10823536500025353,0.00600212455648278,0.381372349348316,False,False,True,NA (no labels_train),NA,NA
breakhis_resnet18_s43_std_r1,0,1938,30,512,delete-a-group,30,0.028660813928437556,0.5365749316591482,0.5270109955534601,857.4275451195039,-9.613152448705101,0.0020100886186085027,0.031498068627969215,0.028977622768807037,41.53317951766004,1.521592188945695,1.2296836609827246,-10.21867236554206,-9.005226149785354,-9.555457844637264,1.0060378691430487,0.10208248457138713,0.00600163207394148,0.3888351791444143,False,False,True,NA (no labels_train),NA,NA
breakhis_resnet18_s43_std_r1,1,1959,26,512,delete-a-group,26,0.025402290203228595,0.49121193704323596,0.49494505929310445,881.8642759558238,-8.596449284789847,0.001962026513333454,0.036860422915353144,0.0360140966234522,51.37027705471247,1.5213377291549757,1.1249288307183427,-9.087502642299757,-8.456294694337027,-8.529572950811483,1.0078405254710907,0.11503199522441176,0.007779529868999686,0.38076118073005505,False,False,True,NA (no labels_train),NA,NA
breakhis_resnet18_s43_std_r2,0,1951,29,512,delete-a-group,29,0.02807602664657438,0.5199781158652276,0.5194302793853023,899.4204276524557,-9.849744348886713,0.0023175744384327157,0.02877666225063999,0.029159149454722224,53.75847867599693,1.8366593478989284,1.1824216628778734,-10.565714945444356,-9.547775591523646,-9.782581499654194,1.006865554785809,0.10573429033769012,0.006818740350363458,0.38739595504617524,False,False,True,NA (no labels_train),NA,NA
breakhis_resnet18_s43_std_r2,1,1963,28,512,delete-a-group,28,0.02802833185867981,0.49183030763330315,0.49565481448172727,868.9438014804782,-9.843008106219463,0.0018411703407000823,0.035105930088166745,0.031388462462692696,48.82031011798896,1.5987875835215757,1.2059628859836677,-10.378064002429964,-9.275910291074036,-9.773469325758748,1.0071150558868016,0.10688425026407804,0.007064789514576863,0.4012913641375345,False,False,True,NA (no labels_train),NA,NA
breakhis_resnet18_s43_std_r3,0,2086,29,512,delete-a-group,29,0.03069053650706388,0.5574366733649929,0.5526602705493905,910.650853528325,-11.940179963443454,0.0017523469300011528,0.027417078062681205,0.027142799271307142,41.87921754694585,1.607835990883727,1.1638531634445588,-12.385794988795979,-11.346114030192888,-11.875329826967336,1.0054609124479938,0.10443186195294693,0.005431252851687731,0.42490251447636856,False,False,True,NA (no labels_train),NA,NA
breakhis_resnet18_s43_std_r3,1,2056,29,512,delete-a-group,29,0.02592237702433231,0.5404792450166156,0.5352547301444557,821.7815197309648,-7.731595762218527,0.001748103033823457,0.030488113495097655,0.027981829260970568,42.970408177416225,1.2745714321268657,1.1358962664082726,-8.032279367158536,-7.403671412791127,-7.693973444078331,1.0048898424739368,0.09294652117934928,0.004866048264453,0.3611765036655234,False,False,True,NA (no labels_train),NA,NA
breakhis_resnet18_s43_std_r4,0,2132,33,512,delete-a-group,33,0.02989825884722075,0.5402538037424683,0.5341522932508126,860.7722091879765,-9.93706892856174,0.002029494120550567,0.030121864902791083,0.027687597849901137,42.082517693650935,1.6385521350520944,1.1984888538450977,-10.397785664071696,-9.29418502921246,-9.881766042142377,1.0055964577772347,0.1017141322609011,0.005565311745036512,0.3839727754340704,False,False,True,NA (no labels_train),NA,NA
breakhis_resnet18_s43_std_r4,1,2114,28,512,delete-a-group,28,0.02858634276746075,0.5339444653701269,0.5320169376137487,884.3436097328779,-10.293698844569812,0.001947856071254666,0.028863860210497427,0.027191068559948104,50.16030485323244,1.689761287026829,1.1355516988603256,-10.722763265302271,-9.943226591525125,-10.232410435529943,1.0059896355239093,0.10686893126478607,0.005953973393363853,0.4047606765326762,False,False,True,NA (no labels_train),NA,NA
breakhis_resnet50_s42_std_r0,0,1831,27,2048,delete-a-group,27,0.0062430037151323114,0.616908183111279,0.6113345703865113,5950.786668206922,-9.817915993142881,0.0006125792732277582,0.03299880791927113,0.03446627340441938,523.4000443062693,1.6605602021552601,1.1727008099181493,-10.30618422756057,-9.160963987849996,-9.772858832602681,1.0046104380828553,0.030832466149901108,0.0045892794939037754,0.26305929432451214,False,False,True,NA (no labels_train),NA,NA
breakhis_resnet50_s42_std_r0,1,1830,29,2048,delete-a-group,29,0.007000719469988037,0.6369027035859813,0.6298651504711676,6128.953704564161,-11.713619998245544,0.0007276229616816599,0.030077488663273276,0.03381754112976413,492.93268885104436,2.5199668372965944,1.1656460330257696,-12.286617885838208,-10.98560367683913,-11.660181825462702,1.0045829622198643,0.0312469100670009,0.004562054496462007,0.2717542261698625,False,False,True,NA (no labels_train),NA,NA
breakhis_resnet50_s42_std_r1,0,1938,30,2048,delete-a-group,30,0.00783507590769994,0.6461127209659573,0.6405254157029587,5763.506424788356,-13.6562223162015,0.0008457111458033971,0.031042064254791387,0.029870902407404063,482.52264010293294,2.995208198115754,1.2296836609827246,-14.47546015850664,-12.517647934555393,-13.591912962238498,1.0047314424497618,0.030572352418883588,0.004709161323970758,0.3009889797309354,False,False,True,NA (no labels_train),NA,NA
breakhis_resnet50_s42_std_r1,1,1959,26,2048,delete-a-group,26,0.006644330590088621,0.6059526832074014,0.6062735266507078,5752.683973119806,-10.777951368179117,0.0007250481276213464,0.03718018334379069,0.038542935583053724,577.4717324730992,2.508080918400413,1.1249288307183427,-11.407333870313881,-10.486204143102176,-10.720874498238796,1.0053239005782315,0.03424886949354026,0.005295706761939457,0.2804842393228949,False,False,True,NA (no labels_train),NA,NA
breakhis_resnet50_s42_std_r2,0,1951,29,2048,delete-a-group,29,0.008117915276261045,0.6102257265739573,0.6079492898509452,5284.375190497538,-12.925786998093802,0.0008592148602100526,0.02938487368432401,0.03177033350576893,378.91863852332506,2.5499739305074,1.1824216628778734,-13.885695228894157,-12.356880284484069,-12.84956771398342,1.005931661345108,0.033710912357240275,0.005896684211307311,0.2995369187288744,False,False,True,NA (no labels_train),NA,NA
breakhis_resnet50_s42_std_r2,1,1963,28,2048,delete-a-group,28,0.007822336171297128,0.5853847604437115,0.5882605829633705,5152.966871497717,-12.531669758946679,0.0005405866965876735,0.03674831519107183,0.034893210316340434,491.53051062697006,2.7843005403022674,1.2059628859836677,-13.18024350525007,-11.571666089707566,-12.458323519601578,1.0058873281970644,0.03275895890956378,0.005852870427960164,0.3090763522001251,False,False,True,NA (no labels_train),NA,NA
breakhis_resnet50_s42_std_r3,0,2086,29,2048,delete-a-group,29,0.008466413110131077,0.6284794501428219,0.622176584001559,5696.6145165127955,-16.050149231451673,0.0008187348200075197,0.028739622488017116,0.028343298520158964,430.647964461822,2.8678996019077783,1.1638531634445588,-16.613336616748985,-14.99867596432692,-15.981481147895757,1.004296728377079,0.028067850029553122,0.004278345488611148,0.33136050160682556,False,False,True,NA (no labels_train),NA,NA
breakhis_resnet50_s42_std_r3,1,2056,29,2048,delete-a-group,29,0.006714873213410688,0.597047004503004,0.589354168619755,5055.326212836072,-9.158956845534544,0.0005602253378197188,0.032276084574446987,0.029798470583222974,424.76556491536934,1.5551122692280548,1.1358962664082726,-9.494611422201524,-8.646943287808309,-9.124094876750082,1.0038208687278447,0.023512295786976393,0.003806325258695779,0.26878361485423596,False,False,True,NA (no labels_train),NA,NA
breakhis_resnet50_s42_std_r4,0,2132,33,2048,delete-a-group,33,0.008546597524792476,0.6306790450897665,0.6278108590703902,5385.2128773007125,-14.3376169023974,0.000775588096872981,0.030103170313093636,0.029116432403811215,391.71832758852327,3.316323287922273,1.1984888538450977,-14.930343065077789,-13.16159618358245,-14.273749129992472,1.0044744917276658,0.028576019858627497,0.004454559836526879,0.3101286803572071,False,False,True,NA (no labels_train),NA,NA
breakhis_resnet50_s42_std_r4,1,2114,28,2048,delete-a-group,28,0.00772171052308368,0.6358471429834475,0.6337739657675681,5445.046456877433,-13.154073201412077,0.000569829985972927,0.025688763335020695,0.02634604518737673,442.1100688761232,2.1366946058738576,1.1355516988603256,-13.689489597210915,-12.540555324713033,-13.094408764782784,1.0045564819077406,0.029286653671389794,0.004535814550802934,0.3114374165266115,False,False,True,NA (no labels_train),NA,NA
breakhis_resnet50_s43_std_r0,0,1831,27,2048,delete-a-group,27,0.006527082878756696,0.6116062079603617,0.6052324538303286,5609.733638607706,-9.892918920207425,0.0006653467389342207,0.033427919611198176,0.033758548852059714,476.4492424221648,1.742452619859606,1.1727008099181493,-10.387538698170756,-9.241970082689248,-9.843173785264986,1.0050537698538764,0.03107461873449851,0.0050283576913613395,0.2688275567675069,False,False,True,NA (no labels_train),NA,NA
breakhis_resnet50_s43_std_r0,1,1830,29,2048,delete-a-group,29,0.007598145197310724,0.6239027165052331,0.6190922628028417,5809.329024440294,-12.659655577533078,0.000713544918304102,0.03123967043612299,0.033878517382710145,481.2920160519762,2.7059416116238664,1.1656460330257696,-13.287405202568792,-11.905840076096794,-12.59390222136755,1.005221047059899,0.03266251317752349,0.005193929310542934,0.2853164122131089,False,False,True,NA (no labels_train),NA,NA
breakhis_resnet50_s43_std_r1,0,1938,30,2048,delete-a-group,30,0.007899849327338337,0.6407609726365947,0.6290765777337748,5667.162247943581,-13.57571002130553,0.0008186053054292961,0.032004954545922046,0.03013852815036565,560.6707906340827,2.856819184376461,1.2296836609827246,-14.39071539141938,-12.446508191369382,-13.511251268563042,1.0047707463551112,0.030270298354545273,0.004748094401053644,0.30179435772072527,False,False,True,NA (no labels_train),NA,NA
breakhis_resnet50_s43_std_r1,1,1959,26,2048,delete-a-group,26,0.00688263283832713,0.5920074294630853,0.592297549593028,5369.23777960868,-10.552168952848737,0.0006833621681391848,0.03954925136459991,0.040611870214372583,473.26957692344433,2.1147198480434115,1.1249288307183427,-11.168309317724848,-10.270765960287537,-10.492062618558858,1.0057287433820268,0.034009452698159894,0.005696111819139512,0.28391846233749046,False,False,True,NA (no labels_train),NA,NA
breakhis_resnet50_s43_std_r2,0,1951,29,2048,delete-a-group,29,0.00781767814801737,0.6284686014569166,0.6249349226766576,5725.950751194873,-13.327555425483421,0.0009182446353545165,0.025703863921724475,0.02837366975197967,453.5434380129907,2.7485146132732687,1.1824216628778734,-14.31739330538634,-12.733505596474355,-13.25622805883233,1.0053806683420452,0.03392138671035667,0.005351871695442905,0.2961382952728731,False,False,True,NA (no labels_train),NA,NA
breakhis_resnet50_s43_std_r2,1,1963,28,2048,delete-a-group,28,0.007892842010323808,0.5980001715308948,0.6010699360567575,5231.812331753833,-12.95145332463368,0.0006190854782992781,0.03280255629561286,0.03121707058906802,466.34588184362923,2.8649797433376545,1.2059628859836677,-13.62338935246787,-11.96701661509286,-12.875502546459929,1.0058988593182823,0.03346481197440317,0.005864266833228198,0.3118018030155632,False,False,True,NA (no labels_train),NA,NA
breakhis_resnet50_s43_std_r3,0,2086,29,2048,delete-a-group,29,0.008480114219245438,0.6586111959563516,0.6542611398708387,6053.353511321485,-17.28345245346462,0.0008438334840632428,0.02655390789835077,0.02780191827370287,481.7068753817764,3.274195019953346,1.1638531634445588,-17.89239095359464,-16.162953720436164,-17.20517535831761,1.0045496249539339,0.03182130980770579,0.004529019613284283,0.3351670866615526,False,False,True,NA (no labels_train),NA,NA
breakhis_resnet50_s43_std_r3,1,2056,29,2048,delete-a-group,29,0.006793624880522375,0.6353934589564366,0.6285338463982024,5176.080955133348,-9.615886577231803,0.0005833361815452252,0.03486287335285199,0.03516875525440883,604.2823520837126,1.824712121626451,1.1358962664082726,-9.96946162517091,-9.083600617668969,-9.577236597386737,1.0040356087533238,0.025367358219015226,0.004019388075622822,0.27235640512390746,False,False,True,NA (no labels_train),NA,NA
breakhis_resnet50_s43_std_r4,0,2132,33,2048,delete-a-group,33,0.008515539353028512,0.6425103007652693,0.6389155560964188,5409.515463611819,-14.326333539209655,0.0007840719169010419,0.032134857610820786,0.030762902766350478,444.5427353749156,3.3731963202610613,1.1984888538450977,-14.917992356709348,-13.14951169585938,-14.263621799124467,1.0043966210663997,0.02826448024101397,0.00437737540547646,0.3096415894235514,False,False,True,NA (no labels_train),NA,NA
breakhis_resnet50_s43_std_r4,1,2114,28,2048,delete-a-group,28,0.007684905773755468,0.6441957264437385,0.6434065153725201,5581.505541676758,-13.437350975770315,0.0006029504466294804,0.028357315759105894,0.029148954344178683,474.47397300785707,2.4394064454548574,1.1355516988603256,-13.984425817365025,-12.811468359861655,-13.377389752481488,1.0044822812520435,0.029626761849472476,0.0044622800577990415,0.31187565374934884,False,False,True,NA (no labels_train),NA,NA
camelyon_conch_v1_5_s42,0,97099,15,768,delete-a-group,15,0.01103916803860061,0.2895412164033626,0.2725663750672074,772.9988233960555,-3.4266426593392487,0.0005365538122090181,0.04652704343999323,0.04648890331650871,33.14061414161707,0.47049072104506584,1.2830292868049298,-3.5846191582496307,-3.0791684510040516,-3.4261755384745136,1.000136338859317,0.0008998385376324813,0.0001363202735663921,0.40150821263382325,False,False,False,NA (no labels_train),NA,NA
camelyon_conch_v1_5_s42,1,205337,15,768,delete-a-group,15,0.009952886076118439,0.3891570861514848,0.364779648012926,926.1002058754183,-4.6860640495900165,0.0006015501003236069,0.09269365125123462,0.08202983666085822,169.03947145758625,1.3162643335612445,2.389117394050938,-5.473080315289433,-3.4986900580257956,-4.685870867096687,1.0000412265934782,0.0004960611861364281,4.1224893916254424e-05,0.508373966361974,False,False,False,NA (no labels_train),NA,NA
camelyon_conch_v1_5_s43,0,145378,15,768,delete-a-group,15,0.01002354128870353,0.2919209346684405,0.27819110808951497,752.7715810998756,-3.423762389600199,0.0009625917462636331,0.03727490762819414,0.026772418941267688,46.817566517804735,0.45556595642920855,2.5097012268898093,-4.20115049504061,-2.5168804190766374,-3.4235172418722115,1.0000716069792168,0.0005785519888156575,7.16018520245769e-05,0.45372020612307384,False,False,False,NA (no labels_train),NA,NA
camelyon_conch_v1_5_s43,1,157058,15,768,delete-a-group,15,0.010751850175327649,0.3903766841255968,0.369509616538146,938.3267767428974,-5.056022332976152,0.000689051403593114,0.0852596888204517,0.08430807122741289,155.67526305980238,1.4568919313596986,2.4237746311347284,-6.239323136444719,-4.042849248241225,-5.055745000512919,1.0000548549151915,0.0006099416852180918,5.4851906294855935e-05,0.5011270516377745,False,False,False,NA (no labels_train),NA,NA
camelyon_conch_v1_5_s44,0,186847,15,768,delete-a-group,15,0.009765101553366184,0.39985768957502366,0.37974419960525385,962.9991093454244,-5.012581335249923,0.0006039178624410573,0.09102314699771416,0.07891073629110351,165.4354474489539,1.246012830643291,2.7328780513859163,-5.927077818056299,-3.6124932344022693,-5.012360208906489,1.0000441162115687,0.0005399345403548675,4.4114265414424344e-05,0.5330152368849171,False,False,False,NA (no labels_train),NA,NA
camelyon_conch_v1_5_s44,1,115589,15,768,delete-a-group,15,0.011182747882379718,0.2987891078193793,0.281678654893621,775.5634034204951,-3.5117080856663576,0.0006179442251058095,0.028168411547632582,0.02441665412040209,24.44403681249157,0.41600172130521945,1.3038136408874754,-3.7142298666111366,-3.164499509448283,-3.511325776931403,1.0001088787424586,0.0007743276866041575,0.00010886688916858156,0.4048603844373105,False,False,False,NA (no labels_train),NA,NA
camelyon_convnext_tiny_s42,0,97099,15,768,delete-a-group,15,0.010958490299672108,0.4386591806840179,0.3674941783621435,1015.9484903969565,-5.150968287894189,0.0006505127262642781,0.15342741030442514,0.10007770188966691,70.34317848322186,0.9703524615955105,1.2830292868049298,-5.402086109035535,-4.7150918363456,-5.150838836644341,1.0000251320714846,0.017005575907002454,2.513143987944456e-05,0.4626531726361769,False,False,False,NA (no labels_train),NA,NA
camelyon_convnext_tiny_s42,1,205337,15,768,delete-a-group,15,0.011287716385248281,0.44454774523466767,0.4001243569797275,1416.4205257952058,-9.863864822303215,0.0004131606220388832,0.08405253857666874,0.06251217282834837,432.5936711318381,4.127554898911381,2.389117394050938,-11.458047761782462,-8.22190132850745,-9.86380243776185,1.000006324593559,0.015338724269527461,6.324553558836563e-06,0.6169444543283447,False,False,False,NA (no labels_train),NA,NA
camelyon_convnext_tiny_s43,0,145378,15,768,delete-a-group,15,0.010538215455629163,0.48168367749203156,0.4221673158965906,967.6891032607239,-5.238784706662228,0.0005791984249612649,0.05709775614845282,0.04834113766443677,113.3434704599187,1.1121867758323845,2.5097012268898093,-6.413884684073824,-4.11100222871078,-5.2387549775004105,1.000005674852507,0.010981672314614544,5.674820303198555e-06,0.5137184484998863,False,False,False,NA (no labels_train),NA,NA
camelyon_convnext_tiny_s43,1,157058,15,768,delete-a-group,15,0.011184723357122173,0.49613930819937613,0.44305901128873704,1370.4475456396024,-8.964838383513387,0.0005652394785401362,0.16058866429955548,0.13476113767406503,410.95603000805954,4.026431354058504,2.4237746311347284,-10.892417808471322,-7.714070062651025,-8.964787035107207,1.0000057277887335,0.015797318541718675,5.727755926225147e-06,0.5848605292175117,False,False,False,NA (no labels_train),NA,NA
camelyon_convnext_tiny_s44,0,186847,15,768,delete-a-group,15,0.01064703834679881,0.48822433411431976,0.4326337810779367,1461.2089154520972,-9.765334201435364,0.00047811581750263784,0.07469428807665165,0.053524835308897414,370.4875693279588,3.52083118277647,2.7328780513859163,-11.47715874036729,-7.890782606384332,-9.765275358955144,1.0000060256857135,0.015618025420547544,6.025649404903011e-06,0.6276873298734101,False,False,False,NA (no labels_train),NA,NA
camelyon_convnext_tiny_s44,1,115589,15,768,delete-a-group,15,0.011359790566812356,0.4434791254917394,0.37644534738003943,1009.9228421512956,-5.381122405909675,0.0005841612878874995,0.08498636701923765,0.05608564849528334,58.91041705900257,0.7923081722098522,1.3038136408874754,-5.703608814577216,-4.947729560168113,-5.381066332134448,1.0000104205694125,0.010963624538844193,1.0420460825435118e-05,0.4690399403056341,False,False,False,NA (no labels_train),NA,NA
camelyon_densenet121_s42,0,97099,15,1024,delete-a-group,15,0.01679117285407894,0.480102795505297,0.3654173745632977,991.4257597212143,-9.279021589085907,0.0008289648895116666,0.16394875655296176,0.10742691485847675,305.9083827670714,4.047290033724922,1.2830292868049298,-9.739226995834251,-8.715576230920702,-9.278796539273607,1.0000242542027242,4.2662192501002774e-05,2.42536144720776e-05,0.5573787671645594,False,False,False,NA (no labels_train),NA,NA
camelyon_densenet121_s42,1,205337,15,1024,delete-a-group,15,0.01651186803253535,0.46869145130398626,0.36183125561845425,1279.0843493403286,-14.122583876413165,0.000740460498136275,0.08695967120103858,0.05855407854417343,1550.573779605635,21.83200135693286,2.389117394050938,-16.257600843259663,-12.318023993043749,-14.122506658211087,1.0000054677405328,1.3271818018986375e-05,5.467710636653317e-06,0.668677013618906,False,False,False,NA (no labels_train),NA,NA
camelyon_dinov2_vitb14_s42,0,97099,15,768,delete-a-group,15,0.008024514875506816,0.13203751890162085,0.13245055638370046,891.3502014143718,-2.5877565783740795,0.000498838631719704,0.031110815395110035,0.03045639395103467,27.897100354273217,0.3821688684958158,1.2830292868049298,-2.700342481056377,-2.2958165134842345,-2.5871713450355514,1.0002262058675206,0.04936286424999571,0.0002261547099981676,0.36170793731042,False,False,False,NA (no labels_train),NA,NA
camelyon_dinov2_vitb14_s42,1,205337,15,768,delete-a-group,15,0.008174392740170733,0.1874375508239302,0.192197818779707,914.671219075824,-3.4826924662555983,0.0006092751559755275,0.07263571408264159,0.06677463668071501,65.67537061320739,0.6894643557955423,2.389117394050938,-4.056446515855956,-2.4801484765329613,-3.4822810189260003,1.0001181545450704,0.03769898984275112,0.00011814058622308538,0.4657397461556686,False,False,False,NA (no labels_train),NA,NA
camelyon_dinov2_vitb14_s43,0,145378,15,768,delete-a-group,15,0.007689105240893057,0.11844393788564711,0.1298631650863004,855.1880151235522,-2.804037249787491,0.0006679333999876264,0.02013335409899066,0.020061331246064344,44.03936798505237,0.3608937438729822,2.5097012268898093,-3.435768270833285,-1.9963419778252167,-2.8035044865190595,1.0001900347479353,0.044359971151448054,0.00018999864159136313,0.42634762141489413,False,False,False,NA (no labels_train),NA,NA
camelyon_dinov2_vitb14_s43,1,157058,15,768,delete-a-group,15,0.008459566970277388,0.19138670644834443,0.19466098177709573,907.1587759276841,-3.424119850543954,0.0005304637132884015,0.05636149934515674,0.05828472430456221,22.1671541351085,0.7157589740428575,2.4237746311347284,-4.23802371430263,-2.58792440862451,-3.4236276700522397,1.000143759935118,0.04051079143275764,0.00014373927116957054,0.4461234874566698,False,False,False,NA (no labels_train),NA,NA
camelyon_dinov2_vitb14_s44,0,186847,15,768,delete-a-group,15,0.007795809129622855,0.19712622596000606,0.20303952650001444,929.200511457607,-3.4895400468347026,0.0005686976396858857,0.06892438078420776,0.06182333863930093,65.4174975340841,0.6230656550697178,2.7328780513859163,-4.112973844131116,-2.3514862032141393,-3.4891047540575557,1.0001247577266463,0.03891213960503945,0.00012474216409748224,0.4816630938591179,False,False,False,NA (no labels_train),NA,NA
camelyon_dinov2_vitb14_s44,1,115589,15,768,delete-a-group,15,0.008573748433003403,0.12861647588904657,0.1324231143880436,889.6263044281242,-2.8670576616393397,0.0006144913981957689,0.021314886488874262,0.020322352451141182,19.350828847186158,0.3885117137069538,1.3038136408874754,-3.02758381394793,-2.5587122051660462,-2.8664551489516836,1.000210194353774,0.04824852123240527,0.0002101501813923721,0.3758086730583344,False,False,False,NA (no labels_train),NA,NA
camelyon_dinov2_vitl14_s42,0,97099,15,1024,delete-a-group,15,0.006553351416138442,0.1156187010658557,0.11971212558704741,1234.2499200064137,-3.141728709154166,0.0003743474222781714,0.024678034679869305,0.024731614039093346,37.54854494928039,0.4030728820860417,1.2830292868049298,-3.2841020344338885,-2.811376614317635,-3.140791593922328,1.0002983691225014,0.05994928135385999,0.0002982801249221765,0.38830461755371837,False,False,False,NA (no labels_train),NA,NA
camelyon_dinov2_vitl14_s42,1,205337,15,1024,delete-a-group,15,0.006798817750386155,0.15434064603480868,0.16908827286522682,1237.036698318162,-4.117055635276469,0.000448024149974492,0.05080999622652561,0.05151204859038809,81.23509723140879,0.7337121829103281,2.389117394050938,-4.8042086220526645,-3.010569834732726,-4.1162293552808356,1.0002007371126134,0.05073205607694352,0.00020069682531219694,0.48942210682323284,False,False,False,NA (no labels_train),NA,NA
camelyon_dinov2_vitl14_s43,0,145378,15,1024,delete-a-group,15,0.006498088454256146,0.10288909174286553,0.1177555626412099,1162.969867178598,-3.4278406795802217,0.0004850042611500252,0.01407020510778483,0.01639218502615124,64.21073750958423,0.38225787949041395,2.5097012268898093,-4.206129371558179,-2.5191540370448458,-3.4269041240837685,1.0002732949223385,0.054103201159806005,0.0002732202526308526,0.4534692818431456,False,False,False,NA (no labels_train),NA,NA
camelyon_dinov2_vitl14_s43,1,157058,15,1024,delete-a-group,15,0.006923657680218298,0.170066893932885,0.1824223961407007,1267.3561454738456,-4.147303168626628,0.00042320385616650947,0.0399960117696407,0.04971275084559492,30.70708891510488,0.7849641656778867,2.4237746311347284,-5.1297766887026475,-3.2230032771884085,-4.14636542533001,1.0002261603116045,0.05470963386930279,0.00022610917468301873,0.4725342714730362,False,False,False,NA (no labels_train),NA,NA
camelyon_dinov2_vitl14_s44,0,186847,15,1024,delete-a-group,15,0.006463338888772818,0.1664210582447837,0.18333737429015978,1261.156956450654,-4.1145395341297215,0.000403920793602373,0.04647963614976818,0.04644685196978179,68.10828986288877,0.6307673170035563,2.7328780513859163,-4.859179183884257,-2.85818138699555,-4.113633511897043,1.0002202486512368,0.052861604548852775,0.0002202001524502404,0.5046607512908015,False,False,False,NA (no labels_train),NA,NA
camelyon_dinov2_vitl14_s44,1,115589,15,1024,delete-a-group,15,0.0070236884495964436,0.11415935623274798,0.12042489297384204,1236.9781340132733,-3.514100642508587,0.0004887324084640703,0.017617977488194703,0.016829921063587414,36.70347959730738,0.4587922388930037,1.3038136408874754,-3.7166707174249987,-3.166136840260299,-3.5131393160926137,1.0002736374306507,0.05900893960746981,0.0002735625736907799,0.4043599278791232,False,False,False,NA (no labels_train),NA,NA
camelyon_effb3_s42,0,97099,15,1536,delete-a-group,15,0.017017069597434986,0.5041166444271517,0.5503001757148891,1037.6578999337728,-10.081929694810498,0.0018629576022227432,0.16366965652131177,0.17406759765800825,371.4989120416481,4.456158185947769,1.2830292868049298,-10.579872813593736,-9.501854176884875,-10.081720357845661,1.0000207640122327,2.001859300528649e-05,2.0763581097383832e-05,0.5709468419873424,False,False,False,NA (no labels_train),NA,NA
camelyon_effb3_s42,1,205337,15,1536,delete-a-group,15,0.014461034529506978,0.4886023761722845,0.5358036761049698,1656.7766405914294,-16.5474686076028,0.0010254147550003672,0.08885568846203548,0.09192354562727202,884.4677320077498,11.117046042244615,2.389117394050938,-18.9526892840867,-14.689140557557932,-16.547397347168676,1.0000043064436435,7.5157749621775615e-06,4.3064250981846195e-06,0.6906632847850986,False,False,False,NA (no labels_train),NA,NA
camelyon_efficientnet_v2_s_s42,0,97099,15,1280,delete-a-group,15,0.006080285120196871,0.4775071010138596,0.4745742767838273,1905.9151337246437,-5.446236572467255,0.000345766287736121,0.16586403856326895,0.15654359731746836,176.77035663327246,0.8005129702484277,1.2830292868049298,-5.7128757448301934,-4.99593340552045,-5.4461185531597085,1.000021670352269,0.0025059394396193826,2.166988267501018e-05,0.46995858500527815,False,False,False,NA (no labels_train),NA,NA
camelyon_efficientnet_v2_s_s42,1,205337,15,1280,delete-a-group,15,0.00624451749149646,0.43169833150747994,0.45316424196788935,2016.3985817382218,-7.176552927872809,0.0002472978758629903,0.09025536476732327,0.08693872244405,606.8660894969597,2.9726239805177226,2.389117394050938,-8.374810528586156,-5.7158430598792975,-7.176519659790924,1.0000046356846302,0.0025811270300286995,4.635663140712198e-06,0.5699524294218489,False,False,False,NA (no labels_train),NA,NA
camelyon_mobilenet_v3_large_s42,0,97099,15,960,delete-a-group,15,0.008039380044168265,0.36150917605478317,0.3819219995202211,1405.2935455948455,-5.255651508662317,0.0005198787177128,0.09948749336347217,0.12407024708905275,104.59515352276986,0.8512670722767735,1.2830292868049298,-5.512261249469531,-4.814435491151977,-5.255341685013177,1.0000589540448004,0.03637977857404924,5.895056942592493e-05,0.4651696234281551,False,False,False,NA (no labels_train),NA,NA
camelyon_mobilenet_v3_large_s42,1,205337,15,960,delete-a-group,15,0.008087428585195955,0.34460800460750296,0.3623880968021257,1537.5726933263336,-7.062431855250135,0.00038830815425586884,0.05878528118955357,0.05952648921398906,409.553930515884,2.7388756214268386,2.389117394050938,-8.242624022474383,-5.613525787127396,-7.062290698189243,1.0000199874328208,0.04171628418995629,1.9987033331367174e-05,0.5679360986691407,False,False,False,NA (no labels_train),NA,NA
camelyon_regnet_y_3_2gf_s42,0,97099,15,1512,delete-a-group,15,0.005783100369597838,0.2853791015283992,0.29129737362931973,2217.0217970115027,-6.322685974217717,0.0002926301342245121,0.05760984122575968,0.07030271188830327,228.415416535308,1.3194526222882794,1.2830292868049298,-6.635389406968587,-5.8380539875429065,-6.321715949178779,1.0001534433129764,0.07816131894987877,0.00015341977173829693,0.4930651245954474,False,False,False,NA (no labels_train),NA,NA
camelyon_regnet_y_3_2gf_s42,1,205337,15,1512,delete-a-group,15,0.005944778359676328,0.31134276607198763,0.31364979201177146,2556.3040116923835,-9.212197601641554,0.00020940816466488374,0.044714550372204266,0.04607691488482536,666.8309594567128,3.3306512374890014,2.389117394050938,-10.715613364792926,-7.601526046264489,-9.211668188762065,1.0000574719875532,0.09670630875313914,5.7468684713654305e-05,0.6061639677627462,False,False,False,NA (no labels_train),NA,NA
camelyon_resnet18_s42,0,97099,15,512,delete-a-group,15,0.022503087244305275,0.5590292757651475,0.5255525855776587,766.7261355177714,-9.76965239189511,0.001460465082349495,0.19951130789184604,0.17854165525275642,190.0223365453033,3.4354192506729677,1.2830292868049298,-10.252966099174554,-9.196783291257354,-9.76949499397001,1.0000161111628798,5.9318400853362795e-05,1.6110903314447182e-05,0.5662259164646372,False,False,False,NA (no labels_train),NA,NA
camelyon_resnet18_s42,1,205337,15,512,delete-a-group,15,0.02103274149443468,0.5282431188401224,0.47693856374307747,2666.6899458013268,-45.92042977205171,0.0018877355947503874,0.09859933133084102,0.07967394766392953,2206.922744981687,41.96662842275289,2.389117394050938,-50.37705918333551,-44.13462973050722,-45.9202962131143,1.0000029084946838,4.609219326431905e-05,2.908486224413926e-06,0.818721646909747,False,False,False,NA (no labels_train),NA,NA
camelyon_resnet50_s42,0,97099,15,2048,delete-a-group,15,0.009531615658913473,0.5371182600104116,0.5273241356078673,1407.6443654636755,-6.785483696271058,0.0011305731797433896,0.18421034151914206,0.17935961750479792,284.7790663002642,1.5022293205415107,1.2830292868049298,-7.122249682193757,-6.287347704766442,-6.785359899338852,1.000018244711267,2.039811634612723e-05,1.824437840354753e-05,0.5057238313632433,False,False,False,NA (no labels_train),NA,NA
camelyon_resnet50_s42,1,205337,15,2048,delete-a-group,15,0.008186605078456033,0.5103371256204551,0.5016655361298928,3884.403610112257,-23.412241395857546,0.0005475870463489686,0.10047553475437322,0.08903886357777963,3312.583684715663,23.091605335663967,2.389117394050938,-26.47500049757396,-21.478669933767712,-23.412164832485416,1.0000032702388983,1.1939680779644694e-05,3.270228203902538e-06,0.736229785214412,False,False,False,NA (no labels_train),NA,NA
camelyon_resnet50_s43,0,145378,15,2048,delete-a-group,15,0.007281514584260962,0.5478484043852481,0.5450210924836115,1354.8985610041689,-4.997457837294416,0.001621200434926299,0.06734901179839074,0.06432234797369843,786.7929308615546,4.3397287998282215,2.5097012268898093,-6.122380958247685,-3.8926003040362396,-4.997447965537623,1.0000019753595957,2.60778529919755e-06,1.9753556936789374e-06,0.5065470326782814,False,False,False,NA (no labels_train),NA,NA
camelyon_resnet50_s43,1,157058,15,2048,delete-a-group,15,0.007704840858161699,0.5753681936304078,0.5553712975837664,2884.3227395767804,-14.562743900633713,0.0015244320937802187,0.19281911447748584,0.1754067884324879,2687.4700432836266,15.652934134017869,2.4237746311347284,-17.313893762252267,-13.171168137863644,-14.56270767109508,1.0000024878298357,6.919715149997002e-06,2.4878236463848767e-06,0.65529160601763,False,False,False,NA (no labels_train),NA,NA
camelyon_resnet50_s44,0,186847,15,2048,delete-a-group,15,0.007777947633786253,0.5725274577565691,0.57102834903672,4651.055064029491,-27.63921082612587,0.0004379950974443711,0.09837364390069435,0.08015240168017719,2379.1543179130567,16.57425958320733,2.7328780513859163,-31.308232701434758,-25.388561683947085,-27.639129180284804,1.0000029539946984,1.2743001930080085e-05,2.9539859723143004e-06,0.7640255103770229,False,False,False,NA (no labels_train),NA,NA
camelyon_resnet50_s44,1,115589,15,2048,delete-a-group,15,0.009241965911209626,0.4986060443095116,0.4886447428621464,1413.0305878851968,-6.511174621012634,0.0008358302136996034,0.10050039922428305,0.0989428286897934,224.89550878815197,1.1275249666550702,1.3038136408874754,-6.903681934225705,-6.038884569856802,-6.5111338641206356,1.0000062595690473,7.597615303505422e-06,6.259529865364328e-06,0.4985867108518238,False,False,False,NA (no labels_train),NA,NA
camelyon_uni_s42,0,97099,15,1024,delete-a-group,15,0.009791769985927345,0.26283122443578777,0.2504010789480332,1540.231539581477,-8.040510770962811,0.00040277389808473547,0.03265804972143202,0.03254174538409815,138.64233444102499,1.2756901314007385,1.2830292868049298,-8.440613103494261,-7.504906959969589,-8.037919666058174,1.0003223601394748,0.09954608088504088,0.00032225625690288805,0.5329622465630035,False,False,False,NA (no labels_train),NA,NA
camelyon_uni_s42,1,205337,15,1024,delete-a-group,15,0.009722390304331974,0.29756257732434843,0.2840636569085894,1798.8221980754697,-11.08136426177759,0.0003612259842245702,0.059190679587531186,0.0467108202762684,479.46851772333224,3.849989924284347,2.389117394050938,-12.84082805051486,-9.377714632365059,-11.080221303559528,1.0001031530135318,0.07420337895896163,0.00010314237408518161,0.6335591165012833,False,False,False,NA (no labels_train),NA,NA
camelyon_uni_s43,0,145378,15,1024,delete-a-group,15,0.00978021694147424,0.24347484818493026,0.2438123704453516,1369.9775665868785,-7.60809647525863,0.0004063039166489659,0.03472728928249837,0.024659084198973318,197.6332064045754,1.4109284388839192,2.5097012268898093,-9.240748398249314,-6.291795981730186,-7.606622474025631,1.0001937786761512,0.07204133531587263,0.00019374113325096374,0.5677144106354511,False,False,False,NA (no labels_train),NA,NA
camelyon_uni_s43,1,157058,15,1024,delete-a-group,15,0.009890122400898926,0.28806722215888103,0.2848673225535574,1895.6352691172985,-11.698363540148598,0.00042444455799278447,0.03992885709258048,0.044154568732752926,419.9025508407828,3.6998800416168502,2.4237746311347284,-14.055860677363215,-10.361771715397046,-11.696460116662111,1.0001627350042237,0.09737298046793569,0.00016270852585098246,0.6238755955394129,False,False,False,NA (no labels_train),NA,NA
camelyon_uni_s44,0,186847,15,1024,delete-a-group,15,0.00949562632551515,0.30180022754043445,0.29155445421469506,1988.809348984003,-12.498446468016832,0.00045780457750346857,0.06295886282988374,0.04668032247442498,468.402847845187,3.7848696420548436,2.7328780513859163,-14.599195895845732,-10.477336390090587,-12.497096843404108,1.0001079950511416,0.08438581603120797,0.00010798338946978834,0.66174758745766,False,False,False,NA (no labels_train),NA,NA
camelyon_uni_s44,1,115589,15,1024,delete-a-group,15,0.010130245345074784,0.26723165593522247,0.25595152259317344,1521.9562906413175,-8.285141641462506,0.0004297158100583277,0.023328121363076812,0.022456842801076037,102.21064204258813,1.0350431074796795,1.3038136408874754,-8.78290346146395,-7.767041048453097,-8.282826369525955,1.0002795267983726,0.09295015638958543,0.0002794486849764416,0.5372252464059422,False,False,False,NA (no labels_train),NA,NA
camelyon_virchow2_s42,0,97099,15,2560,delete-a-group,15,0.004216305335004278,0.2732575487262987,0.24197679133265285,4200.139812658071,-9.993811631839701,0.00012878883336216458,0.047465503813923254,0.042835371941603965,535.3246792448822,1.875742760758425,1.2830292868049298,-10.48852187176763,-9.403216044542381,-9.992704787406051,1.000110765248969,0.00870375342754883,0.00011075298138743803,0.5642703832196,False,False,False,NA (no labels_train),NA,NA
camelyon_virchow2_s42,1,205337,15,2560,delete-a-group,15,0.004156391434585904,0.31023507751717005,0.2905208790596463,5173.273021095527,-14.375847276107457,0.00010567644945272379,0.07514783011176383,0.06653108843724354,1702.6154119836538,5.803321884067677,2.389117394050938,-16.549625134939504,-12.537545971129562,-14.37512027802651,1.0000505733563885,0.008222051213639857,5.05707988533937e-05,0.6685434634809672,False,False,False,NA (no labels_train),NA,NA
camelyon_virchow2_s43,0,145378,15,2560,delete-a-group,15,0.00422906222115782,0.2508031876868553,0.23558755495918104,3537.3802635564966,-8.776070187953248,0.0001343785862380838,0.030274051912925523,0.02418400876449371,540.1840352957753,1.6458899168015924,2.5097012268898093,-10.616713098308695,-7.38098570061107,-8.775295241354588,1.0000883100314402,0.006398007867855152,8.830223346720928e-05,0.5865917002380647,False,False,False,NA (no labels_train),NA,NA
camelyon_virchow2_s43,1,157058,15,2560,delete-a-group,15,0.004242166816057491,0.29985438172534973,0.27910610560081534,5358.907573987534,-14.929411566212167,0.00012995171940193123,0.04984981076222204,0.05923191639058977,1328.4938126741645,5.002978327945304,2.4237746311347284,-17.74105145848909,-13.514580750791326,-14.928493485411419,1.0000614985565452,0.00968919707101602,6.149477470537468e-05,0.6566772544936064,False,False,False,NA (no labels_train),NA,NA
camelyon_virchow2_s44,0,186847,15,2560,delete-a-group,15,0.004095419860851157,0.32368933953640433,0.3051520112043487,5707.407175490728,-16.24222676158314,0.00013252132042354723,0.07235876124386521,0.06228120098417752,1789.2179395104674,6.148254186022695,2.7328780513859163,-18.821373417172875,-14.070959044463894,-16.241383174987238,1.0000519405636092,0.009302523189291645,5.1937865927189166e-05,0.6948414590749277,False,False,False,NA (no labels_train),NA,NA
camelyon_virchow2_s44,1,115589,15,2560,delete-a-group,15,0.00430858058413075,0.2642464429549255,0.23847737625384663,4090.1110770158875,-9.926017238480865,0.0001298028958401628,0.035222647670552776,0.029467958127997487,440.45668833085097,1.51315094712476,1.3038136408874754,-10.516767418605598,-9.368862953961468,-9.924973532652922,1.0001051595578072,0.00815389759071363,0.00010514850043739258,0.5631966135144376,False,False,False,NA (no labels_train),NA,NA
dermamnist_convnext_tiny_s42_std,0,3514,2838,768,delete-a-block (10 group folds),10,0.23808772513594112,0.6855836087891078,0.7035331038493992,1068.225332545309,-17.865368992310206,0.016080326874347177,0.009377830322261275,0.00885309295817657,7.399940386248466,2.775162134548057,1.1684615307369595,-20.034291563254797,-17.341787361054497,-17.771607701201688,1.005275903715913,0.13892867321211383,0.0052482146407877815,0.06987580746455084,False,False,True,NA (no labels_train),NA,NA
dermamnist_convnext_tiny_s42_std,1,3493,2840,768,delete-a-block (10 group folds),10,0.23547493827013688,0.687420546257727,0.704162837341161,1068.606451645325,-17.174917939075186,0.013600690364137127,0.004083987248649384,0.004200791309443984,7.659463434261521,1.9449795548530309,1.1803608034030517,-19.76192647342921,-16.944581672971626,-17.087458740060896,1.0051183268585893,0.13752750987182885,0.005092262992145559,0.06790707047470085,False,False,True,NA (no labels_train),NA,NA
dermamnist_convnext_tiny_s43_std,0,3514,2838,768,delete-a-block (10 group folds),10,0.2602403702761359,0.7085017141037848,0.7189049800894314,1074.7438156307735,-21.514902880766325,0.01385405236389042,0.0087096722178516,0.008362645513891443,3.6031583825773725,2.407228665885681,1.1684615307369595,-24.127727535329043,-20.90791395418136,-21.41033872125526,1.0048838162194629,0.1380488044353399,0.004860080479588836,0.07654977440216149,False,False,True,NA (no labels_train),NA,NA
dermamnist_convnext_tiny_s43_std,1,3493,2840,768,delete-a-block (10 group folds),10,0.2610008947398865,0.7130719817194409,0.7228428918865234,1073.976904077335,-21.22354764433895,0.015399710057929734,0.007260647869139132,0.006918683954421787,6.885997066073276,2.5499474658220525,1.1803608034030517,-24.420478640309867,-20.966763914536223,-21.121548747355792,1.0048291391035389,0.13640332646368755,0.004805930596167912,0.07535096555531862,False,False,True,NA (no labels_train),NA,NA
dermamnist_densenet121_s42_std,0,3514,2838,1024,delete-a-block (10 group folds),10,0.3757770032135703,0.7494935296121497,0.6763695279320656,634.5324318413145,-17.312260884718956,0.010625986266123056,0.008415141153513732,0.01142563615242619,2.061092954792924,1.1670136218982725,1.1684615307369595,-19.4143199856869,-16.811792621314655,-17.238411703278405,1.0042839898890745,0.005342534415406499,0.004265715606546392,0.07229582627464776,False,False,True,NA (no labels_train),NA,NA
dermamnist_densenet121_s42_std,1,3493,2840,1024,delete-a-block (10 group folds),10,0.37265384981150995,0.7534706657313331,0.6802368236181542,633.4935615192251,-16.681247387521267,0.006193646012019468,0.0053313287563381065,0.01487116922273354,1.5084302023721512,0.754294681520142,1.1803608034030517,-19.193996797939977,-16.46481429555146,-16.610812820588926,1.0042402841867581,0.005277690809997254,0.004222380095209977,0.07036279247485804,False,False,True,NA (no labels_train),NA,NA
dermamnist_densenet121_s43_std,0,3514,2838,1024,delete-a-block (10 group folds),10,0.37174724734413145,0.7571120929020876,0.6864998681137804,634.5169206411675,-16.942350996288233,0.012841333295458607,0.010997526929560165,0.013313853726700044,2.5003284199990814,1.3029122862600298,1.1684615307369595,-18.999413065379656,-16.450466167463986,-16.874522466764326,1.0040195821634361,0.005010168072946305,0.004003489807215421,0.07153861407083877,False,False,True,NA (no labels_train),NA,NA
dermamnist_densenet121_s43_std,1,3493,2840,1024,delete-a-block (10 group folds),10,0.35911200422876266,0.7537355060532897,0.6489340976086245,633.5437472574541,-15.503666963160882,0.009498809059183348,0.006106180675568314,0.017338222882526847,1.3644599105075093,1.174460084691393,1.1803608034030517,-17.83893794686647,-15.295649385655441,-15.441960583599734,1.0039960197558517,0.004971160606965682,0.003980115137133127,0.06787282219107023,False,False,True,NA (no labels_train),NA,NA
dermamnist_effb3_s42_std,0,3514,2838,1536,delete-a-block (10 group folds),10,0.22772085989542967,0.7453537806328716,0.7337513312240729,2754.065159574771,-77.87793249029798,0.009489120844309223,0.004538592072911298,0.004583124168281957,19.392501873665196,8.479563724002453,1.1684615307369595,-87.31133807886557,-76.24654471640817,-77.51309159660059,1.0047068293391794,0.0832326042790156,0.004684778884478541,0.12359418348276908,False,False,True,NA (no labels_train),NA,NA
dermamnist_effb3_s42_std,1,3493,2840,1536,delete-a-block (10 group folds),10,0.22615355878297594,0.7462623658008887,0.7341003896665703,2742.158796945096,-74.87128456358752,0.005618079365207375,0.004154334564821709,0.0042325780355617435,17.773186215726017,4.9312057939393945,1.1803608034030517,-86.08783006815933,-74.50666601008407,-74.52895028545211,1.004593306048512,0.08095627331300663,0.004572304056632955,0.12017910826179308,False,False,True,NA (no labels_train),NA,NA
dermamnist_efficientnet_v2_s_s42_std,0,3514,2838,1280,delete-a-block (10 group folds),10,0.2634350181253161,0.8163854558352925,0.8103083356655209,1884.804535453912,-56.753094297443724,0.007917293723894474,0.006002012725361227,0.005970437757505866,17.78702908486455,3.941678579972781,1.1684615307369595,-63.63588295974043,-55.48362787661923,-56.59588630603878,1.0027777282354915,0.030240544267667716,0.0027700338342966212,0.11398430159472278,False,False,True,NA (no labels_train),NA,NA
dermamnist_efficientnet_v2_s_s42_std,1,3493,2840,1280,delete-a-block (10 group folds),10,0.26841333717569926,0.8213080181392436,0.8145863132728334,1874.0092742382228,-57.24854414390928,0.008247100831067741,0.00661025974263897,0.006547825174879046,11.05785071543383,3.7916391888682455,1.1803608034030517,-65.83699420555055,-56.91218018141443,-57.095165948038655,1.002686360453181,0.029378757384563154,0.0026791632549653284,0.11350722652007347,False,False,True,NA (no labels_train),NA,NA
dermamnist_fm_conch_v1_5_s42_std,0,3514,2838,768,delete-a-block (10 group folds),10,0.3188250439422504,0.5998712523341834,0.5910813622115529,406.26750068371445,-5.47619558214965,0.006408770547055675,0.007957844861404818,0.007915485031013062,1.5649952147554365,0.25331440618241163,1.1684615307369595,-6.1388721655650365,-5.289733651489546,-5.443061568323191,1.0060873854558778,0.006085924753753334,0.006050553405079804,0.042022195238586635,False,False,True,NA (no labels_train),NA,NA
dermamnist_fm_conch_v1_5_s42_std,1,3493,2840,768,delete-a-block (10 group folds),10,0.2938211952909573,0.5805966265963645,0.5717651547885512,409.07278190444936,-4.6362065603978495,0.0058896475589521255,0.0056992263255013975,0.00560363885103118,2.29424126871371,0.26469713424887475,1.1803608034030517,-5.33245694693773,-4.548301932513292,-4.608936827060219,1.0059167079873004,0.005992454044243551,0.005881906464342224,0.03834573354083865,False,False,True,NA (no labels_train),NA,NA
dermamnist_fm_dinov2_vitb14_s42_std,0,3514,2838,768,delete-a-block (10 group folds),10,0.2237443482824688,0.5975794259686871,0.5828758134832275,999.1101072798,-14.05990724799782,0.014507006168438048,0.012840937842723613,0.013209961350607966,3.8979121792972244,1.8002343480632108,1.1684615307369595,-15.765886031548014,-13.630639520560774,-13.97708211170551,1.0059257816209684,0.0832465713501641,0.005890873590514291,0.06252462420235788,False,False,True,NA (no labels_train),NA,NA
dermamnist_fm_dinov2_vitb14_s42_std,1,3493,2840,768,delete-a-block (10 group folds),10,0.22691670109457607,0.5747389247109197,0.5615324370385966,988.0493346926451,-13.923280279714424,0.009789409180019828,0.007614757431915538,0.007175208488548849,6.547039033784971,1.5008303320038456,1.1803608034030517,-16.02000452911759,-13.721050233700202,-13.841309526445091,1.0059221819375341,0.08143128844973782,0.0058873161799924655,0.061735090541475475,False,False,True,NA (no labels_train),NA,NA
dermamnist_fm_dinov2_vitl14_s42_std,0,3514,2838,1024,delete-a-block (10 group folds),10,0.21080281988489935,0.5921703323827152,0.5779209435920243,1491.3047545547017,-24.944474306528793,0.01392736804048389,0.011770343020604505,0.011889073792953349,7.811536412607574,3.5330018357168576,1.1684615307369595,-27.974004099495076,-24.249910722430545,-24.77761734916662,1.0067341808944268,0.10099786358615592,0.006689135048979622,0.07881642338749784,False,False,True,NA (no labels_train),NA,NA
dermamnist_fm_dinov2_vitl14_s42_std,1,3493,2840,1024,delete-a-block (10 group folds),10,0.2152166097806033,0.5767800892604715,0.563523606580941,1472.424498108618,-24.97119837153182,0.007562439237576729,0.007150730410824502,0.007030093004397645,8.961822346901334,2.1955729945031557,1.1803608034030517,-28.732398876308785,-24.68167713757737,-24.801600479920683,1.0068381833562896,0.0988972389189681,0.0067917401915515,0.07826559421414724,False,False,True,NA (no labels_train),NA,NA
dermamnist_fm_uni_s42_std,0,3514,2838,1024,delete-a-block (10 group folds),10,0.24931791902934763,0.5956647509762483,0.5878175093966594,1256.7121842710458,-26.080613063912374,0.010651321402174322,0.008965597290877217,0.008994166005148291,4.836328175009797,2.111735416182083,1.1684615307369595,-29.24834184648816,-25.369127949047634,-25.790255909303976,1.0112584053306601,0.08631073687867975,0.011133064774852297,0.08231260237807077,False,False,True,NA (no labels_train),NA,NA
dermamnist_fm_uni_s42_std,1,3493,2840,1024,delete-a-block (10 group folds),10,0.23361534220448932,0.5785113732951613,0.5696676927635901,1256.5390496698772,-22.513841295902257,0.013484057701581632,0.010777614390101798,0.010930914054755011,6.299049699215215,2.4355204154793566,1.1803608034030517,-25.90510269499057,-22.24344786631463,-22.26910260223653,1.0109900564040308,0.08465393747408287,0.010870588028453077,0.07586218823036388,False,False,True,NA (no labels_train),NA,NA
dermamnist_fm_virchow2_s42_std,0,3514,2838,2560,delete-a-block (10 group folds),10,0.1110057283221948,0.5689063695519365,0.5749882284773945,2871.2749058081336,-20.21075921985453,0.00714820355626065,0.007076754536291823,0.00662357056187803,16.017781416713788,2.991269013068538,1.1684615307369595,-22.66316376108913,-19.595303303172862,-20.07925126755324,1.0065494450240682,0.016295852380837816,0.00650682890586818,0.06299808505413682,False,False,True,NA (no labels_train),NA,NA
dermamnist_fm_virchow2_s42_std,1,3493,2840,2560,delete-a-block (10 group folds),10,0.08876459142265014,0.5407334784910212,0.543710364948179,2852.110862145599,-12.603556643246172,0.007158895898205231,0.008817599861945007,0.008313167714273739,16.65494065420939,2.0630923464197104,1.1803608034030517,-14.499508234847164,-12.391699057868955,-12.521303206362518,1.0065690795541042,0.016170351089542765,0.006526208372121024,0.049458776787944476,False,False,True,NA (no labels_train),NA,NA
dermamnist_mobilenet_v3_large_s42_std,0,3514,2838,960,delete-a-block (10 group folds),10,0.251625498800117,0.688387846802206,0.675602552363147,1270.7248354966368,-26.923664898560222,0.010264941759044865,0.006183441394927188,0.006437139902266179,3.8504589950855213,2.4914761000001437,1.1684615307369595,-30.193835190071017,-26.1952312477571,-26.766901180156445,1.005856625589517,0.08995413870206194,0.00582252523920543,0.08371281164928994,False,False,True,NA (no labels_train),NA,NA
dermamnist_mobilenet_v3_large_s42_std,1,3493,2840,960,delete-a-block (10 group folds),10,0.23768938755953795,0.6775578630635324,0.6636890596675866,1271.0210216643409,-23.63503913804521,0.008959437258221715,0.006818495566482015,0.006867970324754894,5.872875877299343,1.8904366432696298,1.1803608034030517,-27.195033909097422,-23.359041632833193,-23.49883103898566,1.0057963776510235,0.08941285053983268,0.005762973281491098,0.07778282880114945,False,False,True,NA (no labels_train),NA,NA
dermamnist_regnet_y_3_2gf_s42_std,0,3514,2838,1512,delete-a-block (10 group folds),10,0.22285144622215058,0.6741436908411009,0.6641873990685239,2204.3311041240054,-52.93525159858704,0.010010478050548673,0.008354849165796973,0.008464291964129156,10.484922301510537,4.873937579726896,1.1684615307369595,-59.35938186312746,-51.693368390157254,-52.43457673141966,1.0095485631500742,0.08864829988747013,0.009458250448378815,0.1067395778762096,False,False,True,NA (no labels_train),NA,NA
dermamnist_regnet_y_3_2gf_s42_std,1,3493,2840,1512,delete-a-block (10 group folds),10,0.21429127292396888,0.6642059514893512,0.6549205232692015,2209.6246796075625,-48.269524853781334,0.007909119082708266,0.008585645641000055,0.008922095319806013,6.864640416124149,3.5360042179364717,1.1803608034030517,-55.52602465317009,-47.89180479819693,-47.82445551074258,1.009306312811837,0.08756169318283387,0.009220503918092468,0.1010013171983226,False,False,True,NA (no labels_train),NA,NA
dermamnist_resnet18_s42_std,0,3514,2838,512,delete-a-block (10 group folds),10,0.32511325419526027,0.7488476158744201,0.737687585835663,592.2631458448583,-11.455541565751169,0.015301131087877036,0.008694776751094452,0.009035013847536542,1.361444699055941,1.2008272396033293,1.1684615307369595,-12.845078468566799,-11.099493416016966,-11.411160877137242,1.0038892352050568,0.08583279802133234,0.0038741676558193662,0.05926256490452622,False,False,False,NA (no labels_train),NA,NA
dermamnist_resnet18_s42_std,1,3493,2840,512,delete-a-block (10 group folds),10,0.316289289034706,0.7425135611567839,0.7314720203030265,591.3804952350329,-10.629936807395325,0.009694762378706145,0.006757226778884958,0.007170057904891755,1.9934056651646495,0.8430797255557155,1.1803608034030517,-12.23015371802646,-10.46553243302615,-10.589543651320874,1.003814437845904,0.08431603260539415,0.003799943198754393,0.05661425063922276,False,False,False,NA (no labels_train),NA,NA
dermamnist_resnet18_s43_std,0,3514,2838,512,delete-a-block (10 group folds),10,0.32017777977724615,0.7431238885888947,0.7307127294483307,590.7707019014587,-11.064743062750589,0.009449640210876067,0.007891804868359224,0.00805972603399249,2.292266815411874,0.654776463277125,1.1684615307369595,-12.406735271601717,-10.718960851679359,-11.019665677868083,1.0040906308957303,0.08676131612290786,0.004073965805338813,0.05825836348390359,False,False,False,NA (no labels_train),NA,NA
dermamnist_resnet18_s43_std,1,3493,2840,512,delete-a-block (10 group folds),10,0.31028602111841586,0.7420375763416514,0.7300217691508859,590.2402756789695,-10.200275095721851,0.011745512239419623,0.0072119379156496645,0.007736580708547083,1.925014819951605,0.829062660643037,1.1803608034030517,-11.735662531144548,-10.04035081549368,-10.159316925310712,1.0040315870360434,0.0858355186692906,0.004015398607074697,0.05547195314674569,False,False,False,NA (no labels_train),NA,NA
dermamnist_resnet50_s42_std,0,3514,2838,2048,delete-a-block (10 group folds),10,0.20676318743992195,0.811961494486046,0.8024596231613064,2995.348972013839,-73.12953945874027,0.010922079013528528,0.0074907178513343425,0.007857404955632457,30.108842259183486,7.475418394350674,1.1684615307369595,-81.99457544190543,-71.53490032256936,-72.93490486827436,1.0026686069011461,0.01489225079254564,0.0026615043921577467,0.11776460378513157,False,False,True,NA (no labels_train),NA,NA
dermamnist_resnet50_s42_std,1,3493,2840,2048,delete-a-block (10 group folds),10,0.1972169611047243,0.8055044760475201,0.7957266368125873,2997.212823445342,-65.44009644149813,0.009159307516204732,0.006074216406854151,0.006077655799425151,25.635447176784908,6.629965882977964,1.1803608034030517,-75.2631356984067,-65.0246267556916,-65.26951828335417,1.0026134428846774,0.014618995780665884,0.0026066306044710843,0.11042020850353032,False,False,True,NA (no labels_train),NA,NA
dermamnist_resnet50_s43_std,0,3514,2838,2048,delete-a-block (10 group folds),10,0.23797780557572723,0.8346696019276516,0.8236173995595719,3087.1559866227576,-100.81036359934858,0.0058105728104703,0.005392048968683308,0.0054180372478877924,32.4357497856666,5.473744397341044,1.1684615307369595,-112.99463651455653,-98.89075404985387,-100.54158971018346,1.0026732607863063,0.016162762518456532,0.002666133516126386,0.13685186438926997,False,False,True,NA (no labels_train),NA,NA
dermamnist_resnet50_s43_std,1,3493,2840,2048,delete-a-block (10 group folds),10,0.2289156297725906,0.8314109996499776,0.8205996003982386,3082.0358967462334,-91.4321803261358,0.007926719390446027,0.006815135824411951,0.00704163401223985,23.641772407989404,6.305504100627009,1.1803608034030517,-105.099465181914,-91.10853518120896,-91.1933995637805,1.002618399615515,0.01584248340989608,0.002611561503877294,0.12925586757509774,False,False,True,NA (no labels_train),NA,NA
isic2019_convnext_tiny_s42_std,0,8936,5525,768,delete-a-block (10 group folds),10,0.3079337822296747,0.62853661082033,0.6493870313027279,871.6241798211897,-19.680875976893574,0.0055548044867000275,0.005035422640360054,0.004500685888947341,1.6260560045970227,1.0594500765523638,1.6861705170519257,-19.19261938008581,-11.722327134662295,-19.61437689819575,1.0033903232839347,0.17720018606987625,0.003378867829658436,0.07307821156074229,False,False,False,NA (no labels_train),NA,NA
isic2019_convnext_tiny_s42_std,1,8948,5516,768,delete-a-block (10 group folds),10,0.3117719217173329,0.6299946166478945,0.6498415502961867,873.0503356729606,-21.370352798783813,0.004038944762159909,0.0024873269650441308,0.0023732549383792124,0.8838664347703584,0.8486557698388546,1.7027484483437711,-19.93324666258177,-12.070111585489503,-21.29960556906949,1.0033215276914356,0.17698979518173077,0.003310531668824211,0.07825196960901816,False,False,False,NA (no labels_train),NA,NA
isic2019_convnext_tiny_s43_std,0,8936,5525,768,delete-a-block (10 group folds),10,0.29251246185273705,0.6177793522819282,0.6438649100740681,872.3802980400013,-17.86874560463128,0.006435556946939316,0.004451843364654281,0.004232818808696732,2.2318004161054663,1.0287123408241987,1.6861705170519257,-17.381347909591966,-10.601104994512152,-17.812985010795597,1.003130334068203,0.1755259672361964,0.0031205656552203433,0.06980499183476167,False,False,False,NA (no labels_train),NA,NA
isic2019_convnext_tiny_s43_std,1,8948,5516,768,delete-a-block (10 group folds),10,0.3023007380123689,0.6235203575146238,0.6487646496571524,873.6470933467834,-20.175725934491446,0.007695731791492709,0.004687148876895512,0.004869497412424562,1.313858034503073,1.0753738067743854,1.7027484483437711,-18.78644264484082,-11.365655902763573,-20.11391507631411,1.003073039631659,0.17452831163959137,0.00306362499064616,0.07615902375024716,False,False,False,NA (no labels_train),NA,NA
isic2019_densenet121_s42_std,0,8936,5525,1024,delete-a-block (10 group folds),10,0.3404539580066944,0.6794173395658933,0.6141988913225224,581.6200106955383,-11.28809359767451,0.00483095638970899,0.004840207590743283,0.006976191102890279,0.5938104269809285,0.4599032689916954,1.6861705170519257,-10.867456323077828,-6.591976871173666,-11.265231054167256,1.0020294784365562,0.002394556886968429,0.0020253679958823784,0.05689084391780172,False,False,False,NA (no labels_train),NA,NA
isic2019_densenet121_s42_std,1,8948,5516,1024,delete-a-block (10 group folds),10,0.3347432798163126,0.6783271786056626,0.6119145269194185,582.3446423078174,-11.603840463568282,0.007434761493204989,0.006709398170028427,0.009727730492478328,0.5731672079584961,0.4142300731835379,1.7027484483437711,-10.651874636817354,-6.399729923943675,-11.580437724820245,1.0020208855057247,0.002387674702448939,0.0020168097641047296,0.059406371144676305,False,False,False,NA (no labels_train),NA,NA
isic2019_densenet121_s43_std,0,8936,5525,1024,delete-a-block (10 group folds),10,0.35360423304484323,0.6878166311521021,0.6174437058266966,581.1422096044607,-12.121603030343511,0.006543895702000387,0.004354242965956398,0.004948281046377283,0.6768723117292185,0.3518284322676711,1.6861705170519257,-11.688779171409411,-7.096073275386238,-12.097481594183552,1.0019939221210765,0.0023490872619183543,0.001989954307163551,0.05887014348502709,False,False,False,NA (no labels_train),NA,NA
isic2019_densenet121_s43_std,1,8948,5516,1024,delete-a-block (10 group folds),10,0.3507412686843008,0.6868954487841619,0.6150876882590938,581.6771135570909,-12.662406409615727,0.005090052664384336,0.004601678089643274,0.004908163513237075,0.624243277521301,0.537125815539069,1.7027484483437711,-11.649252120148304,-7.006216125119531,-12.637093582874225,1.0020030576315273,0.0023615565008425726,0.0019990534123340013,0.06194102054163338,False,False,False,NA (no labels_train),NA,NA
isic2019_effb3_s42_std,0,8936,5525,1536,delete-a-block (10 group folds),10,0.23143653408315645,0.6847958464686337,0.6756081490548438,2007.2412353191644,-50.20686092447414,0.004995738804029205,0.003569803443476123,0.0032778044895583774,8.617103416667781,2.204401923292888,1.6861705170519257,-50.201882864392246,-31.13954077817205,-50.112182863688346,1.0018893222241652,0.09714100366595388,0.0018857594169892347,0.10787277071790895,False,False,False,NA (no labels_train),NA,NA
isic2019_effb3_s42_std,1,8948,5516,1536,delete-a-block (10 group folds),10,0.23430593182243653,0.6840283694914359,0.6746482979005952,2012.4057486758022,-54.36391233408912,0.007109824169165314,0.005479626310514741,0.005758199665290415,9.446864542225978,4.066148314685625,1.7027484483437711,-52.18002549275309,-32.108301122891305,-54.26181827429269,1.0018815082694124,0.09755861815977879,0.0018779748442131964,0.11507884905687653,False,False,False,NA (no labels_train),NA,NA
isic2019_efficientnet_v2_s_s42_std,0,8936,5525,1280,delete-a-block (10 group folds),10,0.26081575601923346,0.7584665713008281,0.7473216242093814,1584.8050872570896,-41.72179300052051,0.006141935665696642,0.004010927365940508,0.004113310177153306,2.776910963980197,2.0953548621473437,1.6861705170519257,-41.518131237168255,-25.670905643600538,-41.67683541499061,1.0010787187914398,0.04899243232947264,0.001077556411090377,0.10082890585481714,False,False,False,NA (no labels_train),NA,NA
isic2019_efficientnet_v2_s_s42_std,1,8948,5516,1280,delete-a-block (10 group folds),10,0.26982173334745885,0.7596223415989627,0.7496137626982087,1589.060423353311,-47.08645567758474,0.004337270359431964,0.003380526860546267,0.0034610561742933386,4.828396791726336,1.717251365536622,1.7027484483437711,-45.015820393397384,-27.633220264034914,-47.035206676760936,1.001089588086133,0.0492428024022965,0.001088402176088926,0.10969977010045749,False,False,False,NA (no labels_train),NA,NA
isic2019_fm_conch_v1_5_s42_std,0,8936,5525,768,delete-a-block (10 group folds),10,0.3077402250304354,0.5612895117404806,0.5560364378820692,485.1031855830169,-6.6091711414035945,0.006957599982680568,0.00688450680991417,0.0067616679231932665,1.483095455768441,0.3006747799230587,1.6861705170519257,-6.295166617147343,-3.7984289968865204,-6.592663248932437,1.00250397932487,0.0039379493796766335,0.0024977250729281975,0.0441613660580852,False,False,False,NA (no labels_train),NA,NA
isic2019_fm_conch_v1_5_s42_std,1,8948,5516,768,delete-a-block (10 group folds),10,0.3031825862366676,0.5554368890263421,0.550626919687359,484.124621021132,-6.786353646860605,0.006165082948644462,0.008588484431229098,0.008377643957656406,1.782639094187697,0.3370822887268891,1.7027484483437711,-6.156261229591408,-3.679008492079831,-6.769179388316192,1.0025371256335822,0.003961699714327594,0.002530704917265543,0.046118439109025945,False,False,False,NA (no labels_train),NA,NA
isic2019_fm_dinov2_vitb14_s42_std,0,8936,5525,768,delete-a-block (10 group folds),10,0.2670646443631516,0.5712647530122816,0.5594759397908919,873.4268187247158,-15.035266083347283,0.009130522133149296,0.006673706138135359,0.006677175000526655,2.5781576563743838,0.9579255338610394,1.6861705170519257,-14.56207256328165,-8.860793071723972,-15.002449796775224,1.0021873951932245,0.08161482022605966,0.002182620938674699,0.06431603486696813,False,False,False,NA (no labels_train),NA,NA
isic2019_fm_dinov2_vitb14_s42_std,1,8948,5516,768,delete-a-block (10 group folds),10,0.2685023414617671,0.5751969355775206,0.5637387712069468,877.6845719430067,-16.2242139630198,0.01075254110562436,0.009077621899527644,0.008788072117940322,3.7192689812979043,1.1892446764212887,1.7027484483437711,-15.012712034540746,-9.054273201052586,-16.187847229272734,1.002246545401127,0.08280545502302127,0.0022415097477115537,0.0686914296851057,False,False,False,NA (no labels_train),NA,NA
isic2019_fm_dinov2_vitl14_s42_std,0,8936,5525,1024,delete-a-block (10 group folds),10,0.25976155415185154,0.5533427479809205,0.5443258174975081,1220.4042763502882,-26.14554264110167,0.015700329930210616,0.009959971975756876,0.010147203879737597,1.8650422832816018,2.8372301058500877,1.6861705170519257,-25.67424679750744,-15.743838284571883,-26.07508696898968,1.0027020301867364,0.09931828025069878,0.002694748893879599,0.08225213333281878,False,False,False,NA (no labels_train),NA,NA
isic2019_fm_dinov2_vitl14_s42_std,1,8948,5516,1024,delete-a-block (10 group folds),10,0.26233329161850316,0.5546260627796664,0.5457113644788598,1224.755073992277,-28.32245373867258,0.007637287750216974,0.00500155252005743,0.004943827285964704,2.92701814072622,1.8705037428324718,1.7027484483437711,-26.62553417211876,-16.188954535239215,-28.244176568796878,1.0027714445731861,0.10100257675473741,0.0027637848965330913,0.08790756731443851,False,False,False,NA (no labels_train),NA,NA
isic2019_fm_uni_s42_std,0,8936,5525,1024,delete-a-block (10 group folds),10,0.301935190762302,0.578030588041293,0.5721798771859551,1155.7946821453504,-31.551782289013648,0.006869540144433508,0.006113193384972468,0.005947534568806745,1.7977170809051937,1.4540205986973518,1.6861705170519257,-31.16137278096021,-19.174958766958223,-31.44464205404514,1.0034072652118082,0.07152470538261727,0.0033956951777590364,0.09010569278474559,False,False,False,NA (no labels_train),NA,NA
isic2019_fm_uni_s42_std,1,8948,5516,1024,delete-a-block (10 group folds),10,0.2987732295571367,0.5734239187912663,0.5671202195879185,1161.2841691357746,-32.930665648630175,0.00714671942425998,0.007180621461398101,0.0070714151438060514,1.3678891817041279,1.5337358066356648,1.7027484483437711,-31.12158930937426,-18.97742615133834,-32.81923990599842,1.0033951347731056,0.07198003920125123,0.0033836468360724688,0.09459067645854588,False,False,False,NA (no labels_train),NA,NA
isic2019_fm_virchow2_s42_std,0,8936,5525,2560,delete-a-block (10 group folds),10,0.22703531616421735,0.5747782021336671,0.5750236381840917,2825.8469684448487,-85.95711638082923,0.0051339117274473815,0.005284043089779119,0.004981903383614833,14.443746661965466,2.8692327144121235,1.6861705170519257,-87.37872510009817,-54.85560706675467,-85.80172033345481,1.0018111064296904,0.008324977095571246,0.0018078322530731162,0.1337377270353425,False,False,True,NA (no labels_train),NA,NA
isic2019_fm_virchow2_s42_std,1,8948,5516,2560,delete-a-block (10 group folds),10,0.2227485570340929,0.5674354682354827,0.5685263305898399,2860.15876530185,-88.95910779825016,0.005726549998075098,0.008900123477360284,0.008222615350320607,19.64178777674049,3.9712205828978493,1.7027484483437711,-86.85685237777129,-54.04535349176438,-88.80183788946799,1.001771020876594,0.008311275687105208,0.001767889906661816,0.13938528060978084,False,False,True,NA (no labels_train),NA,NA
isic2019_mobilenet_v3_large_s42_std,0,8936,5525,960,delete-a-block (10 group folds),10,0.2425751646397748,0.6307725146196865,0.6192120830695503,1100.9498783268207,-19.06828179744346,0.006065844750488986,0.004868913733929341,0.005074128632997561,2.5123660991382564,1.1109046508532239,1.6861705170519257,-18.568884952951638,-11.332395777557554,-19.026130401485027,1.0022154476537775,0.09437259208354792,0.002210550295312119,0.0712420792850314,False,False,False,NA (no labels_train),NA,NA
isic2019_mobilenet_v3_large_s42_std,1,8948,5516,960,delete-a-block (10 group folds),10,0.24773505098035875,0.63082005817885,0.6182693433979511,1102.795283659912,-21.055364148643513,0.004018308004967168,0.002949334623509671,0.002975312353177831,1.7724070883599077,0.674808621529862,1.7027484483437711,-19.617558070147258,-11.872184059627472,-21.009446126113463,1.002185589389383,0.09413843791445867,0.0021808230057614483,0.07690104575983084,False,False,False,NA (no labels_train),NA,NA
isic2019_regnet_y_3_2gf_s42_std,0,8936,5525,1512,delete-a-block (10 group folds),10,0.20130626770830984,0.6001866110497796,0.5937558731883394,1813.2600157068885,-32.506533959014575,0.00568920654085305,0.0063049686089973215,0.006145324344851992,3.669517538213316,1.8183427367325118,1.6861705170519257,-32.07097084631821,-19.72207649752718,-32.36490830895912,1.0043759014764844,0.08991711564236646,0.004356836389693897,0.08866597601329644,False,False,False,NA (no labels_train),NA,NA
isic2019_regnet_y_3_2gf_s42_std,1,8948,5516,1512,delete-a-block (10 group folds),10,0.20672558711770184,0.6029864499873757,0.5950057223293511,1819.0027528454943,-36.27284231192697,0.004297463219365879,0.0027746124476468593,0.0026564595220565576,3.843869434134501,1.7701891813889883,1.7027484483437711,-34.31917434052588,-20.940552779795077,-36.11764783269023,1.004296915456833,0.08978535534266803,0.004278530970971417,0.09604878350287929,False,False,False,NA (no labels_train),NA,NA
isic2019_resnet18_s42_std,0,8936,5525,512,delete-a-block (10 group folds),10,0.29088634704183225,0.7011351824748084,0.693869503968985,549.9526013261861,-7.50009070636162,0.005204307289758766,0.005092401321065535,0.004900224327755759,0.7553459184801007,0.2991883329575766,1.6861705170519257,-7.160017405392338,-4.32497343481687,-7.488793864900074,1.0015084994546979,0.08442013554480299,0.0015062273116196831,0.046812655536188734,False,False,False,NA (no labels_train),NA,NA
isic2019_resnet18_s42_std,1,8948,5516,512,delete-a-block (10 group folds),10,0.2902885883733326,0.7012449013707969,0.6933112972238114,550.1403792305231,-7.92780349482832,0.0050876308788628,0.004154690478408912,0.004036492066686977,0.6904881030330308,0.4506985382440339,1.7027484483437711,-7.214212206997183,-4.317172834526853,-7.915964512439307,1.0014955830550287,0.08386261240239114,0.0014933496266318254,0.049567880904729855,False,False,False,NA (no labels_train),NA,NA
isic2019_resnet18_s43_std,0,8936,5525,512,delete-a-block (10 group folds),10,0.28334840006292306,0.6953211581737603,0.6897640364660595,549.1836355885112,-7.109910767995537,0.005414492404929411,0.004271505190519502,0.004518709033472011,1.1259875999163915,0.372524077139578,1.6861705170519257,-6.780617503573165,-4.093793284663592,-7.099103153361837,1.001522391547245,0.08070491884825907,0.0015200773942689195,0.045621035039217675,False,False,False,NA (no labels_train),NA,NA
isic2019_resnet18_s43_std,1,8948,5516,512,delete-a-block (10 group folds),10,0.28711109086270603,0.6991038686784423,0.6929907407566144,550.307536780956,-7.765781574119078,0.005879199752086503,0.0051617267720449,0.005259442857404212,0.8464700574279578,0.3230890038414542,1.7027484483437711,-7.063644639077298,-4.2262387947818665,-7.753998757996936,1.001519579315123,0.08032825657669412,0.0015172736973971333,0.04907612874256586,False,False,False,NA (no labels_train),NA,NA
isic2019_resnet50_s42_std,0,8936,5525,2048,delete-a-block (10 group folds),10,0.20557738232041067,0.7699962972459401,0.762246240760893,2619.2802213143327,-63.02705634388758,0.005674769039551518,0.003491300777619035,0.0034027977126334166,8.455891456090763,3.277383952773773,1.6861705170519257,-63.39825499391339,-39.489027269875365,-62.961876614883984,1.0010352253221784,0.015261366687636654,0.0010341547390054315,0.11692849737226389,False,False,True,NA (no labels_train),NA,NA
isic2019_resnet50_s42_std,1,8948,5516,2048,delete-a-block (10 group folds),10,0.2063223691166588,0.7735453279130744,0.7652724512719954,2628.4403026423192,-67.182722601761,0.007902378183089056,0.003963218907429736,0.004177759911469162,9.247081920694251,5.557358430753791,1.7027484483437711,-64.88869010597976,-40.085687105545325,-67.11296790581866,1.0010393624081746,0.015237852527312802,0.0010382832555896108,0.12375478816981247,False,False,True,NA (no labels_train),NA,NA
isic2019_resnet50_s43_std,0,8936,5525,2048,delete-a-block (10 group folds),10,0.20092493897751884,0.766748649049866,0.7611418046613447,2600.741971537512,-59.68900429054371,0.0069634464491090935,0.0042770990889330765,0.004414873740524228,13.563559704797783,4.100651082501783,1.6861705170519257,-59.930153701332344,-37.28019532633145,-59.624976838310275,1.001073836094009,0.015406210259433232,0.0010726842069901674,0.11410301279221635,False,False,True,NA (no labels_train),NA,NA
isic2019_resnet50_s43_std,1,8948,5516,2048,delete-a-block (10 group folds),10,0.20591736785645876,0.767901470873468,0.7614812607723809,2614.9739937743716,-66.37359000608747,0.006087151954678565,0.004213838240147434,0.00431882269150403,9.258585500169382,4.3627288728072395,1.7027484483437711,-64.07878931302291,-39.57412743357285,-66.30286297231366,1.0010667266932853,0.015406552304117754,0.0010655899999883296,0.12313228231803817,False,False,True,NA (no labels_train),NA,NA
kermany_convnext_tiny_s42_std,0,33699,2140,768,delete-a-block (10 group folds),10,0.11176596589946097,0.6975610173016946,0.6566603956323119,864.5254743446146,-12.839248216418909,0.003932088757118314,0.013734071524300185,0.011652843994659526,4.276810288785402,2.1007889551956063,6.81957278164456,-22.35973383858874,-4.085488047971528,-12.838381978029876,1.000067472551488,0.01772423207014463,6.74679992498347e-05,0.13286877239404887,False,False,False,NA (no labels_train),NA,NA
kermany_convnext_tiny_s42_std,1,33682,2100,768,delete-a-block (10 group folds),10,0.10969329819531126,0.7033537478108833,0.6623819799503706,869.5364150117252,-15.667441770595705,0.002285192678213373,0.009504929301610177,0.009182870976229362,4.980389600831001,1.4709856856034063,6.5494073373664605,-21.489309368411178,-4.055177023915572,-15.666394701688288,1.0000668353458058,0.01758474476780088,6.683087914088641e-05,0.16424841785294925,False,False,False,NA (no labels_train),NA,NA
kermany_convnext_tiny_s43_std,0,33699,2140,768,delete-a-block (10 group folds),10,0.11364171862475514,0.695985134115637,0.6577929569964099,856.3873547996137,-13.000902267769435,0.0037892259105668643,0.008132771043155625,0.007610788598221443,3.636940453146533,2.1208246733449703,6.81957278164456,-22.650085254662155,-4.144384356157774,-13.000008897698319,1.0000687207276662,0.017827398890134825,6.871600545233194e-05,0.13357820726222772,False,False,False,NA (no labels_train),NA,NA
kermany_convnext_tiny_s43_std,1,33682,2100,768,delete-a-block (10 group folds),10,0.1120325306111829,0.7019813379470038,0.6643406068512769,864.2141461516295,-16.068176607616557,0.001928496871530936,0.007923448435227725,0.006415673514503938,7.055929915452711,1.915221012476598,6.5494073373664605,-22.070484224827293,-4.176467035094274,-16.06707971974997,1.0000682692739267,0.01780195675210293,6.826461355106047e-05,0.1659477741460518,False,False,False,NA (no labels_train),NA,NA
kermany_densenet121_s42_std,0,33699,2140,1024,delete-a-block (10 group folds),10,0.10873051586556082,0.7185078117916516,0.5794934617466705,607.5657883261998,-6.650355711041136,0.00138128196417386,0.011502816974032843,0.009826035636884715,2.7377084619230367,0.661034306363224,6.81957278164456,-11.338570290765631,-1.9479513048552533,-6.649995738684771,1.0000541312160955,7.1538750418004e-05,5.412828606564903e-05,0.10066456182628762,False,False,False,NA (no labels_train),NA,NA
kermany_densenet121_s42_std,1,33682,2100,1024,delete-a-block (10 group folds),10,0.10773493801424916,0.7241942723596969,0.5816422416761637,611.4794714068441,-8.3557092605204,0.0016651577207181338,0.014001473900854046,0.011524893002691957,4.154105654813493,1.9595196864872202,6.5494073373664605,-11.079850817333844,-1.9728684368468346,-8.355264029741114,1.0000532874577872,7.092528643662183e-05,5.328461838538029e-05,0.12682992356623726,False,False,False,NA (no labels_train),NA,NA
kermany_densenet121_s43_std,0,33699,2140,1024,delete-a-block (10 group folds),10,0.11227163499104775,0.7285474822483629,0.5788547577734694,602.804191749351,-6.941654707752076,0.0017264863786160575,0.013178273333983486,0.009912800524238584,1.3692674096731223,0.8750221325478166,6.81957278164456,-11.852384139594232,-2.0433579554823424,-6.9413094562522515,1.0000497386699154,6.472848271067907e-05,4.973619610312641e-05,0.10256403438480906,False,False,False,NA (no labels_train),NA,NA
kermany_densenet121_s43_std,1,33682,2100,1024,delete-a-block (10 group folds),10,0.11044083837777141,0.7347266698075605,0.5830136800349258,606.2122982930435,-8.595093557940206,0.0018763348578917027,0.014056839055782425,0.01203777426892596,4.05006335890058,1.2045673395362193,6.5494073373664605,-11.414140002921265,-2.0370177793587745,-8.594665969251823,1.0000497504719688,6.511440809946545e-05,4.974799698232654e-05,0.1283732585017166,False,False,False,NA (no labels_train),NA,NA
kermany_effb3_s42_std,0,33699,2140,1536,delete-a-block (10 group folds),10,0.08105861251270696,0.7433007498438529,0.7072769767909289,1822.604437640904,-25.808228773838632,0.00221375415117034,0.007295057476977193,0.006061951709589173,11.467564802830347,3.1479880487253946,6.81957278164456,-45.746766459209425,-9.117197724586399,-25.807039014039532,1.0000461021428475,0.0035586417783224425,4.610001753800183e-05,0.1746813700135605,False,False,False,NA (no labels_train),NA,NA
kermany_effb3_s42_std,1,33682,2100,1536,delete-a-block (10 group folds),10,0.07718979207523924,0.7467322412318347,0.7103654278582884,1839.962846045445,-29.67703515717292,0.0017402237990457802,0.012023381648639869,0.011122723554328352,20.83212569204868,3.595686664066283,6.5494073373664605,-42.12857072494353,-8.5917233979148,-29.675668267647538,1.000046060951789,0.00361966001284974,4.6058830275398535e-05,0.20894480756230135,False,False,False,NA (no labels_train),NA,NA
kermany_efficientnet_v2_s_s42_std,0,33699,2140,1280,delete-a-block (10 group folds),10,0.08046820575843028,0.7674968919319172,0.7430495224710464,1463.2498034893727,-17.768214840585273,0.0023977922213178305,0.01606212583954173,0.015163626256649994,13.280258541865834,1.9471187873381341,6.81957278164456,-31.220932956509277,-5.916934801952225,-17.767455907392524,1.000042714792523,0.0028491286412989755,4.271296804759075e-05,0.1508976422819153,False,False,False,NA (no labels_train),NA,NA
kermany_efficientnet_v2_s_s42_std,1,33682,2100,1280,delete-a-block (10 group folds),10,0.07658343265688783,0.7721759260286534,0.7476039888211287,1471.6028306843175,-20.46046595669888,0.001807909480085441,0.008244887999137007,0.008488596765837016,9.308251608229037,1.886053329701581,6.5494073373664605,-28.461985850341126,-5.528759491852601,-20.459610420108444,1.0000418158788398,0.002873898037133481,4.1814130345157285e-05,0.1815398267901711,False,False,False,NA (no labels_train),NA,NA
kermany_mobilenet_v3_large_s42_std,0,33699,2140,960,delete-a-block (10 group folds),10,0.08551040782333519,0.6531087378592508,0.6192293268992801,1072.2391978927444,-11.679811900100555,0.002608976613187481,0.011043196302324247,0.010652516122074377,6.727852741304915,1.3737101112023564,6.81957278164456,-20.277036288381026,-3.6649730887343037,-11.678882831471736,1.0000795511558962,0.017132923394460736,7.954482801310252e-05,0.12737689085657186,False,False,False,NA (no labels_train),NA,NA
kermany_mobilenet_v3_large_s42_std,1,33682,2100,960,delete-a-block (10 group folds),10,0.08203854142570854,0.652976473559728,0.6190928654974551,1080.159206209694,-13.77833764905605,0.0017959643293506855,0.007373217031815927,0.007237021745449288,7.287669102174523,2.0249369595613014,6.5494073373664605,-18.75644984152342,-3.48963759199012,-13.77721259078087,1.0000816608053165,0.01792231520748464,8.165413737387932e-05,0.1554732431620703,False,False,False,NA (no labels_train),NA,NA
kermany_regnet_y_3_2gf_s42_std,0,33699,2140,1512,delete-a-block (10 group folds),10,0.0659379174091057,0.529571283507799,0.48697978722654073,1691.097685509554,-16.130661880234197,0.0017664419537591304,0.008417530912817344,0.00891503784214916,8.426635038409895,1.8572968183233096,6.81957278164456,-28.26235084107102,-5.28781640870924,-16.127987629538648,1.0001658142824124,0.03834010884248536,0.00016578679259434109,0.1446359526014997,False,False,False,NA (no labels_train),NA,NA
kermany_regnet_y_3_2gf_s42_std,1,33682,2100,1512,delete-a-block (10 group folds),10,0.06376527501962248,0.5314043943953843,0.48858264217953534,1698.4634174412606,-19.073400880464693,0.0018488861213458772,0.005596195805486098,0.005681110065021609,10.606352558558084,1.862606136232321,6.5494073373664605,-26.417457878822535,-5.084181835955343,-19.070249439632942,1.0001652543057566,0.03871147490998386,0.000165227001283207,0.17608239607492177,False,False,False,NA (no labels_train),NA,NA
kermany_resnet18_s42_std,0,33699,2140,512,delete-a-block (10 group folds),10,0.10182956182693059,0.7737620070531728,0.7596604543466603,532.810512876651,-4.6895286126000055,0.002416983519891791,0.01366897772845483,0.013457585796912011,2.7378595789419906,0.6155653272250543,6.81957278164456,-7.902500569982952,-1.323266098824961,-4.689369680071954,1.000033892087614,0.001101330036238039,3.389093897931845e-05,0.08643065630505749,False,False,False,NA (no labels_train),NA,NA
kermany_resnet18_s42_std,1,33682,2100,512,delete-a-block (10 group folds),10,0.098033400125775,0.7779191513390069,0.7641517530550903,537.4812000187435,-5.648568083113015,0.0016865751229403216,0.008868057517488648,0.008032138830991931,2.183584152047283,0.2815907597036609,6.5494073373664605,-7.346146073870368,-1.2718969998230953,-5.6483804874314405,1.000033212295452,0.0011216117291922123,3.3211192432180865e-05,0.10719797963223676,False,False,False,NA (no labels_train),NA,NA
kermany_resnet18_s43_std,0,33699,2140,512,delete-a-block (10 group folds),10,0.09954103522121827,0.7695052435890066,0.7516381057703961,538.8165129487351,-4.592837230464547,0.002604066024148354,0.014777845631049447,0.013908053227908092,2.1310145860336625,0.48766629868180184,6.81957278164456,-7.734122867816893,-1.2932418960731984,-4.5926749172375665,1.0000353417626777,0.0012518931201921121,3.534051368175614e-05,0.08562935167699486,False,False,False,NA (no labels_train),NA,NA
kermany_resnet18_s43_std,1,33682,2100,512,delete-a-block (10 group folds),10,0.09622536073234644,0.7741390123715692,0.7568881626032273,539.8239017062167,-5.506788579259751,0.0021308195301768806,0.011838693012138482,0.012147205957649128,3.3706213997000813,0.6825490489416484,6.5494073373664605,-7.153088574609828,-1.2364357238888628,-5.50659570401894,1.0000350262214945,0.0012623249868969342,3.502499470143063e-05,0.10600870614678023,False,False,False,NA (no labels_train),NA,NA
kermany_resnet50_s42_std,0,33699,2140,2048,delete-a-block (10 group folds),10,0.05082452475901689,0.7656641613423878,0.7444222046046269,2131.7120033838933,-15.223633069873724,0.001517664989033689,0.012847622593384136,0.012155503492972447,9.141116602524434,2.016614136960605,6.81957278164456,-26.61920810240335,-4.9388112246207845,-15.223017536644894,1.000040434376913,0.00046038090992256463,4.043274204022687e-05,0.14050730070945297,False,False,False,NA (no labels_train),NA,NA
kermany_resnet50_s42_std,1,33682,2100,2048,delete-a-block (10 group folds),10,0.04858530783141446,0.7712627003289325,0.7504520301343756,2148.3576702048563,-17.781113361102545,0.001699106785926016,0.011240620855997375,0.011528458242043092,17.077650657777294,1.790959854502414,6.5494073373664605,-24.512744852506795,-4.672465840874428,-17.780401872270573,1.0000400153403215,0.0004627452077554721,4.00137391581118e-05,0.17034524969858408,False,False,False,NA (no labels_train),NA,NA
kermany_resnet50_s43_std,0,33699,2140,2048,delete-a-block (10 group folds),10,0.05003336291462046,0.7649969314464545,0.7439658094464644,2140.6028386787275,-14.924295548971974,0.0010488223164124718,0.007837130130301174,0.0076570559699116626,9.217164815372941,1.2049945000661577,6.81957278164456,-26.080386160148883,-4.827466181908955,-14.923705148067867,1.0000395612817494,0.0004887754635018109,3.9559716716320494e-05,0.13934162426281874,False,False,False,NA (no labels_train),NA,NA
kermany_resnet50_s43_std,1,33682,2100,2048,delete-a-block (10 group folds),10,0.048337670052571724,0.7722225240768888,0.7524197085434587,2161.5298830066977,-17.80653831171596,0.0013663377356672875,0.011212809516798641,0.01185079471560664,15.178571652458235,1.7487541345715247,6.5494073373664605,-24.549267948378752,-4.679994258319542,-17.80584343565804,1.0000390251694862,0.0004926076710511835,3.9023646581809004e-05,0.1704180507134418,False,False,False,NA (no labels_train),NA,NA
