dataset,backbone,family,seed,delta_meas_cell,delta_own_cell,cell_id,fold,N,G,d,n_bar,n_w,gsize_min,gsize_median,gsize_max,id_acc,lw_delta,lw_mu,rho_w,rho_raw,rho_anova,icc_whitened_r3,n0,s_logo,s_logo_scheme,s_tr,s_logo_over_s_tr,s_unseen,r_sat,dq_pred,dq_pred_nw,dq_pred_nbar,dq_pred_str,dq_pred_rhoraw,dq_pred_rhoanova,dq_meas,auroc_seen,auroc_unseen,delta_meas_fold,p_delta,p_delta_mult,p_delta_gauss,n_seen,n_unseen,n_ood,n_seen_groups,d_over_N
breakhis,convnext_tiny,CNN,42,0.1217962780154291,0.12179627801542914,breakhis_convnext_tiny_s42_std_r0,0,1831,27,768,67.81481481481481,79.52648825778263,24,61.0,126,0.9390363815142576,0.007513792610151149,0.0011233090332454536,0.01671563286207156,0.5249838626843959,0.5317217087914301,0.03068579326949582,67.36436583623913,1734.04110094042,LOGO (27 refits),11679.67917444245,0.14846650109489823,1641.7827555805245,0.37471221083509954,-10.943483227543135,-11.525275172316679,-10.434387656607386,-100.63644911898602,-878.1075432456488,-890.0178221905254,-337.2921206309147,0.734808118244498,0.6213353390056253,0.11347277923887267,0.003229837509205691,0.003102524326611178,0.0034007957240007602,513,504,1013,27,0.4194429273620972
breakhis,convnext_tiny,CNN,42,0.1217962780154291,0.12179627801542914,breakhis_convnext_tiny_s42_std_r0,1,1830,29,768,63.10344827586207,73.55628415300546,28,59.0,152,0.9390363815142576,0.0074069191202965606,0.0011292717769998593,0.01788718654302679,0.5485607984107077,0.5540724915565913,0.03292226515253802,62.73013270882124,1861.2768425804018,LOGO (29 refits),12189.573488985834,0.1526941729554525,1706.4211403672712,0.3810822589769091,-12.782049576869849,-13.450369081863686,-12.236276649721207,-112.3798754139549,-987.1046134962426,-997.5735829223394,-396.596061169397,0.788002005672292,0.6578822288803065,0.1301197767919855,0.004029488001016102,0.003960213135669077,0.00412831760341581,504,513,1013,29,0.419672131147541
breakhis,convnext_tiny,CNN,42,0.1560403989181109,0.15604039891811095,breakhis_convnext_tiny_s42_std_r1,0,1938,30,768,64.6,79.437564499484,25,55.0,183,0.9029574861367837,0.007198049244276756,0.0011345320565944415,0.01913407422696589,0.5628095279777241,0.568069463580212,0.033819211990217465,64.08835984484537,1683.6020403869873,LOGO (30 refits),12130.199185035997,0.13879426171862908,1606.914348123708,0.39153195071105396,-12.704321748376877,-13.505006044371193,-11.908257921532988,-125.97234941962728,-914.1299844741585,-923.1578555077102,-367.61705105168016,0.771252016915534,0.641400286151122,0.12985173076441203,0.004330444552311685,0.004110468149780222,0.004001969721183607,539,543,1013,30,0.39628482972136225
breakhis,convnext_tiny,CNN,42,0.1560403989181109,0.15604039891811095,breakhis_convnext_tiny_s42_std_r1,1,1959,26,768,75.34615384615384,84.7590607452782,32,74.0,153,0.9029574861367837,0.0070808012648468635,0.0010781350619160934,0.015884485060650766,0.5503190099213255,0.5600940328371813,0.028449800624227674,74.96963757018887,1822.1272693342705,LOGO (26 refits),12259.98229799878,0.1486239722900497,1851.5037689625967,0.37391790242608614,-10.899691319811007,-11.524054259673862,-10.714669678186128,-100.80596321494184,-972.3510931830048,-990.4926553364807,-618.499660507598,0.8153143571871381,0.6330852901153282,0.18222906707180986,0.0035255958256945608,0.0036080123514899975,0.0032321387628829745,543,539,1013,26,0.39203675344563554
breakhis,convnext_tiny,CNN,42,0.1306785711665243,0.13067857116652437,breakhis_convnext_tiny_s42_std_r2,0,1951,29,768,67.27586206896552,79.54843669912866,31,58.0,156,0.9080036798528058,0.006866203657457821,0.0011646825453282621,0.0187888026938956,0.5623844433372984,0.5715120996818265,0.03287798911675259,66.83755583217398,1812.1463249862127,LOGO (29 refits),12859.568965170805,0.14091812329746645,1596.609965524052,0.3922788359817921,-13.44867458583095,-14.424035497506788,-13.045496638825096,-130.01864336823738,-985.3913334147194,-1002.2521708335057,-392.7771335769485,0.8346371719616315,0.7107862438581988,0.12385092810343268,0.004096089214502663,0.0038068437346630013,0.004217915062236566,558,529,1013,29,0.3936442849820605
breakhis,convnext_tiny,CNN,42,0.1306785711665243,0.13067857116652437,breakhis_convnext_tiny_s42_std_r2,1,1963,28,768,70.10714285714286,84.54661232806929,29,61.5,182,0.9080036798528058,0.008498809456713538,0.0011138040101447235,0.018673500757628858,0.5183934198064932,0.5316730756349668,0.03217799386646857,69.57234769155299,1634.7471250339245,LOGO (28 refits),11400.23193127149,0.14339595324808432,1533.9922299901477,0.39815733041419815,-12.258513275623928,-12.924467798645876,-11.544834400997244,-117.96113605766286,-816.91284524691,-839.0428660147484,-381.0103670182468,0.8227503699542992,0.6852441557246831,0.13750621422961606,0.004185728893559282,0.004210496520148377,0.004277904057557236,529,558,1013,28,0.391237901171676
breakhis,convnext_tiny,CNN,42,0.1079845320001211,0.10798453200012115,breakhis_convnext_tiny_s42_std_r3,0,2086,29,768,71.93103448275862,83.71716203259827,27,65.0,183,0.9252823631624674,0.007346274303629916,0.0011220947523240357,0.020854347058192668,0.5395845921030451,0.548126741413445,0.03400354527515661,71.51010135597863,1717.6989660838365,LOGO (29 refits),12234.149096424675,0.1404019971103523,1399.6878271372013,0.4272240593360806,-15.417060486995243,-15.992775009968403,-14.655637359802148,-149.67742685944825,-895.6212002738332,-910.5606632506716,-274.4512442483731,0.7751903821745875,0.6760622900600151,0.09912809211457241,0.0052398347706549275,0.0043295032596549765,0.005148994319799649,560,591,1013,29,0.3681687440076702
breakhis,convnext_tiny,CNN,42,0.1079845320001211,0.10798453200012115,breakhis_convnext_tiny_s42_std_r3,1,2056,29,768,70.89655172413794,80.53112840466926,33,64.0,135,0.9252823631624674,0.006924988030946965,0.001083478339746466,0.017622700452069928,0.5210503352335067,0.5272768375069986,0.03100788993496151,70.55245969983324,1536.262593188903,LOGO (29 refits),11825.252732589504,0.12991372175539886,1458.1819707837428,0.36524793385699134,-9.957346699554488,-10.345132294211217,-9.540598567781249,-111.4121588051788,-767.89748386274,-777.6295508562847,-305.8856325157831,0.7657374603922276,0.6488964885065576,0.11684097188567,0.0035009166549146986,0.003388097588492456,0.0034681354457227753,591,560,1013,29,0.3735408560311284
breakhis,convnext_tiny,CNN,42,0.1274221490183561,0.12742214901835613,breakhis_convnext_tiny_s42_std_r4,0,2132,33,768,64.60606060606061,77.4296435272045,29,57.0,167,0.9067796610169492,0.006868796351688659,0.0011482321786030856,0.021091016422893794,0.563649062405875,0.5714919028922449,0.03579072898716743,64.20532363977486,1583.6716236451218,LOGO (33 refits),11862.217269663528,0.13350553169306792,1507.8364961838136,0.3941134962223849,-13.254926529803493,-13.875898911474229,-12.426954537593915,-140.59717007698268,-856.730452735117,-869.3806900355509,-388.9459585739012,0.7900377529393865,0.6545868341781915,0.13545091876119497,0.004461295759626505,0.004277193906863541,0.004319557375718541,558,622,1013,33,0.3602251407129456
breakhis,convnext_tiny,CNN,42,0.1274221490183561,0.12742214901835613,breakhis_convnext_tiny_s42_std_r4,1,2114,28,768,75.5,85.73415326395458,28,71.0,150,0.9067796610169492,0.006531959408023052,0.0011637885986108465,0.019468277510188425,0.5701204984900248,0.5818204635220039,0.031997551768222124,75.1209572865202,1693.4930298605302,LOGO (28 refits),12328.52423272877,0.13736380753219285,1497.510933805326,0.4110697469726994,-13.641827601137923,-14.210317651552568,-13.188126409207245,-137.66385640500081,-934.8335666998461,-954.9926972632184,-337.161633510294,0.7753179724672505,0.6559245931917332,0.1193933792755173,0.004725309329964955,0.004212265636333479,0.0044668421451399265,622,558,1013,28,0.3632923368022706
breakhis,convnext_tiny,CNN,43,0.1204824094073068,0.12048240940730681,breakhis_convnext_tiny_s43_std_r0,0,1831,27,768,67.81481481481481,79.52648825778263,24,61.0,126,0.9360865290068829,0.007713227242777994,0.00111086976726738,0.0166374993954419,0.5319420590170034,0.539606621461296,0.030608769895834463,67.36436583623913,1750.278452719207,LOGO (27 refits),11819.630121732214,0.14808233715377014,1668.0100274665317,0.3747328744009088,-10.99714094321351,-11.581788766084038,-10.48558799972125,-101.23837956777474,-899.1659290697553,-912.8457752788705,-356.9741815135669,0.7490691189969,0.6302629311020229,0.11880618789487707,0.002975211144016665,0.0029223272066312145,0.0032139971711168114,513,504,1013,27,0.4194429273620972
breakhis,convnext_tiny,CNN,43,0.1204824094073068,0.12048240940730681,breakhis_convnext_tiny_s43_std_r0,1,1830,29,768,63.10344827586207,73.55628415300546,28,59.0,152,0.9360865290068829,0.007558750874316004,0.0011203342274555144,0.01765444842548558,0.5505467405750368,0.5577645434426102,0.032693090002350975,62.73013270882124,1925.7029053525696,LOGO (29 refits),12331.564167193872,0.15616047398720026,1705.9391655798122,0.38191534994246856,-13.082951950529038,-13.767113004013869,-12.52609055912515,-111.60485492705214,-1026.2735966354999,-1040.461868306999,-391.8794775442086,0.7944558046976605,0.672297173777924,0.12215863091973655,0.003686962277911543,0.0036677192597596164,0.0039441649082723185,504,513,1013,29,0.419672131147541
breakhis,convnext_tiny,CNN,43,0.167277941960424,0.167277941960424,breakhis_convnext_tiny_s43_std_r1,0,1938,30,768,64.6,79.437564499484,25,55.0,183,0.9020332717190388,0.006888913559814828,0.001133490366958583,0.019047332407467366,0.5697308487103561,0.5773147929301488,0.033733768835026975,64.08835984484537,1710.5646195731329,LOGO (30 refits),12960.471856762499,0.1319832054324933,1671.3037729418647,0.39243374787515917,-12.8748495880553,-13.686426361787008,-12.070582527908837,-134.2016330797936,-940.9913804380446,-954.2145101219115,-426.2279514203226,0.744003282009205,0.6024426470614971,0.14156063494770788,0.003990481021126757,0.0035741620444351696,0.0037370930996806218,539,543,1013,30,0.39628482972136225
breakhis,convnext_tiny,CNN,43,0.167277941960424,0.167277941960424,breakhis_convnext_tiny_s43_std_r1,1,1959,26,768,75.34615384615384,84.7590607452782,32,74.0,153,0.9020332717190388,0.006365139758980405,0.0010806646102155583,0.01573317438710664,0.5542428711608671,0.5609129119999513,0.028300421905146977,74.96963757018887,1895.6890426529442,LOGO (26 refits),13412.148657715048,0.14134118932259895,1991.1237929804179,0.3763874300123384,-11.297744468254852,-11.944271233256144,-11.108714598547099,-109.27222591687593,-1019.473254798379,-1032.344400844156,-728.8490406877838,0.7868319580263208,0.5938367090531806,0.19299524897314013,0.003412044167931949,0.0031464798070354183,0.0027545320030031295,543,539,1013,26,0.39203675344563554
breakhis,convnext_tiny,CNN,43,0.1352374815750228,0.1352374815750228,breakhis_convnext_tiny_s43_std_r2,0,1951,29,768,67.27586206896552,79.54843669912866,31,58.0,156,0.9043238270469182,0.00696019726321018,0.001139287017616445,0.018803128820740977,0.5578349809384107,0.5675417053986362,0.03289210953511022,66.83755583217398,1901.68356824417,LOGO (29 refits),13254.803650984675,0.14347127413712366,1697.7776343886876,0.3982110816285222,-14.338874408865074,-15.375776703861453,-13.92069801966369,-134.41723283345834,-1026.7265460051206,-1045.5467492978603,-448.85745020423906,0.8088027683130062,0.6752407735357181,0.13356199477728814,0.004015846920095489,0.0036556896451984677,0.0040315873579841455,558,529,1013,29,0.3936442849820605
breakhis,convnext_tiny,CNN,43,0.1352374815750228,0.1352374815750228,breakhis_convnext_tiny_s43_std_r2,1,1963,28,768,70.10714285714286,84.54661232806929,29,61.5,182,0.9043238270469182,0.008659484480167063,0.0011030250190181565,0.018472108488333916,0.5182951083970306,0.5257302068614018,0.03197937305042111,69.57234769155299,1687.585254725765,LOGO (28 refits),11576.37602897531,0.14577837230768864,1570.5036449942056,0.39964023290063083,-12.566911021824245,-13.249822328040178,-11.838878081490689,-118.06296907428485,-844.1125626461354,-856.9064456396237,-389.53327408892346,0.7937026593789246,0.6567896910061671,0.13691296837275746,0.004037123134024712,0.003830136540387108,0.0038963881998096417,529,558,1013,28,0.391237901171676
breakhis,convnext_tiny,CNN,43,0.1093989685335502,0.10939896853355024,breakhis_convnext_tiny_s43_std_r3,0,2086,29,768,71.93103448275862,83.71716203259827,27,65.0,183,0.9113814074717637,0.0072775346776862045,0.0011184284064663008,0.02091489177204575,0.5321370990725219,0.541391091609068,0.0340632769185121,71.51010135597863,1746.2379948722783,LOGO (29 refits),12598.195300575435,0.13861017020370506,1432.6667558708027,0.43007411541612933,-15.822478334584904,-16.413726778510608,-15.048098316612217,-155.02115344206024,-897.6363376041752,-914.0880951176518,-291.92515732120523,0.7841260047948103,0.68122194884438,0.10290405595043028,0.00503271347273937,0.004369591252799898,0.004991683631615729,560,591,1013,29,0.3681687440076702
breakhis,convnext_tiny,CNN,43,0.1093989685335502,0.10939896853355024,breakhis_convnext_tiny_s43_std_r3,1,2056,29,768,70.89655172413794,80.53112840466926,33,64.0,135,0.9113814074717637,0.0068120442935994865,0.0010917435441252141,0.017644788934518596,0.5024666931017572,0.513353446088699,0.03102967745511909,70.55245969983324,1576.5180144004853,LOGO (29 refits),12426.82201494717,0.12686413408868538,1496.123411850152,0.3688871693619621,-10.331836168936348,-10.734675701139897,-9.904561638299993,-117.67057305921251,-758.8250843809562,-776.2827525520271,-315.9228229064529,0.7736114103791155,0.6577175292624453,0.1158938811166702,0.0033969115780567716,0.003412776759272318,0.0034264565275670122,591,560,1013,29,0.3735408560311284
breakhis,convnext_tiny,CNN,43,0.1342711685588076,0.1342711685588076,breakhis_convnext_tiny_s43_std_r4,0,2132,33,768,64.60606060606061,77.4296435272045,29,57.0,167,0.9144067796610169,0.007067650844749606,0.0011613521124437679,0.02096177680513378,0.5450503592769538,0.5530379640681795,0.035663430086333395,64.20532363977486,1550.9537532679797,LOGO (33 refits),11531.693849659545,0.1344948776379256,1568.282323796624,0.38994619010832055,-12.767679199259627,-13.363355683012957,-11.958497862417621,-135.25668117955667,-809.2021046878637,-821.8173823725491,-464.4099509761195,0.7911752946463007,0.6223261586513587,0.168849135994942,0.004505734137879691,0.004470818269252219,0.0043587844022299205,558,622,1013,33,0.3602251407129456
breakhis,convnext_tiny,CNN,43,0.1342711685588076,0.1342711685588076,breakhis_convnext_tiny_s43_std_r4,1,2114,28,768,75.5,85.73415326395458,28,71.0,150,0.9144067796610169,0.007553736389586349,0.0011732699144718249,0.01927506805161272,0.5313122074844205,0.5471114349898551,0.031806811147971306,75.1209572865202,1661.3518363945095,LOGO (28 refits),11228.012287624346,0.14796491078173044,1378.8659874640289,0.4061763271764718,-13.105848491494058,-13.652112081250154,-12.661960154349908,-122.97935276187755,-851.8910363163197,-878.6120464412325,-249.63212295899825,0.7723040981707259,0.6726108970480528,0.0996932011226731,0.004978292944410767,0.004208727403963497,0.004759657153704855,622,558,1013,28,0.3632923368022706
breakhis,densenet121,CNN,42,0.2155124910554328,0.2155124910554328,breakhis_densenet121_s42_std_r0,0,1831,27,1024,67.81481481481481,79.52648825778263,24,61.0,126,0.9223205506391348,0.007283859115965202,0.0005452613928813014,0.025124868534388223,0.5130161145206267,0.40837452058528295,0.0389755534623147,67.36436583623913,1040.3054049168468,LOGO (27 refits),72538.98968324628,0.014341327463471928,931.439332939899,0.4007459480161378,-10.551366524428943,-11.115170300827726,-10.106597328487345,-1169.4618479959727,-504.02453154247075,-393.60432497483123,-229.06091047232326,0.7858348294779947,0.5746074836647393,0.2112273458132553,0.010480812924050786,0.0087082216894655,0.009069699054653935,513,504,1013,27,0.5592572364827962
breakhis,densenet121,CNN,42,0.2155124910554328,0.2155124910554328,breakhis_densenet121_s42_std_r0,1,1830,29,1024,63.10344827586207,73.55628415300546,28,59.0,152,0.9223205506391348,0.006927655340693104,0.0005369645438207799,0.027314503720011762,0.5286198983410403,0.42101498566255724,0.0422052603607115,62.73013270882124,1066.1581723388408,LOGO (29 refits),76188.15873169228,0.013993751654945126,962.7271911142481,0.4063338134370967,-11.915630591045652,-12.54030412061879,-11.454321420238921,-1342.4595575096866,-532.1921985270184,-415.7329944536738,-233.66948322161977,0.820886021404284,0.6010883851066736,0.2197976362976104,0.011449595800403722,0.010306560522178598,0.010692947811059339,504,513,1013,29,0.5595628415300546
breakhis,densenet121,CNN,42,0.3240667443193251,0.3240667443193251,breakhis_densenet121_s42_std_r1,0,1938,30,1024,64.6,79.437564499484,25,55.0,183,0.8844731977818854,0.007041411879416197,0.0005541699102135899,0.029151919089668632,0.5325978104567286,0.4276692692325866,0.04368707363091786,64.08835984484537,1002.2617516011605,LOGO (30 refits),75184.1891188212,0.013330751629404216,1010.0504329069815,0.41724085697992536,-12.277331980262229,-13.053303143785863,-11.574198777749084,-1468.4987605608771,-502.3920407292744,-395.77200545926013,-317.60117383402564,0.7723380835776831,0.4821591865599872,0.2901788970176959,0.012115064020405075,0.010918828707465966,0.009878946374497155,539,543,1013,30,0.5283797729618163
breakhis,densenet121,CNN,42,0.3240667443193251,0.3240667443193251,breakhis_densenet121_s42_std_r1,1,1959,26,1024,75.34615384615384,84.7590607452782,32,74.0,153,0.8844731977818854,0.008097451541125695,0.0005219909289675583,0.02467548905463901,0.49420653518002355,0.3856133553029462,0.03712855992983529,74.96963757018887,1050.4416121625745,LOGO (26 refits),65816.84246204904,0.015960073027937713,1138.0837546427042,0.4013763350149837,-10.488670527201739,-11.082089929792234,-10.33826829449955,-1060.5902328047257,-490.6874808969,-374.9860499864699,-462.2021371519543,0.840149874831609,0.4821952832106548,0.35795459162095417,0.008998053138512874,0.008250809971300732,0.006491554164661406,543,539,1013,26,0.5227156712608474
breakhis,densenet121,CNN,42,0.2669735110066417,0.2669735110066417,breakhis_densenet121_s42_std_r2,0,1951,29,1024,67.27586206896552,79.54843669912866,31,58.0,156,0.8978840846366145,0.00726244556123154,0.0005597202602542351,0.028372133439202085,0.5226840689019236,0.4206743584928584,0.04232371306161374,66.83755583217398,1057.7308057056773,LOGO (29 refits),72796.57848530589,0.014529952199871346,965.6356380604739,0.41514287856098386,-12.549611687002342,-13.448777075866944,-12.212121869169538,-1370.745629251026,-521.4271634613755,-411.95076590810254,-276.29802396894445,0.850902426165936,0.5913409233835376,0.2595615027823984,0.013025377092131252,0.011771357979536434,0.012331403360562043,558,529,1013,29,0.5248590466427473
breakhis,densenet121,CNN,42,0.2669735110066417,0.2669735110066417,breakhis_densenet121_s42_std_r2,1,1963,28,1024,70.10714285714286,84.54661232806929,29,61.5,182,0.8978840846366145,0.008459637469888934,0.0005406225845364962,0.027549356252917212,0.4867530283475511,0.3979292597879314,0.040931704561363184,69.57234769155299,1004.7167149455529,LOGO (28 refits),62824.0200612722,0.015992556890909778,954.4040078533084,0.4203014678943829,-11.732906010804982,-12.372095773829171,-11.099231674015414,-1168.52873253275,-460.11636265989085,-369.6150717241227,-263.2442968926531,0.8217146845264864,0.5473291652956016,0.27438551923088483,0.01180354318589516,0.010478475163377854,0.010530023132856337,529,558,1013,28,0.521650534895568
breakhis,densenet121,CNN,42,0.2028829471165398,0.20288294711653987,breakhis_densenet121_s42_std_r3,0,2086,29,1024,71.93103448275862,83.71716203259827,27,65.0,183,0.9113814074717637,0.006788925725296491,0.0005534229425854904,0.030852821127268948,0.5524317046822789,0.4506801703822158,0.04386774727040387,71.51010135597863,1092.0061498261832,LOGO (29 refits),77723.07422006511,0.014049960848618481,834.2883072062602,0.4557757255908601,-15.460716025308347,-16.040280827764004,-14.764979601384947,-1692.3858018096096,-573.8987875983457,-461.1756877291933,-150.8104246726665,0.7893738541813566,0.636007703576016,0.15336615060534065,0.017852519613885787,0.013588159343091433,0.016046061781599286,560,591,1013,29,0.49089165867689355
breakhis,densenet121,CNN,42,0.2028829471165398,0.20288294711653987,breakhis_densenet121_s42_std_r3,1,2056,29,1024,70.89655172413794,80.53112840466926,33,64.0,135,0.9113814074717637,0.005912243722438104,0.0005323527555776332,0.026658076305757228,0.527735141447711,0.43089580065709926,0.03992015604465664,70.55245969983324,953.3550241245733,LOGO (29 refits),88530.26292687235,0.010768690757329641,946.3934416746746,0.39149461604226604,-10.008858176239352,-10.401250119596124,-9.625369953839815,-1570.3282129113286,-472.6578103272648,-379.2337512716651,-260.9062429365117,0.8041484391572836,0.5517486955295445,0.2523997436277391,0.010210125511211365,0.009372796502608916,0.008606645949692737,591,560,1013,29,0.4980544747081712
breakhis,densenet121,CNN,42,0.2552176924770251,0.2552176924770251,breakhis_densenet121_s42_std_r4,0,2132,33,1024,64.60606060606061,77.4296435272045,29,57.0,167,0.9,0.006652469869938731,0.0005567178506387129,0.030915460716622767,0.5366462328868802,0.435747511349967,0.04546764525771521,64.20532363977486,991.4974323471284,LOGO (33 refits),79268.40540154786,0.012508103667842517,940.8592025032735,0.4144362815322503,-12.78862547594641,-13.398309863440291,-12.045523335281397,-1672.273161212409,-498.1294409748372,-396.8293468182657,-289.8882936718022,0.8268601372126513,0.5436718162282609,0.2831883209843904,0.013060121951606662,0.01133496062442274,0.010995644903012414,558,622,1013,33,0.4803001876172608
breakhis,densenet121,CNN,42,0.2552176924770251,0.2552176924770251,breakhis_densenet121_s42_std_r4,1,2114,28,1024,75.5,85.73415326395458,28,71.0,150,0.9,0.006713123997805309,0.000557528144726683,0.028609139483351975,0.5301956533099847,0.4244953321419845,0.04102161143505564,75.1209572865202,1015.7297946327518,LOGO (28 refits),78649.45591557187,0.012914644898791303,884.6270323106825,0.42772603575515805,-12.513361074198354,-13.03393154946994,-12.122775114394058,-1560.2110279975284,-509.3255330505265,-400.5637582885378,-214.97714672153518,0.8046441279444393,0.5773970639747795,0.22724706396965977,0.013937097304928314,0.011699165330983918,0.012069626603007144,622,558,1013,28,0.48438978240302744
breakhis,densenet121,CNN,43,0.227885871995993,0.22788587199599308,breakhis_densenet121_s43_std_r0,0,1831,27,1024,67.81481481481481,79.52648825778263,24,61.0,126,0.9105211406096362,0.007974069451322249,0.0005462462392690547,0.02497368623314633,0.4730201545456475,0.40168211776053964,0.03882651910633641,67.36436583623913,1003.0740387796719,LOGO (27 refits),66692.75872287096,0.01504022412609673,912.1113372519015,0.39390504071277593,-9.946817628473719,-10.477807386985024,-9.516268618959856,-1066.3546332664191,-444.7019276896678,-372.1539170672185,-214.9821245292493,0.7819438912076726,0.5702357448408781,0.21170814636679447,0.010602250113602496,0.009146962503329692,0.009212067626707565,513,504,1013,27,0.5592572364827962
breakhis,densenet121,CNN,43,0.227885871995993,0.22788587199599308,breakhis_densenet121_s43_std_r0,1,1830,29,1024,63.10344827586207,73.55628415300546,28,59.0,152,0.9105211406096362,0.007390009234885108,0.0005422722234440946,0.02729366630947394,0.4972925100413722,0.4218922754609453,0.04218474194825749,62.73013270882124,1026.9824391246636,LOGO (29 refits),71861.71810593586,0.014291092200310666,957.8988112744103,0.40057459191537154,-11.311746186484118,-11.90463387672617,-10.863729740042658,-1264.866309870213,-479.22809614375933,-400.6511969380223,-246.8262821406745,0.8444977201146994,0.6004341224895078,0.2440635976251916,0.011790197221693055,0.010941580121192507,0.010598171665949563,504,513,1013,29,0.5595628415300546
breakhis,densenet121,CNN,43,0.3174134894033512,0.31741348940335123,breakhis_densenet121_s43_std_r1,0,1938,30,1024,64.6,79.437564499484,25,55.0,183,0.9066543438077634,0.006704490706974482,0.0005609279411252497,0.02851827794533912,0.5448808783220356,0.4518119316444098,0.04306291911187753,64.08835984484537,1008.4133570814373,LOGO (30 refits),78718.59503956161,0.01281035766167624,1018.3304118995558,0.41304115047761425,-11.958500793243186,-12.71421044728871,-11.263278460857935,-1493.2272374575577,-518.041189979147,-422.85955645655207,-317.3489206764459,0.7551368389049957,0.4814810774844153,0.2736557614205804,0.011662385307757872,0.010091644714476045,0.0088792347780835,539,543,1013,30,0.5283797729618163
breakhis,densenet121,CNN,43,0.3174134894033512,0.31741348940335123,breakhis_densenet121_s43_std_r1,1,1959,26,1024,75.34615384615384,84.7590607452782,32,74.0,153,0.9066543438077634,0.007299601263086617,0.0005315477693424142,0.025235054727753004,0.519958515292278,0.41362401467166254,0.037680980995273845,74.96963757018887,1102.458979045801,LOGO (26 refits),72577.17380525505,0.015190161330944193,1121.4916202618494,0.41408054793559523,-11.604684105600558,-12.256786380277394,-11.451822506997898,-1205.5823564645718,-544.5956817019581,-425.64015437757456,-443.6701444380725,0.8294637484342589,0.46829253104813673,0.3611712173861221,0.010150053021298289,0.008857029305485098,0.007618391058590024,543,539,1013,26,0.5227156712608474
breakhis,densenet121,CNN,43,0.2641048356045274,0.26410483560452747,breakhis_densenet121_s43_std_r2,0,1951,29,1024,67.27586206896552,79.54843669912866,31,58.0,156,0.8978840846366145,0.007272512737103154,0.0005611936379698876,0.0283223657406505,0.543244622982429,0.4411556870606654,0.04227465997616968,66.83755583217398,1089.4800171965092,LOGO (29 refits),72827.00100841037,0.014959836353424624,954.9313032284157,0.4192477450921072,-13.031352243581741,-13.962747281279096,-12.68792179520906,-1368.1153786995553,-560.642963756118,-447.691700264546,-276.7793627058819,0.8378675781153252,0.577744519731207,0.2601230583841182,0.013135476984457273,0.011357083808411272,0.011717699093848233,558,529,1013,29,0.5248590466427473
breakhis,densenet121,CNN,43,0.2641048356045274,0.26410483560452747,breakhis_densenet121_s43_std_r2,1,1963,28,1024,70.10714285714286,84.54661232806929,29,61.5,182,0.8978840846366145,0.007997601903815321,0.0005398420928628189,0.027319410027567326,0.5089093628186706,0.4213523086321331,0.04070492273361035,69.57234769155299,1038.736300095862,LOGO (28 refits),66374.40253350198,0.01564965198099625,966.6553011289541,0.42349519797178314,-12.114692452198398,-12.774759256728624,-11.467610043520958,-1220.982250719112,-499.67056144231213,-407.38124398278444,-279.4658993833052,0.8175794072147153,0.5494927943897787,0.2680866128249366,0.011198505450647045,0.00959391707090973,0.0099803726882699,529,558,1013,28,0.521650534895568
breakhis,densenet121,CNN,43,0.1961791221015844,0.1961791221015844,breakhis_densenet121_s43_std_r3,0,2086,29,1024,71.93103448275862,83.71716203259827,27,65.0,183,0.9157254561251086,0.006588737836022383,0.0005592240074818639,0.031049533351187653,0.5575913516864075,0.46661802633059113,0.0440618177953924,71.51010135597863,1096.3853776461629,LOGO (29 refits),80404.25120316588,0.013635913042406309,820.4149363611406,0.45795658348632123,-15.693273359787458,-16.281576837923858,-14.992208716228872,-1765.388306774279,-581.9304620077208,-480.73604413614385,-151.28491645596614,0.7820212240868707,0.6284761718639079,0.15354505222296277,0.017648738982065648,0.013222356405643731,0.01585880216366209,560,591,1013,29,0.49089165867689355
breakhis,densenet121,CNN,43,0.1961791221015844,0.1961791221015844,breakhis_densenet121_s43_std_r3,1,2056,29,1024,70.89655172413794,80.53112840466926,33,64.0,135,0.9157254561251086,0.005676604229315288,0.0005380870646523501,0.026573832538326903,0.5346096538950693,0.43836506795586566,0.03983706012417927,70.55245969983324,958.4109098729048,LOGO (29 refits),92614.98401295705,0.010348335316225081,955.3366521312545,0.3915986697232959,-10.030428633412681,-10.423673407920177,-9.64625209566101,-1636.0055724195583,-481.8625449812284,-388.51578004549543,-271.59751657010213,0.7926966357822086,0.5538834438020025,0.23881319198020612,0.009194753913411402,0.008424411225497197,0.007845571269719409,591,560,1013,29,0.4980544747081712
breakhis,densenet121,CNN,43,0.24481845494676,0.24481845494676002,breakhis_densenet121_s43_std_r4,0,2132,33,1024,64.60606060606061,77.4296435272045,29,57.0,167,0.8974576271186441,0.006804822630345425,0.0005526341885117982,0.030648171902510235,0.5346228324948523,0.444253409439982,0.04520437016582304,64.20532363977486,993.9358672530689,LOGO (33 refits),77324.25500579251,0.012854127947027892,943.1502433273592,0.4128009974463508,-12.661031044651885,-13.26388248835116,-11.920972122779332,-1612.5795942412606,-497.46071747440675,-406.47983618603547,-288.75866442826975,0.8002473224426541,0.530081607907492,0.270165714535162,0.012541145177007551,0.010669972035563302,0.010543996009060697,558,622,1013,33,0.4803001876172608
breakhis,densenet121,CNN,43,0.24481845494676,0.24481845494676002,breakhis_densenet121_s43_std_r4,1,2114,28,1024,75.5,85.73415326395458,28,71.0,150,0.8974576271186441,0.006678263223698448,0.000560658708947107,0.02875963324703079,0.5390129053878154,0.4434260315499324,0.04117018218329663,75.1209572865202,1054.0251547138866,LOGO (28 refits),78843.90548143371,0.013368505127667605,881.3262286367618,0.43496414997876354,-13.273878664497532,-13.825400789956857,-12.871113169686433,-1574.8400629019843,-538.8832974853003,-436.751839856353,-209.7506168685859,0.7956723367921205,0.5762011414337626,0.2194711953583579,0.013901714981229607,0.011186121637352331,0.012769381045619088,622,558,1013,28,0.48438978240302744
breakhis,effb3,CNN,42,0.1429507807579714,0.1429507807579714,breakhis_effb3_s42_std_r0,0,1831,27,1536,67.81481481481481,79.52648825778263,24,61.0,126,0.9528023598820059,0.007752663780243529,0.0005387371032515265,0.005811360480194927,0.5298027282200704,0.5018758047929386,0.019936444976104525,67.36436583623913,6266.595203128488,LOGO (27 refits),44311.86575063707,0.1414202515956664,5410.723856192807,0.2519188333092578,-9.245920443776019,-9.700766927893358,-8.607189520138906,-76.19699199128908,-3273.6740515794054,-3094.8360849155397,-1267.4045794374742,0.786442908851596,0.6549068459236278,0.13153606292796816,0.0009675801877183643,0.0007442924520910665,0.0009190598720328902,513,504,1013,27,0.8388858547241944
breakhis,effb3,CNN,42,0.1429507807579714,0.1429507807579714,breakhis_effb3_s42_std_r0,1,1830,29,1536,63.10344827586207,73.55628415300546,28,59.0,152,0.9528023598820059,0.007072949523473024,0.000535155143595977,0.006218951352629287,0.5515582727944485,0.5156908919075592,0.021432657947559035,62.73013270882124,6418.550992007603,LOGO (29 refits),47853.871182310315,0.13412814540237838,5763.5695244706885,0.25144001529252336,-10.10813904627144,-10.591079174128433,-9.439413494454097,-87.67389126714527,-3490.5234992612445,-3255.232103699502,-1548.3343736030702,0.8552116140961156,0.7008461155081408,0.15436549858797477,0.0010756847146933257,0.0010044855475311865,0.0009918616692329296,504,513,1013,29,0.839344262295082
breakhis,effb3,CNN,42,0.2310393800528755,0.2310393800528755,breakhis_effb3_s42_std_r1,0,1938,30,1536,64.6,79.437564499484,25,55.0,183,0.9085027726432532,0.007744764196995217,0.0005343733151445876,0.007044947748525154,0.5314261024587307,0.4942787068523383,0.02191107914516603,64.08835984484537,5916.463269526364,LOGO (30 refits),43103.67998119597,0.13726120999662736,5806.050299242078,0.2811224033387774,-11.808969660117757,-12.5033951218904,-10.76656095740869,-101.00583260397688,-3095.972830466694,-2871.3451741726344,-1931.3416118993873,0.7736457591203043,0.5576238185358298,0.21602194058447455,0.0014307556098528407,0.0013107684811992648,0.0012977615037873536,539,543,1013,30,0.7925696594427245
breakhis,effb3,CNN,42,0.2310393800528755,0.2310393800528755,breakhis_effb3_s42_std_r1,1,1959,26,1536,75.34615384615384,84.7590607452782,32,74.0,153,0.9085027726432532,0.008130469413904327,0.0005192637541691685,0.005999951756838429,0.5174049805955259,0.4901706326478113,0.018691474333998412,74.96963757018887,6146.069915428419,LOGO (26 refits),40338.93756791432,0.1523607285164847,5725.475981470884,0.2638224331445182,-9.80849616939637,-10.381147316659202,-9.523590383312822,-75.59880179103935,-3138.1689687820303,-2967.2599826208,-1979.3593523275536,0.8100331055395875,0.5639762860183111,0.24605681952127645,0.0012655515405480822,0.001087898140500032,0.0011350983309185159,543,539,1013,26,0.7840735068912711
breakhis,effb3,CNN,42,0.1890130270024049,0.18901302700240497,breakhis_effb3_s42_std_r2,0,1951,29,1536,67.27586206896552,79.54843669912866,31,58.0,156,0.9135234590616376,0.007388502966391868,0.0005431279715204119,0.006960516287766283,0.5630490796628878,0.5284216496355842,0.021219544771839644,66.83755583217398,6240.280151407026,LOGO (29 refits),45025.40307501985,0.1385946538004263,5637.591622120301,0.27720763983502444,-12.130297033185027,-13.030775992780788,-11.551091813214372,-102.3613671651663,-3468.5657573130484,-3247.779573525678,-1768.207040194382,0.824034858665308,0.6218684511557689,0.20216640750953907,0.0014238342007587557,0.001278278410903999,0.0014028104507101125,558,529,1013,29,0.787288569964121
breakhis,effb3,CNN,42,0.1890130270024049,0.18901302700240497,breakhis_effb3_s42_std_r2,1,1963,28,1536,70.10714285714286,84.54661232806929,29,61.5,182,0.9135234590616376,0.008521423315902877,0.0005244631032573907,0.0069014153202622275,0.5116186523123708,0.4914552903067831,0.020567909604845145,69.57234769155299,5755.3414826381695,LOGO (28 refits),40182.89932763287,0.14322862657847965,5155.109665712076,0.28957298348208094,-11.600693872016162,-12.189551017522387,-10.661780029306662,-95.34860591081036,-2902.503125765176,-2783.943273431292,-1496.2070876276816,0.8271562317472106,0.6512965852519398,0.17585964649527086,0.0014895958277164612,0.001328606254887288,0.0014178124273369619,529,558,1013,28,0.782475802343352
breakhis,effb3,CNN,42,0.1411729833293602,0.14117298332936024,breakhis_effb3_s42_std_r3,0,2086,29,1536,71.93103448275862,83.71716203259827,27,65.0,183,0.9365768896611643,0.0068995874972580425,0.0005362616048494563,0.007673663568984579,0.5635159154710945,0.5322794586216747,0.020999868566618896,71.51010135597863,6063.970085387787,LOGO (29 refits),44371.774082775264,0.13666278193149295,4544.240923137128,0.31387091337360823,-14.706783999157793,-15.212288828072937,-13.69666145299759,-126.38241345809509,-3376.607524073408,-3183.446187121742,-971.0718311138453,0.8061697926949655,0.6956018460520843,0.11056794664288117,0.0018507290168586765,0.0014114314253118598,0.0016759462088878907,560,591,1013,29,0.7363374880153404
breakhis,effb3,CNN,42,0.1411729833293602,0.14117298332936024,breakhis_effb3_s42_std_r3,1,2056,29,1536,70.89655172413794,80.53112840466926,33,64.0,135,0.9365768896611643,0.0062962762421077114,0.0005246175611973064,0.006536104078770699,0.5591692427866625,0.525578313716353,0.020072351809084357,70.55245969983324,5315.470679636638,LOGO (29 refits),45391.729785272844,0.11710218369693459,5211.150568851038,0.2663320371291185,-9.311661493774793,-9.652116358074094,-8.78759758880002,-96.71328142822304,-2929.080635424409,-2747.0438602411987,-1489.8424033081087,0.8171118939405329,0.6453338739246933,0.17177802001583953,0.001068255535185414,0.0010506275560568934,0.0009818330157913557,591,560,1013,29,0.7470817120622568
breakhis,effb3,CNN,42,0.1712977918915705,0.17129779189157057,breakhis_effb3_s42_std_r4,0,2132,33,1536,64.60606060606061,77.4296435272045,29,57.0,167,0.9144067796610169,0.006997836600412012,0.0005403207262808415,0.008128060390349634,0.5619269721012459,0.5271569647454142,0.02302243020147607,64.20532363977486,5654.160914153034,LOGO (33 refits),42824.64787805447,0.1320305290134216,5182.433227494868,0.3026335074133954,-14.006250917260527,-14.57605771198565,-12.831311031517176,-126.33113271717693,-3128.813006031057,-2928.0250020477924,-1673.0899781835506,0.7954070205606683,0.5992943820367378,0.19611263852393046,0.0016473941652409563,0.0014870985865421682,0.0016327137800796754,558,622,1013,33,0.7204502814258912
breakhis,effb3,CNN,42,0.1712977918915705,0.17129779189157057,breakhis_effb3_s42_std_r4,1,2114,28,1536,75.5,85.73415326395458,28,71.0,150,0.9144067796610169,0.006969726443469119,0.0005437364715086966,0.007091964292750497,0.564541030180179,0.5346830503012154,0.01977938358479766,75.1209572865202,5533.618004470983,LOGO (28 refits),41472.811252790285,0.13342760804763823,4654.1317198047,0.2947443388157078,-11.64819680393126,-12.117684724107493,-11.076613045625269,-104.68473666294814,-3085.613702242702,-2917.1594155200737,-1103.9945140305977,0.7802617420479109,0.6337787967887003,0.14648294525921057,0.0015656678236686261,0.0013427591843666598,0.0015192017712652994,622,558,1013,28,0.7265846736045412
breakhis,efficientnet_v2_s,CNN,42,0.1008504932947703,0.10085049329477036,breakhis_efficientnet_v2_s_s42_std_r0,0,1831,27,1280,67.81481481481481,79.52648825778263,24,61.0,126,0.9262536873156342,0.0041156821828874915,0.0006049148147982807,0.007872392847056986,0.6332206175783499,0.6138631163649677,0.02196819491589643,67.36436583623913,3805.1369970415158,LOGO (27 refits),66479.41240406463,0.057237825357326196,3710.285453474889,0.28383876070033576,-8.537679818337939,-8.97005393119692,-8.00041096092599,-189.86231167588213,-2370.6910555228096,-2295.6829884963345,-673.9126461706264,0.7441602250663403,0.642841473542362,0.10131875152397829,0.0011399426503079235,0.001092934705965276,0.001033140548728828,513,504,1013,27,0.6990715456034954
breakhis,efficientnet_v2_s,CNN,42,0.1008504932947703,0.10085049329477036,breakhis_efficientnet_v2_s_s42_std_r0,1,1830,29,1280,63.10344827586207,73.55628415300546,28,59.0,152,0.9262536873156342,0.004498897900776288,0.0006038144917130033,0.00877951089681761,0.6520303512527932,0.6340589239123962,0.023954018111082248,62.73013270882124,4212.09560094195,LOGO (29 refits),64626.881463026875,0.06517559729927082,3653.3038996381915,0.2968796507668502,-11.028265861125577,-11.580781925819645,-10.395625218152444,-210.0696671509498,-2706.4122661902934,-2629.2289302918834,-695.1432782697411,0.7917665585483947,0.6913843234828323,0.10038223506556243,0.0015413657539703474,0.0013566327797117639,0.0013807260995968296,504,513,1013,29,0.6994535519125683
breakhis,efficientnet_v2_s,CNN,42,0.1586627032125995,0.15866270321259957,breakhis_efficientnet_v2_s_s42_std_r1,0,1938,30,1280,64.6,79.437564499484,25,55.0,183,0.8946395563770795,0.005299262867783402,0.0006374597028342374,0.00957200065351993,0.6137450590963256,0.5900572823185867,0.024400298010798058,64.08835984484537,3759.6803483786025,LOGO (30 refits),49566.37316497269,0.07585143128921674,3568.7380914937803,0.3162960147072883,-11.443395869808763,-12.138847894715774,-10.531521046413923,-190.59753495302996,-2267.531696907821,-2176.7241965335775,-824.5427097424072,0.7541295258119401,0.6253383727927367,0.1287911530192034,0.0019816056095800505,0.0017379953786775815,0.0015593236050762682,539,543,1013,30,0.6604747162022704
breakhis,efficientnet_v2_s,CNN,42,0.1586627032125995,0.15866270321259957,breakhis_efficientnet_v2_s_s42_std_r1,1,1959,26,1280,75.34615384615384,84.7590607452782,32,74.0,153,0.8946395563770795,0.0051620174543854985,0.0006104938200233545,0.007841974935117069,0.5851353221796229,0.5647743021600273,0.020509978319500365,74.96963757018887,4133.349381649274,LOGO (26 refits),49543.86340966915,0.08342807962857808,3908.6709235940743,0.29474085849177534,-9.603190686432226,-10.16358474315641,-9.359091516875736,-144.72064436557872,-2380.592961513551,-2294.9129678335617,-1233.5638636596932,0.7867665105016007,0.598232257095605,0.18853425340599572,0.001454193810701998,0.0012802033673561253,0.001279958981197149,543,539,1013,26,0.6533945890760592
breakhis,efficientnet_v2_s,CNN,42,0.1398324799471348,0.13983247994713488,breakhis_efficientnet_v2_s_s42_std_r2,0,1951,29,1280,67.27586206896552,79.54843669912866,31,58.0,156,0.8886844526218951,0.005121878126896836,0.0006300474752473408,0.00941015040814741,0.6035369709778182,0.5794263916328035,0.023634004658697038,66.83755583217398,4096.29685974272,LOGO (29 refits),50423.588692191544,0.08123770969076347,3765.642540910233,0.31455056325720254,-12.187330098376055,-13.091428128408717,-11.680597461640218,-187.23703701832164,-2430.8306769498304,-2330.1586997709587,-1014.3955719715145,0.8088540726823693,0.6704411646702508,0.13841290801211847,0.0018399744717537692,0.0016197746871017271,0.00161011716498638,558,529,1013,29,0.6560738083034341
breakhis,efficientnet_v2_s,CNN,42,0.1398324799471348,0.13983247994713488,breakhis_efficientnet_v2_s_s42_std_r2,1,1963,28,1280,70.10714285714286,84.54661232806929,29,61.5,182,0.8886844526218951,0.0061644417352147525,0.0006194431063036556,0.009265274736219187,0.5754911436320711,0.560594030353504,0.022899238845353928,69.57234769155299,3827.767031429854,LOGO (28 refits),43881.889823742735,0.08722885561229413,3343.3242731716655,0.32545857477892054,-11.614084627182432,-12.223454424509738,-10.765641908353892,-167.10176388137344,-2166.0208741664374,-2107.9008731718254,-811.2691244469838,0.8301830457362417,0.6889309938540904,0.14125205188215129,0.0019920248242383254,0.001808036741004937,0.0017385784176616736,529,558,1013,28,0.65206316861946
breakhis,efficientnet_v2_s,CNN,42,0.0958820474035746,0.09588204740357464,breakhis_efficientnet_v2_s_s42_std_r3,0,2086,29,1280,71.93103448275862,83.71716203259827,27,65.0,183,0.9244135534317984,0.003770067672918065,0.000634425614873724,0.010854781395787994,0.6809719100679003,0.6618320877225361,0.024138266345868943,71.51010135597863,4244.532503925307,LOGO (29 refits),68925.25486046073,0.06158167296614816,3098.3452586701947,0.36702258969974266,-16.973998300055406,-17.589372679952604,-15.96805439006045,-341.157507735663,-2854.6313294999386,-2772.028002915972,-534.0947299042114,0.7793382456635172,0.7023683652283429,0.07696988043517428,0.0025272139011797146,0.0018173223559044827,0.0020628957237173173,560,591,1013,29,0.613614573346117
breakhis,efficientnet_v2_s,CNN,42,0.0958820474035746,0.09588204740357464,breakhis_efficientnet_v2_s_s42_std_r3,1,2056,29,1280,70.89655172413794,80.53112840466926,33,64.0,135,0.9244135534317984,0.003232115601488631,0.0005989504550796463,0.008911583178402793,0.6611365877947475,0.6362017081669409,0.022415464283512813,70.55245969983324,3615.1339690410964,LOGO (29 refits),74637.16728822046,0.04843610898415824,3838.04388036618,0.30365914221104207,-9.81457696763959,-10.184776107295724,-9.31755755709895,-265.39582952289726,-2351.6698122453963,-2260.0362714446624,-981.85917149224,0.7738285536753173,0.6590343393033423,0.11479421437197501,0.0011317162600479325,0.0011229022704836167,0.001019438305973397,591,560,1013,29,0.622568093385214
breakhis,efficientnet_v2_s,CNN,42,0.1236647652478957,0.12366476524789571,breakhis_efficientnet_v2_s_s42_std_r4,0,2132,33,1280,64.60606060606061,77.4296435272045,29,57.0,167,0.9076271186440678,0.004294540140983638,0.0006260600887362017,0.010448463611082648,0.6522688318596905,0.626501867885467,0.025307989263098636,64.20532363977486,3770.297673083957,LOGO (33 refits),57192.798005932076,0.06592259523118452,3490.8863769168956,0.32816925269971536,-12.983598411784087,-13.539454026875779,-11.97585925026111,-252.3900368750797,-2417.0579153244194,-2318.0958462073636,-921.7409113963968,0.77299054938134,0.6293775770291674,0.14361297235217263,0.0019727465774513897,0.0017172259024959002,0.0017271755220438223,558,622,1013,33,0.600375234521576
breakhis,efficientnet_v2_s,CNN,42,0.1236647652478957,0.12366476524789571,breakhis_efficientnet_v2_s_s42_std_r4,1,2114,28,1280,75.5,85.73415326395458,28,71.0,150,0.9076271186440678,0.004070604993410756,0.0006244908695921677,0.009801904851824195,0.6441648911187261,0.6225319007441564,0.022454696413112513,75.1209572865202,3699.8028164736966,LOGO (28 refits),57767.04326475257,0.06404694800661863,3315.2092901868245,0.33603347978490783,-12.236101182498171,-12.7398137547084,-11.708024457290533,-245.67325281115322,-2347.448005143312,-2266.079607577647,-643.8262387010045,0.7524956910643944,0.6487791329207755,0.10371655814361891,0.001972564546203981,0.0016983515375388336,0.001695536151167909,622,558,1013,28,0.6054872280037843
breakhis,fm_conch_v1_5,FM,42,0.1186350796647206,0.11863507966472064,breakhis_fm_conch_v1_5_s42_std_r0,0,1831,27,768,67.81481481481481,79.52648825778263,24,61.0,126,0.8977384464110127,0.010294308662280796,0.0006275679342010116,0.03919613040640513,0.25651621548167325,0.2592885427574941,0.05284689576675166,67.36436583623913,401.05953609429383,LOGO (27 refits),46224.459246881655,0.008676348899016048,382.41828900584323,0.3426340696214193,-5.442225312231185,-5.728214906062599,-5.158611028296314,-1334.4607236744594,-79.72834874316337,-80.7938315193011,-39.024962716449636,0.6786820072007373,0.5866297654303577,0.09205224177037963,0.013097588492455237,0.01189888591171906,0.011095894560709807,513,504,1013,27,0.4194429273620972
breakhis,fm_conch_v1_5,FM,42,0.1186350796647206,0.11863507966472064,breakhis_fm_conch_v1_5_s42_std_r0,1,1830,29,768,63.10344827586207,73.55628415300546,28,59.0,152,0.8977384464110127,0.010400644209589699,0.0006082959092081153,0.04233520317199457,0.2585546986974824,0.261105008854879,0.05699600924700161,62.73013270882124,392.6674324554886,LOGO (29 refits),46010.470782424905,0.008534305904243863,408.6407741058025,0.3391396651520177,-5.696993371859759,-5.990581664517946,-5.413630169998182,-1439.8714850332874,-77.34072968745802,-78.29576651078345,-66.28746310182811,0.7319567840298343,0.5867388664707728,0.14521791755906155,0.013387367728303956,0.013293076939359438,0.010934049654872546,504,513,1013,29,0.419672131147541
breakhis,fm_conch_v1_5,FM,42,0.1411425705013171,0.14114257050131718,breakhis_fm_conch_v1_5_s42_std_r1,0,1938,30,768,64.6,79.437564499484,25,55.0,183,0.8567467652495379,0.010811750812192438,0.0006237595893721814,0.04303137482879382,0.23851522508300638,0.24469823333189833,0.057358731633112385,64.08835984484537,386.8222788015813,LOGO (30 refits),44185.50441425224,0.008754506346131244,356.95884370273996,0.34299607475113936,-5.771741901113914,-6.128855700735925,-5.347907733109033,-1426.4451648928905,-68.53067341898284,-70.78312796574566,-10.858104801702154,0.6358453279903005,0.5952961409594244,0.040549187030876066,0.016190990421027562,0.01461843184094791,0.013536680527276412,539,543,1013,30,0.39628482972136225
breakhis,fm_conch_v1_5,FM,42,0.1411425705013171,0.14114257050131718,breakhis_fm_conch_v1_5_s42_std_r1,1,1959,26,768,75.34615384615384,84.7590607452782,32,74.0,153,0.8567467652495379,0.008983382740578506,0.0005997996422370706,0.03694127260640778,0.2505046599986067,0.25196575688460365,0.0492377323535146,74.96963757018887,413.79586375854433,LOGO (26 refits),51790.49083491065,0.00798980386336897,469.5583755543243,0.33522540897717884,-5.170755354075105,-5.47058535905918,-5.062445393849401,-1413.6258595954828,-80.64747996491587,-81.22805045121926,-119.9325140903415,0.7688738844378512,0.5271379304660929,0.2417359539717583,0.010972386800901845,0.011487032217535664,0.009241356798152411,543,539,1013,26,0.39203675344563554
breakhis,fm_conch_v1_5,FM,42,0.1357927215322902,0.13579272153229027,breakhis_fm_conch_v1_5_s42_std_r2,0,1951,29,768,67.27586206896552,79.54843669912866,31,58.0,156,0.8647654093836247,0.009580471646060358,0.0006196637382208893,0.04130030380080241,0.2777569080376614,0.27772881750988404,0.055066248156482756,66.83755583217398,403.0147171970236,LOGO (29 refits),49136.31435977764,0.00820197286768676,416.4721983072806,0.33673106490215826,-5.658979766348002,-6.077300162041695,-5.4433958080544365,-1506.948318397804,-86.97509958939054,-86.96422841171173,-67.08906666103996,0.7185088473500408,0.5783957885858135,0.1401130587642273,0.013010448293171772,0.012702541814632817,0.010575093107297096,558,529,1013,29,0.3936442849820605
breakhis,fm_conch_v1_5,FM,42,0.1357927215322902,0.13579272153229027,breakhis_fm_conch_v1_5_s42_std_r2,1,1963,28,768,70.10714285714286,84.54661232806929,29,61.5,182,0.8647654093836247,0.010081839740614844,0.00061636111733406,0.04101670791619172,0.23260812743129144,0.23902530939743555,0.05421372569715842,69.57234769155299,397.98185714331555,LOGO (28 refits),46984.4726813481,0.008470497473547391,401.01605699298267,0.3517482279089315,-5.800383399844053,-6.110030905924415,-5.40879045651927,-1457.9728230631572,-69.96307442117508,-72.38682458441907,-51.79947031951781,0.705085308755554,0.5736129244552006,0.13147238430035335,0.014418296907231176,0.013691190155222355,0.01193614164118506,529,558,1013,28,0.391237901171676
breakhis,fm_conch_v1_5,FM,42,0.1036190345546569,0.10361903455465693,breakhis_fm_conch_v1_5_s42_std_r3,0,2086,29,768,71.93103448275862,83.71716203259827,27,65.0,183,0.8853171155516942,0.009466277583555444,0.0006115454704398573,0.043810465403803844,0.26200728027623,0.26601798875131505,0.05665138001708436,71.51010135597863,410.3574607446849,LOGO (29 refits),49366.83435011145,0.008312411888402937,387.1438868646268,0.3646342694221866,-6.618025215271241,-6.857519833559827,-6.223107811104135,-1674.6159768333346,-83.72691301744837,-85.30878005397676,-34.310654147914875,0.6841559723593287,0.6205554525516843,0.06360051980764436,0.015233437395082206,0.013953962280539134,0.01258104362094481,560,591,1013,29,0.3681687440076702
breakhis,fm_conch_v1_5,FM,42,0.1036190345546569,0.10361903455465693,breakhis_fm_conch_v1_5_s42_std_r3,1,2056,29,768,70.89655172413794,80.53112840466926,33,64.0,135,0.8853171155516942,0.008894239183557083,0.0006009626614723494,0.03975937357157733,0.2631471923143668,0.2643190848599979,0.05284294415064738,70.55245969983324,412.0289668707201,LOGO (29 refits),51870.22125127542,0.007943458827266693,420.2300301961206,0.33688674867887025,-5.568410075028435,-5.782721775697962,-5.313279630568325,-1543.662710245314,-84.01004022856294,-84.47295376345812,-58.89424199028309,0.6971719591169283,0.5535344098152588,0.1436375493016695,0.012358976166972235,0.012202087152728747,0.011014331696510782,591,560,1013,29,0.3735408560311284
breakhis,fm_conch_v1_5,FM,42,0.1096775553094265,0.10967755530942658,breakhis_fm_conch_v1_5_s42_std_r4,0,2132,33,768,64.60606060606061,77.4296435272045,29,57.0,167,0.8737288135593221,0.009381015305697382,0.0006268328099467548,0.04338146981634894,0.25647572548437403,0.2591955955860041,0.05774645947654473,64.20532363977486,402.97968654163043,LOGO (33 refits),49563.97101245212,0.008130496372867066,389.8619470860889,0.33514578787067645,-5.914452330973252,-6.170776049143256,-5.465298129949306,-1614.6877318104,-77.21455542367099,-78.24813694121873,-41.14076379924228,0.676828470032941,0.5858866884837943,0.09094178154914667,0.014959862621927722,0.013693368841713571,0.011814816542912165,558,622,1013,33,0.3602251407129456
breakhis,fm_conch_v1_5,FM,42,0.1096775553094265,0.10967755530942658,breakhis_fm_conch_v1_5_s42_std_r4,1,2114,28,768,75.5,85.73415326395458,28,71.0,150,0.8737288135593221,0.009174811252878588,0.0006201231369517921,0.04070768633740873,0.2536953484959932,0.25715271957055064,0.05296556256499426,75.1209572865202,411.4158625460036,LOGO (28 refits),50425.62891882601,0.008158864279279315,398.3964889203381,0.3495558227085277,-5.908496109900021,-6.152858978784655,-5.6645250464291985,-1567.8313735391791,-80.81239409002016,-82.17587553370132,-49.81733906410801,0.6846287649622432,0.5562154358925369,0.12841332906970637,0.014218386778333203,0.013126842092227475,0.012555987363446652,622,558,1013,28,0.3632923368022706
breakhis,fm_dinov2_vitb14,FM,42,0.0593652951617829,0.059365295161782905,breakhis_fm_dinov2_vitb14_s42_std_r0,0,1831,27,768,67.81481481481481,79.52648825778263,24,61.0,126,0.8495575221238938,0.01137215461707654,0.0002410712507639998,0.015444564103639702,0.16166616520174848,0.1640170936823503,0.029432783411456977,67.36436583623913,1194.4930827875378,LOGO (27 refits),15204.881112602247,0.07855984364109939,1106.6802455217203,0.31179985365847357,-5.8183837715041635,-6.119047184092375,-5.482672620437968,-118.7989259854366,-160.41403853944286,-163.1804293383548,-177.06099821137116,0.6717198832333658,0.6386205518732666,0.03309933136009924,0.0033121014118052683,0.002348438552782106,0.0011590087236291735,513,504,1013,27,0.4194429273620972
breakhis,fm_dinov2_vitb14,FM,42,0.0593652951617829,0.059365295161782905,breakhis_fm_dinov2_vitb14_s42_std_r0,1,1830,29,768,63.10344827586207,73.55628415300546,28,59.0,152,0.8495575221238938,0.012270598969903073,0.00021837127276684546,0.01746002296550586,0.15785708232408457,0.1605415771696588,0.03250164098462388,62.73013270882124,1165.8854534642269,LOGO (29 refits),14945.44200617373,0.07800943277439489,1133.4172998133774,0.31854015410030856,-6.564881615439262,-6.899172237603055,-6.214382823358167,-135.17143522811725,-150.19872530318682,-153.2711193816567,-70.91119857111971,0.6984655823500838,0.6128343233866173,0.08563125896346657,0.0035868985835214584,0.002905695740942793,0.0013985453600290354,504,513,1013,29,0.419672131147541
breakhis,fm_dinov2_vitb14,FM,42,0.078255771253899,0.07825577125389904,breakhis_fm_dinov2_vitb14_s42_std_r1,0,1938,30,768,64.6,79.437564499484,25,55.0,183,0.822550831792976,0.012053822921583746,0.00023125587935161738,0.01789067800371691,0.1618156350725185,0.1642382713067863,0.032594431404796974,64.08835984484537,1141.7729420282446,LOGO (30 refits),14507.728227395777,0.0787010153576057,1086.4945875734281,0.32657777978119723,-6.752426930586612,-7.165921809003559,-6.230798801674245,-138.75373606637058,-151.15110153769947,-153.86315710293152,-29.829577124838806,0.6550245692820788,0.6298851577739842,0.02513941150809451,0.004261361053995993,0.003026948018303499,0.0014529910051064299,539,543,1013,30,0.39628482972136225
breakhis,fm_dinov2_vitb14,FM,42,0.078255771253899,0.07825577125389904,breakhis_fm_dinov2_vitb14_s42_std_r1,1,1959,26,768,75.34615384615384,84.7590607452782,32,74.0,153,0.822550831792976,0.010047648711112868,0.00022651605753666007,0.014824176757585183,0.15966764159575997,0.16134980368297072,0.02740303047620598,74.96963757018887,1155.0860800534365,LOGO (26 refits),16112.007321230421,0.07169101012829147,1353.0678898096917,0.3015118041094791,-5.215247970289763,-5.519398208571302,-5.0867002595364195,-121.89452935913346,-153.0849462147804,-154.99801741805842,-326.036906368877,0.7186320012944066,0.5872598702947032,0.13137213099970346,0.002498136470777901,0.002043929839727343,0.0009869232710025821,543,539,1013,26,0.39203675344563554
breakhis,fm_dinov2_vitb14,FM,42,0.0693402781142944,0.06934027811429444,breakhis_fm_dinov2_vitb14_s42_std_r2,0,1951,29,768,67.27586206896552,79.54843669912866,31,58.0,156,0.812327506899724,0.011668441069846092,0.0002277551141717107,0.016701429996704098,0.1582246572817233,0.16129326571543495,0.03082058895059761,66.83755583217398,1128.1338172166265,LOGO (29 refits),14605.744086082705,0.07723905133265926,1249.0759205859188,0.3060315117542951,-5.834152269425829,-6.267270061165638,-5.583560815765041,-125.75960191603222,-145.1600818886976,-148.55120944040704,-312.7134608433805,0.6898491651540724,0.5976781985418296,0.09217096661224278,0.0032600764727727105,0.0025266992238890396,0.0010793384840732667,558,529,1013,29,0.3936442849820605
breakhis,fm_dinov2_vitb14,FM,42,0.0693402781142944,0.06934027811429444,breakhis_fm_dinov2_vitb14_s42_std_r2,1,1963,28,768,70.10714285714286,84.54661232806929,29,61.5,182,0.812327506899724,0.010201874917284916,0.00022921267806269205,0.016768546289346542,0.15813767374879073,0.16076892051520977,0.030299254367932512,69.57234769155299,1180.0948097137193,LOGO (28 refits),15956.338266760295,0.07395774581766376,1159.7662795153476,0.3313549221491966,-6.624591663879639,-6.9736943660897115,-6.1489937825129655,-144.28337328513084,-154.49249737801966,-157.5457348829634,-19.907287224702714,0.6677241232596286,0.6212145336432825,0.0465095896163461,0.0034073177721873904,0.0026253684184455173,0.001428731788997717,529,558,1013,28,0.391237901171676
breakhis,fm_dinov2_vitb14,FM,42,0.059954163376707,0.059954163376707004,breakhis_fm_dinov2_vitb14_s42_std_r3,0,2086,29,768,71.93103448275862,83.71716203259827,27,65.0,183,0.8479582971329279,0.010805712634557424,0.00022040215869904958,0.01830254000151388,0.1636864368015709,0.1663887721980946,0.031486007090222486,71.51010135597863,1137.8034203345358,LOGO (29 refits),15004.982527818254,0.07582837355692502,1191.3637844046884,0.3404001664821645,-7.166164345536524,-7.4200036982342095,-6.708246419863903,-154.75427941592275,-154.44694144960582,-157.4748806092894,-224.788003899386,0.6766182484839938,0.6163913122637523,0.060226936220241445,0.00403385431021086,0.003066731475588891,0.0013353046116714173,560,591,1013,29,0.3681687440076702
breakhis,fm_dinov2_vitb14,FM,42,0.059954163376707,0.059954163376707004,breakhis_fm_dinov2_vitb14_s42_std_r3,1,2056,29,768,70.89655172413794,80.53112840466926,33,64.0,135,0.8479582971329279,0.009674355536576624,0.0002451830884498149,0.016147550143277734,0.16824818152216614,0.16794170189753627,0.029552838997773292,70.55245969983324,1177.6833336921698,LOGO (29 refits),15691.057018609574,0.0750544295578965,1047.6759688375744,0.31088742766427874,-5.969807195510206,-6.196107474632388,-5.673850556628731,-132.67987499109756,-164.76326010156382,-164.40781742343802,-71.26569428306857,0.6663994133790336,0.606718022845861,0.059681390533172674,0.0034674234945705207,0.0025102242278944864,0.0015202028459082584,591,560,1013,29,0.3735408560311284
breakhis,fm_dinov2_vitb14,FM,42,0.0561160127006387,0.05611601270063871,breakhis_fm_dinov2_vitb14_s42_std_r4,0,2132,33,768,64.60606060606061,77.4296435272045,29,57.0,167,0.7966101694915254,0.010777284103087132,0.0002347049076359398,0.018140713251444174,0.16208432745661527,0.1631116007001764,0.032884728819700296,64.20532363977486,1144.3038254722235,LOGO (33 refits),14653.580173703647,0.07809039237562682,1057.2204749120315,0.31722573982515595,-6.656869551572987,-6.936048924039272,-6.122479260135424,-142.14192169081284,-149.8105518367262,-150.9567059568927,-128.0967363983151,0.6684110152250139,0.628860187339506,0.0395508278855079,0.004145465857041786,0.002951977983957743,0.001465653352852092,558,622,1013,33,0.3602251407129456
breakhis,fm_dinov2_vitb14,FM,42,0.0561160127006387,0.05611601270063871,breakhis_fm_dinov2_vitb14_s42_std_r4,1,2114,28,768,75.5,85.73415326395458,28,71.0,150,0.7966101694915254,0.010347894364578315,0.00023867154142682398,0.016501904957457625,0.14708775350714065,0.15086585488388468,0.02906908364470234,75.1209572865202,1147.5307586875276,LOGO (28 refits),15129.72568522143,0.07584610471876728,1053.8124616555904,0.32052821326854425,-6.133129380678203,-6.383922788006538,-5.855053964591067,-135.28408379325546,-137.4298580402607,-141.671671129715,-96.42911481787758,0.677669397510816,0.6049881999950465,0.07268119751576951,0.0036832998970374176,0.00278105064271994,0.0015498254488489627,622,558,1013,28,0.3632923368022706
breakhis,fm_dinov2_vitl14,FM,42,0.0723263956754891,0.07232639567548915,breakhis_fm_dinov2_vitl14_s42_std_r0,0,1831,27,1024,67.81481481481481,79.52648825778263,24,61.0,126,0.8947885939036382,0.013393211721239823,0.00010124663125495457,0.012396083420585402,0.14981110072760084,0.15520956251198934,0.026427614475811975,67.36436583623913,1814.0284465548086,LOGO (27 refits),21737.909777062043,0.08344999427999196,1901.4661324312067,0.31423991824638997,-7.162189988585895,-7.532862643364334,-6.752159989722378,-124.22703848462558,-232.43458741158253,-242.19503516131414,-521.3598016022313,0.6628315331489852,0.6059186919256021,0.05691284122338314,0.003108400319653981,0.0020683495510741556,0.00054684991334919,513,504,1013,27,0.5592572364827962
breakhis,fm_dinov2_vitl14,FM,42,0.0723263956754891,0.07232639567548915,breakhis_fm_dinov2_vitl14_s42_std_r0,1,1830,29,1024,63.10344827586207,73.55628415300546,28,59.0,152,0.8947885939036382,0.013810389555227672,9.175954789901488e-05,0.013599095795327143,0.1479825715230637,0.1534590668487681,0.02869982040863076,62.73013270882124,1814.6566679313112,LOGO (29 refits),21268.899652079694,0.08531972493244953,1732.035011716804,0.3177977347455873,-7.952338834337955,-8.357080383542286,-7.526698570713733,-134.54583959803662,-227.15316397058626,-237.0454290083559,5.780068260389044,0.6834191228317585,0.5956791727041636,0.08773995012759495,0.0033367393475461915,0.0023996043635468034,0.0010265367568343953,504,513,1013,29,0.5595628415300546
breakhis,fm_dinov2_vitl14,FM,42,0.101607138780164,0.10160713878016403,breakhis_fm_dinov2_vitl14_s42_std_r1,0,1938,30,1024,64.6,79.437564499484,25,55.0,183,0.8576709796672828,0.012261418346595693,9.788700791539999e-05,0.014091810444063602,0.16504296134744556,0.16885304095356604,0.028852438991880655,64.08835984484537,1835.156575961243,LOGO (30 refits),22110.713894878707,0.08299852210499195,1661.0799313484433,0.3335709774100661,-8.733456400840447,-9.270764799781354,-8.073088082278902,-151.5619207104086,-260.9713951885685,-267.9508159702226,-39.45345589432418,0.6442481506647351,0.5973668279220956,0.04688132274263945,0.0038541320112933652,0.002557907424476258,0.001022906631368392,539,543,1013,30,0.5283797729618163
breakhis,fm_dinov2_vitl14,FM,42,0.101607138780164,0.10160713878016403,breakhis_fm_dinov2_vitl14_s42_std_r1,1,1959,26,1024,75.34615384615384,84.7590607452782,32,74.0,153,0.8576709796672828,0.010643653840671057,9.455502599643855e-05,0.01147122219429908,0.14886473408328083,0.15284185295351843,0.024092886875169073,74.96963757018887,1786.736825357373,LOGO (26 refits),23976.18236764325,0.07452132278442462,2139.4151311789938,0.3005026890092078,-6.225380474363049,-6.588478213497336,-6.0712235569106445,-125.4500709370097,-227.9582703169013,-235.0323749625194,-610.0614810540119,0.7149833017912623,0.5586503469735736,0.15633295481768872,0.0020878853201515835,0.0017325785200555943,0.0006542614342681663,543,539,1013,26,0.5227156712608474
breakhis,fm_dinov2_vitl14,FM,42,0.0881792836789039,0.08817928367890393,breakhis_fm_dinov2_vitl14_s42_std_r2,0,1951,29,1024,67.27586206896552,79.54843669912866,31,58.0,156,0.8574057037718491,0.012464937499859463,9.159460212064592e-05,0.013120846071763559,0.1507368862567695,0.15616011434679108,0.02729141853842524,66.83755583217398,1754.5786705134233,LOGO (29 refits),21529.81037129367,0.0814953146476782,2302.6125390147085,0.3091825080437355,-7.207706233883152,-7.742669434805745,-6.901796676129563,-131.61359509800138,-223.8502761459083,-233.30946995711255,-866.5835854735096,0.698303771401883,0.5716479714561364,0.1266557999457466,0.0028010159047691108,0.0021460148504227616,0.00045370496015351147,558,529,1013,29,0.5248590466427473
breakhis,fm_dinov2_vitl14,FM,42,0.0881792836789039,0.08817928367890393,breakhis_fm_dinov2_vitl14_s42_std_r2,1,1963,28,1024,70.10714285714286,84.54661232806929,29,61.5,182,0.8574057037718491,0.01057163632920136,0.00010212481904473496,0.013120714972435388,0.16053350822928492,0.16397090566079503,0.02670162256455739,69.57234769155299,1865.0895166374705,LOGO (28 refits),24429.232634433287,0.07634662719649267,1699.731259494725,0.33463405432095583,-8.276428383440031,-8.71358661111701,-7.68800489267811,-156.66575105103675,-259.73137350746515,-266.1326204307308,140.4681474930951,0.661629441084428,0.6119266736723667,0.049702767412061255,0.0033807810294133045,0.002390075965848948,0.0010322792290063942,529,558,1013,28,0.521650534895568
breakhis,fm_dinov2_vitl14,FM,42,0.0783491922508,0.07834919225080006,breakhis_fm_dinov2_vitl14_s42_std_r3,0,2086,29,1024,71.93103448275862,83.71716203259827,27,65.0,183,0.8835794960903562,0.010785599528885201,9.239411453198078e-05,0.014001553085931207,0.15856887078044968,0.16431041936594123,0.027242779231539605,71.51010135597863,1810.1130764862241,LOGO (29 refits),22975.89664671177,0.07878313104900223,1960.0130862563437,0.3419370996561265,-8.760677853339308,-9.071471174220402,-8.203254616932815,-163.41650487645012,-248.06407482673146,-258.4369891709013,-439.5385902544797,0.6727929770131152,0.6027246472674187,0.07006832974569654,0.003494336735801684,0.002428664251365009,0.0007952564927684591,560,591,1013,29,0.49089165867689355
breakhis,fm_dinov2_vitl14,FM,42,0.0783491922508,0.07834919225080006,breakhis_fm_dinov2_vitl14_s42_std_r3,1,2056,29,1024,70.89655172413794,80.53112840466926,33,64.0,135,0.8835794960903562,0.011550931134231536,0.0001046091995093605,0.01302965567810821,0.16707378176831122,0.16896647657024938,0.0264774267929568,70.55245969983324,1768.8419071022165,LOGO (29 refits),22317.62552967982,0.07925762105605118,1596.3603742884575,0.3160271495739881,-7.368720020160801,-7.6489828172147245,-7.0089538293285285,-139.5939153759963,-256.0110376762704,-259.35624662353956,-152.36497527305664,0.668041350764929,0.5814112960090255,0.08663005475590346,0.003481525877873315,0.0023180792553941787,0.0010755922735674606,591,560,1013,29,0.4980544747081712
breakhis,fm_dinov2_vitl14,FM,42,0.0753653222077654,0.07536532220776548,breakhis_fm_dinov2_vitl14_s42_std_r4,0,2132,33,1024,64.60606060606061,77.4296435272045,29,57.0,167,0.8533898305084746,0.010910777376051324,9.776550623748192e-05,0.01428247398089788,0.1581199140693863,0.16211934914716314,0.029084426506759426,64.20532363977486,1784.7582898937349,LOGO (33 refits),22379.437699867085,0.07974991658992106,1720.5510817621168,0.3228416142836536,-8.320259849583566,-8.672990270002304,-7.66373903066468,-155.7803332957494,-238.60887997795146,-245.68754022679997,-314.35863592187707,0.6789177962473507,0.6108864504210536,0.06803134582629711,0.0037883717460791555,0.0024948975219255543,0.0008640142904215997,558,622,1013,33,0.4803001876172608
breakhis,fm_dinov2_vitl14,FM,42,0.0753653222077654,0.07536532220776548,breakhis_fm_dinov2_vitl14_s42_std_r4,1,2114,28,1024,75.5,85.73415326395458,28,71.0,150,0.8533898305084746,0.012593185338693875,0.0001005842949066014,0.013622498529434313,0.14347449528514444,0.14948757803158808,0.02622647038920957,75.1209572865202,1763.881067096396,LOGO (28 refits),21135.27484036728,0.08345673668399498,1527.379796897243,0.33457594662231765,-8.141879369487405,-8.476858935807787,-7.788843591251622,-145.1750766314151,-215.50290075340686,-226.0559229030517,-126.35169209055925,0.676917119250388,0.5942178206611541,0.08269929858923386,0.0037735248224691764,0.002441380335212129,0.0012281832410123705,622,558,1013,28,0.48438978240302744
breakhis,fm_uni,FM,42,0.2190899743050727,0.2190899743050727,breakhis_fm_uni_s42_std_r0,0,1831,27,1024,67.81481481481481,79.52648825778263,24,61.0,126,0.960668633235005,0.02924940239009569,0.0007735650280976978,0.014525587350313618,0.19178115925984618,0.19062051426567758,0.028526863158451456,67.36436583623913,1944.547484528129,LOGO (27 refits),8378.091570687737,0.23209909656889868,1768.9417581830758,0.35597071046042983,-10.35759329698549,-10.904911591580003,-9.842192682841741,-58.28223129632732,-337.85665576330433,-335.5447823468929,-377.13290893822887,0.7892677839163006,0.6051665648161206,0.18410121910017996,0.005306021717670251,0.004734091728168632,0.0050207353736317906,513,504,1013,27,0.5592572364827962
breakhis,fm_uni,FM,42,0.2190899743050727,0.2190899743050727,breakhis_fm_uni_s42_std_r0,1,1830,29,1024,63.10344827586207,73.55628415300546,28,59.0,152,0.960668633235005,0.025592385749468288,0.0007641602371179198,0.015530120943851311,0.1886216438070859,0.18843269360961368,0.03060128366313626,62.73013270882124,1993.368638866466,LOGO (29 refits),9224.6225280479,0.21609216342517373,2021.3855505900224,0.3566502021953694,-11.330896297610654,-11.919286239446148,-10.801341360993066,-68.67129957398843,-336.786481792611,-336.4022580860429,-609.5909062147755,0.8521267177486328,0.5980479882386673,0.25407872950996546,0.005553535038649526,0.005661295940300404,0.0053307837943886716,504,513,1013,29,0.5595628415300546
breakhis,fm_uni,FM,42,0.2862928945847843,0.28629289458478435,breakhis_fm_uni_s42_std_r1,0,1938,30,1024,64.6,79.437564499484,25,55.0,183,0.9121996303142329,0.028337734474968797,0.0007692405792051463,0.016481382169185377,0.20187641623319397,0.1988378985956596,0.03120623499163954,64.08835984484537,1886.4747462650334,LOGO (30 refits),8423.59384411204,0.2239512945633828,1856.0305163655914,0.3710849170039123,-11.874151643513688,-12.618312436505054,-11.07734356124013,-69.80762492197417,-344.14872899977007,-338.2841008965515,-489.37503293251416,0.7691458168118723,0.527501595283415,0.24164422152845733,0.0061884270596427315,0.005823011713289028,0.0060084574513895594,539,543,1013,30,0.5283797729618163
breakhis,fm_uni,FM,42,0.2862928945847843,0.28629289458478435,breakhis_fm_uni_s42_std_r1,1,1959,26,1024,75.34615384615384,84.7590607452782,32,74.0,153,0.9121996303142329,0.023830990088670793,0.0007578461222278125,0.0138125666656983,0.1742964096392241,0.17641333514084576,0.026404336754236375,74.96963757018887,1950.2965206773831,LOGO (26 refits),9268.658754480237,0.21041841892546306,2184.6101223261253,0.35010395712398434,-9.66155513246438,-10.219565449495496,-9.47427512646229,-61.5041761268144,-304.2690188491986,-308.4685363526657,-798.4021907095057,0.8735408383464319,0.5425992707053207,0.33094156764111127,0.0044779645682198055,0.004857080586878948,0.004298245687698987,543,539,1013,26,0.5227156712608474
breakhis,fm_uni,FM,42,0.2454971963254045,0.24549719632540457,breakhis_fm_uni_s42_std_r2,0,1951,29,1024,67.27586206896552,79.54843669912866,31,58.0,156,0.9190432382704692,0.02557034771496948,0.0007748379642399862,0.015836205917963975,0.19074719868440249,0.190918020926171,0.029967788602218815,66.83755583217398,1946.02246449469,LOGO (29 refits),8873.157555568707,0.21931566663925464,1918.4628169660039,0.361492030584074,-11.432658358607307,-12.27213976691376,-11.039715327125798,-69.01657906989652,-332.9353447419406,-333.2743873849648,-549.1056284086492,0.8526715423508724,0.6078521750327034,0.244819367318169,0.005590835210318779,0.005486333617602535,0.005367309363129791,558,529,1013,29,0.5248590466427473
breakhis,fm_uni,FM,42,0.2454971963254045,0.24549719632540457,breakhis_fm_uni_s42_std_r2,1,1963,28,1024,70.10714285714286,84.54661232806929,29,61.5,182,0.9190432382704692,0.0276358548283917,0.0007674534161856045,0.015614035564520456,0.18551320402236038,0.1853606241973882,0.029160631405375698,69.57234769155299,1932.0629709196053,LOGO (28 refits),8490.086578549319,0.2275669338639103,1865.9611378552017,0.3771927169290449,-11.702288575323331,-12.334279867308153,-10.972781523789692,-67.36195381826182,-323.7104751506737,-323.4091877074726,-507.5082579421153,0.8089804190140648,0.5628053936814247,0.24617502533264013,0.006089297908550839,0.005719552625899071,0.005900575363073646,529,558,1013,28,0.521650534895568
breakhis,fm_uni,FM,42,0.2279315105585331,0.2279315105585331,breakhis_fm_uni_s42_std_r3,0,2086,29,1024,71.93103448275862,83.71716203259827,27,65.0,183,0.9374456993918332,0.025796420689674117,0.0007711385800365038,0.016994687258233054,0.19690923836376362,0.196409315820644,0.030195717837019194,71.51010135597863,1957.3800990046495,LOGO (29 refits),8759.973304250154,0.22344589772379445,1751.757510272219,0.39525608276013435,-13.496376554529684,-13.994384975667689,-12.760455889149663,-79.30126424987714,-350.5390664370632,-349.5386015383281,-447.88053664827635,0.8259554364687632,0.6139743403437211,0.21198109612504212,0.007045464795225498,0.00624704559842193,0.006532634340117083,560,591,1013,29,0.49089165867689355
breakhis,fm_uni,FM,42,0.2279315105585331,0.2279315105585331,breakhis_fm_uni_s42_std_r3,1,2056,29,1024,70.89655172413794,80.53112840466926,33,64.0,135,0.9374456993918332,0.023353429742089576,0.0007668942283793051,0.015624193787836083,0.19262955739437893,0.19142032481835508,0.029036613531846132,70.55245969983324,1903.7868007401019,LOGO (29 refits),9020.26304022116,0.2110566834083615,1829.917027029795,0.3645019507639684,-11.101415460275053,-11.533648863304009,-10.63564724748137,-70.75168327669742,-329.9229741621247,-327.579183955548,-490.3702610165208,0.8195606021884704,0.5756786771964462,0.2438819249920242,0.005447045550698082,0.005150895501339736,0.005522809218990288,591,560,1013,29,0.4980544747081712
breakhis,fm_uni,FM,42,0.2438492580127623,0.24384925801276236,breakhis_fm_uni_s42_std_r4,0,2132,33,1024,64.60606060606061,77.4296435272045,29,57.0,167,0.9177966101694915,0.025449624979965987,0.0007708342084980118,0.01794267978971431,0.19599572297308954,0.19470484818829065,0.03268966911244036,64.20532363977486,1850.174720468059,LOGO (33 refits),8558.91806599619,0.21616922912472272,1804.6591438009036,0.37693603289148714,-12.839952346734886,-13.430566359665999,-11.98911739272546,-79.64024316266568,-322.8320676468909,-320.40286998606666,-481.17900952594664,0.7988373368432599,0.5518389553172106,0.24699838152604925,0.00688953571417239,0.006495938649644706,0.006710183242827239,558,622,1013,33,0.4803001876172608
breakhis,fm_uni,FM,42,0.2438492580127623,0.24384925801276236,breakhis_fm_uni_s42_std_r4,1,2114,28,1024,75.5,85.73415326395458,28,71.0,150,0.9177966101694915,0.026419638013649258,0.0007728790719121368,0.015985533586930223,0.18423768366525117,0.184470600647956,0.028559310488564325,75.1209572865202,1847.6180294330443,LOGO (28 refits),8259.688744414998,0.22369099933485495,1720.1662581891753,0.37607241728409224,-11.408774739432461,-11.883441930694532,-10.978246914399739,-68.43472199858124,-306.3504980747726,-306.78946594385457,-421.27885717958884,0.789506511809499,0.5488063773100235,0.24070013449947558,0.006779253220675963,0.006147678742653762,0.006526924746805496,622,558,1013,28,0.48438978240302744
breakhis,fm_virchow2,FM,42,0.2026409908449966,0.20264099084499665,breakhis_fm_virchow2_s42_std_r0,0,1831,27,2560,67.81481481481481,79.52648825778263,24,61.0,126,0.9813176007866273,0.008381516904550653,0.00025493765564992905,0.005198903958203549,0.21250752517768667,0.20866015336430277,0.01933269002218371,67.36436583623913,7770.533761240407,LOGO (27 refits),152133.68705470706,0.051077009383504485,7249.271916522882,0.23985756133831507,-9.77172973896623,-10.246371301523045,-9.073485803963719,-221.05513059840652,-1551.743210434434,-1521.3727320068883,-2406.562073877959,0.8578537492134416,0.6530617841081809,0.20479196510526065,0.0008148043686049267,0.0007168711512245407,0.0007769738274681082,513,504,1013,27,1.3981430912069908
breakhis,fm_virchow2,FM,42,0.2026409908449966,0.20264099084499665,breakhis_fm_virchow2_s42_std_r0,1,1830,29,2560,63.10344827586207,73.55628415300546,28,59.0,152,0.9813176007866273,0.00854478805969081,0.00025311552888244884,0.005997145420149619,0.24646880804288596,0.23364194216556156,0.021214247622573495,62.73013270882124,7499.747264564873,LOGO (29 refits),151559.9434116677,0.04948370325128739,7379.439947078525,0.2507415021909684,-11.374814720623357,-11.917793883159575,-10.62069813424994,-266.18084966062855,-1750.7035178353317,-1652.751497291981,-2616.9139577976093,0.8856472993935975,0.6851572828088649,0.20049001658473264,0.0009890911330096008,0.0009544537003361997,0.0008891825204926374,504,513,1013,29,1.3989071038251366
breakhis,fm_virchow2,FM,42,0.2500610922826929,0.2500610922826929,breakhis_fm_virchow2_s42_std_r1,0,1938,30,2560,64.6,79.437564499484,25,55.0,183,0.9353049907578558,0.01028571924907379,0.00024850716725730867,0.00688344859864487,0.22031326788300765,0.21830602738652446,0.021751997896857216,64.08835984484537,6671.799113252732,LOGO (30 refits),125568.23286806906,0.05313285821472538,5928.332780938216,0.2821267123366732,-13.091319018696435,-13.861997695949455,-11.938995293529466,-289.2594508922345,-1381.0182377738809,-1367.3874027579031,-1660.6326249802878,0.8398427126392153,0.6703735417473399,0.1694691708918754,0.0015889204612595798,0.0014071217814816128,0.0013319562190117207,539,543,1013,30,1.3209494324045408
breakhis,fm_virchow2,FM,42,0.2500610922826929,0.2500610922826929,breakhis_fm_virchow2_s42_std_r1,1,1959,26,2560,75.34615384615384,84.7590607452782,32,74.0,153,0.9353049907578558,0.007576024944406172,0.00025176397679741586,0.005300232471369459,0.23201489304854883,0.22316911207454943,0.018000689155848862,74.96963757018887,7405.060303193191,LOGO (26 refits),163797.11314919824,0.04520873512861077,8678.794198725469,0.24845818436396075,-9.826063757676197,-10.399071114719256,-9.52226857427909,-255.04450099036097,-1630.3844911069718,-1563.8406755210076,-4231.86469598675,0.9151381942664333,0.5844851805929228,0.3306530136735105,0.0007948616043383927,0.0008736151734318742,0.0007531715304031072,543,539,1013,26,1.3067891781521184
breakhis,fm_virchow2,FM,42,0.2309151207283343,0.2309151207283343,breakhis_fm_virchow2_s42_std_r2,0,1951,29,2560,67.27586206896552,79.54843669912866,31,58.0,156,0.9337626494940202,0.007992104106706333,0.00025509956219668575,0.006005902748588587,0.24901721151970713,0.24019726250536355,0.02027863850399126,66.83755583217398,7310.37337102944,LOGO (29 refits),155440.88910002715,0.04702992509471025,7533.85486706579,0.2558476199039336,-11.323589225879088,-12.161976945555754,-10.741006705259784,-281.97103426471205,-1726.8879184064824,-1661.2839374020182,-3045.4110175626984,0.9034840974146137,0.6545102700806342,0.24897382733397944,0.0010076939297636311,0.0010282210283329984,0.0008216307117433486,558,529,1013,29,1.3121476166068682
breakhis,fm_virchow2,FM,42,0.2309151207283343,0.2309151207283343,breakhis_fm_virchow2_s42_std_r2,1,1963,28,2560,70.10714285714286,84.54661232806929,29,61.5,182,0.9337626494940202,0.008934238418551224,0.00024928038620407545,0.006227227153040915,0.2142310087070326,0.20975822402330357,0.019902999256440203,69.57234769155299,7199.937744262376,LOGO (28 refits),142033.70480903523,0.050691754847504086,7166.535622069668,0.2796179764281055,-12.649870070804324,-13.28478779777993,-11.597558945780793,-291.00878212240775,-1454.327314174584,-1421.600798806204,-2606.963777049861,0.8761936041293058,0.6633371900066165,0.2128564141226893,0.0012100754704964523,0.0011800004953524956,0.0010365181889199215,529,558,1013,28,1.30412633723892
breakhis,fm_virchow2,FM,42,0.2024138012699781,0.2024138012699781,breakhis_fm_virchow2_s42_std_r3,0,2086,29,2560,71.93103448275862,83.71716203259827,27,65.0,183,0.946133796698523,0.00846418265755737,0.0002560868265033291,0.00686500177228333,0.23973219573125315,0.23240545293472575,0.020202066496682578,71.51010135597863,7224.395758129691,LOGO (29 refits),146070.34798911941,0.049458331944740946,5911.196975311789,0.29946051949585695,-14.978673332245423,-15.483573648658355,-13.909921381263016,-354.684920205749,-1648.1382063455949,-1594.3109947317012,-1636.1415557123273,0.8561874206740939,0.7062401972329263,0.14994722344116762,0.001690377044278879,0.0014080907592164404,0.001359598080619584,560,591,1013,29,1.227229146692234
breakhis,fm_virchow2,FM,42,0.2024138012699781,0.2024138012699781,breakhis_fm_virchow2_s42_std_r3,1,2056,29,2560,70.89655172413794,80.53112840466926,33,64.0,135,0.946133796698523,0.007453344791001486,0.000258482742709505,0.006100456741947813,0.2332092470238546,0.22781645485114585,0.019642640299722038,70.55245969983324,7165.0421392307535,LOGO (29 refits),161917.8115033385,0.04425110537689685,6926.468760004899,0.2674362178477792,-11.77742622321238,-12.208490257120161,-11.116591148067286,-314.44586513952333,-1581.8645370190495,-1542.614769477194,-2723.072732173502,0.8767461244097461,0.6218657453109575,0.2548803790987886,0.0012092793682132452,0.0011176138767452493,0.0010190990569689529,591,560,1013,29,1.245136186770428
breakhis,fm_virchow2,FM,42,0.2127536592632397,0.21275365926323975,breakhis_fm_virchow2_s42_std_r4,0,2132,33,2560,64.60606060606061,77.4296435272045,29,57.0,167,0.9364406779661016,0.009239425882365286,0.0002547040179029108,0.007668524229495488,0.22503680083557498,0.2242696419078424,0.02256979463055398,64.20532363977486,6478.403205182666,LOGO (33 refits),133316.0268981543,0.04859433149873114,5829.9625614004535,0.29803144270715914,-14.944216043978908,-15.545936058452003,-13.67335557015318,-366.07323584448477,-1367.7151546091554,-1362.6615838906548,-1906.9997821082084,0.867795716615893,0.6619651920531483,0.20583052456274475,0.0018775214811945773,0.0016727875242427137,0.001599852246240152,558,622,1013,33,1.200750469043152
breakhis,fm_virchow2,FM,42,0.2127536592632397,0.21275365926323975,breakhis_fm_virchow2_s42_std_r4,1,2114,28,2560,75.5,85.73415326395458,28,71.0,150,0.9364406779661016,0.007791565038989393,0.0002548486394348633,0.00605160365974855,0.22178950746239168,0.21700968116390548,0.018752316722306057,75.1209572865202,7041.991162473715,LOGO (28 refits),152355.52778361738,0.046220778890773744,6400.909433462685,0.27523351085907133,-11.821275743286034,-12.29122463601142,-11.206848278268053,-303.3594957700891,-1477.7950439681656,-1443.621444826138,-2138.314520384286,0.8532486041587973,0.6335718101950627,0.21967679396373463,0.0014082164832093236,0.0011676166820580036,0.0011243659517429228,622,558,1013,28,1.2109744560075686
breakhis,mobilenet_v3_large,CNN,42,0.139750838651966,0.13975083865196603,breakhis_mobilenet_v3_large_s42_std_r0,0,1831,27,960,67.81481481481481,79.52648825778263,24,61.0,126,0.8967551622418879,0.008571220650931495,0.000746655929954325,0.011254283697014755,0.4392619618413579,0.4175336436387247,0.02530203704339584,67.36436583623913,2123.8243389827926,LOGO (27 refits),17633.206280269318,0.12044459216468456,1996.2488643122304,0.30994986751130704,-7.472507947992074,-7.858189573534933,-7.038806201651064,-85.55692682066118,-896.6447291433143,-849.5943193778643,-434.2494601554354,0.7694513238234337,0.618573622275498,0.15087770154793578,0.002702956799699119,0.002507090364938236,0.002486314771327991,513,504,1013,27,0.5243036592026216
breakhis,mobilenet_v3_large,CNN,42,0.139750838651966,0.13975083865196603,breakhis_mobilenet_v3_large_s42_std_r0,1,1830,29,960,63.10344827586207,73.55628415300546,28,59.0,152,0.8967551622418879,0.008202300995231887,0.000747272203634609,0.012384259774030904,0.44968344912139724,0.4243604462159238,0.027503582205046385,62.73013270882124,2196.9142414078874,LOGO (29 refits),17948.23227626086,0.12240281982051375,1967.1965224761257,0.31734275758532066,-8.70539842084947,-9.148332643388574,-8.238736166182647,-96.97659676831535,-949.1508802564167,-892.3988683415652,-366.3996944212961,0.7960834547705229,0.6674594790145265,0.12862397575599638,0.0031308390533205666,0.002942257475431531,0.0031012606706906087,504,513,1013,29,0.5245901639344263
breakhis,mobilenet_v3_large,CNN,42,0.2384098779810097,0.23840987798100977,breakhis_mobilenet_v3_large_s42_std_r1,0,1938,30,960,64.6,79.437564499484,25,55.0,183,0.8733826247689463,0.00842987736323208,0.0007599716927502918,0.013490934612419458,0.44543316438958813,0.41878274521539005,0.028260559236187907,64.08835984484537,2017.037729695986,LOGO (30 refits),17592.437450787784,0.11465368203458717,2020.0106408887066,0.3343956762961836,-9.176842548262202,-9.741725528933127,-8.48471003603307,-111.31233422681072,-860.4578958071924,-805.6711819617924,-476.7317631948895,0.7313862276490961,0.5241801334038713,0.20720609424522485,0.004092288281802414,0.0038414061037088665,0.0037588044243361818,539,543,1013,30,0.4953560371517028
breakhis,mobilenet_v3_large,CNN,42,0.2384098779810097,0.23840987798100977,breakhis_mobilenet_v3_large_s42_std_r1,1,1959,26,960,75.34615384615384,84.7590607452782,32,74.0,153,0.8733826247689463,0.009754013917708809,0.0007246354890078967,0.011990825579470621,0.41271745925808123,0.39763572320082047,0.024605855896382353,74.96963757018887,2037.5293658096916,LOGO (26 refits),16369.483055522316,0.12447121017192551,2156.8289493376865,0.32385872325543713,-7.99034389352866,-8.454801276637266,-7.813198969657234,-89.92155475099237,-807.0725255009504,-775.7445442790937,-688.8753293055365,0.7781474350933264,0.5085337733765318,0.2696136617167946,0.0030072874523586757,0.002928533883265194,0.0029087577984359125,543,539,1013,26,0.4900459418070444
breakhis,mobilenet_v3_large,CNN,42,0.1848639846958942,0.18486398469589427,breakhis_mobilenet_v3_large_s42_std_r2,0,1951,29,960,67.27586206896552,79.54843669912866,31,58.0,156,0.8647654093836247,0.008841802634640334,0.0007497765403867504,0.013402798626207413,0.45866782621783253,0.43703344276493894,0.027569322543369884,66.83755583217398,2145.713527302331,LOGO (29 refits),17714.679436825256,0.12112629725840955,1939.0763580685539,0.3351632053057623,-9.724798011132442,-10.443904506571968,-9.351972662129686,-110.41882842724281,-946.9639564327174,-899.6013466773157,-487.8923510992281,0.7969779957328917,0.6058330549734361,0.19114494075945565,0.00400091812113601,0.0034149627619770584,0.0037137717678606963,558,529,1013,29,0.4920553562275756
breakhis,mobilenet_v3_large,CNN,42,0.1848639846958942,0.18486398469589427,breakhis_mobilenet_v3_large_s42_std_r2,1,1963,28,960,70.10714285714286,84.54661232806929,29,61.5,182,0.8647654093836247,0.010210081176950318,0.0007164280234201994,0.013049551683286587,0.4063996092870019,0.39399792534987554,0.026631438586728062,69.57234769155299,2007.1336088712653,LOGO (28 refits),16124.665442325084,0.1244759846987466,1869.3054768315642,0.3414658234431772,-9.035997277199973,-9.515439503495825,-8.406593152608366,-100.59488192321642,-781.1148415750562,-755.7307417623343,-419.617852098482,0.7762117052980442,0.5976286766657113,0.17858302863233289,0.0038973629554147626,0.0035046191623588907,0.003624626504350248,529,558,1013,28,0.489047376464595
breakhis,mobilenet_v3_large,CNN,42,0.1462673365656664,0.14626733656566648,breakhis_mobilenet_v3_large_s42_std_r3,0,2086,29,960,71.93103448275862,83.71716203259827,27,65.0,183,0.894005212858384,0.008096374202709129,0.0007520205736350854,0.014367582060220596,0.45087284920495807,0.42976060578082476,0.027603892708812302,71.51010135597863,2097.187985229646,LOGO (29 refits),17147.787887764604,0.12230078882221565,1586.8729862864323,0.3646760789547704,-11.077935853281552,-11.478839653572441,-10.416961689860383,-124.68575776023252,-910.5970358601865,-865.5144800662483,-152.1641407306024,0.7139807502467918,0.6461766911704525,0.06780405907633924,0.00549873639304943,0.004152447956598082,0.004926858810737622,560,591,1013,29,0.46021093000958774
breakhis,mobilenet_v3_large,CNN,42,0.1462673365656664,0.14626733656566648,breakhis_mobilenet_v3_large_s42_std_r3,1,2056,29,960,70.89655172413794,80.53112840466926,33,64.0,135,0.894005212858384,0.006847590684020664,0.0007265027920937431,0.012576329137519382,0.4574254384889813,0.43081082282287825,0.026030276964355906,70.55245969983324,1980.94232796196,LOGO (29 refits),19012.455081999247,0.10419182159370313,2104.2586981081313,0.3211101949519921,-8.054969874371306,-8.3622954585867,-7.667654580779735,-111.29845080306858,-869.575210444321,-815.9516786277064,-620.1861039193145,0.7647937222202735,0.5400631081652799,0.22473061405499362,0.0029579748977577314,0.002794034691862901,0.0024699756834796194,591,560,1013,29,0.4669260700389105
breakhis,mobilenet_v3_large,CNN,42,0.1848339198664544,0.18483391986645448,breakhis_mobilenet_v3_large_s42_std_r4,0,2132,33,960,64.60606060606061,77.4296435272045,29,57.0,167,0.8872881355932203,0.008314281748551543,0.0007427266078432707,0.014586163652765993,0.4522852751132145,0.42976719829098387,0.02938355584568543,64.20532363977486,1971.430484118557,LOGO (33 refits),16849.9632536757,0.11699909693800092,1868.0152649147576,0.3385914196293763,-9.818031907259613,-10.245997729536603,-9.080491981609248,-119.04669800893667,-851.5420966789301,-806.3170669528084,-430.432127463034,0.744371556857625,0.5402246677437683,0.2041468891138567,0.004208949254546179,0.003853442228521131,0.0042106650265887335,558,622,1013,33,0.450281425891182
breakhis,mobilenet_v3_large,CNN,42,0.1848339198664544,0.18483391986645448,breakhis_mobilenet_v3_large_s42_std_r4,1,2114,28,960,75.5,85.73415326395458,28,71.0,150,0.8872881355932203,0.008697830263788852,0.0007460460817391214,0.013836177652028048,0.4435666662725313,0.4254636357177202,0.026437419111278268,75.1209572865202,1969.4760625578383,LOGO (28 refits),16420.99515143363,0.11993646209595851,1793.5773706568716,0.35094890129274287,-9.647275180923508,-10.04643233653842,-9.250758897385115,-113.53792797371473,-839.8126470159638,-803.5066138547162,-357.65230183715585,0.7190526372590408,0.5535316866399884,0.16552095061905236,0.004880991554239267,0.004219342101073109,0.004413251685708386,622,558,1013,28,0.45411542100283825
breakhis,regnet_y_3_2gf,CNN,42,0.2460589439761518,0.2460589439761518,breakhis_regnet_y_3_2gf_s42_std_r0,0,1831,27,1512,67.81481481481481,79.52648825778263,24,61.0,126,0.928220255653884,0.013107000171140831,0.00030601380103659805,0.007205429173695821,0.3819676371334326,0.35397166293667714,0.02131070722915087,67.36436583623913,3697.561840057846,LOGO (27 refits),34281.279199335426,0.10785950601661115,3407.126119460516,0.2648372942131037,-7.149643271187815,-7.50580305598103,-6.673694917120111,-84.16524865247227,-1370.0913415452449,-1264.0041161221322,-820.3132530692337,0.773115194479563,0.5276132499725787,0.24550194450698426,0.0023327692380011866,0.0019253670536987233,0.00188468831798283,513,504,1013,27,0.8257782632441288
breakhis,regnet_y_3_2gf,CNN,42,0.2460589439761518,0.2460589439761518,breakhis_regnet_y_3_2gf_s42_std_r0,1,1830,29,1512,63.10344827586207,73.55628415300546,28,59.0,152,0.928220255653884,0.013917865138860888,0.0003011707631943436,0.00814752074668501,0.3837965989891927,0.3601835051075136,0.023331703042525995,62.73013270882124,3673.733462963673,LOGO (29 refits),33261.957918504886,0.11044850312073289,3341.9731404404324,0.27344514134354087,-8.300232154937756,-8.706982347956934,-7.787084283529474,-95.13407065610585,-1366.0849272597818,-1277.0481072637795,-760.1963026769427,0.8082330497187358,0.5616171062734163,0.24661594344531945,0.0029980622280720848,0.002620899072294125,0.002555001662035594,504,513,1013,29,0.8262295081967214
breakhis,regnet_y_3_2gf,CNN,42,0.3143048567760151,0.31430485677601516,breakhis_regnet_y_3_2gf_s42_std_r1,0,1938,30,1512,64.6,79.437564499484,25,55.0,183,0.890018484288355,0.010960773649784965,0.00031131182551362175,0.0084112142942675,0.41961467925093665,0.38557365219994744,0.023256890487073956,64.08835984484537,3849.174771494093,LOGO (30 refits),38208.992959141324,0.10074002148159719,3833.1994274184945,0.2915408115728459,-9.54359872033956,-10.110969125564113,-8.72582641971642,-119.45706868129368,-1569.7048439200003,-1435.6015872537657,-1132.6540689615344,0.7869679326455522,0.5049349251625734,0.28203300748297877,0.002930594718021151,0.0025724513188585263,0.0021489847126486272,539,543,1013,30,0.7801857585139319
breakhis,regnet_y_3_2gf,CNN,42,0.3143048567760151,0.31430485677601516,breakhis_regnet_y_3_2gf_s42_std_r1,1,1959,26,1512,75.34615384615384,84.7590607452782,32,74.0,153,0.890018484288355,0.014155808776375569,0.0002908932078461321,0.007677069636468192,0.3744001193280777,0.35783061690535634,0.02034717855326484,74.96963757018887,3527.997298022416,LOGO (26 refits),32052.225132258365,0.11007027697655003,3801.144941260781,0.27967072809716537,-7.683559435231301,-8.132250618176485,-7.4748413818423485,-90.11939852554396,-1283.4676786976581,-1223.5460591570788,-1427.4004431606227,0.8441985314302648,0.4976218253612133,0.3465767060690515,0.002075064971694518,0.0019834910541440265,0.001599995125221132,543,539,1013,26,0.7718223583460949
breakhis,regnet_y_3_2gf,CNN,42,0.2540872152073254,0.25408721520732547,breakhis_regnet_y_3_2gf_s42_std_r2,0,1951,29,1512,67.27586206896552,79.54843669912866,31,58.0,156,0.8923643054277829,0.013151833219671909,0.0003085438105978125,0.008619270702853177,0.4286559783124734,0.4029042579663846,0.022854481174812025,66.83755583217398,3722.1196294898814,LOGO (29 refits),33804.292600274995,0.11010789882523979,3297.3206158896905,0.2899542698588004,-9.426273094962612,-10.126383500344883,-8.996438303279314,-108.73138075419081,-1555.6514685904135,-1457.323454854509,-833.0118571890644,0.8391431108846642,0.5855690764858353,0.25357403439882886,0.003433623760676463,0.0029335089955344618,0.002827217261002546,558,529,1013,29,0.7749871860584315
breakhis,regnet_y_3_2gf,CNN,42,0.2540872152073254,0.25408721520732547,breakhis_regnet_y_3_2gf_s42_std_r2,1,1963,28,1512,70.10714285714286,84.54661232806929,29,61.5,182,0.8923643054277829,0.013561589649018357,0.000292032806243503,0.00830443941363368,0.38412826097284847,0.3595876615869459,0.021951626027207346,69.57234769155299,3619.1782259991296,LOGO (28 refits),32443.5331023994,0.1115531472659329,3453.4793739362626,0.29867102762614944,-9.100042339453402,-9.566365338168914,-8.382023518872634,-103.7063801297434,-1351.2298155598164,-1260.2188541483283,-944.2408748498774,0.8214552966445658,0.5668549006287439,0.25460039601582196,0.002883659381446191,0.0025492964224932413,0.002313062730299631,529,558,1013,28,0.7702496179317372
breakhis,regnet_y_3_2gf,CNN,42,0.2142206563048748,0.21422065630487486,breakhis_regnet_y_3_2gf_s42_std_r3,0,2086,29,1512,71.93103448275862,83.71716203259827,27,65.0,183,0.9122502172024327,0.011207075161730057,0.00031437359275193695,0.009187960707473963,0.43404846457310875,0.4056756579370901,0.02249382982027524,71.51010135597863,3925.8325759065146,LOGO (29 refits),35964.76807349679,0.10915773369881802,3073.8016973381536,0.3243982347172981,-11.833794838238425,-12.245793587768969,-11.043698911331719,-136.33409735328775,-1665.571220304046,-1551.6484019827237,-560.2190194505188,0.7899062191510365,0.6261961672537887,0.16371005189724785,0.004269371269937539,0.003303918768363223,0.0038710079147917797,560,591,1013,29,0.7248322147651006
breakhis,regnet_y_3_2gf,CNN,42,0.2142206563048748,0.21422065630487486,breakhis_regnet_y_3_2gf_s42_std_r3,1,2056,29,1512,70.89655172413794,80.53112840466926,33,64.0,135,0.9122502172024327,0.010843176925593513,0.0002965959647421306,0.00765655255343356,0.3999878411759553,0.3718146589757239,0.021177533832510743,70.55245969983324,3554.8288315027603,LOGO (29 refits),35402.44874537217,0.10041194768956342,3470.4268205610415,0.27190192312729605,-7.481679327019871,-7.756664692064096,-7.067011217116802,-97.5711955326382,-1379.517815304102,-1277.156789741074,-885.5832112564658,0.8081154801455862,0.5433842194330842,0.26473126071250197,0.002367437596953792,0.002170004230714895,0.0019217820428029109,591,560,1013,29,0.7354085603112841
breakhis,regnet_y_3_2gf,CNN,42,0.2832921186147008,0.2832921186147008,breakhis_regnet_y_3_2gf_s42_std_r4,0,2132,33,1512,64.60606060606061,77.4296435272045,29,57.0,167,0.8957627118644068,0.011786714513669756,0.0003050538539454836,0.009431497256645494,0.4187630037437474,0.39412666825401943,0.024306294106850455,64.20532363977486,3583.571928858771,LOGO (33 refits),33891.27377860373,0.10573730430637147,3341.00753420754,0.3030105498633416,-10.363437438741956,-10.785396168171381,-9.495057711074889,-126.51564309595197,-1455.0413690796986,-1364.6385211056806,-964.4359718667847,0.7942517876919049,0.4851829750224573,0.3090688126694476,0.0035598315150630055,0.0030202226362750495,0.0029296029762579945,558,622,1013,33,0.7091932457786116
breakhis,regnet_y_3_2gf,CNN,42,0.2832921186147008,0.2832921186147008,breakhis_regnet_y_3_2gf_s42_std_r4,1,2114,28,1512,75.5,85.73415326395458,28,71.0,150,0.8957627118644068,0.012460216109393739,0.000307242612460093,0.00887659248316941,0.4084451699689181,0.38817695016461,0.02154120772356412,75.1209572865202,3574.1144857135373,LOGO (28 refits),33265.15607137052,0.1074431900468244,3150.8495196522845,0.3120179812541186,-10.023970133340457,-10.432106932230802,-9.557280652192466,-120.30991686398617,-1422.8177653075713,-1348.681616434029,-792.8186916383934,0.7795745342699251,0.522059109709971,0.257515424559954,0.003929207046743599,0.0032604811288377,0.003181712245428847,622,558,1013,28,0.7152317880794702
breakhis,resnet18,CNN,42,0.1844867323513346,0.18448673235133461,breakhis_resnet18_s42_std_r0,0,1831,27,512,67.81481481481481,79.52648825778263,24,61.0,126,0.9085545722713865,0.006221445589032739,0.0009695150163776902,0.025269773175282673,0.5158875070192201,0.5087035524412121,0.03911839934874826,67.36436583623913,902.6339878690975,LOGO (27 refits),8622.246245457367,0.10468663990484504,823.1089409068467,0.3806269737547595,-8.736208041469418,-9.201348433297827,-8.338585598901224,-131.4486682134231,-436.29210327678953,-429.7197779115427,-186.7930223735658,0.7637919521849484,0.5868902677885897,0.17690168439635878,0.009307572979833534,0.007791566774784875,0.00761467074669453,513,504,1013,27,0.2796286182413981
breakhis,resnet18,CNN,42,0.1844867323513346,0.18448673235133461,breakhis_resnet18_s42_std_r0,1,1830,29,512,63.10344827586207,73.55628415300546,28,59.0,152,0.9085545722713865,0.006349163285979127,0.0009509939066878893,0.027343398591322066,0.5196167018169892,0.5135422974395698,0.042233712882981125,62.73013270882124,899.362960321505,LOGO (29 refits),8587.169656033979,0.10473334012791355,831.0565997669852,0.380844383598878,-9.425431544208115,-9.918224849602906,-9.0226184775093,-142.1066974724186,-436.4670628243023,-430.9263035967153,-182.92575814925954,0.7988099155423933,0.606738135236083,0.19207178030631034,0.010364289576634378,0.009588795945111195,0.009444398058036318,504,513,1013,29,0.2797814207650273
breakhis,resnet18,CNN,42,0.2725967402633257,0.2725967402633257,breakhis_resnet18_s42_std_r1,0,1938,30,512,64.6,79.437564499484,25,55.0,183,0.8826247689463955,0.0052808326640291885,0.0009798479254115467,0.028783071129968363,0.5523980236881905,0.535051049589699,0.043323747917387356,64.08835984484537,869.5964620797657,LOGO (30 refits),8939.057219949053,0.09728055662728177,925.0895179450023,0.3920469104481994,-9.864894483822193,-10.486689023437465,-9.247838009190472,-161.4091412428235,-449.1317401828081,-433.85714857832284,-282.3362976178022,0.7482724580454096,0.4739037085112688,0.27436874953414087,0.010698852304934559,0.009882576232731421,0.008449724239500633,539,543,1013,30,0.26418988648090813
breakhis,resnet18,CNN,42,0.2725967402633257,0.2725967402633257,breakhis_resnet18_s42_std_r1,1,1959,26,512,75.34615384615384,84.7590607452782,32,74.0,153,0.8826247689463955,0.007148080017118132,0.000930798423759054,0.0255904947197112,0.5016313704804585,0.5013713250594651,0.038031882682942754,74.96963757018887,903.863024489268,LOGO (26 refits),8042.409350379823,0.1123870950993785,901.5734859757401,0.38639975425365874,-9.001889215851712,-9.514845167838772,-8.860038328129532,-126.97000540330622,-425.31398920201235,-425.0756862528738,-282.1889841626969,0.788697212480843,0.5178724814883325,0.2708247309925105,0.010433932165704873,0.009016367922022983,0.007153337389444736,543,539,1013,26,0.2613578356304237
breakhis,resnet18,CNN,42,0.2074934554573297,0.20749345545732978,breakhis_resnet18_s42_std_r2,0,1951,29,512,67.27586206896552,79.54843669912866,31,58.0,156,0.8638454461821528,0.006708572888812841,0.000964957014951288,0.028457369138025213,0.522203828533418,0.5186949029897887,0.04240772486322308,66.83755583217398,898.6820330646115,LOGO (29 refits),8330.386919520766,0.10787998705782939,801.2935059725745,0.39038911760619793,-10.051290434861782,-10.780906777930912,-9.747331422441794,-147.35247094472194,-438.4434877705817,-435.2459990150641,-184.01651643067862,0.7986020443906633,0.5977677713355863,0.20083427305507695,0.012258410045588808,0.010657296357186485,0.010771905116134906,558,529,1013,29,0.26242952332137365
breakhis,resnet18,CNN,42,0.2074934554573297,0.20749345545732978,breakhis_resnet18_s42_std_r2,1,1963,28,512,70.10714285714286,84.54661232806929,29,61.5,182,0.8638454461821528,0.006794207011665505,0.000920192921437998,0.027454175952852156,0.4910959288969132,0.4888114884050403,0.04083783408194111,69.57234769155299,874.7757706382839,LOGO (28 refits),8018.661452210693,0.10909249328603515,831.6230128748058,0.39755988745733073,-9.613210968129348,-10.135392288903782,-9.052427623076037,-138.83310626756008,-400.6896007639318,-398.6660270199111,-197.335284056943,0.770352151706455,0.5561995138468724,0.2141526378595826,0.010750919055858121,0.009487770099813497,0.009192907575603981,529,558,1013,28,0.260825267447784
breakhis,resnet18,CNN,42,0.1612764974476118,0.16127649744761186,breakhis_resnet18_s42_std_r3,0,2086,29,512,71.93103448275862,83.71716203259827,27,65.0,183,0.9009556907037359,0.005413510728329778,0.0009786657940618585,0.030779509261160798,0.5472602740896421,0.5411005823437678,0.0437954199281572,71.51010135597863,912.8259648932822,LOGO (29 refits),9224.994175537493,0.09895138658340633,728.1378854204371,0.42599104744412986,-12.033933104304278,-12.483173898581235,-11.437264977562156,-188.99284808075407,-470.15940259312555,-464.46546236885365,-108.53797824637059,0.7149591030884219,0.5955438854953289,0.11941521759309304,0.014795810136583154,0.011406704382786903,0.012815745296532954,560,591,1013,29,0.24544582933844677
breakhis,resnet18,CNN,42,0.1612764974476118,0.16127649744761186,breakhis_resnet18_s42_std_r3,1,2056,29,512,70.89655172413794,80.53112840466926,33,64.0,135,0.9009556907037359,0.004938180401242014,0.0009514261986010709,0.02631980253507893,0.5278392547100618,0.5205164634432831,0.03958649135698494,70.55245969983324,837.628270859462,LOGO (29 refits),9345.533356139807,0.08962872839238853,817.4986335952976,0.36772290524466694,-8.147128634342218,-8.464670382537486,-7.808906627372286,-152.82416750528319,-411.9084313340562,-405.70716716808727,-196.1458351202508,0.73690417132272,0.5337663940205895,0.20313777730213056,0.008780496403892335,0.007944930193202637,0.007650252476814723,591,560,1013,29,0.2490272373540856
breakhis,resnet18,CNN,42,0.2010517919059281,0.20105179190592815,breakhis_resnet18_s42_std_r4,0,2132,33,512,64.60606060606061,77.4296435272045,29,57.0,167,0.8754237288135593,0.005550601871235556,0.0009760445257297854,0.030787818743479578,0.5354053672766835,0.5283795593677131,0.04534192001058755,64.20532363977486,865.8512518906472,LOGO (33 refits),8824.601081070989,0.0981178915552253,824.4597323568053,0.39162365380863384,-10.49804514551965,-10.988659396520355,-9.836569286622943,-173.4242709110122,-429.87904763716745,-423.7259794956416,-223.54154731463632,0.7077154695057443,0.4814136482956295,0.22630182121011477,0.01167142263119636,0.009592341362925028,0.009274846217728505,558,622,1013,33,0.2401500938086304
breakhis,resnet18,CNN,42,0.2010517919059281,0.20105179190592815,breakhis_resnet18_s42_std_r4,1,2114,28,512,75.5,85.73415326395458,28,71.0,150,0.8754237288135593,0.0061044863284148414,0.0009657125494228823,0.02887030108783406,0.5268432277490414,0.5246289984161805,0.0412794359059262,75.1209572865202,887.8935323672716,LOGO (28 refits),8460.644008416552,0.10494396543383758,753.7271751443034,0.40776521682030503,-10.516752471762869,-10.955078388904457,-10.162648834270582,-159.0844952028555,-438.821307518707,-436.8306672457172,-152.7089968995092,0.684682725850122,0.5088809632483804,0.17580176260174163,0.013218836133844225,0.01026795033737049,0.0115424513445479,622,558,1013,28,0.24219489120151372
breakhis,resnet18,CNN,43,0.186834363384605,0.18683436338460502,breakhis_resnet18_s43_std_r0,0,1831,27,512,67.81481481481481,79.52648825778263,24,61.0,126,0.8967551622418879,0.005776493667146749,0.0009624586531394387,0.02419739863364856,0.5140460035965138,0.5053975462962212,0.03806126072956436,67.36436583623913,911.2770366025653,LOGO (27 refits),8443.989876395075,0.1079201953036459,841.6026663089053,0.372195538797117,-8.254794044334913,-8.693340798195749,-7.867223621432,-120.9322125611777,-438.80139999070343,-430.8169130599076,-207.71952328312898,0.7547419607480915,0.5465045676052587,0.20823739314283285,0.008455553988624076,0.006965010420094231,0.007317940393782696,513,504,1013,27,0.2796286182413981
breakhis,resnet18,CNN,43,0.186834363384605,0.18683436338460502,breakhis_resnet18_s43_std_r0,1,1830,29,512,63.10344827586207,73.55628415300546,28,59.0,152,0.8967551622418879,0.00600212455648278,0.0009462764485657021,0.027167249140189087,0.5145660139716142,0.5072421465643961,0.042060260088289114,62.73013270882124,911.2207601191528,LOGO (29 refits),8418.88194415031,0.10823536500025353,831.4791121920712,0.381372349348316,-9.498018631477235,-9.994657735076684,-9.0929135740606,-137.83214049503573,-437.7326057227196,-430.96667379995324,-164.89480058574918,0.7597384791363073,0.5943071455099304,0.16543133362637696,0.010516309420034675,0.009307847880092868,0.009249511334487814,504,513,1013,29,0.2797814207650273
breakhis,resnet18,CNN,43,0.2825882220001759,0.28258822200017597,breakhis_resnet18_s43_std_r1,0,1938,30,512,64.6,79.437564499484,25,55.0,183,0.8807763401109058,0.00600163207394148,0.0009684027595252116,0.028660813928437667,0.5365749316591482,0.5270109955534601,0.043203321102456664,64.08835984484537,857.4275451195039,LOGO (30 refits),8399.36007356774,0.10208248457138713,871.9825769255386,0.3888351791444143,-9.613152448705158,-10.21867236554206,-9.005226149785354,-150.25770689169659,-429.0607669222165,-420.75543575226595,-241.48061725702303,0.7398861186761342,0.4651591920139476,0.27472692666218657,0.011775100489220203,0.010713396199316771,0.009650285583092444,539,543,1013,30,0.26418988648090813
breakhis,resnet18,CNN,43,0.2825882220001759,0.28258822200017597,breakhis_resnet18_s43_std_r1,1,1959,26,512,75.34615384615384,84.7590607452782,32,74.0,153,0.8807763401109058,0.007779529868999686,0.000900530011403435,0.025402290203228706,0.49121193704323596,0.49494505929310445,0.037846081186333806,74.96963757018887,881.8642759558238,LOGO (26 refits),7666.2521086887755,0.11503199522441176,913.1391014162604,0.38076118073005505,-8.596449284789907,-9.087502642299757,-8.456294694337027,-119.43365661046474,-405.3362375309107,-408.6745121666835,-302.0253188216768,0.7829541921866563,0.492504674848491,0.2904495173381653,0.009869836833593715,0.008963255049843688,0.006736741991884843,543,539,1013,26,0.2613578356304237
breakhis,resnet18,CNN,43,0.2177536638212255,0.21775366382122552,breakhis_resnet18_s43_std_r2,0,1951,29,512,67.27586206896552,79.54843669912866,31,58.0,156,0.8702851885924563,0.006818740350363458,0.0009719943051540462,0.028076026646574492,0.5199781158652276,0.5194302793853023,0.04203185805882777,66.83755583217398,899.4204276524557,LOGO (29 refits),8506.421377397259,0.10573429033769012,805.8204029808037,0.38739595504617524,-9.849744348886773,-10.565714945444356,-9.547775591523646,-147.92884913704103,-436.84335218753534,-436.34368023803705,-185.34978987732688,0.7626695255584215,0.5559634020493509,0.20670612350907058,0.012459948831541556,0.010526669366291097,0.010237889579188364,558,529,1013,29,0.26242952332137365
breakhis,resnet18,CNN,43,0.2177536638212255,0.21775366382122552,breakhis_resnet18_s43_std_r2,1,1963,28,512,70.10714285714286,84.54661232806929,29,61.5,182,0.8702851885924563,0.007064789514576863,0.000940829511191269,0.028028331858680255,0.49183030763330315,0.4956548144817273,0.04140408875970743,69.57234769155299,868.9438014804782,LOGO (28 refits),8129.764669103127,0.10688425026407804,819.2293501427359,0.4012913641375345,-9.843008106219708,-10.378064002429964,-9.275910291074036,-144.97124404102496,-398.6147334651296,-401.9810016350274,-201.52174242826675,0.7503419628011652,0.5215407586677847,0.22880120413338045,0.011960994526354574,0.01011934457783581,0.009602278027959432,529,558,1013,28,0.260825267447784
breakhis,resnet18,CNN,43,0.1639052407534539,0.16390524075345392,breakhis_resnet18_s43_std_r3,0,2086,29,512,71.93103448275862,83.71716203259827,27,65.0,183,0.9026933101650738,0.005431252851687731,0.0009714871227154722,0.030690536507064214,0.5574366733649929,0.5526602705493905,0.04370764201200554,71.51010135597863,910.650853528325,LOGO (29 refits),8720.048043753448,0.10443186195294693,723.0270692865425,0.42490251447636856,-11.940179963443654,-12.385794988795979,-11.346114030192888,-177.32238490063347,-478.37438336186034,-473.9686201927964,-101.38000513437521,0.7458292201382034,0.6235169530452677,0.12231226709293574,0.015387108035471275,0.012178398250827227,0.014035811476565185,560,591,1013,29,0.24544582933844677
breakhis,resnet18,CNN,43,0.1639052407534539,0.16390524075345392,breakhis_resnet18_s43_std_r3,1,2056,29,512,70.89655172413794,80.53112840466926,33,64.0,135,0.9026933101650738,0.004866048264453,0.0009481436122820469,0.0259223770243322,0.5404792450166156,0.5352547301444557,0.039194480889694634,70.55245969983324,821.7815197309648,LOGO (29 refits),8841.444621098384,0.09294652117934928,819.4042489002024,0.3611765036655234,-7.731595762218473,-8.032279367158536,-7.403671412791127,-141.0118944692952,-414.11641642538444,-409.7752874740259,-192.25667812912684,0.767282518461356,0.561784304047384,0.20549821441397198,0.008688830912424228,0.008137075165703056,0.00763191857493406,591,560,1013,29,0.2490272373540856
breakhis,resnet18,CNN,43,0.1996717703563866,0.1996717703563866,breakhis_resnet18_s43_std_r4,0,2132,33,512,64.60606060606061,77.4296435272045,29,57.0,167,0.8796610169491526,0.005565311745036512,0.0009592937103497189,0.029898258847220638,0.5402538037424683,0.5341522932508126,0.044465718123095875,64.20532363977486,860.7722091879765,LOGO (33 refits),8462.660891409454,0.1017141322609011,836.2902657597139,0.3839727754340704,-9.937068928561681,-10.397785664071696,-9.29418502921246,-159.32237439631163,-431.4226223857871,-426.10976462965635,-224.4458148114827,0.7196056993847014,0.4873287138581083,0.23227698552659315,0.011561913770501142,0.00972883066755964,0.00861391682236895,558,622,1013,33,0.2401500938086304
breakhis,resnet18,CNN,43,0.1996717703563866,0.1996717703563866,breakhis_resnet18_s43_std_r4,1,2114,28,512,75.5,85.73415326395458,28,71.0,150,0.8796610169491526,0.005953973393363853,0.0009763111538324944,0.02858634276746086,0.5339444653701269,0.5320169376137486,0.040999106016527884,75.1209572865202,884.3436097328779,LOGO (28 refits),8275.029976128097,0.10686893126478607,757.4883682025215,0.4047606765326762,-10.293698844569874,-10.722763265302271,-9.943226591525125,-153.26324954003832,-443.2607958504494,-441.5348514871951,-152.06357548429025,0.710080846106722,0.5430142909205419,0.16706655518618008,0.013372749241933768,0.010490858976672457,0.010820661127999842,622,558,1013,28,0.24219489120151372
breakhis,resnet50,CNN,42,0.2268964028751268,0.2268964028751268,breakhis_resnet50_s42_std_r0,0,1831,27,2048,67.81481481481481,79.52648825778263,24,61.0,126,0.9213372664700098,0.0045892794939037754,0.00022666196440619275,0.006243003715131645,0.616908183111279,0.6113345703865112,0.020361955574915307,67.36436583623913,5950.786668206922,LOGO (27 refits),193003.91474608035,0.030832466149901108,5111.695408646496,0.26305929432451214,-9.817915993141083,-10.30618422756057,-9.160963987849996,-381.0037606004527,-3625.6168577085377,-3591.8155086813886,-1554.377700029167,0.7910862491316588,0.5758198968959087,0.21526635223575008,0.0017353766119807545,0.0012652971685548353,0.00125574670984141,513,504,1013,27,1.1185144729655925
breakhis,resnet50,CNN,42,0.2268964028751268,0.2268964028751268,breakhis_resnet50_s42_std_r0,1,1830,29,2048,63.10344827586207,73.55628415300546,28,59.0,152,0.9213372664700098,0.004562054496462007,0.0002241506097739984,0.007000719469988259,0.6369027035859813,0.6298651504711676,0.022202458045624957,62.73013270882124,6128.953704564161,LOGO (29 refits),196145.9130333914,0.0312469100670009,5253.832820114014,0.2717542261698625,-11.713619998246177,-12.286617885838208,-10.98560367683913,-445.4267733767968,-3856.749571567834,-3812.757892315584,-1618.6510546420186,0.8437867249565176,0.605260271442014,0.23852645351450363,0.001801146499021522,0.0014451506632107147,0.0016082657036174952,504,513,1013,29,1.1191256830601093
breakhis,resnet50,CNN,42,0.3236895137452298,0.32368951374522986,breakhis_resnet50_s42_std_r1,0,1938,30,2048,64.6,79.437564499484,25,55.0,183,0.8927911275415896,0.004709161323970758,0.00023462336283241601,0.00783507590769994,0.6461127209659573,0.6405254157029587,0.022689377817188633,64.08835984484537,5763.506424788356,LOGO (30 refits),188520.21414055195,0.030572352418883588,5538.832701594176,0.3009889797309354,-13.6562223162015,-14.47546015850664,-12.517647934555393,-535.0750648321963,-3679.7730922788237,-3646.9395005044194,-2171.082746250261,0.7736878831223776,0.47722517039081264,0.29646271273156494,0.002145224421380265,0.0017161795371041788,0.0016741645464665167,539,543,1013,30,1.0567595459236325
breakhis,resnet50,CNN,42,0.3236895137452298,0.32368951374522986,breakhis_resnet50_s42_std_r1,1,1959,26,2048,75.34615384615384,84.7590607452782,32,74.0,153,0.8927911275415896,0.005295706761939457,0.0002186887350214591,0.006644330590088066,0.6059526832074014,0.6062735266507078,0.019327625654055325,74.96963757018887,5752.683973119806,LOGO (26 refits),167967.1200301905,0.03424886949354026,5828.222608697664,0.2804842393228949,-10.777951368177577,-11.407333870313881,-10.486204143102176,-380.8607985076856,-3446.006727452185,-3447.8866981749575,-2636.317850289217,0.8450729830799969,0.4941566683211021,0.3509163147588948,0.0017563877386187476,0.0013974179818207477,0.0010236202047510523,543,539,1013,26,1.0454313425216948
breakhis,resnet50,CNN,42,0.2776535517100922,0.2776535517100922,breakhis_resnet50_s42_std_r2,0,1951,29,2048,67.27586206896552,79.54843669912866,31,58.0,156,0.8859245630174793,0.005896684211307311,0.00023403059747911513,0.008117915276261267,0.6102257265739573,0.6079492898509452,0.02236032469793611,66.83755583217398,5284.375190497538,LOGO (29 refits),156755.62662019095,0.033710912357240275,4339.539488509789,0.2995369187288744,-12.925786998094399,-13.885695228894157,-12.356880284484069,-466.72515303548033,-3182.7656656284526,-3170.490582904683,-1400.0244747619636,0.8442823934019043,0.5775336504459045,0.2667487429559997,0.0025976110189465107,0.0019407438647301989,0.002200820092724709,558,529,1013,29,1.0497180932854946
breakhis,resnet50,CNN,42,0.2776535517100922,0.2776535517100922,breakhis_resnet50_s42_std_r2,1,1963,28,2048,70.10714285714286,84.54661232806929,29,61.5,182,0.8859245630174793,0.005852870427960164,0.0002262245655477926,0.007822336171297128,0.5853847604437115,0.5882605829633705,0.021476157233159186,69.57234769155299,5152.966871497717,LOGO (28 refits),157299.4699167115,0.03275895890956378,4803.00890060961,0.3090763522001251,-12.531669758946679,-13.18024350525007,-11.571666089707566,-466.1545315156516,-2976.3008879475783,-2991.4055427803055,-1800.8133385372225,0.8272719299391464,0.5387135694749617,0.2885583604641847,0.0025209905635342755,0.001995563056608085,0.0017691253221651104,529,558,1013,28,1.043301069791136
breakhis,resnet50,CNN,42,0.2151783626369404,0.21517836263694046,breakhis_resnet50_s42_std_r3,0,2086,29,2048,71.93103448275862,83.71716203259827,27,65.0,183,0.9096437880104257,0.004278345488611148,0.0002364841490386803,0.008466413110130744,0.628479450142822,0.622176584001559,0.02178197207076158,71.51010135597863,5696.6145165127955,LOGO (29 refits),202958.70579737073,0.028067850029553122,4121.217280838341,0.33136050160682556,-16.050149231450625,-16.613336616748985,-14.99867596432692,-689.5514414125033,-3538.479084858988,-3501.951530597724,-958.3640835130468,0.7668241432802143,0.5920044497672391,0.17481969351297522,0.003198687786357679,0.002226553952592636,0.0027331144137330288,560,591,1013,29,0.9817833173537871
breakhis,resnet50,CNN,42,0.2151783626369404,0.21517836263694046,breakhis_resnet50_s42_std_r3,1,2056,29,2048,70.89655172413794,80.53112840466926,33,64.0,135,0.9096437880104257,0.003806325258695779,0.00022831853817767715,0.006714873213410688,0.597047004503004,0.5893541686197549,0.020248685159895214,70.55245969983324,5055.326212836072,LOGO (29 refits),215007.7669419355,0.023512295786976393,5021.893945573662,0.26878361485423596,-9.158956845534544,-9.494611422201524,-8.646943287808309,-488.88782209773956,-2972.1450917189372,-2932.5874915889176,-1698.3980892175587,0.7803061052343226,0.5247690734734171,0.2555370317609056,0.00159885770695245,0.0013185728388097617,0.001163976198523875,591,560,1013,29,0.9961089494163424
breakhis,resnet50,CNN,42,0.2784062719457867,0.2784062719457867,breakhis_resnet50_s42_std_r4,0,2132,33,2048,64.60606060606061,77.4296435272045,29,57.0,167,0.9177966101694915,0.004454559836526879,0.00023195301747730174,0.008546597524792476,0.6306790450897665,0.6278108590703902,0.023434682404758895,64.20532363977486,5385.2128773007125,LOGO (33 refits),188452.16737469623,0.028576019858627497,4998.900992971216,0.3101286803572071,-14.3376169023974,-14.930343065077789,-13.16159618358245,-614.8149128472218,-3348.1249912180087,-3332.383976390946,-1979.1310800860892,0.7788887827419178,0.46401919737940533,0.3148695853625124,0.0023346019432268217,0.0017204000723710644,0.0019168301241081487,558,622,1013,33,0.9606003752345216
breakhis,resnet50,CNN,42,0.2784062719457867,0.2784062719457867,breakhis_resnet50_s42_std_r4,1,2114,28,2048,75.5,85.73415326395458,28,71.0,150,0.9177966101694915,0.004535814550802934,0.00023482542673316993,0.007721710523083125,0.6358471429834475,0.6337739657675681,0.020401082892167608,75.1209572865202,5445.046456877433,LOGO (28 refits),185922.45184354103,0.029286653671389794,4508.4808703637145,0.3114374165266115,-13.154073201410494,-13.689489597210915,-12.540555324713033,-550.2806080580692,-3423.3264617338837,-3411.841818000579,-1359.4005207866053,0.7647114838291915,0.5227685253001305,0.241942958529061,0.0023918450820339388,0.00182042055429954,0.002056022485506903,622,558,1013,28,0.9687795648060549
breakhis,resnet50,CNN,43,0.236359174232609,0.236359174232609,breakhis_resnet50_s43_std_r0,0,1831,27,2048,67.81481481481481,79.52648825778263,24,61.0,126,0.9262536873156342,0.0050283576913613395,0.0002334436979344706,0.006527082878755808,0.6116062079603617,0.6052324538303286,0.020641998641134363,67.36436583623913,5609.733638607706,LOGO (27 refits),180524.61677928412,0.03107461873449851,4887.938426996315,0.2688275567675069,-9.892918920205116,-10.387538698170756,-9.241970082689248,-383.7296735774382,-3387.4495016253577,-3350.997056166437,-1516.6487177036583,0.7931298576593947,0.5626870524451966,0.23044280521419813,0.0018391858224039437,0.0014298249737538793,0.0013702489020485653,513,504,1013,27,1.1185144729655925
breakhis,resnet50,CNN,43,0.236359174232609,0.236359174232609,breakhis_resnet50_s43_std_r0,1,1830,29,2048,63.10344827586207,73.55628415300546,28,59.0,152,0.9262536873156342,0.005193929310542934,0.00022856278382654544,0.007598145197311168,0.6239027165052331,0.6190922628028417,0.02279073783507669,62.73013270882124,5809.329024440294,LOGO (29 refits),177859.2171663615,0.03266251317752349,4916.5001831410655,0.2853164122131089,-12.659655577534332,-13.287405202568792,-11.905840076096794,-462.35118932053496,-3579.3774691905232,-3550.8595661241566,-1578.0137829223904,0.8540187875084223,0.6117432442574023,0.24227554325101996,0.0021417479203107437,0.0017087800118921193,0.001894476684071833,504,513,1013,29,1.1191256830601093
breakhis,resnet50,CNN,43,0.3212942183253939,0.3212942183253939,breakhis_resnet50_s43_std_r1,0,1938,30,2048,64.6,79.437564499484,25,55.0,183,0.8927911275415896,0.004748094401053644,0.00023512970496252894,0.007899849327338115,0.6407609726365948,0.6290765777337748,0.02275318147473433,64.08835984484537,5667.162247943581,LOGO (30 refits),187218.57913543232,0.030270298354545273,5369.453177907921,0.30179435772072527,-13.575710021304893,-14.39071539141938,-12.446508191369382,-538.4922496711039,-3586.9854956504864,-3519.4705891131675,-1958.8004377759053,0.7289668447474117,0.42863220127295437,0.3003346434744573,0.002287027391607077,0.0018670724413198947,0.001894814305671011,539,543,1013,30,1.0567595459236325
breakhis,resnet50,CNN,43,0.3212942183253939,0.3212942183253939,breakhis_resnet50_s43_std_r1,1,1959,26,2048,75.34615384615384,84.7590607452782,32,74.0,153,0.8927911275415896,0.005696111819139512,0.00021781939238776682,0.00688263283832713,0.5920074294630853,0.592297549593028,0.019562885228030815,74.96963757018887,5369.23777960868,LOGO (26 refits),157874.8657692803,0.034009452698159894,5580.190219044729,0.28391846233749046,-10.552168952848737,-11.168309317724848,-10.270765960287537,-379.3051767200366,-3139.546730693759,-3141.133868498332,-2484.6942632928412,0.8089913991044597,0.46673760592812913,0.3422537931763306,0.0018864227015404356,0.0015366103364974903,0.0011026089357875635,543,539,1013,26,1.0454313425216948
breakhis,resnet50,CNN,43,0.2788058115272707,0.2788058115272707,breakhis_resnet50_s43_std_r2,0,1951,29,2048,67.27586206896552,79.54843669912866,31,58.0,156,0.8942042318307267,0.005351871695442905,0.00023282905069069707,0.007817678148017482,0.6284686014569166,0.6249349226766576,0.022064398666918398,66.83755583217398,5725.950751194873,LOGO (29 refits),168800.60948235533,0.03392138671035667,4711.429856323565,0.2961382952728731,-13.327555425483743,-14.31739330538634,-12.733505596474355,-472.77009311960126,-3555.805843749142,-3535.1680190441393,-1611.6536520553477,0.8573685458218783,0.5768581222929888,0.28051042352888944,0.0025770839203772544,0.0020041912603079304,0.002134749130208169,558,529,1013,29,1.0497180932854946
breakhis,resnet50,CNN,43,0.2788058115272707,0.2788058115272707,breakhis_resnet50_s43_std_r2,1,1963,28,2048,70.10714285714286,84.54661232806929,29,61.5,182,0.8942042318307267,0.005864266833228198,0.00022239637738059425,0.007892842010323808,0.5980001715308949,0.6010699360567575,0.021545692808346464,69.57234769155299,5231.812331753833,LOGO (28 refits),156337.7178319598,0.03346481197440317,4875.714537500927,0.3118018030155632,-12.95145332463368,-13.62338935246787,-11.96701661509286,-469.99849828062133,-3089.5672572733743,-3105.9384532800163,-1847.9232314083874,0.8341410435603692,0.5570398440347172,0.27710119952565204,0.002425458289547655,0.001960180732909378,0.0016723720490110505,529,558,1013,28,1.043301069791136
breakhis,resnet50,CNN,43,0.2105030258679707,0.21050302586797076,breakhis_resnet50_s43_std_r3,0,2086,29,2048,71.93103448275862,83.71716203259827,27,65.0,183,0.9105125977410947,0.004529019613284283,0.00023572826633119504,0.008480114219245216,0.6586111959563516,0.6542611398708387,0.021795489184165292,71.51010135597863,6053.353511321485,LOGO (29 refits),190229.5520800849,0.03182130980770579,4049.1167579512266,0.3351670866615526,-17.283452453463873,-17.89239095359464,-16.162953720436164,-647.8688921493866,-3948.3830555134614,-3921.5841588567782,-926.1638818219008,0.7804505711465237,0.6149464741774863,0.16550409696903745,0.0034609300748476013,0.002261630946594373,0.003213581750732608,560,591,1013,29,0.9817833173537871
breakhis,resnet50,CNN,43,0.2105030258679707,0.21050302586797076,breakhis_resnet50_s43_std_r3,1,2056,29,2048,70.89655172413794,80.53112840466926,33,64.0,135,0.9105125977410947,0.004019388075622822,0.00022571233122135824,0.006793624880522375,0.6353934589564366,0.6285338463982024,0.020326363811590847,70.55245969983324,5176.080955133348,LOGO (29 refits),204044.93485070067,0.025367358219015226,5219.4713271903365,0.27235640512390746,-9.615886577231803,-9.96946162517091,-9.083600617668969,-472.9108780697292,-3246.424469879057,-3210.2953815839587,-1797.997286089444,0.7842196955650987,0.5287177407981949,0.25550195476690385,0.0014084755323650056,0.0012498237202087648,0.001190453104992717,591,560,1013,29,0.9961089494163424
breakhis,resnet50,CNN,43,0.2749583697381607,0.2749583697381607,breakhis_resnet50_s43_std_r4,0,2132,33,2048,64.60606060606061,77.4296435272045,29,57.0,167,0.8949152542372881,0.00437737540547646,0.0002290342134622736,0.00851553935302829,0.6425103007652694,0.6389155560964188,0.02340409061567574,64.20532363977486,5409.515463611819,LOGO (33 refits),191389.1717620262,0.02826448024101397,5011.375150407719,0.3096415894235514,-14.326333539209033,-14.917992356709348,-13.14951169585938,-620.7932351730561,-3428.340372451173,-3408.523424128144,-1944.5678797791893,0.7601237673682981,0.4590008348066772,0.3011229325616209,0.0022425510168452845,0.0018283218481286445,0.0018662089541355287,558,622,1013,33,0.9606003752345216
breakhis,resnet50,CNN,43,0.2749583697381607,0.2749583697381607,breakhis_resnet50_s43_std_r4,1,2114,28,2048,75.5,85.73415326395458,28,71.0,150,0.8949152542372881,0.0044622800577990415,0.0002309939575072674,0.007684905773755135,0.6441957264437386,0.6434065153725201,0.020364748435425732,75.1209572865202,5581.505541676758,LOGO (28 refits),188394.04623546937,0.029626761849472476,4622.40072642344,0.31187565374934884,-13.437350975769341,-13.984425817365025,-12.811468359861655,-553.3406662250305,-3556.9589630276128,-3552.4776153302796,-1479.9654076491938,0.7478915576603828,0.49909775074568247,0.24879380691470038,0.002418381824807969,0.00174965590690207,0.001962304622993627,622,558,1013,28,0.9687795648060549
camelyon,conch_v1_5,FM,42,0.0970023508371086,0.09700235083710862,camelyon_conch_v1_5_s42,0,97099,15,768,6473.266666666666,8305.390714631458,1430,6265.0,14607,0.9872765196662694,0.0001363202735663921,0.00039220100112931865,0.011039168038593616,0.2895412164033626,0.27256637506720743,0.011181760590960379,6342.40066324061,772.9988233960555,LOGO (15 refits),859041.6958911904,0.0008998385376324813,725.5046904077885,0.40150821263382325,-3.426642659335844,-3.5846191582496307,-3.0791684510040516,-9342.026551963902,-210.0894673155485,-197.03261844237028,-59.81620709293793,0.8328680443317353,0.8125183877332517,0.020349656598483645,0.0022522731812817387,0.0026829336785243463,0.0022200343414828794,11021,22539,85054,15,0.007909453238447358
camelyon,conch_v1_5,FM,42,0.0970023508371086,0.09700235083710862,camelyon_conch_v1_5_s42,1,205337,15,768,13689.133333333333,32704.94655614916,3084,7103.0,55149,0.9872765196662694,4.1224893916254424e-05,0.00040371919347398567,0.009952886076107892,0.38915708615148525,0.3647796480129262,0.010020388411780087,12330.86096027506,926.1002058754183,LOGO (15 refits),1866907.211766251,0.0004960611861364281,1012.5932848657585,0.508373966361974,-4.686064049583066,-5.473080315289433,-3.4986900580257956,-18432.732172524633,-346.4469375839303,-323.9425492794207,-313.90182698112335,0.9003113409515323,0.7266562958757988,0.17365504507573348,0.002021724091711974,0.0024893604156539517,0.002007412811174003,22539,11021,85054,15,0.003740192951099899
camelyon,conch_v1_5,FM,43,0.1049732810010491,0.10497328100104919,camelyon_conch_v1_5_s43,0,145378,15,768,9691.866666666667,24323.68966418578,1430,6265.0,51632,0.9872765196662694,7.16018520245769e-05,0.0003691969592686409,0.010023541288696425,0.2919209346684405,0.27819110808951497,0.010118877348903547,8646.73645255816,752.7715810998756,LOGO (15 refits),1301130.40081473,0.0005785519888156575,969.4013960475326,0.45372020612307384,-3.4237623895967078,-4.20115049504061,-2.5168804190766374,-12897.263568165743,-206.34849769165987,-196.08296176646954,-280.2065508705815,0.878331600665695,0.7031942244818573,0.17513737618383773,0.0021806991427336664,0.00321153512213479,0.0017512480301882238,16225,17335,85054,15,0.005282780063008158
camelyon,conch_v1_5,FM,43,0.1049732810010491,0.10497328100104919,camelyon_conch_v1_5_s43,1,157058,15,768,10470.533333333333,25378.213067783876,3084,6601.0,55149,0.9872765196662694,5.4851906294855935e-05,0.000414521967598507,0.010751850175318434,0.39037668412559656,0.36950961653814585,0.01084003137129276,9405.699066586865,938.3267767428974,LOGO (15 refits),1538387.6844019732,0.0006099416852180918,796.9135179729251,0.5011270516377745,-5.056022332970071,-6.239323136444719,-4.042849248241225,-16382.076300263709,-352.1208939927585,-332.59037244677114,-103.42448583545058,0.8745067049109079,0.8396975190926471,0.03480918581826076,0.0020236113571354686,0.002178545285994926,0.002565349557026697,17335,16225,85054,15,0.004889913280444167
camelyon,conch_v1_5,FM,44,0.0808453545182474,0.08084535451824748,camelyon_conch_v1_5_s44,0,186847,15,768,12456.466666666667,34042.00435115362,1430,6601.0,55149,0.9872765196662694,4.4114265414424344e-05,0.0004154588645530696,0.009765101553375177,0.39985768957502366,0.37974419960525385,0.00983929788923001,10914.64254634617,962.9991093454244,LOGO (15 refits),1783547.8884394045,0.0005399345403548675,871.5651974291393,0.5330152368849171,-5.01258133525623,-5.927077818056299,-3.6124932344022693,-17262.289935725013,-371.1876663438252,-351.87682014708935,-172.69580606377315,0.8882314248898012,0.7853398483704254,0.10289157651937586,0.0020253173484445774,0.0022707033638960095,0.002242270937703905,20577,12983,85054,15,0.004110314856540378
camelyon,conch_v1_5,FM,44,0.0808453545182474,0.08084535451824748,camelyon_conch_v1_5_s44,1,115589,15,768,7705.933333333333,10047.100995769493,3137,6598.0,17621,0.9872765196662694,0.00010886688916858156,0.0003837818480156715,0.011182747882393484,0.2987891078193793,0.2816786548936209,0.011302513269207707,7538.707071730751,775.5634034204951,LOGO (15 refits),1001595.8577198199,0.0007743276866041575,776.8864407311128,0.4048603844373105,-3.5117080856731064,-3.7142298666111366,-3.164499509448283,-11060.376942156776,-217.82865962508006,-204.61986683107227,-104.67333286782116,0.8467203506876406,0.7879212181705216,0.05879913251711899,0.002144858893214252,0.002696879348979775,0.002050264961195536,12983,20577,85054,15,0.006644230852416753
camelyon,convnext_tiny,CNN,42,0.059284277795752,0.05928427779575207,camelyon_convnext_tiny_s42,0,97099,15,768,6473.266666666666,8305.390714631458,1430,6265.0,14607,0.9969308700834326,2.513143987944456e-05,0.001078464860113464,0.010958490299671886,0.4386591806840179,0.3674941783621435,0.011101094484472135,6342.40066324061,1015.9484903969565,LOGO (15 refits),59742.08083000678,0.017005575907002454,1041.0781375876709,0.4626531726361769,-5.15096828789403,-5.402086109035535,-4.7150918363456,-631.8589064470502,-431.32861890041175,-359.1355642301572,-243.8099087846265,0.9150515035344242,0.8586166709719154,0.05643483256250881,0.0009067286846994316,0.0012806634757529523,0.0011243610809559268,11021,22539,85054,15,0.007909453238447358
camelyon,convnext_tiny,CNN,42,0.059284277795752,0.05928427779575207,camelyon_convnext_tiny_s42,1,205337,15,768,13689.133333333333,32704.94655614916,3084,7103.0,55149,0.9969308700834326,6.324553558836563e-06,0.0011800634895586064,0.011287716385247726,0.4445477452346678,0.4001243569797275,0.011355127710932491,12330.86096027506,1416.4205257952058,LOGO (15 refits),92342.78554763025,0.015338724269527461,1424.5736537311648,0.6169444543283447,-9.86386482230258,-11.458047761782462,-8.22190132850745,-1021.372630005158,-615.1898193956978,-552.3406755992836,-629.62764848466,0.9543181151082923,0.892184392079297,0.062133723028995336,0.001145561934855377,0.0017132409166248364,0.0012863996362497687,22539,11021,85054,15,0.003740192951099899
camelyon,convnext_tiny,CNN,43,0.0631576264267829,0.06315762642678291,camelyon_convnext_tiny_s43,0,145378,15,768,9691.866666666667,24323.68966418578,1430,6265.0,51632,0.9966328963051252,5.674820303198555e-06,0.001241605721679581,0.010538215455628497,0.48168367749203167,0.4221673158965907,0.01063350195200618,8646.73645255816,967.6891032607239,LOGO (15 refits),88118.55567506884,0.010981672314614544,1353.3049137948155,0.5137184484998863,-5.238784706661769,-6.413884684073824,-4.11100222871078,-905.6283069673881,-451.8689532017983,-394.3841467886813,-547.1355119622542,0.9346728660334812,0.8589995345192364,0.07567333151424482,0.0007948448081736004,0.0013975172962108484,0.0007136055818702802,16225,17335,85054,15,0.005282780063008158
camelyon,convnext_tiny,CNN,43,0.0631576264267829,0.06315762642678291,camelyon_convnext_tiny_s43,1,157058,15,768,10470.533333333333,25378.213067783876,3084,6601.0,55149,0.9966328963051252,5.727755926225147e-06,0.0012493834340868743,0.01118472335711973,0.4961393081993759,0.4430590112887369,0.011272865966956777,9405.699066586865,1370.4475456396024,LOGO (15 refits),86751.90932058675,0.015797318541718675,1120.6211446529978,0.5848605292175117,-8.964838383510758,-10.892417808471322,-7.714070062651025,-947.804587724861,-665.2800397003671,-592.5941922106915,-325.3928547317198,0.9136780651860127,0.8630361438466917,0.050641921339320994,0.0014745755827811902,0.001386569859017861,0.0013040533685628741,17335,16225,85054,15,0.004889913280444167
camelyon,convnext_tiny,CNN,44,0.0599378581672281,0.059937858167228186,camelyon_convnext_tiny_s44,0,186847,15,768,12456.466666666667,34042.00435115362,1430,6601.0,55149,0.9966328963051252,6.025649404903011e-06,0.001213803293301802,0.010647038346797033,0.48822433411431987,0.4326337810779368,0.010721168600928319,10914.64254634617,1461.2089154520972,LOGO (15 refits),93559.1328676983,0.015618025420547544,1032.407708707686,0.6276873298734101,-9.765334201433264,-11.47715874036729,-7.890782606384332,-974.6560177599185,-698.9353812676239,-617.7890564231158,-251.77673821428345,0.9190173817621136,0.8834894775793501,0.035527904182763415,0.0015581014477038524,0.0015275478464604753,0.0015347015013917886,20577,12983,85054,15,0.004110314856540378
camelyon,convnext_tiny,CNN,44,0.0599378581672281,0.059937858167228186,camelyon_convnext_tiny_s44,1,115589,15,768,7705.933333333333,10047.100995769493,3137,6598.0,17621,0.9966328963051252,1.0420460825435118e-05,0.0011999196128306801,0.011359790566811134,0.4434791254917394,0.37644534738003943,0.011479534510227506,7538.707071730751,1009.9228421512956,LOGO (15 refits),92115.78147109401,0.010963624538844193,1227.2789612694596,0.4690399403056341,-5.381122405908809,-5.703608814577216,-4.947729560168113,-1020.4297553338469,-433.41880821894597,-365.81789323633876,-431.4569504380818,0.9183291516613987,0.8339813395097057,0.08434781215169307,0.0009553233249257609,0.0013872327842873178,0.0009165593486282209,12983,20577,85054,15,0.006644230852416753
camelyon,densenet121,CNN,42,0.1130211872888915,0.11302118728889154,camelyon_densenet121_s42,0,97099,15,1024,6473.266666666666,8305.390714631458,1430,6265.0,14607,0.9963647199046484,2.42536144720776e-05,0.00039538335842783176,0.01679117285404519,0.4801027955052968,0.36541737456329765,0.016932936057961433,6342.40066324061,991.4257597212143,LOGO (15 refits),23238978.158422373,4.2662192501002774e-05,1860.9876329903236,0.5573787671645594,-9.279021589059461,-9.739226995834251,-8.715576230920702,-386739.0226264155,-461.62818410408323,-348.0879630795794,-1390.6116288787653,0.981559570794147,0.7732875398175517,0.2082720309765953,0.0011096986812801912,0.002128032173917105,0.0007826489010449578,11021,22539,85054,15,0.010545937651263144
camelyon,densenet121,CNN,42,0.1130211872888915,0.11302118728889154,camelyon_densenet121_s42,1,205337,15,1024,13689.133333333333,32704.94655614916,3084,7103.0,55149,0.9963647199046484,5.467710636653317e-06,0.00047137239727096527,0.01651186803245608,0.4686914513039866,0.3618312556184543,0.016578923170786783,12330.86096027506,1279.0843493403286,LOGO (15 refits),96375971.06217839,1.3271818018986375e-05,800.1982404203886,0.668677013618906,-14.122583876327143,-16.257600843259663,-12.318023993043749,-1584401.6125809317,-585.0609311741306,-448.5805051234265,-299.48053700466596,0.9947553231015109,0.9769849795003229,0.01777034360118801,0.0007067260932586139,0.0006768577410453114,0.000620879477417291,22539,11021,85054,15,0.004986923934799866
camelyon,dinov2_vitb14,FM,42,0.0672824556564624,0.0672824556564624,camelyon_dinov2_vitb14_s42,0,97099,15,768,6473.266666666666,8305.390714631458,1430,6265.0,14607,0.9717222884386174,0.0002261547099981676,0.0002952176121839119,0.008024514875506705,0.13203751890162085,0.13245055638370043,0.008167542093284175,6342.40066324061,891.3502014143718,LOGO (15 refits),18057.1005138635,0.04936286424999571,621.5042026173766,0.36170793731042,-2.587756578374022,-2.700342481056377,-2.2958165134842345,-129.70751174454807,-104.84304427756832,-105.20584147239614,179.13940045301877,0.6526455765489906,0.7269893663429339,-0.0743437897939433,0.002538298646522441,0.0014199767398157537,0.0007211500146707683,11021,22539,85054,15,0.007909453238447358
camelyon,dinov2_vitb14,FM,42,0.0672824556564624,0.0672824556564624,camelyon_dinov2_vitb14_s42,1,205337,15,768,13689.133333333333,32704.94655614916,3084,7103.0,55149,0.9717222884386174,0.00011814058622308538,0.0002168029540573966,0.00817439274017151,0.1874375508239302,0.19219781877970704,0.00824201633516545,12330.86096027506,914.671219075824,LOGO (15 refits),24262.486153901544,0.03769898984275112,1387.441099130104,0.4657397461556686,-3.4826924662560743,-4.056446515855956,-2.4801484765329613,-183.93710345653895,-158.58350305750474,-162.89169418612997,-595.6967253197155,0.7916559134560472,0.5827472123491791,0.2089087011068681,0.0017950583108901075,0.001434904529350689,0.00048107156025117837,22539,11021,85054,15,0.003740192951099899
camelyon,dinov2_vitb14,FM,43,0.0912173651200562,0.09121736512005629,camelyon_dinov2_vitb14_s43,0,145378,15,768,9691.866666666667,24323.68966418578,1430,6265.0,51632,0.9717222884386174,0.00018999864159136313,0.00023680791441112978,0.007689105240893501,0.11844393788564722,0.12986316508630041,0.007784666110402474,8646.73645255816,855.1880151235522,LOGO (15 refits),19278.37176006901,0.044359971151448054,900.6104547062417,0.42634762141489413,-2.804037249787728,-3.435768270833285,-1.9963419778252167,-134.13710346366278,-89.33518128010061,-98.89394545834881,-116.40719780037637,0.7419233368030165,0.6599032336361496,0.08202010316686692,0.002204204120575426,0.0015605179692456117,0.0005522180730166415,16225,17335,85054,15,0.005282780063008158
camelyon,dinov2_vitb14,FM,43,0.0912173651200562,0.09121736512005629,camelyon_dinov2_vitb14_s43,1,157058,15,768,10470.533333333333,25378.213067783876,3084,6601.0,55149,0.9717222884386174,0.00014373927116957054,0.00024176843773111522,0.008459566970277055,0.19138670644834455,0.19466098177709595,0.008547952499495262,9405.699066586865,907.1587759276841,LOGO (15 refits),22393.01538784902,0.04051079143275764,965.837914039491,0.4461234874566698,-3.42411985054376,-4.23802371430263,-2.58792440862451,-174.46670305823713,-160.37577388553,-163.3188626909006,-151.6384725737753,0.76189954322712,0.6614849161538742,0.10041462707324578,0.002345585001867656,0.0016648246996026073,0.0006214645399050811,17335,16225,85054,15,0.004889913280444167
camelyon,dinov2_vitb14,FM,44,0.0584535186345624,0.058453518634562496,camelyon_dinov2_vitb14_s44,0,186847,15,768,12456.466666666667,34042.00435115362,1430,6601.0,55149,0.9717222884386174,0.00012474216409748224,0.00022618064079524676,0.007795809129623077,0.19712622596000617,0.20303952650001472,0.007870153020700309,10914.64254634617,929.200511457607,LOGO (15 refits),23879.450497686532,0.03891213960503945,1198.209976698566,0.4816630938591179,-3.4895400468348434,-4.112973844131116,-2.3514862032141393,-172.05421434175727,-170.41031520404695,-175.85038350013562,-402.69585996597255,0.7810829163736828,0.6417066118545499,0.13937630451913285,0.0017943057161263765,0.001343793368393631,0.0005156686733910343,20577,12983,85054,15,0.004110314856540378
camelyon,dinov2_vitb14,FM,44,0.0584535186345624,0.058453518634562496,camelyon_dinov2_vitb14_s44,1,115589,15,768,7705.933333333333,10047.100995769493,3137,6598.0,17621,0.9717222884386174,0.0002101501813923721,0.000269286866713625,0.008573748433003181,0.12861647588904668,0.13242311438804363,0.008693829821399582,7538.707071730751,889.6263044281242,LOGO (15 refits),18438.415970158734,0.04824852123240527,683.9305866693019,0.3758086730583344,-2.867057661639221,-3.02758381394793,-2.5587122051660462,-142.861110765094,-101.49318347379192,-104.82839541719487,116.75940377191614,0.685520705151072,0.7079899724010799,-0.022469267250007863,0.002639143358086571,0.001537373101080708,0.0006970306665370352,12983,20577,85054,15,0.006644230852416753
camelyon,dinov2_vitl14,FM,42,0.0740514073276192,0.07405140732761928,camelyon_dinov2_vitl14_s42,0,97099,15,1024,6473.266666666666,8305.390714631458,1430,6265.0,14607,0.9764600715137068,0.0002982801249221765,0.0001437350270446889,0.006553351416138886,0.1156187010658557,0.11971212558704741,0.006696590752481109,6342.40066324061,1234.2499200064137,LOGO (15 refits),20588.235457253624,0.05994928135385999,780.1961978171065,0.38830461755371837,-3.141728709154503,-3.2841020344338885,-2.811376614317635,-119.59690472732845,-129.51282314385233,-134.51385003607237,322.2621340948923,0.6903701012293909,0.7498582206843853,-0.05948811945499444,0.002538880274757349,0.0012317148954416046,0.0004471093879239163,11021,22539,85054,15,0.010545937651263144
camelyon,dinov2_vitl14,FM,42,0.0740514073276192,0.07405140732761928,camelyon_dinov2_vitl14_s42,1,205337,15,1024,13689.133333333333,32704.94655614916,3084,7103.0,55149,0.9764600715137068,0.00020069682531219694,9.180084044721723e-05,0.006798817750386488,0.1543406460348089,0.1690882728652269,0.0068665351333661254,12330.86096027506,1237.036698318162,LOGO (15 refits),24383.728829006894,0.05073205607694352,2176.5842005603554,0.48942210682323284,-4.117055635276756,-4.8042086220526645,-3.010569834732726,-151.7729061387771,-177.87002083399273,-195.96230746007632,-1096.3217619478578,0.8228895969257178,0.6152986628154848,0.207590934110233,0.0016613569495596003,0.0012171070824080754,0.00024248802405035796,22539,11021,85054,15,0.004986923934799866
camelyon,dinov2_vitl14,FM,43,0.0890658995156832,0.08906589951568322,camelyon_dinov2_vitl14_s43,0,145378,15,1024,9691.866666666667,24323.68966418578,1430,6265.0,51632,0.9764600715137068,0.0002732202526308526,0.00010562741488617301,0.00649808845425659,0.10288909174286553,0.11775556264120993,0.006593764020279323,8646.73645255816,1162.969867178598,LOGO (15 refits),21495.3984653053,0.054103201159806005,1319.1806768395707,0.4534692818431456,-3.42784067958056,-4.206129371558179,-2.5191540370448458,-125.57224441301467,-107.32067112425202,-124.3374249496105,-246.25239884698385,0.786456336648705,0.6873322052942508,0.09912413135445419,0.0020155382851874126,0.001337078928238311,0.00029775618518412816,16225,17335,85054,15,0.007043706750677544
camelyon,dinov2_vitl14,FM,43,0.0890658995156832,0.08906589951568322,camelyon_dinov2_vitl14_s43,1,157058,15,1024,10470.533333333333,25378.213067783876,3084,6601.0,55149,0.9764600715137068,0.00022610917468301873,0.00011129829055284542,0.006923657680218298,0.1700668939328851,0.18242239614070083,0.007012180119794146,9405.699066586865,1267.3561454738456,LOGO (15 refits),23165.136664987822,0.05470963386930279,1231.4675904073563,0.4725342714730362,-4.147303168626628,-5.1297766887026475,-3.2230032771884085,-145.71021264838174,-201.95981018485713,-217.5263071265208,-113.85691785707422,0.7785728361552137,0.6995651684783016,0.07900766767691203,0.002462700846299959,0.001441226335209933,0.0003746146963692354,17335,16225,85054,15,0.006519884373925556
camelyon,dinov2_vitl14,FM,44,0.0631070272945568,0.06310702729455686,camelyon_dinov2_vitl14_s44,0,186847,15,1024,12456.466666666667,34042.00435115362,1430,6601.0,55149,0.9764600715137068,0.0002202001524502404,9.811195310701681e-05,0.00646333888877304,0.16642105824478404,0.18333737429015995,0.006537782619200485,10914.64254634617,1261.156956450654,LOGO (15 refits),23857.712364465566,0.052861604548852775,1740.5623682609958,0.5046607512908015,-4.11453953412992,-4.859179183884257,-2.85818138699555,-140.55003217575648,-196.8792756288552,-218.05468306511358,-649.6714701333676,0.8095008862632017,0.6652279058943865,0.1442729803688152,0.0017305541994742102,0.0011614778681382498,0.0002764112682733799,20577,12983,85054,15,0.005480419808720504
camelyon,dinov2_vitl14,FM,44,0.0631070272945568,0.06310702729455686,camelyon_dinov2_vitl14_s44,1,115589,15,1024,7705.933333333333,10047.100995769493,3137,6598.0,17621,0.9764600715137068,0.0002735625736907799,0.0001269848062739867,0.007023688449596888,0.11415935623274798,0.12042489297384201,0.007143957581008663,7538.707071730751,1236.9781340132733,LOGO (15 refits),20962.554864427475,0.05900893960746981,897.432755627098,0.4043599278791232,-3.514100642508933,-3.7166707174249987,-3.166136840260299,-131.89995592994987,-127.91177555905915,-135.58259092724984,199.60023824156792,0.7251961615186286,0.7432550872983301,-0.018058925779701474,0.0024357917895003744,0.0012565735862754002,0.0004164035247304909,12983,20577,85054,15,0.008858974469889003
camelyon,effb3,CNN,42,0.1401554023520543,0.14015540235205437,camelyon_effb3_s42,0,97099,15,1536,6473.266666666666,8305.390714631458,1430,6265.0,14607,0.9962753277711561,2.0763581097383832e-05,0.0004594682788828456,0.01701706959749827,0.5041166444271517,0.5503001757148891,0.017158800231007177,6342.40066324061,1037.6578999337728,LOGO (15 refits),51834706.84776643,2.001859300528649e-05,1304.4591524958996,0.5709468419873424,-10.081929694863172,-10.579872813593736,-9.501854176884875,-874349.0637403111,-508.6890742878752,-556.5743094339862,-803.7356765914544,0.9599403276878066,0.7220543811799884,0.23788594650781814,0.002308645737412629,0.0032711110994819714,0.002018111238593523,11021,22539,85054,15,0.015818906476894715
camelyon,effb3,CNN,42,0.1401554023520543,0.14015540235205437,camelyon_effb3_s42,1,205337,15,1536,13689.133333333333,32704.94655614916,3084,7103.0,55149,0.9962753277711561,4.3064250981846195e-06,0.0005469821576452737,0.014461034528886918,0.4886023761722844,0.5358036761049697,0.014528229495406712,12330.86096027506,1656.7766405914294,LOGO (15 refits),220439894.61219952,7.5157749621775615e-06,1109.2070054161163,0.6906632847850986,-16.547468606714496,-18.9526892840867,-14.689140557557932,-3171903.8609187594,-794.8647982800359,-873.0224994364313,-477.2360157324214,0.9875420245048311,0.9451171663085405,0.042424858196290605,0.0009730534784301303,0.0010168233413830885,0.0012581308039967265,22539,11021,85054,15,0.007480385902199798
camelyon,efficientnet_v2_s,CNN,42,0.0830845131187925,0.0830845131187925,camelyon_efficientnet_v2_s_s42,0,97099,15,1280,6473.266666666666,8305.390714631458,1430,6265.0,14607,0.9962753277711561,2.166988267501018e-05,0.0005412835945321805,0.006080285120196871,0.4775071010138595,0.47457427678382724,0.006223592665231498,6342.40066324061,1905.9151337246437,LOGO (15 refits),760559.1354650317,0.0025059394396193826,2391.6924344337044,0.46995858500527815,-5.446236572467255,-5.7128757448301934,-4.99593340552045,-4498.426751771592,-895.3807026858141,-889.792066174579,-1009.8227288286907,0.8482822455462876,0.7192858798161411,0.1289963657301465,0.0008181683525753103,0.0007129452843916972,0.000333081982472061,11021,22539,85054,15,0.01318242206407893
camelyon,efficientnet_v2_s,CNN,42,0.0830845131187925,0.0830845131187925,camelyon_efficientnet_v2_s_s42,1,205337,15,1280,13689.133333333333,32704.94655614916,3084,7103.0,55149,0.9962753277711561,4.635663140712198e-06,0.0006544206697711234,0.0062445174914955714,0.43169833150747994,0.45316424196788935,0.006312272667185658,12330.86096027506,2016.3985817382218,LOGO (15 refits),781208.5799263439,0.0025811270300286995,1639.6107125799545,0.5699524294218489,-7.176552927871434,-8.374810528586156,-5.7158430598792975,-4808.001571239321,-855.7760086257616,-899.0378084501936,-349.24334155216957,0.9223964196872976,0.8852237591798591,0.037172660507438504,0.0007849227579214135,0.0006699683268516221,0.00040762869426635984,22539,11021,85054,15,0.006233654918499832
camelyon,mobilenet_v3_large,CNN,42,0.0988201112711174,0.09882011127111745,camelyon_mobilenet_v3_large_s42,0,97099,15,960,6473.266666666666,8305.390714631458,1430,6265.0,14607,0.9965137067938021,5.895056942592493e-05,0.0007577767398987479,0.008039380044168154,0.36150917605478317,0.3819219995202211,0.008182405118622513,6342.40066324061,1405.2935455948455,LOGO (15 refits),38628.42492937223,0.03637977857404924,1786.1443545598727,0.4651696234281551,-5.255651508662206,-5.512261249469531,-4.814435491151977,-291.4908729454077,-493.5951209155793,-522.2571043812904,-769.1081828716822,0.8768832655888139,0.7164402013411036,0.16044306424771027,0.0011185258678187981,0.0012351916238589888,0.0008572188896588395,11021,22539,85054,15,0.009886816548059197
camelyon,mobilenet_v3_large,CNN,42,0.0988201112711174,0.09882011127111745,camelyon_mobilenet_v3_large_s42,1,205337,15,960,13689.133333333333,32704.94655614916,3084,7103.0,55149,0.9965137067938021,1.9987033331367174e-05,0.0007792205577457513,0.008087428585196066,0.3446080046075032,0.36238809680212575,0.008155058109486633,12330.86096027506,1537.5726933263336,LOGO (15 refits),36857.85355006578,0.04171628418995629,1240.2058336364769,0.5679360986691407,-7.062431855250263,-8.242624022474383,-5.613525787127396,-282.2095489999237,-515.5060325129197,-542.8062916490529,-243.78040014276405,0.8948191121218498,0.8576219538273253,0.037197158294524524,0.001333239264061481,0.0012273771955145785,0.001095150438113146,22539,11021,85054,15,0.004675241188874874
camelyon,regnet_y_3_2gf,CNN,42,0.1491836270723493,0.14918362707234933,camelyon_regnet_y_3_2gf_s42,0,97099,15,1512,6473.266666666666,8305.390714631458,1430,6265.0,14607,0.9964839094159714,0.00015341977173829693,0.00030189562369980827,0.005783100369597838,0.2853791015283992,0.29129737362931973,0.005926450763991259,6342.40066324061,2217.0217970115027,LOGO (15 refits),28364.69275081164,0.07816131894987877,2593.6055826632924,0.4930651245954474,-6.322685974217717,-6.635389406968587,-5.8380539875429065,-147.39282721380738,-618.1163466577159,-631.231785718991,-1035.542624839153,0.9459721769610279,0.6873210520971839,0.258651124863844,0.0015456162631425352,0.0019458776868288563,0.0016513472528268958,11021,22539,85054,15,0.015571736063193236
camelyon,regnet_y_3_2gf,CNN,42,0.1491836270723493,0.14918362707234933,camelyon_regnet_y_3_2gf_s42,1,205337,15,1512,13689.133333333333,32704.94655614916,3084,7103.0,55149,0.9964839094159714,5.7468684713654305e-05,0.00028949211050529293,0.005944778359676106,0.31134276607198763,0.31364979201177134,0.006012553971858225,12330.86096027506,2556.3040116923835,LOGO (15 refits),26433.684054861667,0.09670630875313914,2097.7740721052087,0.6061639677627462,-9.212197601641101,-10.715613364792926,-7.601526046264489,-143.13196671801663,-781.2354320993072,-787.129375547827,-567.9740715483044,0.9863177424530833,0.9466016131722288,0.03971612928085455,0.0007652103708867264,0.000826157896791968,0.0008208139575155426,22539,11021,85054,15,0.007363504872477927
camelyon,resnet18,CNN,42,0.1682729187758681,0.16827291877586814,camelyon_resnet18_s42,0,97099,15,512,6473.266666666666,8305.390714631458,1430,6265.0,14607,0.9953814064362336,1.6110903314447182e-05,0.0007180356904620334,0.02250308724452088,0.5590292757651477,0.5255525855776588,0.022644026880034574,6342.40066324061,766.7261355177714,LOGO (15 refits),12925603.598336134,5.9318400853362795e-05,1161.4566738206504,0.5662259164646372,-9.769652392027039,-10.252966099174554,-9.196783291257354,-288933.56010744866,-414.348772589419,-388.71787323834707,-844.7979680500234,0.9411547279494618,0.651875143399398,0.28927958455006375,0.002813291432689269,0.0038566255499113966,0.0019876489286884125,11021,22539,85054,15,0.005272968825631572
camelyon,resnet18,CNN,42,0.1682729187758681,0.16827291877586814,camelyon_resnet18_s42,1,205337,15,512,13689.133333333333,32704.94655614916,3084,7103.0,55149,0.9953814064362336,2.908486224413926e-06,0.0009445230697522418,0.021032741495239038,0.5282431188401231,0.47693856374307775,0.02109948839509058,12330.86096027506,2666.6899458013268,LOGO (15 refits),57855566.35391591,4.609219326431905e-05,683.8059515795442,0.818721646909747,-45.92042977408025,-50.37705918333551,-44.13462973050722,-1212694.3857837925,-1393.7460213765862,-1256.959294135149,-337.8380357270619,0.9794872381756553,0.9322209851739828,0.04726625300167253,0.005789311937775765,0.0017812197415312259,0.004835547461371825,22539,11021,85054,15,0.002493461967399933
camelyon,resnet50,CNN,42,0.2155964413804383,0.21559644084703677,camelyon_resnet50_s42,0,97099,15,2048,6473.266666666666,8305.390714631458,1430,6265.0,14607,0.9953516090584028,1.824437840354753e-05,0.00018326553318218368,0.009531615658893489,0.5371182600104114,0.5273241356078673,0.009674425576517575,6342.40066324061,1407.6443654636755,LOGO (15 refits),69008546.74902026,2.039811634612723e-05,3338.1886686971666,0.5057238313632433,-6.78548369625019,-7.122249682193757,-6.287347704766442,-647490.9752994103,-741.4745333389418,-727.6927907134983,-2519.7967762709536,0.8930138688004241,0.503250044681307,0.38976382411911714,0.0008358806276560493,0.0011654264907757783,0.0005363159718577704,11021,22539,85054,15,0.021091875302526288
camelyon,resnet50,CNN,42,0.2155964413804383,0.21559644084703677,camelyon_resnet50_s42,1,205337,15,2048,13689.133333333333,32704.94655614916,3084,7103.0,55149,0.9953516090584028,3.270228203902538e-06,0.00022961183862429477,0.008186605078166709,0.5103371256204556,0.5016655361298932,0.008254227840354181,12330.86096027506,3884.403610112257,LOGO (15 refits),325335633.489847,1.1939680779644694e-05,1380.703611021865,0.736229785214412,-23.412241394850106,-26.47500049757396,-21.478669933767712,-2639994.2425378812,-1967.2973323636354,-1933.6151613674283,-388.5459105765651,0.9604905970208096,0.919061539445853,0.04142905757495663,0.001718919509339667,0.000863824579410144,0.002088985639318919,22539,11021,85054,15,0.009973847869599732
camelyon,resnet50,CNN,43,0.0776455700927021,0.07764557006950201,camelyon_resnet50_s43,0,145378,15,2048,9691.866666666667,24323.68966418578,1430,6265.0,51632,0.9951728247914183,1.9753556936789374e-06,0.0002299947413071699,0.007281514584553839,0.5478484043852481,0.5450210924836115,0.007377114706165959,8646.73645255816,1354.8985610041689,LOGO (15 refits),519559091.54832995,2.60778529919755e-06,3735.9273117357934,0.5065470326782814,-4.997457837575049,-6.122380958247685,-3.8926003040362396,-3731056.544621896,-727.7013926697962,-723.8731475986513,-2678.384971789955,0.9780552349539708,0.8885407549396552,0.08951448001431561,0.00014787327732324052,0.00038569297522039747,7.319304611197452e-05,16225,17335,85054,15,0.014087413501355088
camelyon,resnet50,CNN,43,0.0776455700927021,0.07764557006950201,camelyon_resnet50_s43,1,157058,15,2048,10470.533333333333,25378.213067783876,3084,6601.0,55149,0.9951728247914183,2.4878236463848767e-06,0.0002332827372245984,0.0077048408580400185,0.5753681936304078,0.5553712975837662,0.00779329366376994,9405.699066586865,2884.3227395767804,LOGO (15 refits),416826802.4122395,6.919715149997002e-06,2117.781187547295,0.65529160601763,-14.562743900337443,-17.313893762252267,-13.171168137863644,-3172499.6265587225,-1644.5146162594679,-1586.8401343589385,-1089.5493383205599,0.9689246321390597,0.9031479720143711,0.06577666012468852,0.0006561451053863632,0.0005710538719478908,0.0004847855335908813,17335,16225,85054,15,0.013039768747851113
camelyon,resnet50,CNN,44,0.0697252622384071,0.06972526223840714,camelyon_resnet50_s44,0,186847,15,2048,12456.466666666667,34042.00435115362,1430,6601.0,55149,0.9953516090584028,2.9539859723143004e-06,0.00023153231795174702,0.007777947633988758,0.5725274577565693,0.57102834903672,0.007852292863866893,10914.64254634617,4651.055064029491,LOGO (15 refits),364988963.31880736,1.2743001930080085e-05,1229.0663404973895,0.7640255103770229,-27.639210826982566,-31.308232701434758,-25.388561683947085,-2810203.7716652798,-2647.754564858304,-2640.7821205410696,-230.63584160102585,0.9813838486062681,0.9668995402463176,0.014484308359950515,0.0009271662766354716,0.00039274585584758714,0.000980294484602906,20577,12983,85054,15,0.010960839617441008
camelyon,resnet50,CNN,44,0.0697252622384071,0.06972526223840714,camelyon_resnet50_s44,1,115589,15,2048,7705.933333333333,10047.100995769493,3137,6598.0,17621,0.9953516090584028,6.259529865364328e-06,0.00021416182764140776,0.009241965911588101,0.4986060443095117,0.4886447428621464,0.009361966365409001,7538.707071730751,1413.0305878851968,LOGO (15 refits),185983434.46439654,7.597615303505422e-06,2408.0766261110584,0.4985867108518238,-6.51117462140471,-6.903681934225705,-6.038884569856802,-1695320.2697146444,-689.842029026581,-675.7727387922602,-1491.0553462667374,0.9738714764896355,0.8489052603727718,0.12496621611686365,0.0004230913890828081,0.0008448514683910835,0.00032031610002647426,12983,20577,85054,15,0.017717948939778006
camelyon,uni,FM,42,0.0076661613892055,0.007666161389205506,camelyon_uni_s42,0,97099,15,1024,6473.266666666666,8305.390714631458,1430,6265.0,14607,0.9943682955899881,0.00032225625690288805,0.0007680004643501994,0.009791769985927345,0.26283122443578777,0.2504010789480332,0.009934542393394016,6342.40066324061,1540.231539581477,LOGO (15 refits),15472.548249892303,0.09954608088504088,1584.2836691488033,0.5329622465630035,-8.040510770962811,-8.440613103494261,-7.504906959969589,-136.54022904026985,-390.5929759661436,-371.4725976081075,-543.3935015742566,0.9993609518931836,0.994517796563184,0.004843155329999682,0.0001894297956008817,0.00033534910447652333,0.00016186123993300328,11021,22539,85054,15,0.010545937651263144
camelyon,uni,FM,42,0.0076661613892055,0.007666161389205506,camelyon_uni_s42,1,205337,15,1024,13689.133333333333,32704.94655614916,3084,7103.0,55149,0.9943682955899881,0.00010314237408518161,0.0007411481743604053,0.009722390304331863,0.2975625773243483,0.2840636569085893,0.009789908355408106,12330.86096027506,1798.8221980754697,LOGO (15 refits),24241.782831349403,0.07420337895896163,1763.7920334926894,0.6335591165012833,-11.081364261777427,-12.84082805051486,-9.377714632365059,-220.96532359156987,-520.9266969608809,-496.67892187571624,-731.536818265424,0.9995373426468842,0.9890481751984729,0.01048916744841133,0.00017437002777365151,0.0003868067893147975,0.000114561269114688,22539,11021,85054,15,0.004986923934799866
camelyon,uni,FM,43,0.0034174786011048,0.003417478601104862,camelyon_uni_s43,0,145378,15,1024,9691.866666666667,24323.68966418578,1430,6265.0,51632,0.9943682955899881,0.00019374113325096374,0.000699136461357731,0.009780216941474129,0.24347484818493037,0.2438123704453516,0.009875576434123092,8646.73645255816,1369.9775665868785,LOGO (15 refits),19016.548771341775,0.07204133531587263,2058.52974882484,0.5677144106354511,-7.608096475258515,-9.240748398249314,-6.291795981730186,-171.43645896560548,-319.631086178,-320.09212056382296,-1020.9237711399853,0.9995483293618994,0.9938388485669896,0.005709480794909849,0.0001332077609372817,0.00034177781448996303,0.00018848956935879624,16225,17335,85054,15,0.007043706750677544
camelyon,uni,FM,43,0.0034174786011048,0.003417478601104862,camelyon_uni_s43,1,157058,15,1024,10470.533333333333,25378.213067783876,3084,6601.0,55149,0.9943682955899881,0.00016270852585098246,0.0007600071965035382,0.009890122400898704,0.28806722215888103,0.28486732255355723,0.00997838041096105,9405.699066586865,1895.6352691172985,LOGO (15 refits),19467.774941340318,0.09737298046793569,1431.3494953727532,0.6238755955394129,-11.698363540148254,-14.055860677363215,-10.361771715397046,-177.75757764873467,-531.5740712383225,-525.5141951145705,-393.0176758931111,0.9992298932043437,0.998104416797044,0.0011254764072997636,4.3752137452890416e-05,7.832094922533006e-05,7.3632693556868745e-06,17335,16225,85054,15,0.006519884373925556
camelyon,uni,FM,44,0.0044931339877084,0.004493133987708453,camelyon_uni_s44,0,186847,15,1024,12456.466666666667,34042.00435115362,1430,6601.0,55149,0.9943682955899881,0.00010798338946978834,0.0007528303498210401,0.00949562632551526,0.30180022754043456,0.29155445421469506,0.009569842852662718,10914.64254634617,1988.809348984003,LOGO (15 refits),23568.052577088216,0.08438581603120797,1546.0340910521973,0.66174758745766,-12.498446468017015,-14.599195895845732,-10.477336390090587,-209.31631547687974,-585.9043148381146,-565.5524019202047,-511.4398476980839,0.9992099876381431,0.9934720015424828,0.00573798609566023,0.00015588322564474844,0.0002903891635527289,6.268632671269092e-05,20577,12983,85054,15,0.005480419808720504
camelyon,uni,FM,44,0.0044931339877084,0.004493133987708453,camelyon_uni_s44,1,115589,15,1024,7705.933333333333,10047.100995769493,3137,6598.0,17621,0.9943682955899881,0.0002794486849764416,0.0007516055907967544,0.010130245345074784,0.2672316559352226,0.25595152259317344,0.010250138210815126,7538.707071730751,1521.9562906413175,LOGO (15 refits),16373.897040713799,0.09295015638958543,1563.3228042439548,0.5372252464059422,-8.285141641462506,-8.78290346146395,-7.767041048453097,-150.78214358737765,-392.35456361461996,-375.2091113084877,-523.0830761547797,0.9995889449853173,0.9963406631055605,0.003248281879756787,0.0001013898098114474,0.00019766978987478812,0.00010925692338825677,12983,20577,85054,15,0.008858974469889003
camelyon,virchow2,FM,42,0.0325482138577029,0.0325482138577029,camelyon_virchow2_s42,0,97099,15,2560,6473.266666666666,8305.390714631458,1430,6265.0,14607,0.9948152562574494,0.00011075298138743803,0.0002247853849942307,0.004216305335003612,0.2732575487262987,0.24197679133265285,0.004359881636525485,6342.40066324061,4200.139812658071,LOGO (15 refits),482566.4981919098,0.00870375342754883,4013.3616143161025,0.5642703832196,-9.993811631837474,-10.48852187176763,-9.403216044542381,-1951.1351501346253,-1132.7459810253365,-1001.3637458528372,-1358.2818628067266,0.9908556991031773,0.9801471160128812,0.010708583090296098,0.0001099089573620704,0.0002180114765381047,0.00016836585938084792,11021,22539,85054,15,0.02636484412815786
camelyon,virchow2,FM,42,0.0325482138577029,0.0325482138577029,camelyon_virchow2_s42,1,205337,15,2560,13689.133333333333,32704.94655614916,3084,7103.0,55149,0.9948152562574494,5.05707988533937e-05,0.00020184678461816104,0.00415639143458435,0.3102350775171703,0.2905208790596463,0.0042242889806548434,12330.86096027506,5173.273021095527,LOGO (15 refits),629194.9401280058,0.008222051213639857,5348.871932692179,0.6685434634809672,-14.375847276100636,-16.549625134939504,-12.537545971129562,-2556.7854552662443,-1589.8866887445722,-1487.9083004707866,-2738.9340067618105,0.9910520293602219,0.9366641847351119,0.05438784462510993,0.00018464120768324488,0.000409433682322935,0.00028159652287074177,22539,11021,85054,15,0.012467309836999663
camelyon,virchow2,FM,43,0.0255366308410304,0.025536630841030417,camelyon_virchow2_s43,0,145378,15,2560,9691.866666666667,24323.68966418578,1430,6265.0,51632,0.9948152562574494,8.830223346720928e-05,0.00018792278722834488,0.004229062221158153,0.2508031876868553,0.23558755495918116,0.00432495629744883,8646.73645255816,3537.3802635564966,LOGO (15 refits),552887.7639130439,0.006398007867855152,6330.461939233325,0.5865917002380647,-8.776070187954172,-10.616713098308695,-7.38098570061107,-2270.2070955588033,-872.3954541055783,-818.5930010724813,-3694.2936584269037,0.9925457736031597,0.9477661735439062,0.04477960005925341,0.00015429211129991405,0.00048127554439381104,0.00017151225553746485,16225,17335,85054,15,0.017609266876693862
camelyon,virchow2,FM,43,0.0255366308410304,0.025536630841030417,camelyon_virchow2_s43,1,157058,15,2560,10470.533333333333,25378.213067783876,3084,6601.0,55149,0.9948152562574494,6.149477470537468e-05,0.00021809564456582407,0.004242166816057158,0.29985438172534995,0.2791061056008153,0.004330928282684602,9405.699066586865,5358.907573987534,LOGO (15 refits),553080.6665103359,0.00968919707101602,3534.5212609647197,0.6566772544936064,-14.929411566210664,-17.74105145848909,-13.514580750791326,-2281.360907503235,-1591.7245506104096,-1480.5380286105858,-898.5569379575227,0.9878158668760421,0.9815222052532347,0.006293661622807312,8.531224774699364e-05,0.00014838465895483655,0.00021636608196018425,17335,16225,85054,15,0.01629971093481389
camelyon,virchow2,FM,44,0.0225782861754424,0.02257828617544244,camelyon_virchow2_s44,0,186847,15,2560,12456.466666666667,34042.00435115362,1430,6601.0,55149,0.9948152562574494,5.1937865927189166e-05,0.00020608459012026056,0.004095419860848826,0.3236893395364049,0.30515201120434876,0.0041700410147475055,10914.64254634617,5707.407175490728,LOGO (15 refits),613533.2381714092,0.009302523189291645,4463.647634789772,0.6948414590749277,-16.24222676157168,-18.821373417172875,-14.070959044463894,-2451.886136678858,-1832.3600129383278,-1726.5649533785165,-1843.0674021272807,0.9907167249472375,0.9607581513868447,0.029958573560392776,0.00014126071166165044,0.0002692844575158393,0.00026978483441131296,20577,12983,85054,15,0.01370104952180126
camelyon,virchow2,FM,44,0.0225782861754424,0.02257828617544244,camelyon_virchow2_s44,1,115589,15,2560,7705.933333333333,10047.100995769493,3137,6598.0,17621,0.9948152562574494,0.00010514850043739258,0.00021645417978722746,0.004308580584129418,0.2642464429549253,0.23847737625384655,0.004429178568973901,7538.707071730751,4090.1110770158875,LOGO (15 refits),501614.2319072125,0.00815389759071363,3994.238179263834,0.5631966135144376,-9.926017238476536,-10.516767418605598,-9.368862953961468,-2085.1775774119897,-1065.772165814629,-960.3794930073166,-1349.5931131284692,0.987908518488015,0.9727105196975229,0.015197998790492107,0.0001352073635935147,0.00028208511437299855,0.00018118299307334773,12983,20577,85054,15,0.022147436174722507
dermamnist,convnext_tiny,CNN,42,0.0195641385078624,0.019564138507862427,dermamnist_convnext_tiny_s42_std,0,3514,2838,768,1.2381959126145172,1.4467842914058053,1,1.0,5,0.9235209235209235,0.0052482146407877815,0.0009713525905864684,0.23808772513594112,0.6855836087891078,0.7035331038493992,0.8533866502111861,1.238122388335775,1068.225332545309,K=10 group folds (seed 1871882131),7689.019896665691,0.13892867321211383,1512.2860410340904,0.06987580746455084,-17.865368992310206,-20.034291563254797,-17.341787361054497,-362.44864093119577,-142.00695390580302,-149.30962431399982,-122.42910121819205,0.93897233549447,0.922147500213061,0.01682483528140899,0.0025218678091902813,0.0047803147105082155,0.0027458355866295525,356,337,2298,330,0.21855435401252135
dermamnist,convnext_tiny,CNN,42,0.0195641385078624,0.019564138507862427,dermamnist_convnext_tiny_s42_std,1,3493,2840,768,1.2299295774647887,1.4517606641855139,1,1.0,6,0.9235209235209235,0.005092262992145559,0.00098994862406054,0.23547493827013688,0.687420546257727,0.704162837341161,0.8570346892011454,1.229851440414165,1068.606451645325,K=10 group folds (seed 704332147),7770.12870109574,0.13752750987182885,1505.3488731004368,0.06790707047470085,-17.174917939075186,-19.76192647342921,-16.944581672971626,-352.6205401871558,-140.40975169543137,-147.1317934083912,-130.13272828811273,0.9410970189533926,0.9187935772190767,0.022303441734315865,0.0026623052776717504,0.005004351610095714,0.0028361273278660892,337,356,2298,311,0.21986830804466076
dermamnist,convnext_tiny,CNN,43,0.0258278371277638,0.02582783712776382,dermamnist_convnext_tiny_s43_std,0,3514,2838,768,1.2381959126145172,1.4467842914058053,1,1.0,5,0.9177489177489178,0.004860080479588836,0.0009798280493136626,0.2602403702761359,0.7085017141037848,0.7189049800894314,0.857649442159598,1.238122388335775,1074.7438156307735,K=10 group folds (seed 1368922900),7785.245370481772,0.1380488044353399,1510.9622508463044,0.07654977440216149,-21.514902880766325,-24.127727535329043,-20.90791395418136,-437.4549671152155,-152.89397951510117,-157.27681648080923,-133.8340154238988,0.923073067934012,0.8998406561763164,0.023232411757695637,0.0035406869087556414,0.006584231417850139,0.0038764547975320696,356,337,2298,330,0.21855435401252135
dermamnist,convnext_tiny,CNN,43,0.0258278371277638,0.02582783712776382,dermamnist_convnext_tiny_s43_std,1,3493,2840,768,1.2299295774647887,1.4517606641855139,1,1.0,6,0.9177489177489178,0.004805930596167912,0.0009971496435422997,0.2610008947398865,0.7130719817194409,0.7228428918865234,0.8618080138216341,1.229851440414165,1073.976904077335,K=10 group folds (seed 975611726),7873.538951876239,0.13640332646368755,1501.8104599872033,0.07535096555531862,-21.22354764433895,-24.420478640309867,-20.966763914536223,-437.8947320289537,-152.0324337501592,-156.10419765927708,-134.26846145132026,0.9233367681353674,0.8949135056375354,0.028423262497832003,0.0036438622739851656,0.006856230625556181,0.003972706980263974,337,356,2298,311,0.21986830804466076
dermamnist,densenet121,CNN,42,0.0157632607022288,0.015763260702228887,dermamnist_densenet121_s42_std,0,3514,2838,1024,1.2381959126145172,1.4467842914058053,1,1.0,5,0.8744588744588745,0.004265715606546392,0.0004796526005056991,0.3757770032135703,0.7494935296121497,0.6763695279320656,0.8798819397017861,1.238122388335775,634.5324318413145,K=10 group folds (seed 3000639085),118769.92874608084,0.005342534415406499,697.4112125102466,0.07229582627464776,-17.312260884718956,-19.4143199856869,-16.811792621314655,-18496.994681897006,-67.23571538204568,-55.00346486818933,-23.997198068130956,0.94966189456391,0.9332098870647422,0.016452007499167864,0.0069612848742165445,0.009574833489578105,0.007511319600125632,356,337,2298,330,0.29140580535002847
dermamnist,densenet121,CNN,42,0.0157632607022288,0.015763260702228887,dermamnist_densenet121_s42_std,1,3493,2840,1024,1.2299295774647887,1.4517606641855139,1,1.0,6,0.8744588744588745,0.004222380095209977,0.0004842811557890742,0.37265384981150995,0.7534706657313331,0.6802368236181542,0.8826869885243173,1.229851440414165,633.4935615192251,K=10 group folds (seed 3251060094),120032.33693024065,0.005277690809997254,703.9411366452364,0.07036279247485804,-16.681247387521267,-19.193996797939977,-16.46481429555146,-18112.794913168265,-66.57326795100626,-54.49876126307894,-36.41006482965804,0.9546580305929812,0.9395835166876912,0.01507451390528991,0.005879563078788674,0.00824361193416856,0.007250582451946874,337,356,2298,311,0.29315774405954764
dermamnist,densenet121,CNN,43,0.0137742939264883,0.013774293926488324,dermamnist_densenet121_s43_std,0,3514,2838,1024,1.2381959126145172,1.4467842914058053,1,1.0,5,0.8715728715728716,0.004003489807215421,0.0004749884747088358,0.37174724734413145,0.7571120929020876,0.6864998681137804,0.8791065013392068,1.238122388335775,634.5169206411675,K=10 group folds (seed 3911135281),126645.8353098782,0.005010168072946305,702.9739774902782,0.07153861407083877,-16.942350996288233,-18.999413065379656,-16.450466167463986,-19349.61698368608,-68.55660136999693,-56.61034645745986,-33.24905452712471,0.9590129668201954,0.9410298724474643,0.017983094372731157,0.006165857034758693,0.008598626595697989,0.00653765110056459,356,337,2298,330,0.29140580535002847
dermamnist,densenet121,CNN,43,0.0137742939264883,0.013774293926488324,dermamnist_densenet121_s43_std,1,3493,2840,1024,1.2299295774647887,1.4517606641855139,1,1.0,6,0.8715728715728716,0.003980115137133127,0.0004793863118308552,0.35911200422876266,0.7537355060532897,0.6489340976086245,0.8801546789121941,1.229851440414165,633.5437472574541,K=10 group folds (seed 1732451653),127443.82999207888,0.004971160606965682,704.5129843946496,0.06787282219107023,-15.503666963160882,-17.83893794686647,-15.295649385655441,-17940.048707573464,-66.61237657786695,-49.68793832258839,-24.36147227680999,0.9532182545524039,0.9436527610721585,0.00956549348024549,0.00532950000488952,0.007383068814112992,0.005959540384500195,337,356,2298,311,0.29315774405954764
dermamnist,effb3,CNN,42,0.0234825226988705,0.023482522698870523,dermamnist_effb3_s42_std,0,3514,2838,1536,1.2381959126145172,1.4467842914058053,1,1.0,5,0.8816738816738817,0.004684778884478541,0.00045056871235384154,0.22772085989542978,0.7453537806328716,0.7337513312240729,0.8513917737800484,1.238122388335775,2754.065159574771,K=10 group folds (seed 4006690302),33088.77793061101,0.0832326042790156,3097.404361593131,0.12359418348276908,-77.87793249029804,-87.31133807886557,-76.24654471640817,-1850.1925456947733,-771.7728030259481,-749.0349499843499,-351.76591254316327,0.9557712617713497,0.9329438835989494,0.022827378172400326,0.004307706611090034,0.00693029417917268,0.0044821406079976756,356,337,2298,330,0.4371087080250427
dermamnist,effb3,CNN,42,0.0234825226988705,0.023482522698870523,dermamnist_effb3_s42_std,1,3493,2840,1536,1.2299295774647887,1.4517606641855139,1,1.0,6,0.8816738816738817,0.004572304056632955,0.00045505554778237014,0.22615355878297572,0.7462623658008887,0.7341003896665703,0.8552916019144563,1.229851440414165,2742.158796945096,K=10 group folds (seed 1645774166),33872.09767355403,0.08095627331300663,3110.805049681665,0.12017910826179308,-74.87128456358738,-86.08783006815933,-74.50666601008407,-1835.9005572362787,-757.7627498445598,-734.288610192244,-328.6430700543351,0.9552868834465785,0.9311492162212378,0.02413766722534072,0.004061910210148567,0.0066056463363354245,0.004394335841368835,337,356,2298,311,0.4397366160893215
dermamnist,efficientnet_v2_s,CNN,42,0.0141098215200026,0.014109821520002619,dermamnist_efficientnet_v2_s_s42_std,0,3514,2838,1280,1.2381959126145172,1.4467842914058053,1,1.0,5,0.898989898989899,0.0027700338342966212,0.0005201581462677819,0.263435018125316,0.8163854558352925,0.8103083356655209,0.8582641822524084,1.238122388335775,1884.804535453912,K=10 group folds (seed 2486205166),62327.07053057536,0.030240544267667716,2442.8510400272207,0.11398430159472278,-56.75309429744365,-63.63588295974043,-55.48362787661923,-4804.471798696801,-508.8775129054766,-501.6552835630091,-216.52043290227766,0.9573151054654268,0.9496556159013256,0.0076594895641011185,0.002523159088150484,0.00474286762066356,0.0027485897999377507,356,337,2298,330,0.36425725668753556
dermamnist,efficientnet_v2_s,CNN,42,0.0141098215200026,0.014109821520002619,dermamnist_efficientnet_v2_s_s42_std,1,3493,2840,1280,1.2299295774647887,1.4517606641855139,1,1.0,6,0.898989898989899,0.0026791632549653284,0.0005266224390193336,0.26841333717569926,0.8213080181392436,0.8145863132728334,0.8631941320663613,1.229851440414165,1874.0092742382228,K=10 group folds (seed 2897880647),63787.90122767094,0.029378757384563154,2459.559721408094,0.11350722652007347,-57.24854414390928,-65.83699420555055,-56.91218018141443,-5007.376643684294,-502.61963567141805,-494.749110567649,-219.2139286226875,0.9634697182171054,0.9429095647412015,0.020560153475903897,0.002669639451990502,0.005290384408523252,0.002924396633060433,337,356,2298,311,0.3664471800744346
dermamnist,fm_conch_v1_5,FM,42,0.007898192998732,0.007898192998732068,dermamnist_fm_conch_v1_5_s42_std,0,3514,2838,768,1.2381959126145172,1.4467842914058053,1,1.0,5,0.7316017316017316,0.006050553405079804,0.00029647850171304885,0.3188250439422503,0.5998712523341834,0.5910813622115529,0.8689227810147906,1.238122388335775,406.26750068371445,K=10 group folds (seed 104648167),66755.26187423852,0.006085924753753334,446.9217281791746,0.042022195238586635,-5.476195582149648,-6.1388721655650365,-5.289733651489546,-7464.270071188607,-19.13316363067241,-18.58398568671071,-7.761725600340242,0.9439950225403624,0.9337974189916144,0.010197603548747991,0.0023927399131744576,0.0035936293461221736,0.0028727455037240723,356,337,2298,330,0.21855435401252135
dermamnist,fm_conch_v1_5,FM,42,0.007898192998732,0.007898192998732068,dermamnist_fm_conch_v1_5_s42_std,1,3493,2840,768,1.2299295774647887,1.4517606641855139,1,1.0,6,0.7316017316017316,0.005881906464342224,0.0002947760576809227,0.2938211952909572,0.5805966265963645,0.5717651547885512,0.8679453724298383,1.229851440414165,409.07278190444936,K=10 group folds (seed 3073115732),68264.65065633859,0.005992454044243551,457.4895819391162,0.03834573354083865,-4.636206560397845,-5.33245694693773,-4.548301932513292,-6417.756649277831,-17.85642723915191,-17.32435865902618,-15.008668213287649,0.9399774800949349,0.934378697646219,0.005598782448715922,0.002064570070701488,0.0030302363559910894,0.0024760363145373,337,356,2298,311,0.21986830804466076
dermamnist,fm_dinov2_vitb14,FM,42,0.012578328401373,0.012578328401373073,dermamnist_fm_dinov2_vitb14_s42_std,0,3514,2838,768,1.2381959126145172,1.4467842914058053,1,1.0,5,0.7171717171717171,0.005890873590514291,0.00047936611826537406,0.2237443482824688,0.5975794259686871,0.5828758134832275,0.8506265811098628,1.238122388335775,999.1101072798,K=10 group folds (seed 1621250999),12001.816904592919,0.0832465713501641,1060.754871025686,0.06252462420235788,-14.05990724799782,-15.765886031548014,-13.630639520560774,-561.4850818111073,-96.89206487003798,-92.29921081070958,-40.29272698906129,0.9489578138293191,0.94424515705826,0.004712656771059143,0.00131839581832216,0.002081541683776056,0.0014018452526265435,356,337,2298,330,0.21855435401252135
dermamnist,fm_dinov2_vitb14,FM,42,0.012578328401373,0.012578328401373073,dermamnist_fm_dinov2_vitb14_s42_std,1,3493,2840,768,1.2299295774647887,1.4517606641855139,1,1.0,6,0.7171717171717171,0.0058873161799924655,0.0004662164426546112,0.22691670109457607,0.5747389247109197,0.5615324370385966,0.8554343086525651,1.229851440414165,988.0493346926451,K=10 group folds (seed 434999180),12133.534339230097,0.08143128844973782,1126.0962574086248,0.061735090541475475,-13.923280279714424,-16.02000452911759,-13.721050233700202,-573.2767011633817,-86.55411420283632,-82.71261572766991,-105.41169177692268,0.9540330515762643,0.9335890515445772,0.020444000031687115,0.0013702682352020323,0.0023310450709458364,0.0013834946764423872,337,356,2298,311,0.21986830804466076
dermamnist,fm_dinov2_vitl14,FM,42,0.014211593163441,0.014211593163441005,dermamnist_fm_dinov2_vitl14_s42_std,0,3514,2838,1024,1.2381959126145172,1.4467842914058053,1,1.0,5,0.6782106782106783,0.006689135048979622,0.0003872014890530167,0.21080281988489946,0.5921703323827152,0.5779209435920243,0.8481362670771964,1.238122388335775,1491.3047545547017,K=10 group folds (seed 2866582564),14765.705942705894,0.10099786358615592,1529.0848665807746,0.07881642338749784,-24.944474306528814,-27.974004099495076,-24.249910722430545,-641.4985837253586,-188.16191550723858,-179.49056499789666,-56.60848911526841,0.955531678743607,0.9499590664569629,0.005572612286644074,0.0016838277640471855,0.002772375927461157,0.0019344840016786158,356,337,2298,330,0.29140580535002847
dermamnist,fm_dinov2_vitl14,FM,42,0.014211593163441,0.014211593163441005,dermamnist_fm_dinov2_vitl14_s42_std,1,3493,2840,1024,1.2299295774647887,1.4517606641855139,1,1.0,6,0.6782106782106783,0.0067917401915515,0.00038207479401875536,0.2152166097806033,0.5767800892604715,0.563523606580941,0.853246404979019,1.229851440414165,1472.424498108618,K=10 group folds (seed 3946110191),14888.428779240801,0.0988972389189681,1614.0147075983343,0.07826559421414724,-24.97119837153182,-28.732398876308785,-24.68167713757737,-661.0903972758383,-172.11039244481753,-164.511747671128,-180.09457919222086,0.9610137056348831,0.938163131594645,0.022850574040238048,0.0017161967905653386,0.002861550346662023,0.0019974320143519853,337,356,2298,311,0.29315774405954764
dermamnist,fm_uni,FM,42,0.0083815883555307,0.008381588355530711,dermamnist_fm_uni_s42_std,0,3514,2838,1024,1.2381959126145172,1.4467842914058053,1,1.0,5,0.7200577200577201,0.011133064774852297,0.00047663116822528275,0.24931791902934763,0.5956647509762483,0.5878175093966594,0.8555476553554905,1.238122388335775,1256.7121842710458,K=10 group folds (seed 1950636108),14560.32273293539,0.08631073687867975,1404.9273351565655,0.08231260237807077,-26.080613063912374,-29.24834184648816,-25.369127949047634,-876.8497131128025,-143.50860405552788,-139.85997864257232,-69.65137227075843,0.9824847693646649,0.9780250146560162,0.004459754708648678,0.001022692936445857,0.0020285992464096347,0.001369935879835693,356,337,2298,330,0.29140580535002847
dermamnist,fm_uni,FM,42,0.0083815883555307,0.008381588355530711,dermamnist_fm_uni_s42_std,1,3493,2840,1024,1.2299295774647887,1.4517606641855139,1,1.0,6,0.7200577200577201,0.010870588028453077,0.0004758101698997063,0.23361534220448932,0.5785113732951613,0.5696676927635901,0.8566869468669909,1.229851440414165,1256.5390496698772,K=10 group folds (seed 3648927407),14843.244002141915,0.08465393747408287,1454.0096593914925,0.07586218823036388,-22.513841295902257,-25.90510269499057,-22.24344786631463,-775.4903418796794,-133.20121962652806,-129.26732615581483,-126.83925278624747,0.9856461430788739,0.9733427210764612,0.012303422002412634,0.000860543120055457,0.0018592131897791075,0.0013003864305760615,337,356,2298,311,0.29315774405954764
dermamnist,fm_virchow2,FM,42,0.0119945397326101,0.01199453973261011,dermamnist_fm_virchow2_s42_std,0,3514,2838,2560,1.2381959126145172,1.4467842914058053,1,1.0,5,0.7388167388167388,0.00650682890586818,0.00010232849974151876,0.1110057283221948,0.5689063695519365,0.5749882284773945,0.8289324999561067,1.238122388335775,2871.2749058081336,K=10 group folds (seed 2816255772),176196.66886430848,0.016295852380837816,3438.0246199437192,0.06299808505413682,-20.21075921985453,-22.66316376108913,-19.595303303172862,-2637.2595180326753,-491.16480552112193,-501.2860304826779,-330.20227414658984,0.9849160481512991,0.9721729384085761,0.012743109742722969,0.0003331499717210695,0.0007153685439280633,0.0004984448394605989,356,337,2298,330,0.7285145133750711
dermamnist,fm_virchow2,FM,42,0.0119945397326101,0.01199453973261011,dermamnist_fm_virchow2_s42_std,1,3493,2840,2560,1.2299295774647887,1.4517606641855139,1,1.0,6,0.7388167388167388,0.006526208372121024,0.00010298583987629826,0.08876459142265014,0.5407334784910212,0.543710364948179,0.8296000223937543,1.229851440414165,2852.110862145599,K=10 group folds (seed 3568191893),176379.0313736624,0.016170351089542765,3478.4586649696234,0.049458776787944476,-12.603556643246172,-14.499508234847164,-12.391699057868955,-1665.7680928609454,-433.934557293369,-438.5502559884737,-393.8232938757019,0.9828957188937355,0.9716497491712383,0.011245969722497251,0.00019802270660373988,0.0004131584866176041,0.0003131116761883046,337,356,2298,311,0.7328943601488692
dermamnist,mobilenet_v3_large,CNN,42,0.0280765450290592,0.028076545029059208,dermamnist_mobilenet_v3_large_s42_std,0,3514,2838,960,1.2381959126145172,1.4467842914058053,1,1.0,5,0.8268398268398268,0.00582252523920543,0.0006700826352494005,0.251625498800117,0.688387846802206,0.675602552363147,0.8559916986020153,1.238122388335775,1270.7248354966368,K=10 group folds (seed 3367136843),14126.363209428508,0.08995413870206194,1368.1357691272613,0.08371281164928994,-26.923664898560222,-30.193835190071017,-26.1952312477571,-856.5960361008046,-192.52000107266065,-185.6603521934702,-47.139177947768076,0.891484779143564,0.8812733560081919,0.010211423135372155,0.008216408023490884,0.010254046222621604,0.00828626848125491,356,337,2298,330,0.2731929425156517
dermamnist,mobilenet_v3_large,CNN,42,0.0280765450290592,0.028076545029059208,dermamnist_mobilenet_v3_large_s42_std,1,3493,2840,960,1.2299295774647887,1.4517606641855139,1,1.0,6,0.8268398268398268,0.005762973281491098,0.0006749796754413954,0.23768938755953795,0.6775578630635324,0.6636890596675866,0.8574487886816661,1.229851440414165,1271.0210216643409,K=10 group folds (seed 3741827329),14215.194057571305,0.08941285053983268,1396.9149840478992,0.07778282880114945,-23.63503913804521,-27.195033909097422,-23.359041632833193,-758.05072848802,-183.66227952632244,-176.44022031718575,-107.70152755976846,0.9065165684003378,0.8605749014775916,0.04594166692274615,0.008186160902005635,0.01047442328942605,0.007792412153946993,337,356,2298,311,0.27483538505582594
dermamnist,regnet_y_3_2gf,CNN,42,0.0292425336582016,0.02924253365820162,dermamnist_regnet_y_3_2gf_s42_std,0,3514,2838,1512,1.2381959126145172,1.4467842914058053,1,1.0,5,0.8672438672438673,0.009458250448378815,0.0002724822382170318,0.22285144622215058,0.6741436908411009,0.6641873990685239,0.8504547616413816,1.238122388335775,2204.3311041240054,K=10 group folds (seed 1312212488),24866.027965817466,0.08864829988747013,2432.986377142723,0.1067395778762096,-52.93525159858704,-59.35938186312746,-51.693368390157254,-1301.6037649997452,-454.67150862811417,-441.87951555214187,-250.30311236884563,0.9523816508737446,0.909809329748743,0.042572321125001644,0.008940815520140033,0.012256819889828074,0.008986968332789225,356,337,2298,330,0.4302788844621514
dermamnist,regnet_y_3_2gf,CNN,42,0.0292425336582016,0.02924253365820162,dermamnist_regnet_y_3_2gf_s42_std,1,3493,2840,1512,1.2299295774647887,1.4517606641855139,1,1.0,6,0.8672438672438673,0.009220503918092468,0.0002744245953218441,0.21429127292396888,0.6642059514893512,0.6549205232692015,0.8530733680467789,1.229851440414165,2209.6246796075625,K=10 group folds (seed 1560687726),25235.061124203465,0.08756169318283387,2411.1235346164485,0.1010013171983226,-48.269524853781334,-55.52602465317009,-47.89180479819693,-1202.0973415235526,-436.59274313038486,-424.9182439965276,-155.10462540243634,0.9416432299535398,0.9257304837621381,0.015912746191401705,0.0062927215654061674,0.008607875925328301,0.007526912719830192,337,356,2298,311,0.43286573146292584
dermamnist,resnet18,CNN,42,0.0214393548514961,0.021439354851496173,dermamnist_resnet18_s42_std,0,3514,2838,512,1.2381959126145172,1.4467842914058053,1,1.0,5,0.8383838383838383,0.0038741676558193662,0.0008424186068455594,0.32511325419526005,0.7488476158744201,0.737687585835663,0.8701328095177906,1.238122388335775,592.2631458448583,K=10 group folds (seed 2147043726),6900.196189545877,0.08583279802133234,670.3644476144366,0.05926256490452622,-11.455541565751156,-12.845078468566799,-11.099493416016966,-574.0644890506925,-59.21142162211726,-57.49713240997767,-6.592499399074768,0.8985500337372019,0.8999013462874439,-0.001351312550242012,0.00796589990522012,0.010928093839824515,0.007677600449645716,356,337,2298,330,0.14570290267501423
dermamnist,resnet18,CNN,42,0.0214393548514961,0.021439354851496173,dermamnist_resnet18_s42_std,1,3493,2840,512,1.2299295774647887,1.4517606641855139,1,1.0,6,0.8383838383838383,0.003799943198754393,0.0008526634376490874,0.316289289034706,0.7425135611567839,0.7314720203030265,0.8721468802232711,1.229851440414165,591.3804952350329,K=10 group folds (seed 548695705),7013.855810824751,0.08431603260539415,693.1865617029454,0.05661425063922276,-10.629936807395325,-12.23015371802646,-10.46553243302615,-546.0716839946058,-57.07821526081746,-55.42799127855547,-49.046789531299396,0.9275812020774096,0.8833511798241754,0.044230022253234136,0.0072046039056922195,0.01027028877089009,0.00759657010736825,337,356,2298,311,0.14657887202977382
dermamnist,resnet18,CNN,43,0.0285242796861477,0.02852427968614779,dermamnist_resnet18_s43_std,0,3514,2838,512,1.2381959126145172,1.4467842914058053,1,1.0,5,0.8398268398268398,0.004073965805338813,0.0008542383359915761,0.32017777977724615,0.7431238885888947,0.7307127294483307,0.8691830854339371,1.238122388335775,590.7707019014587,K=10 group folds (seed 305921794),6809.148688622482,0.08676131612290786,678.0034283584387,0.05825836348390359,-11.064743062750589,-12.406735271601717,-10.718960851679359,-547.8486133051622,-58.07376460996742,-56.19079401706438,-15.806257684018988,0.8956481454317873,0.8771089813616795,0.018539164070107805,0.008534062647690077,0.011679618194637031,0.008424307656381913,356,337,2298,330,0.14570290267501423
dermamnist,resnet18,CNN,43,0.0285242796861477,0.02852427968614779,dermamnist_resnet18_s43_std,1,3493,2840,512,1.2299295774647887,1.4517606641855139,1,1.0,6,0.8398268398268398,0.004015398607074697,0.0008623473604331944,0.31028602111841574,0.7420375763416514,0.7300217691508859,0.8710242759995208,1.229851440414165,590.2402756789695,K=10 group folds (seed 3169826072),6876.410661104795,0.0858355186692906,693.0010091947587,0.05547195314674569,-10.200275095721846,-11.735662531144548,-10.04035081549368,-512.8267957671036,-56.81906866424874,-55.03129930072086,-43.030001654030684,0.8948072507896171,0.8562978554874292,0.03850939530218789,0.008858460214549058,0.01211605597441845,0.008780690822001946,337,356,2298,311,0.14657887202977382
dermamnist,resnet50,CNN,42,0.0205580460796233,0.020558046079623304,dermamnist_resnet50_s42_std,0,3514,2838,2048,1.2381959126145172,1.4467842914058053,1,1.0,5,0.847041847041847,0.0026615043921577467,0.00019160753942337342,0.20676318743992195,0.811961494486046,0.8024596231613064,0.8473589281837148,1.238122388335775,2995.348972013839,K=10 group folds (seed 4149400819),201134.7387134502,0.01489225079254564,3322.851050835581,0.11776460378513157,-73.12953945874027,-81.99457544190543,-71.53490032256936,-10069.071278398873,-1027.7878984123165,-1005.0651798818081,-259.15304025432533,0.9525576710573923,0.9370721024345774,0.015485568622814916,0.00452464147639664,0.006158109360997699,0.004664911616041989,356,337,2298,330,0.5828116107000569
dermamnist,resnet50,CNN,42,0.0205580460796233,0.020558046079623304,dermamnist_resnet50_s42_std,1,3493,2840,2048,1.2299295774647887,1.4517606641855139,1,1.0,6,0.847041847041847,0.0026066306044710843,0.00019309302893541556,0.1972169611047243,0.8055044760475201,0.7957266368125873,0.8498804912947827,1.229851440414165,2997.212823445342,K=10 group folds (seed 2034305420),205021.79961015226,0.014618995780665884,3436.109694497725,0.11042020850353032,-65.44009644149813,-75.2631356984067,-65.0246267556916,-9180.779840289544,-1000.2146289321911,-977.1536958856091,-395.0181093648357,0.9589579895303102,0.9333274659938784,0.025630523536431804,0.00420125952220296,0.005948015372429394,0.004345441312896159,337,356,2298,311,0.5863154881190953
dermamnist,resnet50,CNN,43,0.0181228209123469,0.01812282091234696,dermamnist_resnet50_s43_std,0,3514,2838,2048,1.2381959126145172,1.4467842914058053,1,1.0,5,0.8715728715728716,0.002666133516126386,0.0001886493546528036,0.23797780557572756,0.8346696019276516,0.8236173995595719,0.8533654985964113,1.238122388335775,3087.1559866227576,K=10 group folds (seed 3432301608),191004.22858391204,0.016162762518456532,3391.7316265902805,0.13685186438926997,-100.81036359934888,-112.99463651455653,-98.89075404985387,-12526.094088546542,-1132.5598740122416,-1104.2797260544717,-212.8027612813221,0.9541931919304525,0.946139463292813,0.008053728637639535,0.004875869353559992,0.0069470808056547595,0.00537985561281451,356,337,2298,330,0.5828116107000569
dermamnist,resnet50,CNN,43,0.0181228209123469,0.01812282091234696,dermamnist_resnet50_s43_std,1,3493,2840,2048,1.2299295774647887,1.4517606641855139,1,1.0,6,0.8715728715728716,0.002611561503877294,0.00019073626636644645,0.2289156297725906,0.8314109996499776,0.8205996003982386,0.8558081060256301,1.229851440414165,3082.0358967462334,K=10 group folds (seed 3191866038),194542.47273006613,0.01584248340989608,3549.7538449459976,0.12925586757509774,-91.4321803261358,-105.099465181914,-91.10853518120896,-11611.612571923002,-1107.5057014830056,-1080.1885756022536,-448.16472548638876,0.9652206924870808,0.9370287793000264,0.028191913187054385,0.004715874086895333,0.0071104820019362025,0.005305838207854241,337,356,2298,311,0.5863154881190953
isic2019,convnext_tiny,CNN,42,0.0443200314946743,0.04432003149467434,isic2019_convnext_tiny_s42_std,0,8936,5525,768,1.6173755656108597,2.727170993733214,1,1.0,24,0.8636213174445548,0.003378867829658436,0.0011534315801475792,0.3079337822296747,0.6285366108203299,0.6493870313027279,0.7357987835685976,1.6171746612972966,871.6241798211897,K=10 group folds (seed 231277710),4918.867181536016,0.17720018606987625,993.2328954415382,0.07307821156074229,-19.680875976893574,-19.19261938008581,-11.722327134662295,-356.7464230144469,-75.00745487093496,-79.65329745470174,-38.096944907687885,0.752180539337423,0.722055348632304,0.030125190705118987,0.013678389774749333,0.017892186311025737,0.014313965929344974,1483,1421,492,1129,0.08594449418084155
isic2019,convnext_tiny,CNN,42,0.0443200314946743,0.04432003149467434,isic2019_convnext_tiny_s42_std,1,8948,5516,768,1.6221899927483683,2.7621814930710773,1,1.0,19,0.8636213174445548,0.003310531668824211,0.0011544489671040017,0.3117719217173329,0.6299946166478944,0.6498415502961867,0.7360010322268793,1.6219832853140397,873.0503356729606,K=10 group folds (seed 3928017945),4932.772167889816,0.17698979518173077,1010.4167614210603,0.07825196960901816,-21.370352798783813,-19.93324666258177,-12.070111585489503,-381.0461643287824,-79.34504107701369,-83.97687711082781,-70.33323957852326,0.7629346103453998,0.7044197380611702,0.05851487228422958,0.014888245645774068,0.01932470437313949,0.015679552171597555,1421,1483,492,1072,0.08582923558337059
isic2019,convnext_tiny,CNN,43,0.0457508501178201,0.0457508501178201,isic2019_convnext_tiny_s43_std,0,8936,5525,768,1.6173755656108597,2.727170993733214,1,1.0,24,0.8722277391592188,0.0031205656552203433,0.0011485388671156568,0.29251246185273694,0.6177793522819282,0.6438649100740681,0.729911584485695,1.6171746612972966,872.3802980400013,K=10 group folds (seed 3228832770),4970.092526914171,0.1755259672361964,999.9240240455063,0.06980499183476167,-17.868745604631265,-17.381347909591966,-10.601104994512152,-330.6878904174173,-72.75016028862831,-78.51106605406493,-39.16264102252933,0.7308082386285765,0.6975335129846725,0.03327472564390399,0.013604011831814256,0.01738155312587608,0.014371839092257033,1483,1421,492,1129,0.08594449418084155
isic2019,convnext_tiny,CNN,43,0.0457508501178201,0.0457508501178201,isic2019_convnext_tiny_s43_std,1,8948,5516,768,1.6221899927483683,2.7621814930710773,1,1.0,19,0.8722277391592188,0.00306362499064616,0.0011484591362853843,0.3023007380123689,0.6235203575146236,0.6487646496571524,0.73236795941192,1.6219832853140397,873.6470933467834,K=10 group folds (seed 3127230717),5005.761444314565,0.17452831163959137,1019.7120114398036,0.07615902375024716,-20.175725934491446,-18.78644264484082,-11.365655902763573,-368.8400079591659,-77.93241324608104,-83.80235981512736,-67.33778951723605,0.7412305544589577,0.6830035798672215,0.0582269745917362,0.014732003355097611,0.019161609350415776,0.01604576279353509,1421,1483,492,1072,0.08582923558337059
isic2019,densenet121,CNN,42,0.0358002872603546,0.03580028726035467,isic2019_densenet121_s42_std,0,8936,5525,1024,1.6173755656108597,2.727170993733214,1,1.0,24,0.8149619331347236,0.0020253679958823784,0.0004933336942202482,0.3404539580066944,0.6794173395658933,0.6141988913225224,0.7482135926984708,1.6171746612972966,581.6200106955383,K=10 group folds (seed 230014651),242892.54260811664,0.002394556886968429,608.7150114428158,0.05689084391780172,-11.28809359767451,-10.867456323077828,-6.591976871173666,-42333.70945492341,-41.897258928324284,-34.674010003364884,-18.410369352152316,0.7520448552428882,0.7200929152148664,0.03195194002802182,0.01909367615843649,0.021273522024453206,0.018519352626226948,1483,1421,492,1129,0.11459265890778872
isic2019,densenet121,CNN,42,0.0358002872603546,0.03580028726035467,isic2019_densenet121_s42_std,1,8948,5516,1024,1.6221899927483683,2.7621814930710773,1,1.0,19,0.8149619331347236,0.0020168097641047296,0.0004941277095539295,0.3347432798163126,0.6783271786056626,0.6119145269194185,0.7448126675231456,1.6219832853140397,582.3446423078174,K=10 group folds (seed 2437741014),243896.13949945968,0.002387674702448939,608.5605394291383,0.059406371144676305,-11.603840463568282,-10.651874636817354,-6.399729923943675,-42240.550255536946,-44.11709509072099,-36.40157748407966,-22.122508843378114,0.7555425870937105,0.715893952601023,0.03964863449268752,0.01952206305609927,0.021429863658043224,0.018951109125576404,1421,1483,492,1072,0.11443898077782745
isic2019,densenet121,CNN,43,0.0370155100599476,0.03701551005994763,isic2019_densenet121_s43_std,0,8936,5525,1024,1.6173755656108597,2.727170993733214,1,1.0,24,0.8037073816617014,0.001989954307163551,0.0004943432651238618,0.35360423304484323,0.6878166311521021,0.6174437058266966,0.7532338040196932,1.6171746612972966,581.1422096044607,K=10 group folds (seed 2692193139),247390.64360251898,0.0023490872619183543,599.9602671579959,0.05887014348502709,-12.121603030343511,-11.688779171409411,-7.096073275386238,-45907.02796185684,-42.80567024882875,-34.96531161684142,-15.475044057009768,0.7305313882538691,0.7017959412528678,0.02873544700100128,0.0213807979036863,0.02329316924414848,0.021000180465655882,1483,1421,492,1129,0.11459265890778872
isic2019,densenet121,CNN,43,0.0370155100599476,0.03701551005994763,isic2019_densenet121_s43_std,1,8948,5516,1024,1.6221899927483683,2.7621814930710773,1,1.0,19,0.8037073816617014,0.0019990534123340013,0.0004947419520059026,0.3507412686843008,0.6868954487841619,0.6150876882590938,0.7509493723174832,1.6219832853140397,581.6771135570909,K=10 group folds (seed 1756303773),246310.90272434984,0.0023615565008425726,603.6210064043712,0.06194102054163338,-12.662406409615727,-11.649252120148304,-7.006216125119531,-46033.538199043316,-45.06508785756612,-36.67823492880032,-24.66525798918383,0.7314870439344787,0.6861914708155847,0.045295573118893984,0.02251670696073116,0.024464253408548964,0.02198970828974567,1421,1483,492,1072,0.11443898077782745
isic2019,effb3,CNN,42,0.0475081182353818,0.04750811823538181,isic2019_effb3_s42_std,0,8936,5525,1536,1.6173755656108597,2.727170993733214,1,1.0,24,0.8325057927838464,0.0018857594169892347,0.0005002873221639623,0.23143653408315645,0.6847958464686337,0.6756081490548438,0.7065954132912867,1.6171746612972966,2007.2412353191644,K=10 group folds (seed 943800655),20663.171673844514,0.09714100366595388,2193.5545862102713,0.10787277071790895,-50.20686092447414,-50.201882864392246,-31.13954077817205,-1506.286304601959,-359.3660221325114,-350.9449518894658,-120.06007002993647,0.7827848406602744,0.7526161011082313,0.030168739552043133,0.0120463660653497,0.014941384459587037,0.011954091691125823,1483,1421,492,1129,0.1718889883616831
isic2019,effb3,CNN,42,0.0475081182353818,0.04750811823538181,isic2019_effb3_s42_std,1,8948,5516,1536,1.6221899927483683,2.7621814930710773,1,1.0,19,0.8325057927838464,0.0018779748442131964,0.0005014098781239661,0.23430593182243653,0.6840283694914359,0.6746482979005952,0.7062856776589475,1.6219832853140397,2012.4057486758022,K=10 group folds (seed 2196756373),20627.657367798507,0.09755861815977879,2236.4771357478903,0.11507884905687653,-54.36391233408912,-52.18002549275309,-32.108301122891305,-1587.8936025076832,-373.9486262537786,-365.07699846297595,-223.50844336487376,0.7990122037040216,0.7341647067853012,0.06484749691872038,0.012646031719926065,0.016095697032492917,0.012950799577503225,1421,1483,492,1072,0.17165847116674118
isic2019,efficientnet_v2_s,CNN,42,0.0344491836093883,0.03444918360938831,isic2019_efficientnet_v2_s_s42_std,0,8936,5525,1280,1.6173755656108597,2.727170993733214,1,1.0,24,0.8768619662363456,0.001077556411090377,0.0006111720694651785,0.26081575601923346,0.7584665713008281,0.7473216242093814,0.7178111408821044,1.6171746612972966,1584.8050872570896,K=10 group folds (seed 505125130),32347.956855853223,0.04899243232947264,1827.5568100477306,0.10082890585481714,-41.72179300052051,-41.518131237168255,-25.670905643600538,-3138.425866496133,-292.1824730671033,-284.6408794332656,-72.81241007134759,0.7314935118332977,0.7080637132901941,0.023429798543103564,0.011640148069320233,0.014221920896197005,0.011028218997558792,1483,1421,492,1129,0.1432408236347359
isic2019,efficientnet_v2_s,CNN,42,0.0344491836093883,0.03444918360938831,isic2019_efficientnet_v2_s_s42_std,1,8948,5516,1280,1.6221899927483683,2.7621814930710773,1,1.0,19,0.8768619662363456,0.001088402176088926,0.0006107239227303149,0.26982173334745885,0.7596223415989627,0.7496137626982087,0.7199092644292479,1.6219832853140397,1589.060423353311,K=10 group folds (seed 272225),32269.902317322285,0.0492428024022965,1866.7888086511462,0.10969977010045749,-47.08645567758474,-45.015820393397384,-27.633220264034914,-3413.134445623699,-305.99547749797966,-298.97520365575645,-151.02541307473416,0.7400834177236917,0.6946148490480185,0.04546856867567317,0.013144910612963079,0.01606143337225685,0.01251614218674768,1421,1483,492,1072,0.1430487259722843
isic2019,fm_conch_v1_5,FM,42,0.0176314328640455,0.01763143286404556,isic2019_fm_conch_v1_5_s42_std,0,8936,5525,768,1.6173755656108597,2.727170993733214,1,1.0,24,0.6828864614366104,0.0024977250729281975,0.0003654366896372192,0.3077402250304364,0.5612895117404806,0.5560364378820692,0.7357248917267845,1.6171746612972966,485.1031855830169,K=10 group folds (seed 2757401056),123186.74995838858,0.0039379493796766335,493.962416164176,0.0441613660580852,-6.609171141403635,-6.295166617147343,-3.7984289968865204,-17779.118102659388,-20.95419475075277,-20.583076411689525,-4.352780973380902,0.6950493122598117,0.6848563647494321,0.01019294751037958,0.011153830750130211,0.01145563355703938,0.009354064192360623,1483,1421,492,1129,0.08594449418084155
isic2019,fm_conch_v1_5,FM,42,0.0176314328640455,0.01763143286404556,isic2019_fm_conch_v1_5_s42_std,1,8948,5516,768,1.6221899927483683,2.7621814930710773,1,1.0,19,0.6828864614366104,0.002530704917265543,0.0003672172790589795,0.30318258623666694,0.5554368890263421,0.550626919687359,0.7327062295701634,1.6219832853140397,484.124621021132,K=10 group folds (seed 1196777009),122201.24086393579,0.003961699714327594,498.1725068022218,0.046118439109025945,-6.786353646860577,-6.156261229591408,-3.679008492079831,-17615.63398103455,-21.63510836941952,-21.28166184240686,-16.81942599440538,0.6996103740066254,0.674540455788914,0.02506991821771143,0.011216551814877462,0.011585228799017577,0.009661687545325037,1421,1483,492,1072,0.08582923558337059
isic2019,fm_dinov2_vitb14,FM,42,0.0209089267802179,0.02090892678021794,isic2019_fm_dinov2_vitb14_s42_std,0,8936,5525,768,1.6173755656108597,2.727170993733214,1,1.0,24,0.6888447533929163,0.002182620938674699,0.0005855332843764899,0.2670646443631516,0.5712647530122816,0.5594759397908919,0.720196698592357,1.6171746612972966,873.4268187247158,K=10 group folds (seed 1681164229),10701.816365035991,0.08161482022605966,913.9464912966507,0.06431603486696813,-15.035266083347283,-14.56207256328165,-8.860793071723972,-834.2627954735777,-63.02443859900321,-60.63549212069375,-35.43080997044899,0.6082717957995494,0.5894137301682658,0.01885806563128356,0.01118529834137183,0.009473175308811421,0.0067262150723115255,1483,1421,492,1129,0.08594449418084155
isic2019,fm_dinov2_vitb14,FM,42,0.0209089267802179,0.02090892678021794,isic2019_fm_dinov2_vitb14_s42_std,1,8948,5516,768,1.6221899927483683,2.7621814930710773,1,1.0,19,0.6888447533929163,0.0022415097477115537,0.000588866487478611,0.2685023414617671,0.5751969355775206,0.5637387712069468,0.7194031559066489,1.6219832853140397,877.6845719430067,K=10 group folds (seed 2352987405),10599.356910713142,0.08280545502302127,910.5063994889343,0.0686914296851057,-16.2242139630198,-15.012712034540746,-9.054273201052586,-861.3900786492533,-67.69736558460725,-65.23579778552542,-57.920475377807406,0.6055365796444734,0.5825767917153211,0.02295978792915232,0.012330806045754317,0.010383259597936512,0.007214576675610096,1421,1483,492,1072,0.08582923558337059
isic2019,fm_dinov2_vitl14,FM,42,0.0274778660227055,0.02747786602270552,isic2019_fm_dinov2_vitl14_s42_std,0,8936,5525,1024,1.6173755656108597,2.727170993733214,1,1.0,24,0.6974511751075803,0.002694748893879599,0.0004523250851688264,0.2597615541518513,0.5533427479809204,0.5443258174975081,0.7174086917976457,1.6171746612972966,1220.4042763502882,K=10 group folds (seed 516362258),12287.811199204709,0.09931828025069878,1255.7102018606292,0.08225213333281878,-26.145542641101628,-25.67424679750744,-15.743838284571883,-954.9466515948465,-106.84980292360393,-103.69131684358888,-92.00117523994618,0.6297235882001436,0.5985908240503939,0.031132764149749748,0.013565392515290431,0.011707374286972994,0.0094668543657207,1483,1421,492,1129,0.11459265890778872
isic2019,fm_dinov2_vitl14,FM,42,0.0274778660227055,0.02747786602270552,isic2019_fm_dinov2_vitl14_s42_std,1,8948,5516,1024,1.6221899927483683,2.7621814930710773,1,1.0,19,0.6974511751075803,0.0027637848965330913,0.00045393001395157455,0.2623332916185033,0.5546260627796664,0.5457113644788598,0.7170367561008947,1.6219832853140397,1224.755073992277,K=10 group folds (seed 2379383098),12125.978498215207,0.10100257675473741,1211.1011719628534,0.08790756731443851,-28.322453738672603,-26.62553417211876,-16.188954535239215,-988.623757160259,-113.16260390752795,-109.88700714362263,-52.44401811303328,0.6248719841174485,0.6010490162217873,0.023822967895661185,0.015413164920590527,0.013116129138364907,0.010593309642152104,1421,1483,492,1072,0.11443898077782745
isic2019,fm_uni,FM,42,0.0369324318961215,0.0369324318961215,isic2019_fm_uni_s42_std,0,8936,5525,1024,1.6173755656108597,2.727170993733214,1,1.0,24,0.6845415425355842,0.0033956951777590364,0.0005356736260114089,0.301935190762302,0.578030588041293,0.5721798771859551,0.7335087784768011,1.6171746612972966,1155.7946821453504,K=10 group folds (seed 703708303),16159.377042694463,0.07152470538261727,1184.4446483069144,0.09010569278474559,-31.551782289013648,-31.16137278096021,-19.174958766958223,-1756.731429566347,-105.40180889538158,-103.46140409675199,-72.70793029912875,0.6872837963039105,0.6459752950801851,0.041308501223725314,0.016763644061493443,0.016787959927452856,0.014314565733710705,1483,1421,492,1129,0.11459265890778872
isic2019,fm_uni,FM,42,0.0369324318961215,0.0369324318961215,isic2019_fm_uni_s42_std,1,8948,5516,1024,1.6221899927483683,2.7621814930710773,1,1.0,19,0.6845415425355842,0.0033836468360724688,0.0005360186705940016,0.2987732295571367,0.5734239187912663,0.5671202195879185,0.7310148344517822,1.6219832853140397,1161.2841691357746,K=10 group folds (seed 4038024977),16133.419514942248,0.07198003920125123,1185.1978837881409,0.09459067645854588,-32.930665648630175,-31.12158930937426,-18.97742615133834,-1775.6664407693336,-109.78164328124473,-107.60231886753425,-72.77158739033416,0.6799860398322491,0.6474296772637315,0.03255636256851768,0.017712941795635095,0.017534770762407614,0.01483793849659798,1421,1483,492,1072,0.11443898077782745
isic2019,fm_virchow2,FM,42,0.0527402061592692,0.05274020615926922,isic2019_fm_virchow2_s42_std,0,8936,5525,2560,1.6173755656108597,2.727170993733214,1,1.0,24,0.7355180403839788,0.0018078322530731162,0.00012529680714358512,0.22703531616421702,0.5747782021336671,0.5750236381840917,0.7049152169486442,1.6171746612972966,2825.8469684448487,K=10 group folds (seed 1243646940),339442.0111916168,0.008324977095571246,2881.002561994203,0.1337377270353425,-85.95711638082899,-87.37872510009817,-54.85560706675467,-30308.34046316339,-455.85360056710834,-456.1930495885816,-297.0308785335328,0.6435647363891036,0.5813837730214036,0.06218096336769996,0.02093453024607661,0.01863167470520588,0.01511502667727993,1483,1421,492,1129,0.2864816472694718
isic2019,fm_virchow2,FM,42,0.0527402061592692,0.05274020615926922,isic2019_fm_virchow2_s42_std,1,8948,5516,2560,1.6221899927483683,2.7621814930710773,1,1.0,19,0.7355180403839788,0.001767889906661816,0.00012575324215417127,0.22274855703409335,0.5674354682354827,0.5685263305898399,0.7018523580799175,1.6219832853140397,2860.15876530185,K=10 group folds (seed 866282343),344129.9354008115,0.008311275687105208,2879.0203538250576,0.13938528060978084,-88.95910779825049,-86.85685237777129,-54.04535349176438,-30628.101603669373,-470.9451550257109,-472.5098369120126,-255.6251778056003,0.6350589016094242,0.5917594526585859,0.04329944895083837,0.021587476495129154,0.019176685360919765,0.014468968820466777,1421,1483,492,1072,0.2860974519445686
isic2019,mobilenet_v3_large,CNN,42,0.0372678463651154,0.03726784636511549,isic2019_mobilenet_v3_large_s42_std,0,8936,5525,960,1.6173755656108597,2.727170993733214,1,1.0,24,0.7514068189341278,0.002210550295312119,0.0006811354947632504,0.2425751646397749,0.6307725146196866,0.6192120830695503,0.7108476649788776,1.6171746612972966,1100.9498783268207,K=10 group folds (seed 3806077910),11665.99172514146,0.09437259208354792,1162.897926411161,0.0712420792850314,-19.068281797443476,-18.568884952951638,-11.332395777557554,-791.4032436276754,-113.48385682968197,-109.72233588747493,-50.16179278755976,0.6931346589258206,0.6530440603491187,0.04009059857670194,0.013532494578992194,0.014622417512000552,0.011721237129650564,1483,1421,492,1129,0.10743061772605192
isic2019,mobilenet_v3_large,CNN,42,0.0372678463651154,0.03726784636511549,isic2019_mobilenet_v3_large_s42_std,1,8948,5516,960,1.6221899927483683,2.7621814930710773,1,1.0,19,0.7514068189341278,0.0021808230057614483,0.0006820973539064021,0.24773505098035864,0.63082005817885,0.6182693433979511,0.7114369839012619,1.6219832853140397,1102.795283659912,K=10 group folds (seed 3626242640),11714.612097791505,0.09413843791445867,1163.6239291743982,0.07690104575983084,-21.055364148643495,-19.617558070147258,-11.872184059627472,-855.8265374511041,-119.24071273923586,-114.98371940732699,-53.325708959064286,0.6893319144310374,0.6548868202775082,0.03444509415352914,0.014890986738593015,0.015991535505375354,0.013033633016275359,1421,1483,492,1072,0.10728654447921324
isic2019,regnet_y_3_2gf,CNN,42,0.069376646442417,0.06937664644241703,isic2019_regnet_y_3_2gf_s42_std,0,8936,5525,1512,1.6173755656108597,2.727170993733214,1,1.0,24,0.8010592519033433,0.004356836389693897,0.0002812943098185823,0.20130626770830984,0.6001866110497796,0.5937558731883394,0.6950929691273693,1.6171746612972966,1813.2600157068885,K=10 group folds (seed 2705060668),20165.905042137834,0.08991711564236646,1948.90404694674,0.08866597601329644,-32.506533959014575,-32.07097084631821,-19.72207649752718,-1150.8440209211572,-241.74445703642033,-237.15279817834366,-115.59653625226929,0.7369304694395562,0.6680927206879388,0.06883774875161741,0.0188805547450267,0.021274952369509603,0.018468420019280174,1483,1421,492,1129,0.1692032229185318
isic2019,regnet_y_3_2gf,CNN,42,0.069376646442417,0.06937664644241703,isic2019_regnet_y_3_2gf_s42_std,1,8948,5516,1512,1.6221899927483683,2.7621814930710773,1,1.0,19,0.8010592519033433,0.004278530970971417,0.00028138454805882985,0.20672558711770195,0.6029864499873757,0.5950057223293511,0.6957060707486256,1.6219832853140397,1819.0027528454943,K=10 group folds (seed 2956109728),20259.4593060664,0.08978535534266803,1957.2417351725703,0.09604878350287929,-36.272842311927015,-34.31917434052588,-20.940552779795077,-1256.3612992654964,-255.2489027982375,-249.3198875386301,-121.07593967487264,0.7348183175709309,0.6649027734377142,0.06991554413321666,0.020085357630379996,0.02244680909384944,0.020100502792066544,1421,1483,492,1072,0.16897630755476084
isic2019,resnet18,CNN,42,0.0284186781359391,0.028418678135939124,isic2019_resnet18_s42_std,0,8936,5525,512,1.6173755656108597,2.727170993733214,1,1.0,24,0.7795431976166832,0.0015062273116196831,0.0008819666787915746,0.29088634704183236,0.7011351824748084,0.693869503968985,0.729290803554526,1.6171746612972966,549.9526013261861,K=10 group folds (seed 2612327821),6514.471906223348,0.08442013554480299,585.7264878274256,0.046812655536188734,-7.500090706361626,-7.160017405392338,-4.32497343481687,-486.39091997547416,-40.11346012592074,-39.338386361691605,-9.511765532524123,0.7080804675207912,0.6913501313056761,0.016730336215115105,0.010743321718931553,0.012332435076637949,0.010685248389748936,1483,1421,492,1129,0.05729632945389436
isic2019,resnet18,CNN,42,0.0284186781359391,0.028418678135939124,isic2019_resnet18_s42_std,1,8948,5516,512,1.6221899927483683,2.7621814930710773,1,1.0,19,0.7795431976166832,0.0014933496266318254,0.0008835035241734899,0.2902885883733325,0.7012449013707969,0.6933112972238112,0.7277601917175902,1.6219832853140397,550.1403792305231,K=10 group folds (seed 4002637101),6560.019578102687,0.08386261240239114,596.4993288574825,0.049567880904729855,-7.927803494828314,-7.214212206997183,-4.317172834526853,-508.57566526467053,-42.316883972546236,-41.429162436100086,-26.675780003023306,0.7138580411138383,0.6737510210570751,0.040107020056763254,0.011544112406734253,0.013261407057765795,0.011389763744904302,1421,1483,492,1072,0.057219490388913725
isic2019,resnet18,CNN,43,0.031225886557283,0.03122588655728309,isic2019_resnet18_s43_std,0,8936,5525,512,1.6173755656108597,2.727170993733214,1,1.0,24,0.7759020191989408,0.0015200773942689195,0.000873543944845447,0.28334840006292306,0.6953211581737603,0.6897640364660595,0.72641313851311,1.6171746612972966,549.1836355885112,K=10 group folds (seed 2750200535),6804.834741499252,0.08070491884825907,592.08670116121,0.045621035039217675,-7.109910767995537,-6.780617503573165,-4.093793284663592,-494.4364380649434,-39.39265964670324,-38.80479355944667,-16.49901457191254,0.6954824049251955,0.6714511708804632,0.024031234044732286,0.010214094048048072,0.011671615660561963,0.010456789751179807,1483,1421,492,1129,0.05729632945389436
isic2019,resnet18,CNN,43,0.031225886557283,0.03122588655728309,isic2019_resnet18_s43_std,1,8948,5516,512,1.6221899927483683,2.7621814930710773,1,1.0,19,0.7759020191989408,0.0015172736973971333,0.0008748127709063064,0.2871110908627058,0.6991038686784423,0.6929907407566145,0.7265413282486657,1.6219832853140397,550.307536780956,K=10 group folds (seed 2995317061),6850.734227694147,0.08032825657669412,595.0412088181303,0.04907612874256586,-7.765781574119067,-7.063644639077298,-4.2262387947818665,-530.6976918064781,-42.10069792350817,-41.41727517445036,-22.205109090232554,0.7049570038276034,0.6665364647577696,0.03842053906983378,0.011285079135349707,0.013009226518428396,0.011409016008981254,1421,1483,492,1072,0.057219490388913725
isic2019,resnet50,CNN,42,0.0599914658071587,0.05999146580715875,isic2019_resnet50_s42_std,0,8936,5525,2048,1.6173755656108597,2.727170993733214,1,1.0,24,0.8053624627606752,0.0010341547390054315,0.0002010272638265381,0.205577382320411,0.7699962972459401,0.762246240760893,0.6967234976043557,1.6171746612972966,2619.2802213143327,K=10 group folds (seed 2230356004),171628.15591320736,0.015261366687636654,2800.7815727295338,0.11692849737226389,-63.02705634388777,-63.39825499391339,-39.489027269875365,-12718.666394187083,-671.0429377255733,-659.4898642344592,-199.6122094225766,0.7816308405835238,0.7265180252084013,0.05511281537512258,0.015575027319590595,0.017992310464976624,0.01466053932833078,1483,1421,492,1129,0.22918531781557744
isic2019,resnet50,CNN,42,0.0599914658071587,0.05999146580715875,isic2019_resnet50_s42_std,1,8948,5516,2048,1.6221899927483683,2.7621814930710773,1,1.0,19,0.8053624627606752,0.0010382832555896108,0.0002013091148292637,0.20632236911665924,0.7735453279130744,0.7652724512719954,0.6955513994420898,1.6219832853140397,2628.4403026423192,K=10 group folds (seed 1514519369),172494.14232950614,0.015237852527312802,2842.5181250621567,0.12375478816981247,-67.18272260176128,-64.88869010597976,-40.085687105545325,-13263.95040796012,-702.0763752656003,-689.3726243923371,-256.7176081473499,0.7821784727347625,0.7173083564955677,0.06487011623919481,0.016383511778475857,0.018960139028227796,0.015254680833656442,1421,1483,492,1072,0.2288779615556549
isic2019,resnet50,CNN,43,0.0578026583422938,0.05780265834229381,isic2019_resnet50_s43_std,0,8936,5525,2048,1.6173755656108597,2.727170993733214,1,1.0,24,0.8033763654419066,0.0010726842069901674,0.00019709036096994068,0.20092493897751884,0.766748649049866,0.7611418046613447,0.6949473941636618,1.6171746612972966,2600.741971537512,K=10 group folds (seed 1145274149),168811.27335939585,0.015406210259433232,2794.751847709967,0.11410301279221635,-59.68900429054371,-59.930153701332344,-37.28019532633145,-12024.716145809367,-658.9008795294262,-650.6463539514426,-212.0378710558607,0.7783620873970034,0.7245527311008507,0.05380935629615269,0.014834108580353944,0.016875210975895838,0.014388233422460206,1483,1421,492,1129,0.22918531781557744
isic2019,resnet50,CNN,43,0.0578026583422938,0.05780265834229381,isic2019_resnet50_s43_std,1,8948,5516,2048,1.6221899927483683,2.7621814930710773,1,1.0,19,0.8033763654419066,0.0010655899999883296,0.00019802145310451996,0.20591736785645864,0.767901470873468,0.7614812607723809,0.6953960440911333,1.6219832853140397,2614.9739937743716,K=10 group folds (seed 1550844776),169731.28978866088,0.015406552304117754,2803.7830319424843,0.12313228231803817,-66.3735900060874,-64.07878931302291,-39.57412743357285,-13001.5801475987,-687.9545506899836,-678.2081735770582,-231.23751822441,0.7771622526218225,0.7153662922333877,0.06179596038843482,0.016489043852002894,0.018877906243661147,0.015868081823063762,1421,1483,492,1072,0.2288779615556549
kermany,convnext_tiny,CNN,42,0.0277946381501188,0.027794638150118844,kermany_convnext_tiny_s42_std,0,33699,2140,768,15.747196261682243,107.38915101338318,1,5.0,721,0.9984939759036144,6.74679992498347e-05,0.0010528416213842983,0.11176596589946142,0.6975610173016946,0.6566603956323119,0.16814713388987915,15.704352898076959,864.5254743446146,K=10 group folds (seed 2233992750),48776.47002833224,0.01772423207014463,815.7342746483238,0.13286877239404887,-12.839248216418994,-22.35973383858874,-4.085488047971528,-3430.4134734124937,-232.59015297351854,-213.0199893744147,-64.36932065002418,0.6434061364730599,0.6130215861398657,0.030384550333194205,0.008033533571167983,0.006031503343331357,0.006236609649504121,335,324,8866,228,0.022789993768361078
kermany,convnext_tiny,CNN,42,0.0277946381501188,0.027794638150118844,kermany_convnext_tiny_s42_std,1,33682,2100,768,16.03904761904762,105.04625616056053,1,6.0,532,0.9984939759036144,6.683087914088641e-05,0.00105999187569602,0.10969329819531126,0.7033537478108833,0.6623819799503706,0.16517721396645918,15.996643041371815,869.5364150117252,K=10 group folds (seed 4277243648),49448.338687514995,0.01758474476780088,813.0055620470614,0.16424841785294925,-15.667441770595705,-21.489309368411178,-4.055177023915572,-3539.744812368172,-265.93459497495434,-244.71442267890714,-57.12862318460884,0.6526855263414403,0.6274808003743969,0.025204725967043373,0.009080808454905664,0.007410836635680207,0.007706350600011458,324,335,8866,207,0.02280149634819785
kermany,convnext_tiny,CNN,43,0.0290943411249141,0.029094341124914158,kermany_convnext_tiny_s43_std,0,33699,2140,768,15.747196261682243,107.38915101338318,1,5.0,721,0.9984939759036144,6.871600545233194e-05,0.0010371347831826744,0.11364171862475503,0.6959851341156369,0.6577929569964099,0.16990382212827712,15.704352898076959,856.3873547996137,K=10 group folds (seed 1734394451),48037.706458316476,0.017827398890134825,790.0386422695608,0.13357820726222772,-13.000902267769414,-22.650085254662155,-4.144384356157774,-3445.5049285389296,-228.69202261332617,-210.65235132386667,-17.696508749483314,0.5721525465386804,0.5564174972777123,0.015735049260968137,0.010477674456169095,0.007057408939129428,0.0075281586605546735,335,324,8866,228,0.022789993768361078
kermany,convnext_tiny,CNN,43,0.0290943411249141,0.029094341124914158,kermany_convnext_tiny_s43_std,1,33682,2100,768,16.03904761904762,105.04625616056053,1,6.0,532,0.9984939759036144,6.826461355106047e-05,0.0010465029945995337,0.1120325306111829,0.7019813379470038,0.6643406068512769,0.16737066541261747,15.996643041371815,864.2141461516295,K=10 group folds (seed 171684943),48546.0198665824,0.01780195675210293,831.3874578906176,0.1659477741460518,-16.068176607616557,-22.070484224827293,-4.176467035094274,-3561.3309564011815,-262.992218691856,-243.6480156769757,-101.6219532030459,0.6012443848465354,0.5587907518576753,0.04245363298886007,0.012059486012302556,0.008562645827932203,0.00850734056746616,324,335,8866,207,0.02280149634819785
kermany,densenet121,CNN,42,0.0287261090342456,0.02872610903424566,kermany_densenet121_s42_std,0,33699,2140,1024,15.747196261682243,107.38915101338318,1,5.0,721,0.9939759036144579,5.412828606564903e-05,0.0004501190045056286,0.10873051586555937,0.7185078117916515,0.5794934617466705,0.1653043607988958,15.704352898076959,607.5657883261998,K=10 group folds (seed 1575766592),8492820.810765728,7.1538750418004e-05,527.1666405008938,0.10066456182628762,-6.65035571104098,-11.338570290765631,-1.9479513048552533,-662163.1878076695,-145.06173249378838,-104.873183618488,-22.738161857742853,0.7473332637511741,0.7240999740999741,0.023233289651200084,0.006680396465342686,0.006043339376672785,0.005341241066561642,335,324,8866,228,0.03038665835781477
kermany,densenet121,CNN,42,0.0287261090342456,0.02872610903424566,kermany_densenet121_s42_std,1,33682,2100,1024,16.03904761904762,105.04625616056053,1,6.0,532,0.9939759036144579,5.328461838538029e-05,0.00045149574000731107,0.10773493801425116,0.7241942723596969,0.5816422416761637,0.16334089879653152,15.996643041371815,611.4794714068441,K=10 group folds (seed 922955943),8621459.314841913,7.092528643662183e-05,531.2585040090336,0.12682992356623726,-8.355709260520673,-11.079850817333844,-1.9728684368468346,-679685.5078324787,-169.59792278983645,-123.69295942212332,-28.635447004329762,0.7688819543658253,0.7346630259485339,0.03421892841729135,0.007695674570975419,0.007267407604432119,0.006467543568211109,324,335,8866,207,0.03040199513093047
kermany,densenet121,CNN,43,0.0246173958058085,0.024617395805808573,kermany_densenet121_s43_std,0,33699,2140,1024,15.747196261682243,107.38915101338318,1,5.0,721,0.9954819277108434,4.973619610312641e-05,0.0004495396424945581,0.11227163499104642,0.7285474822483629,0.5788547577734694,0.1686207053440112,15.704352898076959,602.804191749351,K=10 group folds (seed 3783744970),9312812.018840956,6.472848271067907e-05,501.592808966477,0.10256403438480906,-6.9416547077519315,-11.852384139594232,-2.0433579554823424,-755549.5185862725,-146.37833814695,-103.45565996056452,-19.558543703370503,0.7962880162687577,0.778753206172561,0.017534810096196618,0.006165180896363642,0.005474165420401911,0.0044102045333203055,335,324,8866,228,0.03038665835781477
kermany,densenet121,CNN,43,0.0246173958058085,0.024617395805808573,kermany_densenet121_s43_std,1,33682,2100,1024,16.03904761904762,105.04625616056053,1,6.0,532,0.9954819277108434,4.974799698232654e-05,0.0004520350081044615,0.1104408383777693,0.7347266698075605,0.5830136800349258,0.16587816744297715,15.996643041371815,606.2122982930435,K=10 group folds (seed 2550157011),9309956.36736841,6.511440809946545e-05,505.240745121825,0.1283732585017166,-8.595093557939919,-11.414140002921265,-2.0370177793587745,-756368.6814405203,-171.01155458954563,-122.57190984467279,-29.2178975852309,0.8130491571351787,0.7813491756197581,0.03169998151542053,0.007297036136708845,0.006657329189828087,0.0055154348139466736,324,335,8866,207,0.03040199513093047
kermany,effb3,CNN,42,0.0204518244138689,0.020451824413868946,kermany_effb3_s42_std,0,33699,2140,1536,15.747196261682243,107.38915101338318,1,5.0,721,0.9939759036144579,4.610001753800183e-05,0.0005265692744931055,0.08105861251270685,0.7433007498438529,0.7072769767909289,0.1393889474831876,15.704352898076959,1822.604437640904,K=10 group folds (seed 554499922),512162.94057562796,0.0035586417783224425,1349.8937137662822,0.1746813700135605,-25.80822877383857,-45.746766459209425,-9.117197724586399,-27180.262358230066,-714.621575527173,-668.094616234668,-74.28863826493716,0.7415439158819034,0.7334131917465251,0.008130724135378298,0.006982911552804061,0.0038460145987028183,0.002372389157748178,335,324,8866,228,0.045579987536722155
kermany,effb3,CNN,42,0.0204518244138689,0.020451824413868946,kermany_effb3_s42_std,1,33682,2100,1536,16.03904761904762,105.04625616056053,1,6.0,532,0.9939759036144579,4.6058830275398535e-05,0.0005342747602887049,0.07718979207523846,0.7467322412318347,0.7103654278582884,0.13469932642499813,15.996643041371815,1839.962846045445,K=10 group folds (seed 3583166174),508324.7707004536,0.00361966001284974,1375.2427236809383,0.20894480756230135,-29.67703515717244,-42.12857072494353,-8.5917233979148,-26267.926223174174,-777.4626641579086,-728.6516262723321,-158.1482859639391,0.7658797793206396,0.7331068546282797,0.03277292469235982,0.007934049580655245,0.0044772752524318005,0.002866241067593478,324,335,8866,207,0.0456029926963957
kermany,efficientnet_v2_s,CNN,42,0.0232222693585235,0.023222269358523562,kermany_efficientnet_v2_s_s42_std,0,33699,2140,1280,15.747196261682243,107.38915101338318,1,5.0,721,0.9969879518072289,4.271296804759075e-05,0.0005584863059440308,0.0804682057584295,0.7674968919319172,0.7430495224710464,0.13883601713841623,15.704352898076959,1463.2498034893727,K=10 group folds (seed 3419893922),513578.00496584363,0.0028491286412989755,1191.5771249084225,0.1508976422819153,-17.768214840584985,-31.220932956509277,-5.916934801952225,-27003.525203799116,-555.4668651378583,-531.2760418562711,-111.62177158847044,0.799598668062799,0.7730357058314048,0.026562962231394205,0.005200196060411111,0.0039497539497539425,0.002326236085571587,335,324,8866,228,0.037983322947268465
kermany,efficientnet_v2_s,CNN,42,0.0232222693585235,0.023222269358523562,kermany_efficientnet_v2_s_s42_std,1,33682,2100,1280,16.03904761904762,105.04625616056053,1,6.0,532,0.9969879518072289,4.1814130345157285e-05,0.0005669869898271461,0.07658343265688883,0.7721759260286534,0.7476039888211287,0.13413075532703636,15.996643041371815,1471.6028306843175,K=10 group folds (seed 1978676632),512058.1216416926,0.002873898037133481,1156.318427689544,0.1815398267901711,-20.460465956699327,-28.461985850341126,-5.528759491852601,-26205.71208011334,-608.7507537108615,-583.3967215306775,-65.8820099488521,0.8091223790148522,0.7892408025291993,0.01988157648565292,0.00564154189575472,0.004425425320947696,0.002733888087254832,324,335,8866,207,0.03800249391366308
kermany,mobilenet_v3_large,CNN,42,0.0208237055151675,0.020823705515167545,kermany_mobilenet_v3_large_s42_std,0,33699,2140,960,15.747196261682243,107.38915101338318,1,5.0,721,0.9939759036144579,7.954482801310252e-05,0.0006457372988168413,0.08551040782333519,0.6531087378592508,0.6192293268992801,0.14355816251696293,15.704352898076959,1072.2391978927444,K=10 group folds (seed 1891411393),62583.55175039253,0.017132923394460736,837.3726590337557,0.12737689085657186,-11.679811900100555,-20.277036288381026,-3.6649730887343037,-3197.1360967860496,-287.73978125836703,-266.5626780020372,-67.58454155081574,0.7916356633256008,0.7650449908514425,0.02659067247415825,0.0043152785088268475,0.0034996365641526417,0.0030423129074018673,335,324,8866,228,0.028487492210451347
kermany,mobilenet_v3_large,CNN,42,0.0208237055151675,0.020823705515167545,kermany_mobilenet_v3_large_s42_std,1,33682,2100,960,16.03904761904762,105.04625616056053,1,6.0,532,0.9939759036144579,8.165413737387932e-05,0.0006550167618933548,0.08203854142570877,0.652976473559728,0.6190928654974551,0.1392459017044243,15.996643041371815,1080.159206209694,K=10 group folds (seed 1452257288),60268.95485905765,0.01792231520748464,789.4134863564676,0.1554732431620703,-13.778337649056112,-18.75644984152342,-3.48963759199012,-3051.845769655579,-322.72706856052133,-300.0358502208217,-34.55163077763291,0.7933696629933189,0.7783129244371421,0.01505673855617684,0.005015975839278708,0.004047998222288074,0.0037379934473373844,324,335,8866,207,0.028501870435247312
kermany,regnet_y_3_2gf,CNN,42,0.0531529109305549,0.053152910930554964,kermany_regnet_y_3_2gf_s42_std,0,33699,2140,1512,15.747196261682243,107.38915101338318,1,5.0,721,0.9954819277108434,0.00016578679259434109,0.00021983535345333215,0.06593791740910582,0.529571283507799,0.4869797872265407,0.12522804722873718,15.704352898076959,1691.097685509554,K=10 group folds (seed 3676190324),44107.79563660546,0.03834010884248536,1495.4030548261412,0.1446359526014997,-16.130661880234246,-28.26235084107102,-5.28781640870924,-1523.4765823798316,-404.7567144989462,-359.695897825842,-91.73099085381614,0.7522872890229655,0.7096996989470108,0.042587590075954695,0.007898115424997076,0.007178554221564992,0.006432375378789046,335,324,8866,228,0.04486780023146088
kermany,regnet_y_3_2gf,CNN,42,0.0531529109305549,0.053152910930554964,kermany_regnet_y_3_2gf_s42_std,1,33682,2100,1512,16.03904761904762,105.04625616056053,1,6.0,532,0.9954819277108434,0.000165227001283207,0.00022084271151922408,0.06376527501962259,0.5314043943953843,0.48858264217953534,0.12211142530416894,15.996643041371815,1698.4634174412606,K=10 group folds (seed 3128791610),43874.93427699959,0.03871147490998386,1486.720046501048,0.17608239607492177,-19.07340088046475,-26.417457878822535,-5.084181835955343,-1550.528636996019,-447.64819557849273,-399.8714931420527,-104.79664910364522,0.7791887025757993,0.7154704707906441,0.06371823178515523,0.009336354545791292,0.008613485695815992,0.0077466974429470925,324,335,8866,207,0.04489044593551452
kermany,resnet18,CNN,42,0.0166107458255588,0.01661074582555888,kermany_resnet18_s42_std,0,33699,2140,512,15.747196261682243,107.38915101338318,1,5.0,721,0.9969879518072289,3.389093897931845e-05,0.0008956208292572048,0.10182956182693459,0.7737620070531728,0.7596604543466603,0.15884144880096018,15.704352898076959,532.810512876651,K=10 group folds (seed 3038749965),483788.2336312587,0.001101330036238039,410.84075110026254,0.08643065630505749,-4.689528612600337,-7.902500569982952,-1.323266098824961,-34221.39824937471,-133.29449836040425,-129.66113582087647,-36.327148824309916,0.8202989114881267,0.7963767116992924,0.023922199788834364,0.003850888259490426,0.003087464108969429,0.0022831429369976064,335,324,8866,228,0.015193329178907386
kermany,resnet18,CNN,42,0.0166107458255588,0.01661074582555888,kermany_resnet18_s42_std,1,33682,2100,512,16.03904761904762,105.04625616056053,1,6.0,532,0.9969879518072289,3.3211192432180865e-05,0.0008988646199094496,0.09803340012578143,0.7779191513390069,0.7641517530550903,0.1542439607723526,15.996643041371815,537.4812000187435,K=10 group folds (seed 1935102158),479204.33250625763,0.0011216117291922123,389.20264449447217,0.10719797963223676,-5.648568083113675,-7.346146073870368,-1.2718969998230953,-33215.43596575492,-156.38759518132048,-152.43627790497553,-1.3944247108194077,0.8213698885741897,0.8120705967119063,0.009299291862283399,0.004372565325863387,0.0035547504974563493,0.00276222914482549,324,335,8866,207,0.015200997565465234
kermany,resnet18,CNN,43,0.0242747306902337,0.02427473069023378,kermany_resnet18_s43_std,0,33699,2140,512,15.747196261682243,107.38915101338318,1,5.0,721,0.9984939759036144,3.534051368175614e-05,0.000866599128528743,0.09954103522122537,0.7695052435890066,0.7516381057703961,0.15669818774249375,15.704352898076959,538.8165129487351,K=10 group folds (seed 412196084),430401.3691408814,0.0012518931201921121,458.869076712798,0.08562935167699486,-4.592837230465135,-7.734122867816893,-1.2932418960731984,-29529.058950156326,-134.4266415027552,-129.7654642834177,-40.04884686526759,0.7652655962237089,0.7315343955128901,0.03373120071081881,0.004035043013537631,0.0036197374907052104,0.002949822368213284,335,324,8866,228,0.015193329178907386
kermany,resnet18,CNN,43,0.0242747306902337,0.02427473069023378,kermany_resnet18_s43_std,1,33682,2100,512,16.03904761904762,105.04625616056053,1,6.0,532,0.9984939759036144,3.502499470143063e-05,0.0008676523968853672,0.09622536073235233,0.7741390123715692,0.7568881626032273,0.15254859839818316,15.996643041371815,539.8239017062167,K=10 group folds (seed 2451875277),427642.5701064666,0.0012623249868969342,443.37527019777144,0.10600870614678023,-5.506788579260353,-7.153088574609828,-1.2364357238888628,-28922.681156823182,-156.26642074650027,-151.2985595528373,-10.342483100153345,0.7647177593414153,0.7498994986717664,0.014818260669648864,0.004447983408021883,0.004096144587237505,0.0035593655209175123,324,335,8866,207,0.015200997565465234
kermany,resnet50,CNN,42,0.044631457927879,0.04463145792787904,kermany_resnet50_s42_std,0,33699,2140,2048,15.747196261682243,107.38915101338318,1,5.0,721,0.9939759036144579,4.043274204022687e-05,0.00018812614219226726,0.05082452475901378,0.7656641613423878,0.7444222046046269,0.11107398590036204,15.704352898076959,2131.7120033838933,K=10 group folds (seed 706006145),4630322.321015535,0.00046038090992256463,1800.6674413421342,0.14050730070945297,-15.223633069872136,-26.61920810240335,-4.9388112246207845,-136376.16683683873,-914.8612622561092,-881.1815309895643,-154.20418597799517,0.7939594829821117,0.7530954708374064,0.040864012144705364,0.004264801307812038,0.0036354028289511398,0.0027125111888408604,335,324,8866,228,0.06077331671562954
kermany,resnet50,CNN,42,0.044631457927879,0.04463145792787904,kermany_resnet50_s42_std,1,33682,2100,2048,16.03904761904762,105.04625616056053,1,6.0,532,0.9939759036144579,4.00137391581118e-05,0.00018945787966084422,0.04858530783140558,0.7712627003289325,0.7504520301343756,0.10787747370719117,15.996643041371815,2148.3576702048563,K=10 group folds (seed 306485218),4642636.237391594,0.0004627452077554721,1792.2114267536465,0.17034524969858408,-17.78111336109711,-24.512744852506795,-4.672465840874428,-135957.17487257364,-987.0827743637293,-953.0938967823221,-161.0075133390817,0.8080313752356764,0.7596324715246237,0.04839890371105271,0.0046607701398264645,0.004041937840686072,0.0032266288879996274,324,335,8866,207,0.06080399026186094
kermany,resnet50,CNN,43,0.0415981065214735,0.041598106521473555,kermany_resnet50_s43_std,0,33699,2140,2048,15.747196261682243,107.38915101338318,1,5.0,721,0.9954819277108434,3.9559716716320494e-05,0.00020165258360926533,0.05003336291459981,0.7649969314464545,0.7439658094464644,0.11033304351066091,15.704352898076959,2140.6028386787275,K=10 group folds (seed 3495036803),4379521.883816487,0.0004887754635018109,1804.5389685324462,0.13934162426281874,-14.924295548961451,-26.080386160148883,-4.827466181908955,-126327.05361922369,-918.8012918965075,-885.2906006387476,-141.19726581085752,0.8071630343657306,0.7705097570688969,0.03665327729683365,0.003742275247651583,0.0032663970836013245,0.0022809192339143802,335,324,8866,228,0.06077331671562954
kermany,resnet50,CNN,43,0.0415981065214735,0.041598106521473555,kermany_resnet50_s43_std,1,33682,2100,2048,16.03904761904762,105.04625616056053,1,6.0,532,0.9954819277108434,3.9023646581809004e-05,0.0002029140476818699,0.048337670052576276,0.7722225240768888,0.7524197085434587,0.10764526871529716,15.996643041371815,2161.5298830066977,K=10 group folds (seed 2290787006),4387933.867116145,0.0004926076710511835,1811.2345358236296,0.1704180507134418,-17.806538311718775,-24.549267948378752,-4.679994258319542,-127648.17496078425,-996.313955976587,-963.7203762802881,-174.60698909277767,0.8205159535804697,0.7739730178343563,0.046542935746113345,0.004035204083350452,0.003565187821326421,0.0027744291509184116,324,335,8866,207,0.06080399026186094
