domain,family,kind,seed,src,tgt,regret
camelyon17,nonfeature,cross_arch,42,resnet18,resnet50,0.08226632359171782
camelyon17,nonfeature,cross_arch,42,resnet18,densenet121,0.03837654297614701
camelyon17,nonfeature,cross_arch,42,resnet18,convnext_tiny,0.06464873307858299
camelyon17,nonfeature,cross_arch,42,resnet18,mobilenet_v3_large,0.08446590689367273
camelyon17,nonfeature,cross_arch,42,resnet18,regnet_y_3_2gf,0.06742773128663437
camelyon17,nonfeature,cross_arch,42,resnet18,effb3,0.06901702607609328
camelyon17,nonfeature,cross_arch,42,resnet18,efficientnet_v2_s,0.0625255555238231
camelyon17,nonfeature,cross_arch,42,resnet50,resnet18,0.025089056162399204
camelyon17,nonfeature,cross_arch,42,resnet50,densenet121,0.0
camelyon17,nonfeature,cross_arch,42,resnet50,convnext_tiny,0.18532741735300307
camelyon17,nonfeature,cross_arch,42,resnet50,mobilenet_v3_large,0.0
camelyon17,nonfeature,cross_arch,42,resnet50,regnet_y_3_2gf,0.0
camelyon17,nonfeature,cross_arch,42,resnet50,effb3,0.001809509301992085
camelyon17,nonfeature,cross_arch,42,resnet50,efficientnet_v2_s,0.0
camelyon17,nonfeature,cross_arch,42,densenet121,resnet18,0.025089056162399204
camelyon17,nonfeature,cross_arch,42,densenet121,resnet50,0.0
camelyon17,nonfeature,cross_arch,42,densenet121,convnext_tiny,0.18532741735300307
camelyon17,nonfeature,cross_arch,42,densenet121,mobilenet_v3_large,0.0
camelyon17,nonfeature,cross_arch,42,densenet121,regnet_y_3_2gf,0.0
camelyon17,nonfeature,cross_arch,42,densenet121,effb3,0.001809509301992085
camelyon17,nonfeature,cross_arch,42,densenet121,efficientnet_v2_s,0.0
camelyon17,nonfeature,cross_arch,42,convnext_tiny,resnet18,0.14568416894120373
camelyon17,nonfeature,cross_arch,42,convnext_tiny,resnet50,0.2096535281813393
camelyon17,nonfeature,cross_arch,42,convnext_tiny,densenet121,0.04051250092032965
camelyon17,nonfeature,cross_arch,42,convnext_tiny,mobilenet_v3_large,0.00029580520576788505
camelyon17,nonfeature,cross_arch,42,convnext_tiny,regnet_y_3_2gf,0.0468654058181871
camelyon17,nonfeature,cross_arch,42,convnext_tiny,effb3,0.000544619301380278
camelyon17,nonfeature,cross_arch,42,convnext_tiny,efficientnet_v2_s,0.009558110989602686
camelyon17,nonfeature,cross_arch,42,mobilenet_v3_large,resnet18,0.025089056162399204
camelyon17,nonfeature,cross_arch,42,mobilenet_v3_large,resnet50,0.0
camelyon17,nonfeature,cross_arch,42,mobilenet_v3_large,densenet121,0.0
camelyon17,nonfeature,cross_arch,42,mobilenet_v3_large,convnext_tiny,0.18532741735300307
camelyon17,nonfeature,cross_arch,42,mobilenet_v3_large,regnet_y_3_2gf,0.0
camelyon17,nonfeature,cross_arch,42,mobilenet_v3_large,effb3,0.001809509301992085
camelyon17,nonfeature,cross_arch,42,mobilenet_v3_large,efficientnet_v2_s,0.0
camelyon17,nonfeature,cross_arch,42,regnet_y_3_2gf,resnet18,0.025089056162399204
camelyon17,nonfeature,cross_arch,42,regnet_y_3_2gf,resnet50,0.0
camelyon17,nonfeature,cross_arch,42,regnet_y_3_2gf,densenet121,0.0
camelyon17,nonfeature,cross_arch,42,regnet_y_3_2gf,convnext_tiny,0.18532741735300307
camelyon17,nonfeature,cross_arch,42,regnet_y_3_2gf,mobilenet_v3_large,0.0
camelyon17,nonfeature,cross_arch,42,regnet_y_3_2gf,effb3,0.001809509301992085
camelyon17,nonfeature,cross_arch,42,regnet_y_3_2gf,efficientnet_v2_s,0.0
camelyon17,nonfeature,cross_arch,42,effb3,resnet18,0.14048206330561408
camelyon17,nonfeature,cross_arch,42,effb3,resnet50,0.2084481399224941
camelyon17,nonfeature,cross_arch,42,effb3,densenet121,0.03520067357194345
camelyon17,nonfeature,cross_arch,42,effb3,convnext_tiny,0.03183100052149446
camelyon17,nonfeature,cross_arch,42,effb3,mobilenet_v3_large,0.006326468807462682
camelyon17,nonfeature,cross_arch,42,effb3,regnet_y_3_2gf,0.05290038431869959
camelyon17,nonfeature,cross_arch,42,effb3,efficientnet_v2_s,0.01690897352654297
camelyon17,nonfeature,cross_arch,42,efficientnet_v2_s,resnet18,0.025089056162399204
camelyon17,nonfeature,cross_arch,42,efficientnet_v2_s,resnet50,0.0
camelyon17,nonfeature,cross_arch,42,efficientnet_v2_s,densenet121,0.0
camelyon17,nonfeature,cross_arch,42,efficientnet_v2_s,convnext_tiny,0.18532741735300307
camelyon17,nonfeature,cross_arch,42,efficientnet_v2_s,mobilenet_v3_large,0.0
camelyon17,nonfeature,cross_arch,42,efficientnet_v2_s,regnet_y_3_2gf,0.0
camelyon17,nonfeature,cross_arch,42,efficientnet_v2_s,effb3,0.001809509301992085
camelyon17,nonfeature,cross_arch,43,resnet18,resnet50,0.09884901348377062
camelyon17,nonfeature,cross_arch,43,resnet18,densenet121,0.05098743620858337
camelyon17,nonfeature,cross_arch,43,resnet18,convnext_tiny,0.18677604255228386
camelyon17,nonfeature,cross_arch,43,resnet18,mobilenet_v3_large,0.0
camelyon17,nonfeature,cross_arch,43,resnet18,regnet_y_3_2gf,0.0
camelyon17,nonfeature,cross_arch,43,resnet18,effb3,0.05307740272302086
camelyon17,nonfeature,cross_arch,43,resnet18,efficientnet_v2_s,0.0
camelyon17,nonfeature,cross_arch,43,resnet50,resnet18,0.09528321879673551
camelyon17,nonfeature,cross_arch,43,resnet50,densenet121,0.0
camelyon17,nonfeature,cross_arch,43,resnet50,convnext_tiny,0.08134361454391748
camelyon17,nonfeature,cross_arch,43,resnet50,mobilenet_v3_large,0.05025740150273439
camelyon17,nonfeature,cross_arch,43,resnet50,regnet_y_3_2gf,0.06573876081052688
camelyon17,nonfeature,cross_arch,43,resnet50,effb3,0.0
camelyon17,nonfeature,cross_arch,43,resnet50,efficientnet_v2_s,0.0059168506788633835
camelyon17,nonfeature,cross_arch,43,densenet121,resnet18,0.09528321879673551
camelyon17,nonfeature,cross_arch,43,densenet121,resnet50,0.0
camelyon17,nonfeature,cross_arch,43,densenet121,convnext_tiny,0.08134361454391748
camelyon17,nonfeature,cross_arch,43,densenet121,mobilenet_v3_large,0.05025740150273439
camelyon17,nonfeature,cross_arch,43,densenet121,regnet_y_3_2gf,0.06573876081052688
camelyon17,nonfeature,cross_arch,43,densenet121,effb3,0.0
camelyon17,nonfeature,cross_arch,43,densenet121,efficientnet_v2_s,0.0059168506788633835
camelyon17,nonfeature,cross_arch,43,convnext_tiny,resnet18,0.08325926320999777
camelyon17,nonfeature,cross_arch,43,convnext_tiny,resnet50,0.20636554953253694
camelyon17,nonfeature,cross_arch,43,convnext_tiny,densenet121,0.0701624350868113
camelyon17,nonfeature,cross_arch,43,convnext_tiny,mobilenet_v3_large,0.023111822138206506
camelyon17,nonfeature,cross_arch,43,convnext_tiny,regnet_y_3_2gf,0.0387152382726611
camelyon17,nonfeature,cross_arch,43,convnext_tiny,effb3,0.054165205128184346
camelyon17,nonfeature,cross_arch,43,convnext_tiny,efficientnet_v2_s,0.017231465487269615
camelyon17,nonfeature,cross_arch,43,mobilenet_v3_large,resnet18,0.0
camelyon17,nonfeature,cross_arch,43,mobilenet_v3_large,resnet50,0.09884901348377062
camelyon17,nonfeature,cross_arch,43,mobilenet_v3_large,densenet121,0.05098743620858337
camelyon17,nonfeature,cross_arch,43,mobilenet_v3_large,convnext_tiny,0.18677604255228386
camelyon17,nonfeature,cross_arch,43,mobilenet_v3_large,regnet_y_3_2gf,0.0
camelyon17,nonfeature,cross_arch,43,mobilenet_v3_large,effb3,0.05307740272302086
camelyon17,nonfeature,cross_arch,43,mobilenet_v3_large,efficientnet_v2_s,0.0
camelyon17,nonfeature,cross_arch,43,regnet_y_3_2gf,resnet18,0.0
camelyon17,nonfeature,cross_arch,43,regnet_y_3_2gf,resnet50,0.09884901348377062
camelyon17,nonfeature,cross_arch,43,regnet_y_3_2gf,densenet121,0.05098743620858337
camelyon17,nonfeature,cross_arch,43,regnet_y_3_2gf,convnext_tiny,0.18677604255228386
camelyon17,nonfeature,cross_arch,43,regnet_y_3_2gf,mobilenet_v3_large,0.0
camelyon17,nonfeature,cross_arch,43,regnet_y_3_2gf,effb3,0.05307740272302086
camelyon17,nonfeature,cross_arch,43,regnet_y_3_2gf,efficientnet_v2_s,0.0
camelyon17,nonfeature,cross_arch,43,effb3,resnet18,0.09528321879673551
camelyon17,nonfeature,cross_arch,43,effb3,resnet50,0.0
camelyon17,nonfeature,cross_arch,43,effb3,densenet121,0.0
camelyon17,nonfeature,cross_arch,43,effb3,convnext_tiny,0.08134361454391748
camelyon17,nonfeature,cross_arch,43,effb3,mobilenet_v3_large,0.05025740150273439
camelyon17,nonfeature,cross_arch,43,effb3,regnet_y_3_2gf,0.06573876081052688
camelyon17,nonfeature,cross_arch,43,effb3,efficientnet_v2_s,0.0059168506788633835
camelyon17,nonfeature,cross_arch,43,efficientnet_v2_s,resnet18,0.0
camelyon17,nonfeature,cross_arch,43,efficientnet_v2_s,resnet50,0.09884901348377062
camelyon17,nonfeature,cross_arch,43,efficientnet_v2_s,densenet121,0.05098743620858337
camelyon17,nonfeature,cross_arch,43,efficientnet_v2_s,convnext_tiny,0.18677604255228386
camelyon17,nonfeature,cross_arch,43,efficientnet_v2_s,mobilenet_v3_large,0.0
camelyon17,nonfeature,cross_arch,43,efficientnet_v2_s,regnet_y_3_2gf,0.0
camelyon17,nonfeature,cross_arch,43,efficientnet_v2_s,effb3,0.05307740272302086
camelyon17,nonfeature,cross_arch,44,resnet18,resnet50,0.06187007732281857
camelyon17,nonfeature,cross_arch,44,resnet18,densenet121,0.05862576177854362
camelyon17,nonfeature,cross_arch,44,resnet18,convnext_tiny,0.07428556692988386
camelyon17,nonfeature,cross_arch,44,resnet18,mobilenet_v3_large,0.03625556394755369
camelyon17,nonfeature,cross_arch,44,resnet18,regnet_y_3_2gf,0.0971522851933958
camelyon17,nonfeature,cross_arch,44,resnet18,effb3,0.0
camelyon17,nonfeature,cross_arch,44,resnet18,efficientnet_v2_s,0.020671680906188872
camelyon17,nonfeature,cross_arch,44,resnet50,resnet18,0.08061522921440378
camelyon17,nonfeature,cross_arch,44,resnet50,densenet121,0.0
camelyon17,nonfeature,cross_arch,44,resnet50,convnext_tiny,0.23192291611669935
camelyon17,nonfeature,cross_arch,44,resnet50,mobilenet_v3_large,0.0
camelyon17,nonfeature,cross_arch,44,resnet50,regnet_y_3_2gf,0.0
camelyon17,nonfeature,cross_arch,44,resnet50,effb3,0.1629651908653531
camelyon17,nonfeature,cross_arch,44,resnet50,efficientnet_v2_s,0.0
camelyon17,nonfeature,cross_arch,44,densenet121,resnet18,0.08061522921440378
camelyon17,nonfeature,cross_arch,44,densenet121,resnet50,0.0
camelyon17,nonfeature,cross_arch,44,densenet121,convnext_tiny,0.23192291611669935
camelyon17,nonfeature,cross_arch,44,densenet121,mobilenet_v3_large,0.0
camelyon17,nonfeature,cross_arch,44,densenet121,regnet_y_3_2gf,0.0
camelyon17,nonfeature,cross_arch,44,densenet121,effb3,0.1629651908653531
camelyon17,nonfeature,cross_arch,44,densenet121,efficientnet_v2_s,0.0
camelyon17,nonfeature,cross_arch,44,convnext_tiny,resnet18,0.16718256715435054
camelyon17,nonfeature,cross_arch,44,convnext_tiny,resnet50,0.18609349520586416
camelyon17,nonfeature,cross_arch,44,convnext_tiny,densenet121,0.0434595104244645
camelyon17,nonfeature,cross_arch,44,convnext_tiny,mobilenet_v3_large,0.016583906604884846
camelyon17,nonfeature,cross_arch,44,convnext_tiny,regnet_y_3_2gf,0.03709125858428919
camelyon17,nonfeature,cross_arch,44,convnext_tiny,effb3,0.20755224515152726
camelyon17,nonfeature,cross_arch,44,convnext_tiny,efficientnet_v2_s,0.01789862910621487
camelyon17,nonfeature,cross_arch,44,mobilenet_v3_large,resnet18,0.08061522921440378
camelyon17,nonfeature,cross_arch,44,mobilenet_v3_large,resnet50,0.0
camelyon17,nonfeature,cross_arch,44,mobilenet_v3_large,densenet121,0.0
camelyon17,nonfeature,cross_arch,44,mobilenet_v3_large,convnext_tiny,0.23192291611669935
camelyon17,nonfeature,cross_arch,44,mobilenet_v3_large,regnet_y_3_2gf,0.0
camelyon17,nonfeature,cross_arch,44,mobilenet_v3_large,effb3,0.1629651908653531
camelyon17,nonfeature,cross_arch,44,mobilenet_v3_large,efficientnet_v2_s,0.0
camelyon17,nonfeature,cross_arch,44,regnet_y_3_2gf,resnet18,0.08061522921440378
camelyon17,nonfeature,cross_arch,44,regnet_y_3_2gf,resnet50,0.0
camelyon17,nonfeature,cross_arch,44,regnet_y_3_2gf,densenet121,0.0
camelyon17,nonfeature,cross_arch,44,regnet_y_3_2gf,convnext_tiny,0.23192291611669935
camelyon17,nonfeature,cross_arch,44,regnet_y_3_2gf,mobilenet_v3_large,0.0
camelyon17,nonfeature,cross_arch,44,regnet_y_3_2gf,effb3,0.1629651908653531
camelyon17,nonfeature,cross_arch,44,regnet_y_3_2gf,efficientnet_v2_s,0.0
camelyon17,nonfeature,cross_arch,44,effb3,resnet18,0.0
camelyon17,nonfeature,cross_arch,44,effb3,resnet50,0.06187007732281857
camelyon17,nonfeature,cross_arch,44,effb3,densenet121,0.05862576177854362
camelyon17,nonfeature,cross_arch,44,effb3,convnext_tiny,0.07428556692988386
camelyon17,nonfeature,cross_arch,44,effb3,mobilenet_v3_large,0.03625556394755369
camelyon17,nonfeature,cross_arch,44,effb3,regnet_y_3_2gf,0.0971522851933958
camelyon17,nonfeature,cross_arch,44,effb3,efficientnet_v2_s,0.020671680906188872
camelyon17,nonfeature,cross_arch,44,efficientnet_v2_s,resnet18,0.08061522921440378
camelyon17,nonfeature,cross_arch,44,efficientnet_v2_s,resnet50,0.0
camelyon17,nonfeature,cross_arch,44,efficientnet_v2_s,densenet121,0.0
camelyon17,nonfeature,cross_arch,44,efficientnet_v2_s,convnext_tiny,0.23192291611669935
camelyon17,nonfeature,cross_arch,44,efficientnet_v2_s,mobilenet_v3_large,0.0
camelyon17,nonfeature,cross_arch,44,efficientnet_v2_s,regnet_y_3_2gf,0.0
camelyon17,nonfeature,cross_arch,44,efficientnet_v2_s,effb3,0.1629651908653531
camelyon17,nonfeature,cross_arch,45,resnet18,resnet50,0.14058590289677275
camelyon17,nonfeature,cross_arch,45,resnet18,densenet121,0.07302452991162911
camelyon17,nonfeature,cross_arch,45,resnet18,convnext_tiny,0.014051299927161143
camelyon17,nonfeature,cross_arch,45,resnet18,mobilenet_v3_large,0.05627811366868296
camelyon17,nonfeature,cross_arch,45,resnet18,regnet_y_3_2gf,0.05108596314735536
camelyon17,nonfeature,cross_arch,45,resnet18,effb3,0.555847460911953
camelyon17,nonfeature,cross_arch,45,resnet18,efficientnet_v2_s,0.03620638026692313
camelyon17,nonfeature,cross_arch,45,resnet50,resnet18,0.08296815371699784
camelyon17,nonfeature,cross_arch,45,resnet50,densenet121,0.0
camelyon17,nonfeature,cross_arch,45,resnet50,convnext_tiny,0.15162396304746784
camelyon17,nonfeature,cross_arch,45,resnet50,mobilenet_v3_large,0.0
camelyon17,nonfeature,cross_arch,45,resnet50,regnet_y_3_2gf,0.0
camelyon17,nonfeature,cross_arch,45,resnet50,effb3,0.0
camelyon17,nonfeature,cross_arch,45,resnet50,efficientnet_v2_s,0.0028656340823425275
camelyon17,nonfeature,cross_arch,45,densenet121,resnet18,0.08296815371699784
camelyon17,nonfeature,cross_arch,45,densenet121,resnet50,0.0
camelyon17,nonfeature,cross_arch,45,densenet121,convnext_tiny,0.15162396304746784
camelyon17,nonfeature,cross_arch,45,densenet121,mobilenet_v3_large,0.0
camelyon17,nonfeature,cross_arch,45,densenet121,regnet_y_3_2gf,0.0
camelyon17,nonfeature,cross_arch,45,densenet121,effb3,0.0
camelyon17,nonfeature,cross_arch,45,densenet121,efficientnet_v2_s,0.0028656340823425275
camelyon17,nonfeature,cross_arch,45,convnext_tiny,resnet18,0.24203000755069637
camelyon17,nonfeature,cross_arch,45,convnext_tiny,resnet50,0.2773990781373611
camelyon17,nonfeature,cross_arch,45,convnext_tiny,densenet121,0.05681565025099522
camelyon17,nonfeature,cross_arch,45,convnext_tiny,mobilenet_v3_large,0.011488354954643731
camelyon17,nonfeature,cross_arch,45,convnext_tiny,regnet_y_3_2gf,0.019296588533406767
camelyon17,nonfeature,cross_arch,45,convnext_tiny,effb3,0.0246707262578163
camelyon17,nonfeature,cross_arch,45,convnext_tiny,efficientnet_v2_s,0.0038461035326837756
camelyon17,nonfeature,cross_arch,45,mobilenet_v3_large,resnet18,0.08296815371699784
camelyon17,nonfeature,cross_arch,45,mobilenet_v3_large,resnet50,0.0
camelyon17,nonfeature,cross_arch,45,mobilenet_v3_large,densenet121,0.0
camelyon17,nonfeature,cross_arch,45,mobilenet_v3_large,convnext_tiny,0.15162396304746784
camelyon17,nonfeature,cross_arch,45,mobilenet_v3_large,regnet_y_3_2gf,0.0
camelyon17,nonfeature,cross_arch,45,mobilenet_v3_large,effb3,0.0
camelyon17,nonfeature,cross_arch,45,mobilenet_v3_large,efficientnet_v2_s,0.0028656340823425275
camelyon17,nonfeature,cross_arch,45,regnet_y_3_2gf,resnet18,0.08296815371699784
camelyon17,nonfeature,cross_arch,45,regnet_y_3_2gf,resnet50,0.0
camelyon17,nonfeature,cross_arch,45,regnet_y_3_2gf,densenet121,0.0
camelyon17,nonfeature,cross_arch,45,regnet_y_3_2gf,convnext_tiny,0.15162396304746784
camelyon17,nonfeature,cross_arch,45,regnet_y_3_2gf,mobilenet_v3_large,0.0
camelyon17,nonfeature,cross_arch,45,regnet_y_3_2gf,effb3,0.0
camelyon17,nonfeature,cross_arch,45,regnet_y_3_2gf,efficientnet_v2_s,0.0028656340823425275
camelyon17,nonfeature,cross_arch,45,effb3,resnet18,0.08296815371699784
camelyon17,nonfeature,cross_arch,45,effb3,resnet50,0.0
camelyon17,nonfeature,cross_arch,45,effb3,densenet121,0.0
camelyon17,nonfeature,cross_arch,45,effb3,convnext_tiny,0.15162396304746784
camelyon17,nonfeature,cross_arch,45,effb3,mobilenet_v3_large,0.0
camelyon17,nonfeature,cross_arch,45,effb3,regnet_y_3_2gf,0.0
camelyon17,nonfeature,cross_arch,45,effb3,efficientnet_v2_s,0.0028656340823425275
camelyon17,nonfeature,cross_arch,45,efficientnet_v2_s,resnet18,0.24662341169052715
camelyon17,nonfeature,cross_arch,45,efficientnet_v2_s,resnet50,0.27844154143621513
camelyon17,nonfeature,cross_arch,45,efficientnet_v2_s,densenet121,0.05632070632516628
camelyon17,nonfeature,cross_arch,45,efficientnet_v2_s,convnext_tiny,0.02167032800419877
camelyon17,nonfeature,cross_arch,45,efficientnet_v2_s,mobilenet_v3_large,0.01219339099386707
camelyon17,nonfeature,cross_arch,45,efficientnet_v2_s,regnet_y_3_2gf,0.019793434602144222
camelyon17,nonfeature,cross_arch,45,efficientnet_v2_s,effb3,0.021988531341219364
camelyon17,nonfeature,cross_arch,46,resnet18,resnet50,0.0
camelyon17,nonfeature,cross_arch,46,resnet18,densenet121,0.0
camelyon17,nonfeature,cross_arch,46,resnet18,convnext_tiny,0.0
camelyon17,nonfeature,cross_arch,46,resnet18,mobilenet_v3_large,0.060252647319085306
camelyon17,nonfeature,cross_arch,46,resnet18,regnet_y_3_2gf,0.02600242458321289
camelyon17,nonfeature,cross_arch,46,resnet18,effb3,0.0
camelyon17,nonfeature,cross_arch,46,resnet18,efficientnet_v2_s,0.021122949465771756
camelyon17,nonfeature,cross_arch,46,resnet50,resnet18,0.0
camelyon17,nonfeature,cross_arch,46,resnet50,densenet121,0.0
camelyon17,nonfeature,cross_arch,46,resnet50,convnext_tiny,0.0
camelyon17,nonfeature,cross_arch,46,resnet50,mobilenet_v3_large,0.060252647319085306
camelyon17,nonfeature,cross_arch,46,resnet50,regnet_y_3_2gf,0.02600242458321289
camelyon17,nonfeature,cross_arch,46,resnet50,effb3,0.0
camelyon17,nonfeature,cross_arch,46,resnet50,efficientnet_v2_s,0.021122949465771756
camelyon17,nonfeature,cross_arch,46,densenet121,resnet18,0.0
camelyon17,nonfeature,cross_arch,46,densenet121,resnet50,0.0
camelyon17,nonfeature,cross_arch,46,densenet121,convnext_tiny,0.0
camelyon17,nonfeature,cross_arch,46,densenet121,mobilenet_v3_large,0.060252647319085306
camelyon17,nonfeature,cross_arch,46,densenet121,regnet_y_3_2gf,0.02600242458321289
camelyon17,nonfeature,cross_arch,46,densenet121,effb3,0.0
camelyon17,nonfeature,cross_arch,46,densenet121,efficientnet_v2_s,0.021122949465771756
camelyon17,nonfeature,cross_arch,46,convnext_tiny,resnet18,0.0
camelyon17,nonfeature,cross_arch,46,convnext_tiny,resnet50,0.0
camelyon17,nonfeature,cross_arch,46,convnext_tiny,densenet121,0.0
camelyon17,nonfeature,cross_arch,46,convnext_tiny,mobilenet_v3_large,0.060252647319085306
camelyon17,nonfeature,cross_arch,46,convnext_tiny,regnet_y_3_2gf,0.02600242458321289
camelyon17,nonfeature,cross_arch,46,convnext_tiny,effb3,0.0
camelyon17,nonfeature,cross_arch,46,convnext_tiny,efficientnet_v2_s,0.021122949465771756
camelyon17,nonfeature,cross_arch,46,mobilenet_v3_large,resnet18,0.053715463502917005
camelyon17,nonfeature,cross_arch,46,mobilenet_v3_large,resnet50,0.032955892523779284
camelyon17,nonfeature,cross_arch,46,mobilenet_v3_large,densenet121,0.006410562126793584
camelyon17,nonfeature,cross_arch,46,mobilenet_v3_large,convnext_tiny,0.21688623241750105
camelyon17,nonfeature,cross_arch,46,mobilenet_v3_large,regnet_y_3_2gf,0.0
camelyon17,nonfeature,cross_arch,46,mobilenet_v3_large,effb3,0.12395225417755351
camelyon17,nonfeature,cross_arch,46,mobilenet_v3_large,efficientnet_v2_s,0.0
camelyon17,nonfeature,cross_arch,46,regnet_y_3_2gf,resnet18,0.053715463502917005
camelyon17,nonfeature,cross_arch,46,regnet_y_3_2gf,resnet50,0.032955892523779284
camelyon17,nonfeature,cross_arch,46,regnet_y_3_2gf,densenet121,0.006410562126793584
camelyon17,nonfeature,cross_arch,46,regnet_y_3_2gf,convnext_tiny,0.21688623241750105
camelyon17,nonfeature,cross_arch,46,regnet_y_3_2gf,mobilenet_v3_large,0.0
camelyon17,nonfeature,cross_arch,46,regnet_y_3_2gf,effb3,0.12395225417755351
camelyon17,nonfeature,cross_arch,46,regnet_y_3_2gf,efficientnet_v2_s,0.0
camelyon17,nonfeature,cross_arch,46,effb3,resnet18,0.0
camelyon17,nonfeature,cross_arch,46,effb3,resnet50,0.0
camelyon17,nonfeature,cross_arch,46,effb3,densenet121,0.0
camelyon17,nonfeature,cross_arch,46,effb3,convnext_tiny,0.0
camelyon17,nonfeature,cross_arch,46,effb3,mobilenet_v3_large,0.060252647319085306
camelyon17,nonfeature,cross_arch,46,effb3,regnet_y_3_2gf,0.02600242458321289
camelyon17,nonfeature,cross_arch,46,effb3,efficientnet_v2_s,0.021122949465771756
camelyon17,nonfeature,cross_arch,46,efficientnet_v2_s,resnet18,0.053715463502917005
camelyon17,nonfeature,cross_arch,46,efficientnet_v2_s,resnet50,0.032955892523779284
camelyon17,nonfeature,cross_arch,46,efficientnet_v2_s,densenet121,0.006410562126793584
camelyon17,nonfeature,cross_arch,46,efficientnet_v2_s,convnext_tiny,0.21688623241750105
camelyon17,nonfeature,cross_arch,46,efficientnet_v2_s,mobilenet_v3_large,0.0
camelyon17,nonfeature,cross_arch,46,efficientnet_v2_s,regnet_y_3_2gf,0.0
camelyon17,nonfeature,cross_arch,46,efficientnet_v2_s,effb3,0.12395225417755351
camelyon17,nonfeature,cross_seed,43,resnet18@42,resnet18@43,0.09528321879673551
camelyon17,nonfeature,cross_seed,44,resnet18@42,resnet18@44,0.0
camelyon17,nonfeature,cross_seed,45,resnet18@42,resnet18@45,0.0
camelyon17,nonfeature,cross_seed,46,resnet18@42,resnet18@46,0.0
camelyon17,nonfeature,cross_seed,42,resnet18@43,resnet18@42,0.025089056162399204
camelyon17,nonfeature,cross_seed,44,resnet18@43,resnet18@44,0.08061522921440378
camelyon17,nonfeature,cross_seed,45,resnet18@43,resnet18@45,0.08296815371699784
camelyon17,nonfeature,cross_seed,46,resnet18@43,resnet18@46,0.053715463502917005
camelyon17,nonfeature,cross_seed,42,resnet18@44,resnet18@42,0.0
camelyon17,nonfeature,cross_seed,43,resnet18@44,resnet18@43,0.09528321879673551
camelyon17,nonfeature,cross_seed,45,resnet18@44,resnet18@45,0.0
camelyon17,nonfeature,cross_seed,46,resnet18@44,resnet18@46,0.0
camelyon17,nonfeature,cross_seed,42,resnet18@45,resnet18@42,0.0
camelyon17,nonfeature,cross_seed,43,resnet18@45,resnet18@43,0.09528321879673551
camelyon17,nonfeature,cross_seed,44,resnet18@45,resnet18@44,0.0
camelyon17,nonfeature,cross_seed,46,resnet18@45,resnet18@46,0.0
camelyon17,nonfeature,cross_seed,42,resnet18@46,resnet18@42,0.0
camelyon17,nonfeature,cross_seed,43,resnet18@46,resnet18@43,0.09528321879673551
camelyon17,nonfeature,cross_seed,44,resnet18@46,resnet18@44,0.0
camelyon17,nonfeature,cross_seed,45,resnet18@46,resnet18@45,0.0
camelyon17,nonfeature,cross_seed,43,resnet50@42,resnet50@43,0.09884901348377062
camelyon17,nonfeature,cross_seed,44,resnet50@42,resnet50@44,0.0
camelyon17,nonfeature,cross_seed,45,resnet50@42,resnet50@45,0.0
camelyon17,nonfeature,cross_seed,46,resnet50@42,resnet50@46,0.032955892523779284
camelyon17,nonfeature,cross_seed,42,resnet50@43,resnet50@42,0.08226632359171782
camelyon17,nonfeature,cross_seed,44,resnet50@43,resnet50@44,0.06187007732281857
camelyon17,nonfeature,cross_seed,45,resnet50@43,resnet50@45,0.14058590289677275
camelyon17,nonfeature,cross_seed,46,resnet50@43,resnet50@46,0.0
camelyon17,nonfeature,cross_seed,42,resnet50@44,resnet50@42,0.0
camelyon17,nonfeature,cross_seed,43,resnet50@44,resnet50@43,0.09884901348377062
camelyon17,nonfeature,cross_seed,45,resnet50@44,resnet50@45,0.0
camelyon17,nonfeature,cross_seed,46,resnet50@44,resnet50@46,0.032955892523779284
camelyon17,nonfeature,cross_seed,42,resnet50@45,resnet50@42,0.0
camelyon17,nonfeature,cross_seed,43,resnet50@45,resnet50@43,0.09884901348377062
camelyon17,nonfeature,cross_seed,44,resnet50@45,resnet50@44,0.0
camelyon17,nonfeature,cross_seed,46,resnet50@45,resnet50@46,0.032955892523779284
camelyon17,nonfeature,cross_seed,42,resnet50@46,resnet50@42,0.08226632359171782
camelyon17,nonfeature,cross_seed,43,resnet50@46,resnet50@43,0.0
camelyon17,nonfeature,cross_seed,44,resnet50@46,resnet50@44,0.06187007732281857
camelyon17,nonfeature,cross_seed,45,resnet50@46,resnet50@45,0.14058590289677275
camelyon17,nonfeature,cross_seed,43,densenet121@42,densenet121@43,0.05098743620858337
camelyon17,nonfeature,cross_seed,44,densenet121@42,densenet121@44,0.0
camelyon17,nonfeature,cross_seed,45,densenet121@42,densenet121@45,0.0
camelyon17,nonfeature,cross_seed,46,densenet121@42,densenet121@46,0.006410562126793584
camelyon17,nonfeature,cross_seed,42,densenet121@43,densenet121@42,0.03837654297614701
camelyon17,nonfeature,cross_seed,44,densenet121@43,densenet121@44,0.05862576177854362
camelyon17,nonfeature,cross_seed,45,densenet121@43,densenet121@45,0.07302452991162911
camelyon17,nonfeature,cross_seed,46,densenet121@43,densenet121@46,0.0
camelyon17,nonfeature,cross_seed,42,densenet121@44,densenet121@42,0.0
camelyon17,nonfeature,cross_seed,43,densenet121@44,densenet121@43,0.05098743620858337
camelyon17,nonfeature,cross_seed,45,densenet121@44,densenet121@45,0.0
camelyon17,nonfeature,cross_seed,46,densenet121@44,densenet121@46,0.006410562126793584
camelyon17,nonfeature,cross_seed,42,densenet121@45,densenet121@42,0.0
camelyon17,nonfeature,cross_seed,43,densenet121@45,densenet121@43,0.05098743620858337
camelyon17,nonfeature,cross_seed,44,densenet121@45,densenet121@44,0.0
camelyon17,nonfeature,cross_seed,46,densenet121@45,densenet121@46,0.006410562126793584
camelyon17,nonfeature,cross_seed,42,densenet121@46,densenet121@42,0.03837654297614701
camelyon17,nonfeature,cross_seed,43,densenet121@46,densenet121@43,0.0
camelyon17,nonfeature,cross_seed,44,densenet121@46,densenet121@44,0.05862576177854362
camelyon17,nonfeature,cross_seed,45,densenet121@46,densenet121@45,0.07302452991162911
camelyon17,nonfeature,cross_seed,43,convnext_tiny@42,convnext_tiny@43,0.0
camelyon17,nonfeature,cross_seed,44,convnext_tiny@42,convnext_tiny@44,0.0
camelyon17,nonfeature,cross_seed,45,convnext_tiny@42,convnext_tiny@45,0.0
camelyon17,nonfeature,cross_seed,46,convnext_tiny@42,convnext_tiny@46,0.07178028496682731
camelyon17,nonfeature,cross_seed,42,convnext_tiny@43,convnext_tiny@42,0.0
camelyon17,nonfeature,cross_seed,44,convnext_tiny@43,convnext_tiny@44,0.0
camelyon17,nonfeature,cross_seed,45,convnext_tiny@43,convnext_tiny@45,0.0
camelyon17,nonfeature,cross_seed,46,convnext_tiny@43,convnext_tiny@46,0.07178028496682731
camelyon17,nonfeature,cross_seed,42,convnext_tiny@44,convnext_tiny@42,0.0
camelyon17,nonfeature,cross_seed,43,convnext_tiny@44,convnext_tiny@43,0.0
camelyon17,nonfeature,cross_seed,45,convnext_tiny@44,convnext_tiny@45,0.0
camelyon17,nonfeature,cross_seed,46,convnext_tiny@44,convnext_tiny@46,0.07178028496682731
camelyon17,nonfeature,cross_seed,42,convnext_tiny@45,convnext_tiny@42,0.0
camelyon17,nonfeature,cross_seed,43,convnext_tiny@45,convnext_tiny@43,0.0
camelyon17,nonfeature,cross_seed,44,convnext_tiny@45,convnext_tiny@44,0.0
camelyon17,nonfeature,cross_seed,46,convnext_tiny@45,convnext_tiny@46,0.07178028496682731
camelyon17,nonfeature,cross_seed,42,convnext_tiny@46,convnext_tiny@42,0.06464873307858299
camelyon17,nonfeature,cross_seed,43,convnext_tiny@46,convnext_tiny@43,0.08134361454391748
camelyon17,nonfeature,cross_seed,44,convnext_tiny@46,convnext_tiny@44,0.07428556692988386
camelyon17,nonfeature,cross_seed,45,convnext_tiny@46,convnext_tiny@45,0.014051299927161143
camelyon17,nonfeature,cross_seed,43,mobilenet_v3_large@42,mobilenet_v3_large@43,0.0
camelyon17,nonfeature,cross_seed,44,mobilenet_v3_large@42,mobilenet_v3_large@44,0.0
camelyon17,nonfeature,cross_seed,45,mobilenet_v3_large@42,mobilenet_v3_large@45,0.0
camelyon17,nonfeature,cross_seed,46,mobilenet_v3_large@42,mobilenet_v3_large@46,0.0
camelyon17,nonfeature,cross_seed,42,mobilenet_v3_large@43,mobilenet_v3_large@42,0.0
camelyon17,nonfeature,cross_seed,44,mobilenet_v3_large@43,mobilenet_v3_large@44,0.0
camelyon17,nonfeature,cross_seed,45,mobilenet_v3_large@43,mobilenet_v3_large@45,0.0
camelyon17,nonfeature,cross_seed,46,mobilenet_v3_large@43,mobilenet_v3_large@46,0.0
camelyon17,nonfeature,cross_seed,42,mobilenet_v3_large@44,mobilenet_v3_large@42,0.0
camelyon17,nonfeature,cross_seed,43,mobilenet_v3_large@44,mobilenet_v3_large@43,0.0
camelyon17,nonfeature,cross_seed,45,mobilenet_v3_large@44,mobilenet_v3_large@45,0.0
camelyon17,nonfeature,cross_seed,46,mobilenet_v3_large@44,mobilenet_v3_large@46,0.0
camelyon17,nonfeature,cross_seed,42,mobilenet_v3_large@45,mobilenet_v3_large@42,0.0
camelyon17,nonfeature,cross_seed,43,mobilenet_v3_large@45,mobilenet_v3_large@43,0.0
camelyon17,nonfeature,cross_seed,44,mobilenet_v3_large@45,mobilenet_v3_large@44,0.0
camelyon17,nonfeature,cross_seed,46,mobilenet_v3_large@45,mobilenet_v3_large@46,0.0
camelyon17,nonfeature,cross_seed,42,mobilenet_v3_large@46,mobilenet_v3_large@42,0.0
camelyon17,nonfeature,cross_seed,43,mobilenet_v3_large@46,mobilenet_v3_large@43,0.0
camelyon17,nonfeature,cross_seed,44,mobilenet_v3_large@46,mobilenet_v3_large@44,0.0
camelyon17,nonfeature,cross_seed,45,mobilenet_v3_large@46,mobilenet_v3_large@45,0.0
camelyon17,nonfeature,cross_seed,43,regnet_y_3_2gf@42,regnet_y_3_2gf@43,0.0
camelyon17,nonfeature,cross_seed,44,regnet_y_3_2gf@42,regnet_y_3_2gf@44,0.0
camelyon17,nonfeature,cross_seed,45,regnet_y_3_2gf@42,regnet_y_3_2gf@45,0.0
camelyon17,nonfeature,cross_seed,46,regnet_y_3_2gf@42,regnet_y_3_2gf@46,0.0
camelyon17,nonfeature,cross_seed,42,regnet_y_3_2gf@43,regnet_y_3_2gf@42,0.0
camelyon17,nonfeature,cross_seed,44,regnet_y_3_2gf@43,regnet_y_3_2gf@44,0.0
camelyon17,nonfeature,cross_seed,45,regnet_y_3_2gf@43,regnet_y_3_2gf@45,0.0
camelyon17,nonfeature,cross_seed,46,regnet_y_3_2gf@43,regnet_y_3_2gf@46,0.0
camelyon17,nonfeature,cross_seed,42,regnet_y_3_2gf@44,regnet_y_3_2gf@42,0.0
camelyon17,nonfeature,cross_seed,43,regnet_y_3_2gf@44,regnet_y_3_2gf@43,0.0
camelyon17,nonfeature,cross_seed,45,regnet_y_3_2gf@44,regnet_y_3_2gf@45,0.0
camelyon17,nonfeature,cross_seed,46,regnet_y_3_2gf@44,regnet_y_3_2gf@46,0.0
camelyon17,nonfeature,cross_seed,42,regnet_y_3_2gf@45,regnet_y_3_2gf@42,0.0
camelyon17,nonfeature,cross_seed,43,regnet_y_3_2gf@45,regnet_y_3_2gf@43,0.0
camelyon17,nonfeature,cross_seed,44,regnet_y_3_2gf@45,regnet_y_3_2gf@44,0.0
camelyon17,nonfeature,cross_seed,46,regnet_y_3_2gf@45,regnet_y_3_2gf@46,0.0
camelyon17,nonfeature,cross_seed,42,regnet_y_3_2gf@46,regnet_y_3_2gf@42,0.0
camelyon17,nonfeature,cross_seed,43,regnet_y_3_2gf@46,regnet_y_3_2gf@43,0.0
camelyon17,nonfeature,cross_seed,44,regnet_y_3_2gf@46,regnet_y_3_2gf@44,0.0
camelyon17,nonfeature,cross_seed,45,regnet_y_3_2gf@46,regnet_y_3_2gf@45,0.0
camelyon17,nonfeature,cross_seed,43,effb3@42,effb3@43,0.05530374617507949
camelyon17,nonfeature,cross_seed,44,effb3@42,effb3@44,0.20740674689651695
camelyon17,nonfeature,cross_seed,45,effb3@42,effb3@45,0.021988531341219364
camelyon17,nonfeature,cross_seed,46,effb3@42,effb3@46,0.14587745251540818
camelyon17,nonfeature,cross_seed,42,effb3@43,effb3@42,0.06901702607609328
camelyon17,nonfeature,cross_seed,44,effb3@43,effb3@44,0.0
camelyon17,nonfeature,cross_seed,45,effb3@43,effb3@45,0.555847460911953
camelyon17,nonfeature,cross_seed,46,effb3@43,effb3@46,0.0
camelyon17,nonfeature,cross_seed,42,effb3@44,effb3@42,0.06901702607609328
camelyon17,nonfeature,cross_seed,43,effb3@44,effb3@43,0.0
camelyon17,nonfeature,cross_seed,45,effb3@44,effb3@45,0.555847460911953
camelyon17,nonfeature,cross_seed,46,effb3@44,effb3@46,0.0
camelyon17,nonfeature,cross_seed,42,effb3@45,effb3@42,0.001809509301992085
camelyon17,nonfeature,cross_seed,43,effb3@45,effb3@43,0.05307740272302086
camelyon17,nonfeature,cross_seed,44,effb3@45,effb3@44,0.1629651908653531
camelyon17,nonfeature,cross_seed,46,effb3@45,effb3@46,0.12395225417755351
camelyon17,nonfeature,cross_seed,42,effb3@46,effb3@42,0.06901702607609328
camelyon17,nonfeature,cross_seed,43,effb3@46,effb3@43,0.0
camelyon17,nonfeature,cross_seed,44,effb3@46,effb3@44,0.0
camelyon17,nonfeature,cross_seed,45,effb3@46,effb3@45,0.555847460911953
camelyon17,nonfeature,cross_seed,43,efficientnet_v2_s@42,efficientnet_v2_s@43,0.0
camelyon17,nonfeature,cross_seed,44,efficientnet_v2_s@42,efficientnet_v2_s@44,0.0
camelyon17,nonfeature,cross_seed,45,efficientnet_v2_s@42,efficientnet_v2_s@45,0.0028656340823425275
camelyon17,nonfeature,cross_seed,46,efficientnet_v2_s@42,efficientnet_v2_s@46,0.0
camelyon17,nonfeature,cross_seed,42,efficientnet_v2_s@43,efficientnet_v2_s@42,0.0
camelyon17,nonfeature,cross_seed,44,efficientnet_v2_s@43,efficientnet_v2_s@44,0.0
camelyon17,nonfeature,cross_seed,45,efficientnet_v2_s@43,efficientnet_v2_s@45,0.0028656340823425275
camelyon17,nonfeature,cross_seed,46,efficientnet_v2_s@43,efficientnet_v2_s@46,0.0
camelyon17,nonfeature,cross_seed,42,efficientnet_v2_s@44,efficientnet_v2_s@42,0.0
camelyon17,nonfeature,cross_seed,43,efficientnet_v2_s@44,efficientnet_v2_s@43,0.0
camelyon17,nonfeature,cross_seed,45,efficientnet_v2_s@44,efficientnet_v2_s@45,0.0028656340823425275
camelyon17,nonfeature,cross_seed,46,efficientnet_v2_s@44,efficientnet_v2_s@46,0.0
camelyon17,nonfeature,cross_seed,42,efficientnet_v2_s@45,efficientnet_v2_s@42,0.01690897352654297
camelyon17,nonfeature,cross_seed,43,efficientnet_v2_s@45,efficientnet_v2_s@43,0.0142891967139267
camelyon17,nonfeature,cross_seed,44,efficientnet_v2_s@45,efficientnet_v2_s@44,0.002343779012102365
camelyon17,nonfeature,cross_seed,46,efficientnet_v2_s@45,efficientnet_v2_s@46,0.01681878841018436
camelyon17,nonfeature,cross_seed,42,efficientnet_v2_s@46,efficientnet_v2_s@42,0.0
camelyon17,nonfeature,cross_seed,43,efficientnet_v2_s@46,efficientnet_v2_s@43,0.0
camelyon17,nonfeature,cross_seed,44,efficientnet_v2_s@46,efficientnet_v2_s@44,0.0
camelyon17,nonfeature,cross_seed,45,efficientnet_v2_s@46,efficientnet_v2_s@45,0.0028656340823425275
camelyon17,feature,cross_arch,42,resnet18,resnet50,0.0
camelyon17,feature,cross_arch,42,resnet18,densenet121,0.0
camelyon17,feature,cross_arch,42,resnet18,convnext_tiny,0.0
camelyon17,feature,cross_arch,42,resnet18,mobilenet_v3_large,0.03425462416739067
camelyon17,feature,cross_arch,42,resnet18,regnet_y_3_2gf,0.0
camelyon17,feature,cross_arch,42,resnet18,effb3,0.04858840764359962
camelyon17,feature,cross_arch,42,resnet18,efficientnet_v2_s,0.0
camelyon17,feature,cross_arch,42,resnet50,resnet18,0.0
camelyon17,feature,cross_arch,42,resnet50,densenet121,0.0
camelyon17,feature,cross_arch,42,resnet50,convnext_tiny,0.0
camelyon17,feature,cross_arch,42,resnet50,mobilenet_v3_large,0.03425462416739067
camelyon17,feature,cross_arch,42,resnet50,regnet_y_3_2gf,0.0
camelyon17,feature,cross_arch,42,resnet50,effb3,0.04858840764359962
camelyon17,feature,cross_arch,42,resnet50,efficientnet_v2_s,0.0
camelyon17,feature,cross_arch,42,densenet121,resnet18,0.0
camelyon17,feature,cross_arch,42,densenet121,resnet50,0.0
camelyon17,feature,cross_arch,42,densenet121,convnext_tiny,0.0
camelyon17,feature,cross_arch,42,densenet121,mobilenet_v3_large,0.03425462416739067
camelyon17,feature,cross_arch,42,densenet121,regnet_y_3_2gf,0.0
camelyon17,feature,cross_arch,42,densenet121,effb3,0.04858840764359962
camelyon17,feature,cross_arch,42,densenet121,efficientnet_v2_s,0.0
camelyon17,feature,cross_arch,42,convnext_tiny,resnet18,0.0
camelyon17,feature,cross_arch,42,convnext_tiny,resnet50,0.0
camelyon17,feature,cross_arch,42,convnext_tiny,densenet121,0.0
camelyon17,feature,cross_arch,42,convnext_tiny,mobilenet_v3_large,0.03425462416739067
camelyon17,feature,cross_arch,42,convnext_tiny,regnet_y_3_2gf,0.0
camelyon17,feature,cross_arch,42,convnext_tiny,effb3,0.04858840764359962
camelyon17,feature,cross_arch,42,convnext_tiny,efficientnet_v2_s,0.0
camelyon17,feature,cross_arch,42,mobilenet_v3_large,resnet18,0.02019617986223321
camelyon17,feature,cross_arch,42,mobilenet_v3_large,resnet50,0.02947164474743147
camelyon17,feature,cross_arch,42,mobilenet_v3_large,densenet121,0.014916908428055042
camelyon17,feature,cross_arch,42,mobilenet_v3_large,convnext_tiny,0.011972642746234774
camelyon17,feature,cross_arch,42,mobilenet_v3_large,regnet_y_3_2gf,0.008294013621522045
camelyon17,feature,cross_arch,42,mobilenet_v3_large,effb3,0.0
camelyon17,feature,cross_arch,42,mobilenet_v3_large,efficientnet_v2_s,0.024342125333655318
camelyon17,feature,cross_arch,42,regnet_y_3_2gf,resnet18,0.0
camelyon17,feature,cross_arch,42,regnet_y_3_2gf,resnet50,0.0
camelyon17,feature,cross_arch,42,regnet_y_3_2gf,densenet121,0.0
camelyon17,feature,cross_arch,42,regnet_y_3_2gf,convnext_tiny,0.0
camelyon17,feature,cross_arch,42,regnet_y_3_2gf,mobilenet_v3_large,0.03425462416739067
camelyon17,feature,cross_arch,42,regnet_y_3_2gf,effb3,0.04858840764359962
camelyon17,feature,cross_arch,42,regnet_y_3_2gf,efficientnet_v2_s,0.0
camelyon17,feature,cross_arch,42,effb3,resnet18,0.02019617986223321
camelyon17,feature,cross_arch,42,effb3,resnet50,0.02947164474743147
camelyon17,feature,cross_arch,42,effb3,densenet121,0.014916908428055042
camelyon17,feature,cross_arch,42,effb3,convnext_tiny,0.011972642746234774
camelyon17,feature,cross_arch,42,effb3,mobilenet_v3_large,0.0
camelyon17,feature,cross_arch,42,effb3,regnet_y_3_2gf,0.008294013621522045
camelyon17,feature,cross_arch,42,effb3,efficientnet_v2_s,0.024342125333655318
camelyon17,feature,cross_arch,42,efficientnet_v2_s,resnet18,0.0
camelyon17,feature,cross_arch,42,efficientnet_v2_s,resnet50,0.0
camelyon17,feature,cross_arch,42,efficientnet_v2_s,densenet121,0.0
camelyon17,feature,cross_arch,42,efficientnet_v2_s,convnext_tiny,0.0
camelyon17,feature,cross_arch,42,efficientnet_v2_s,mobilenet_v3_large,0.03425462416739067
camelyon17,feature,cross_arch,42,efficientnet_v2_s,regnet_y_3_2gf,0.0
camelyon17,feature,cross_arch,42,efficientnet_v2_s,effb3,0.04858840764359962
camelyon17,feature,cross_arch,43,resnet18,resnet50,0.0029150284893677547
camelyon17,feature,cross_arch,43,resnet18,densenet121,0.0
camelyon17,feature,cross_arch,43,resnet18,convnext_tiny,0.0
camelyon17,feature,cross_arch,43,resnet18,mobilenet_v3_large,0.009212915931162025
camelyon17,feature,cross_arch,43,resnet18,regnet_y_3_2gf,0.0
camelyon17,feature,cross_arch,43,resnet18,effb3,0.0
camelyon17,feature,cross_arch,43,resnet18,efficientnet_v2_s,0.0
camelyon17,feature,cross_arch,43,resnet50,resnet18,0.010402191766106017
camelyon17,feature,cross_arch,43,resnet50,densenet121,0.022691206649253948
camelyon17,feature,cross_arch,43,resnet50,convnext_tiny,0.02043184501619144
camelyon17,feature,cross_arch,43,resnet50,mobilenet_v3_large,0.0
camelyon17,feature,cross_arch,43,resnet50,regnet_y_3_2gf,0.0035181044837447883
camelyon17,feature,cross_arch,43,resnet50,effb3,0.0316252453780117
camelyon17,feature,cross_arch,43,resnet50,efficientnet_v2_s,0.047397347903749276
camelyon17,feature,cross_arch,43,densenet121,resnet18,0.0
camelyon17,feature,cross_arch,43,densenet121,resnet50,0.0029150284893677547
camelyon17,feature,cross_arch,43,densenet121,convnext_tiny,0.0
camelyon17,feature,cross_arch,43,densenet121,mobilenet_v3_large,0.009212915931162025
camelyon17,feature,cross_arch,43,densenet121,regnet_y_3_2gf,0.0
camelyon17,feature,cross_arch,43,densenet121,effb3,0.0
camelyon17,feature,cross_arch,43,densenet121,efficientnet_v2_s,0.0
camelyon17,feature,cross_arch,43,convnext_tiny,resnet18,0.0
camelyon17,feature,cross_arch,43,convnext_tiny,resnet50,0.0029150284893677547
camelyon17,feature,cross_arch,43,convnext_tiny,densenet121,0.0
camelyon17,feature,cross_arch,43,convnext_tiny,mobilenet_v3_large,0.009212915931162025
camelyon17,feature,cross_arch,43,convnext_tiny,regnet_y_3_2gf,0.0
camelyon17,feature,cross_arch,43,convnext_tiny,effb3,0.0
camelyon17,feature,cross_arch,43,convnext_tiny,efficientnet_v2_s,0.0
camelyon17,feature,cross_arch,43,mobilenet_v3_large,resnet18,0.010402191766106017
camelyon17,feature,cross_arch,43,mobilenet_v3_large,resnet50,0.0
camelyon17,feature,cross_arch,43,mobilenet_v3_large,densenet121,0.022691206649253948
camelyon17,feature,cross_arch,43,mobilenet_v3_large,convnext_tiny,0.02043184501619144
camelyon17,feature,cross_arch,43,mobilenet_v3_large,regnet_y_3_2gf,0.0035181044837447883
camelyon17,feature,cross_arch,43,mobilenet_v3_large,effb3,0.0316252453780117
camelyon17,feature,cross_arch,43,mobilenet_v3_large,efficientnet_v2_s,0.047397347903749276
camelyon17,feature,cross_arch,43,regnet_y_3_2gf,resnet18,0.0
camelyon17,feature,cross_arch,43,regnet_y_3_2gf,resnet50,0.0029150284893677547
camelyon17,feature,cross_arch,43,regnet_y_3_2gf,densenet121,0.0
camelyon17,feature,cross_arch,43,regnet_y_3_2gf,convnext_tiny,0.0
camelyon17,feature,cross_arch,43,regnet_y_3_2gf,mobilenet_v3_large,0.009212915931162025
camelyon17,feature,cross_arch,43,regnet_y_3_2gf,effb3,0.0
camelyon17,feature,cross_arch,43,regnet_y_3_2gf,efficientnet_v2_s,0.0
camelyon17,feature,cross_arch,43,effb3,resnet18,0.0
camelyon17,feature,cross_arch,43,effb3,resnet50,0.0029150284893677547
camelyon17,feature,cross_arch,43,effb3,densenet121,0.0
camelyon17,feature,cross_arch,43,effb3,convnext_tiny,0.0
camelyon17,feature,cross_arch,43,effb3,mobilenet_v3_large,0.009212915931162025
camelyon17,feature,cross_arch,43,effb3,regnet_y_3_2gf,0.0
camelyon17,feature,cross_arch,43,effb3,efficientnet_v2_s,0.0
camelyon17,feature,cross_arch,43,efficientnet_v2_s,resnet18,0.0
camelyon17,feature,cross_arch,43,efficientnet_v2_s,resnet50,0.0029150284893677547
camelyon17,feature,cross_arch,43,efficientnet_v2_s,densenet121,0.0
camelyon17,feature,cross_arch,43,efficientnet_v2_s,convnext_tiny,0.0
camelyon17,feature,cross_arch,43,efficientnet_v2_s,mobilenet_v3_large,0.009212915931162025
camelyon17,feature,cross_arch,43,efficientnet_v2_s,regnet_y_3_2gf,0.0
camelyon17,feature,cross_arch,43,efficientnet_v2_s,effb3,0.0
camelyon17,feature,cross_arch,44,resnet18,resnet50,0.03254747183959672
camelyon17,feature,cross_arch,44,resnet18,densenet121,0.009712593756254218
camelyon17,feature,cross_arch,44,resnet18,convnext_tiny,0.014835119611174341
camelyon17,feature,cross_arch,44,resnet18,mobilenet_v3_large,0.004446123381253386
camelyon17,feature,cross_arch,44,resnet18,regnet_y_3_2gf,0.016156482358694046
camelyon17,feature,cross_arch,44,resnet18,effb3,0.0
camelyon17,feature,cross_arch,44,resnet18,efficientnet_v2_s,0.0
camelyon17,feature,cross_arch,44,resnet50,resnet18,0.005031162387392207
camelyon17,feature,cross_arch,44,resnet50,densenet121,0.0
camelyon17,feature,cross_arch,44,resnet50,convnext_tiny,0.0
camelyon17,feature,cross_arch,44,resnet50,mobilenet_v3_large,0.0
camelyon17,feature,cross_arch,44,resnet50,regnet_y_3_2gf,0.0
camelyon17,feature,cross_arch,44,resnet50,effb3,0.15720595407060034
camelyon17,feature,cross_arch,44,resnet50,efficientnet_v2_s,0.0008536736445609039
camelyon17,feature,cross_arch,44,densenet121,resnet18,0.005031162387392207
camelyon17,feature,cross_arch,44,densenet121,resnet50,0.0
camelyon17,feature,cross_arch,44,densenet121,convnext_tiny,0.0
camelyon17,feature,cross_arch,44,densenet121,mobilenet_v3_large,0.0
camelyon17,feature,cross_arch,44,densenet121,regnet_y_3_2gf,0.0
camelyon17,feature,cross_arch,44,densenet121,effb3,0.15720595407060034
camelyon17,feature,cross_arch,44,densenet121,efficientnet_v2_s,0.0008536736445609039
camelyon17,feature,cross_arch,44,convnext_tiny,resnet18,0.005031162387392207
camelyon17,feature,cross_arch,44,convnext_tiny,resnet50,0.0
camelyon17,feature,cross_arch,44,convnext_tiny,densenet121,0.0
camelyon17,feature,cross_arch,44,convnext_tiny,mobilenet_v3_large,0.0
camelyon17,feature,cross_arch,44,convnext_tiny,regnet_y_3_2gf,0.0
camelyon17,feature,cross_arch,44,convnext_tiny,effb3,0.15720595407060034
camelyon17,feature,cross_arch,44,convnext_tiny,efficientnet_v2_s,0.0008536736445609039
camelyon17,feature,cross_arch,44,mobilenet_v3_large,resnet18,0.005031162387392207
camelyon17,feature,cross_arch,44,mobilenet_v3_large,resnet50,0.0
camelyon17,feature,cross_arch,44,mobilenet_v3_large,densenet121,0.0
camelyon17,feature,cross_arch,44,mobilenet_v3_large,convnext_tiny,0.0
camelyon17,feature,cross_arch,44,mobilenet_v3_large,regnet_y_3_2gf,0.0
camelyon17,feature,cross_arch,44,mobilenet_v3_large,effb3,0.15720595407060034
camelyon17,feature,cross_arch,44,mobilenet_v3_large,efficientnet_v2_s,0.0008536736445609039
camelyon17,feature,cross_arch,44,regnet_y_3_2gf,resnet18,0.005031162387392207
camelyon17,feature,cross_arch,44,regnet_y_3_2gf,resnet50,0.0
camelyon17,feature,cross_arch,44,regnet_y_3_2gf,densenet121,0.0
camelyon17,feature,cross_arch,44,regnet_y_3_2gf,convnext_tiny,0.0
camelyon17,feature,cross_arch,44,regnet_y_3_2gf,mobilenet_v3_large,0.0
camelyon17,feature,cross_arch,44,regnet_y_3_2gf,effb3,0.15720595407060034
camelyon17,feature,cross_arch,44,regnet_y_3_2gf,efficientnet_v2_s,0.0008536736445609039
camelyon17,feature,cross_arch,44,effb3,resnet18,0.0
camelyon17,feature,cross_arch,44,effb3,resnet50,0.03254747183959672
camelyon17,feature,cross_arch,44,effb3,densenet121,0.009712593756254218
camelyon17,feature,cross_arch,44,effb3,convnext_tiny,0.014835119611174341
camelyon17,feature,cross_arch,44,effb3,mobilenet_v3_large,0.004446123381253386
camelyon17,feature,cross_arch,44,effb3,regnet_y_3_2gf,0.016156482358694046
camelyon17,feature,cross_arch,44,effb3,efficientnet_v2_s,0.0
camelyon17,feature,cross_arch,44,efficientnet_v2_s,resnet18,0.0
camelyon17,feature,cross_arch,44,efficientnet_v2_s,resnet50,0.03254747183959672
camelyon17,feature,cross_arch,44,efficientnet_v2_s,densenet121,0.009712593756254218
camelyon17,feature,cross_arch,44,efficientnet_v2_s,convnext_tiny,0.014835119611174341
camelyon17,feature,cross_arch,44,efficientnet_v2_s,mobilenet_v3_large,0.004446123381253386
camelyon17,feature,cross_arch,44,efficientnet_v2_s,regnet_y_3_2gf,0.016156482358694046
camelyon17,feature,cross_arch,44,efficientnet_v2_s,effb3,0.0
camelyon17,feature,cross_arch,45,resnet18,resnet50,0.0
camelyon17,feature,cross_arch,45,resnet18,densenet121,0.0
camelyon17,feature,cross_arch,45,resnet18,convnext_tiny,0.0
camelyon17,feature,cross_arch,45,resnet18,mobilenet_v3_large,0.012342019140164529
camelyon17,feature,cross_arch,45,resnet18,regnet_y_3_2gf,0.0
camelyon17,feature,cross_arch,45,resnet18,effb3,0.0
camelyon17,feature,cross_arch,45,resnet18,efficientnet_v2_s,0.0
camelyon17,feature,cross_arch,45,resnet50,resnet18,0.0
camelyon17,feature,cross_arch,45,resnet50,densenet121,0.0
camelyon17,feature,cross_arch,45,resnet50,convnext_tiny,0.0
camelyon17,feature,cross_arch,45,resnet50,mobilenet_v3_large,0.012342019140164529
camelyon17,feature,cross_arch,45,resnet50,regnet_y_3_2gf,0.0
camelyon17,feature,cross_arch,45,resnet50,effb3,0.0
camelyon17,feature,cross_arch,45,resnet50,efficientnet_v2_s,0.0
camelyon17,feature,cross_arch,45,densenet121,resnet18,0.0
camelyon17,feature,cross_arch,45,densenet121,resnet50,0.0
camelyon17,feature,cross_arch,45,densenet121,convnext_tiny,0.0
camelyon17,feature,cross_arch,45,densenet121,mobilenet_v3_large,0.012342019140164529
camelyon17,feature,cross_arch,45,densenet121,regnet_y_3_2gf,0.0
camelyon17,feature,cross_arch,45,densenet121,effb3,0.0
camelyon17,feature,cross_arch,45,densenet121,efficientnet_v2_s,0.0
camelyon17,feature,cross_arch,45,convnext_tiny,resnet18,0.0
camelyon17,feature,cross_arch,45,convnext_tiny,resnet50,0.0
camelyon17,feature,cross_arch,45,convnext_tiny,densenet121,0.0
camelyon17,feature,cross_arch,45,convnext_tiny,mobilenet_v3_large,0.012342019140164529
camelyon17,feature,cross_arch,45,convnext_tiny,regnet_y_3_2gf,0.0
camelyon17,feature,cross_arch,45,convnext_tiny,effb3,0.0
camelyon17,feature,cross_arch,45,convnext_tiny,efficientnet_v2_s,0.0
camelyon17,feature,cross_arch,45,mobilenet_v3_large,resnet18,0.04112332842294697
camelyon17,feature,cross_arch,45,mobilenet_v3_large,resnet50,0.04348186931821718
camelyon17,feature,cross_arch,45,mobilenet_v3_large,densenet121,0.01495690895720081
camelyon17,feature,cross_arch,45,mobilenet_v3_large,convnext_tiny,0.02349235599550259
camelyon17,feature,cross_arch,45,mobilenet_v3_large,regnet_y_3_2gf,0.014739637607495859
camelyon17,feature,cross_arch,45,mobilenet_v3_large,effb3,0.021597950231603602
camelyon17,feature,cross_arch,45,mobilenet_v3_large,efficientnet_v2_s,0.0334137375686141
camelyon17,feature,cross_arch,45,regnet_y_3_2gf,resnet18,0.0
camelyon17,feature,cross_arch,45,regnet_y_3_2gf,resnet50,0.0
camelyon17,feature,cross_arch,45,regnet_y_3_2gf,densenet121,0.0
camelyon17,feature,cross_arch,45,regnet_y_3_2gf,convnext_tiny,0.0
camelyon17,feature,cross_arch,45,regnet_y_3_2gf,mobilenet_v3_large,0.012342019140164529
camelyon17,feature,cross_arch,45,regnet_y_3_2gf,effb3,0.0
camelyon17,feature,cross_arch,45,regnet_y_3_2gf,efficientnet_v2_s,0.0
camelyon17,feature,cross_arch,45,effb3,resnet18,0.0
camelyon17,feature,cross_arch,45,effb3,resnet50,0.0
camelyon17,feature,cross_arch,45,effb3,densenet121,0.0
camelyon17,feature,cross_arch,45,effb3,convnext_tiny,0.0
camelyon17,feature,cross_arch,45,effb3,mobilenet_v3_large,0.012342019140164529
camelyon17,feature,cross_arch,45,effb3,regnet_y_3_2gf,0.0
camelyon17,feature,cross_arch,45,effb3,efficientnet_v2_s,0.0
camelyon17,feature,cross_arch,45,efficientnet_v2_s,resnet18,0.0
camelyon17,feature,cross_arch,45,efficientnet_v2_s,resnet50,0.0
camelyon17,feature,cross_arch,45,efficientnet_v2_s,densenet121,0.0
camelyon17,feature,cross_arch,45,efficientnet_v2_s,convnext_tiny,0.0
camelyon17,feature,cross_arch,45,efficientnet_v2_s,mobilenet_v3_large,0.012342019140164529
camelyon17,feature,cross_arch,45,efficientnet_v2_s,regnet_y_3_2gf,0.0
camelyon17,feature,cross_arch,45,efficientnet_v2_s,effb3,0.0
camelyon17,feature,cross_arch,46,resnet18,resnet50,0.0
camelyon17,feature,cross_arch,46,resnet18,densenet121,0.018034240211918018
camelyon17,feature,cross_arch,46,resnet18,convnext_tiny,0.00939219609708497
camelyon17,feature,cross_arch,46,resnet18,mobilenet_v3_large,0.0
camelyon17,feature,cross_arch,46,resnet18,regnet_y_3_2gf,0.011774319955971002
camelyon17,feature,cross_arch,46,resnet18,effb3,0.0
camelyon17,feature,cross_arch,46,resnet18,efficientnet_v2_s,0.022364096750089657
camelyon17,feature,cross_arch,46,resnet50,resnet18,0.0
camelyon17,feature,cross_arch,46,resnet50,densenet121,0.018034240211918018
camelyon17,feature,cross_arch,46,resnet50,convnext_tiny,0.00939219609708497
camelyon17,feature,cross_arch,46,resnet50,mobilenet_v3_large,0.0
camelyon17,feature,cross_arch,46,resnet50,regnet_y_3_2gf,0.011774319955971002
camelyon17,feature,cross_arch,46,resnet50,effb3,0.0
camelyon17,feature,cross_arch,46,resnet50,efficientnet_v2_s,0.022364096750089657
camelyon17,feature,cross_arch,46,densenet121,resnet18,0.011250999610343593
camelyon17,feature,cross_arch,46,densenet121,resnet50,0.005013696094576803
camelyon17,feature,cross_arch,46,densenet121,convnext_tiny,0.0
camelyon17,feature,cross_arch,46,densenet121,mobilenet_v3_large,0.024451118174857678
camelyon17,feature,cross_arch,46,densenet121,regnet_y_3_2gf,0.0
camelyon17,feature,cross_arch,46,densenet121,effb3,0.1454857780108173
camelyon17,feature,cross_arch,46,densenet121,efficientnet_v2_s,0.0
camelyon17,feature,cross_arch,46,convnext_tiny,resnet18,0.011250999610343593
camelyon17,feature,cross_arch,46,convnext_tiny,resnet50,0.005013696094576803
camelyon17,feature,cross_arch,46,convnext_tiny,densenet121,0.0
camelyon17,feature,cross_arch,46,convnext_tiny,mobilenet_v3_large,0.024451118174857678
camelyon17,feature,cross_arch,46,convnext_tiny,regnet_y_3_2gf,0.0
camelyon17,feature,cross_arch,46,convnext_tiny,effb3,0.1454857780108173
camelyon17,feature,cross_arch,46,convnext_tiny,efficientnet_v2_s,0.0
camelyon17,feature,cross_arch,46,mobilenet_v3_large,resnet18,0.0
camelyon17,feature,cross_arch,46,mobilenet_v3_large,resnet50,0.0
camelyon17,feature,cross_arch,46,mobilenet_v3_large,densenet121,0.018034240211918018
camelyon17,feature,cross_arch,46,mobilenet_v3_large,convnext_tiny,0.00939219609708497
camelyon17,feature,cross_arch,46,mobilenet_v3_large,regnet_y_3_2gf,0.011774319955971002
camelyon17,feature,cross_arch,46,mobilenet_v3_large,effb3,0.0
camelyon17,feature,cross_arch,46,mobilenet_v3_large,efficientnet_v2_s,0.022364096750089657
camelyon17,feature,cross_arch,46,regnet_y_3_2gf,resnet18,0.011250999610343593
camelyon17,feature,cross_arch,46,regnet_y_3_2gf,resnet50,0.005013696094576803
camelyon17,feature,cross_arch,46,regnet_y_3_2gf,densenet121,0.0
camelyon17,feature,cross_arch,46,regnet_y_3_2gf,convnext_tiny,0.0
camelyon17,feature,cross_arch,46,regnet_y_3_2gf,mobilenet_v3_large,0.024451118174857678
camelyon17,feature,cross_arch,46,regnet_y_3_2gf,effb3,0.1454857780108173
camelyon17,feature,cross_arch,46,regnet_y_3_2gf,efficientnet_v2_s,0.0
camelyon17,feature,cross_arch,46,effb3,resnet18,0.0
camelyon17,feature,cross_arch,46,effb3,resnet50,0.0
camelyon17,feature,cross_arch,46,effb3,densenet121,0.018034240211918018
camelyon17,feature,cross_arch,46,effb3,convnext_tiny,0.00939219609708497
camelyon17,feature,cross_arch,46,effb3,mobilenet_v3_large,0.0
camelyon17,feature,cross_arch,46,effb3,regnet_y_3_2gf,0.011774319955971002
camelyon17,feature,cross_arch,46,effb3,efficientnet_v2_s,0.022364096750089657
camelyon17,feature,cross_arch,46,efficientnet_v2_s,resnet18,0.011250999610343593
camelyon17,feature,cross_arch,46,efficientnet_v2_s,resnet50,0.005013696094576803
camelyon17,feature,cross_arch,46,efficientnet_v2_s,densenet121,0.0
camelyon17,feature,cross_arch,46,efficientnet_v2_s,convnext_tiny,0.0
camelyon17,feature,cross_arch,46,efficientnet_v2_s,mobilenet_v3_large,0.024451118174857678
camelyon17,feature,cross_arch,46,efficientnet_v2_s,regnet_y_3_2gf,0.0
camelyon17,feature,cross_arch,46,efficientnet_v2_s,effb3,0.1454857780108173
camelyon17,feature,cross_seed,43,resnet18@42,resnet18@43,0.0
camelyon17,feature,cross_seed,44,resnet18@42,resnet18@44,0.005031162387392207
camelyon17,feature,cross_seed,45,resnet18@42,resnet18@45,0.0
camelyon17,feature,cross_seed,46,resnet18@42,resnet18@46,0.011250999610343593
camelyon17,feature,cross_seed,42,resnet18@43,resnet18@42,0.0
camelyon17,feature,cross_seed,44,resnet18@43,resnet18@44,0.005031162387392207
camelyon17,feature,cross_seed,45,resnet18@43,resnet18@45,0.0
camelyon17,feature,cross_seed,46,resnet18@43,resnet18@46,0.011250999610343593
camelyon17,feature,cross_seed,42,resnet18@44,resnet18@42,0.02019617986223321
camelyon17,feature,cross_seed,43,resnet18@44,resnet18@43,0.010402191766106017
camelyon17,feature,cross_seed,45,resnet18@44,resnet18@45,0.04112332842294697
camelyon17,feature,cross_seed,46,resnet18@44,resnet18@46,0.0
camelyon17,feature,cross_seed,42,resnet18@45,resnet18@42,0.0
camelyon17,feature,cross_seed,43,resnet18@45,resnet18@43,0.0
camelyon17,feature,cross_seed,44,resnet18@45,resnet18@44,0.005031162387392207
camelyon17,feature,cross_seed,46,resnet18@45,resnet18@46,0.011250999610343593
camelyon17,feature,cross_seed,42,resnet18@46,resnet18@42,0.02019617986223321
camelyon17,feature,cross_seed,43,resnet18@46,resnet18@43,0.010402191766106017
camelyon17,feature,cross_seed,44,resnet18@46,resnet18@44,0.0
camelyon17,feature,cross_seed,45,resnet18@46,resnet18@45,0.04112332842294697
camelyon17,feature,cross_seed,43,resnet50@42,resnet50@43,0.0029150284893677547
camelyon17,feature,cross_seed,44,resnet50@42,resnet50@44,0.0
camelyon17,feature,cross_seed,45,resnet50@42,resnet50@45,0.0
camelyon17,feature,cross_seed,46,resnet50@42,resnet50@46,0.005013696094576803
camelyon17,feature,cross_seed,42,resnet50@43,resnet50@42,0.02947164474743147
camelyon17,feature,cross_seed,44,resnet50@43,resnet50@44,0.03254747183959672
camelyon17,feature,cross_seed,45,resnet50@43,resnet50@45,0.04348186931821718
camelyon17,feature,cross_seed,46,resnet50@43,resnet50@46,0.0
camelyon17,feature,cross_seed,42,resnet50@44,resnet50@42,0.0
camelyon17,feature,cross_seed,43,resnet50@44,resnet50@43,0.0029150284893677547
camelyon17,feature,cross_seed,45,resnet50@44,resnet50@45,0.0
camelyon17,feature,cross_seed,46,resnet50@44,resnet50@46,0.005013696094576803
camelyon17,feature,cross_seed,42,resnet50@45,resnet50@42,0.0
camelyon17,feature,cross_seed,43,resnet50@45,resnet50@43,0.0029150284893677547
camelyon17,feature,cross_seed,44,resnet50@45,resnet50@44,0.0
camelyon17,feature,cross_seed,46,resnet50@45,resnet50@46,0.005013696094576803
camelyon17,feature,cross_seed,42,resnet50@46,resnet50@42,0.02947164474743147
camelyon17,feature,cross_seed,43,resnet50@46,resnet50@43,0.0
camelyon17,feature,cross_seed,44,resnet50@46,resnet50@44,0.03254747183959672
camelyon17,feature,cross_seed,45,resnet50@46,resnet50@45,0.04348186931821718
camelyon17,feature,cross_seed,43,densenet121@42,densenet121@43,0.0
camelyon17,feature,cross_seed,44,densenet121@42,densenet121@44,0.0
camelyon17,feature,cross_seed,45,densenet121@42,densenet121@45,0.0
camelyon17,feature,cross_seed,46,densenet121@42,densenet121@46,0.0
camelyon17,feature,cross_seed,42,densenet121@43,densenet121@42,0.0
camelyon17,feature,cross_seed,44,densenet121@43,densenet121@44,0.0
camelyon17,feature,cross_seed,45,densenet121@43,densenet121@45,0.0
camelyon17,feature,cross_seed,46,densenet121@43,densenet121@46,0.0
camelyon17,feature,cross_seed,42,densenet121@44,densenet121@42,0.0
camelyon17,feature,cross_seed,43,densenet121@44,densenet121@43,0.0
camelyon17,feature,cross_seed,45,densenet121@44,densenet121@45,0.0
camelyon17,feature,cross_seed,46,densenet121@44,densenet121@46,0.0
camelyon17,feature,cross_seed,42,densenet121@45,densenet121@42,0.0
camelyon17,feature,cross_seed,43,densenet121@45,densenet121@43,0.0
camelyon17,feature,cross_seed,44,densenet121@45,densenet121@44,0.0
camelyon17,feature,cross_seed,46,densenet121@45,densenet121@46,0.0
camelyon17,feature,cross_seed,42,densenet121@46,densenet121@42,0.0
camelyon17,feature,cross_seed,43,densenet121@46,densenet121@43,0.0
camelyon17,feature,cross_seed,44,densenet121@46,densenet121@44,0.0
camelyon17,feature,cross_seed,45,densenet121@46,densenet121@45,0.0
camelyon17,feature,cross_seed,43,convnext_tiny@42,convnext_tiny@43,0.0
camelyon17,feature,cross_seed,44,convnext_tiny@42,convnext_tiny@44,0.0
camelyon17,feature,cross_seed,45,convnext_tiny@42,convnext_tiny@45,0.0
camelyon17,feature,cross_seed,46,convnext_tiny@42,convnext_tiny@46,0.0
camelyon17,feature,cross_seed,42,convnext_tiny@43,convnext_tiny@42,0.0
camelyon17,feature,cross_seed,44,convnext_tiny@43,convnext_tiny@44,0.0
camelyon17,feature,cross_seed,45,convnext_tiny@43,convnext_tiny@45,0.0
camelyon17,feature,cross_seed,46,convnext_tiny@43,convnext_tiny@46,0.0
camelyon17,feature,cross_seed,42,convnext_tiny@44,convnext_tiny@42,0.0
camelyon17,feature,cross_seed,43,convnext_tiny@44,convnext_tiny@43,0.0
camelyon17,feature,cross_seed,45,convnext_tiny@44,convnext_tiny@45,0.0
camelyon17,feature,cross_seed,46,convnext_tiny@44,convnext_tiny@46,0.0
camelyon17,feature,cross_seed,42,convnext_tiny@45,convnext_tiny@42,0.0
camelyon17,feature,cross_seed,43,convnext_tiny@45,convnext_tiny@43,0.0
camelyon17,feature,cross_seed,44,convnext_tiny@45,convnext_tiny@44,0.0
camelyon17,feature,cross_seed,46,convnext_tiny@45,convnext_tiny@46,0.0
camelyon17,feature,cross_seed,42,convnext_tiny@46,convnext_tiny@42,0.0
camelyon17,feature,cross_seed,43,convnext_tiny@46,convnext_tiny@43,0.0
camelyon17,feature,cross_seed,44,convnext_tiny@46,convnext_tiny@44,0.0
camelyon17,feature,cross_seed,45,convnext_tiny@46,convnext_tiny@45,0.0
camelyon17,feature,cross_seed,43,mobilenet_v3_large@42,mobilenet_v3_large@43,0.0
camelyon17,feature,cross_seed,44,mobilenet_v3_large@42,mobilenet_v3_large@44,0.004446123381253386
camelyon17,feature,cross_seed,45,mobilenet_v3_large@42,mobilenet_v3_large@45,0.0
camelyon17,feature,cross_seed,46,mobilenet_v3_large@42,mobilenet_v3_large@46,0.0
camelyon17,feature,cross_seed,42,mobilenet_v3_large@43,mobilenet_v3_large@42,0.0
camelyon17,feature,cross_seed,44,mobilenet_v3_large@43,mobilenet_v3_large@44,0.004446123381253386
camelyon17,feature,cross_seed,45,mobilenet_v3_large@43,mobilenet_v3_large@45,0.0
camelyon17,feature,cross_seed,46,mobilenet_v3_large@43,mobilenet_v3_large@46,0.0
camelyon17,feature,cross_seed,42,mobilenet_v3_large@44,mobilenet_v3_large@42,0.03425462416739067
camelyon17,feature,cross_seed,43,mobilenet_v3_large@44,mobilenet_v3_large@43,0.009212915931162025
camelyon17,feature,cross_seed,45,mobilenet_v3_large@44,mobilenet_v3_large@45,0.012342019140164529
camelyon17,feature,cross_seed,46,mobilenet_v3_large@44,mobilenet_v3_large@46,0.024451118174857678
camelyon17,feature,cross_seed,42,mobilenet_v3_large@45,mobilenet_v3_large@42,0.0
camelyon17,feature,cross_seed,43,mobilenet_v3_large@45,mobilenet_v3_large@43,0.0
camelyon17,feature,cross_seed,44,mobilenet_v3_large@45,mobilenet_v3_large@44,0.004446123381253386
camelyon17,feature,cross_seed,46,mobilenet_v3_large@45,mobilenet_v3_large@46,0.0
camelyon17,feature,cross_seed,42,mobilenet_v3_large@46,mobilenet_v3_large@42,0.0
camelyon17,feature,cross_seed,43,mobilenet_v3_large@46,mobilenet_v3_large@43,0.0
camelyon17,feature,cross_seed,44,mobilenet_v3_large@46,mobilenet_v3_large@44,0.004446123381253386
camelyon17,feature,cross_seed,45,mobilenet_v3_large@46,mobilenet_v3_large@45,0.0
camelyon17,feature,cross_seed,43,regnet_y_3_2gf@42,regnet_y_3_2gf@43,0.0
camelyon17,feature,cross_seed,44,regnet_y_3_2gf@42,regnet_y_3_2gf@44,0.0
camelyon17,feature,cross_seed,45,regnet_y_3_2gf@42,regnet_y_3_2gf@45,0.0
camelyon17,feature,cross_seed,46,regnet_y_3_2gf@42,regnet_y_3_2gf@46,0.0
camelyon17,feature,cross_seed,42,regnet_y_3_2gf@43,regnet_y_3_2gf@42,0.0
camelyon17,feature,cross_seed,44,regnet_y_3_2gf@43,regnet_y_3_2gf@44,0.0
camelyon17,feature,cross_seed,45,regnet_y_3_2gf@43,regnet_y_3_2gf@45,0.0
camelyon17,feature,cross_seed,46,regnet_y_3_2gf@43,regnet_y_3_2gf@46,0.0
camelyon17,feature,cross_seed,42,regnet_y_3_2gf@44,regnet_y_3_2gf@42,0.0
camelyon17,feature,cross_seed,43,regnet_y_3_2gf@44,regnet_y_3_2gf@43,0.0
camelyon17,feature,cross_seed,45,regnet_y_3_2gf@44,regnet_y_3_2gf@45,0.0
camelyon17,feature,cross_seed,46,regnet_y_3_2gf@44,regnet_y_3_2gf@46,0.0
camelyon17,feature,cross_seed,42,regnet_y_3_2gf@45,regnet_y_3_2gf@42,0.0
camelyon17,feature,cross_seed,43,regnet_y_3_2gf@45,regnet_y_3_2gf@43,0.0
camelyon17,feature,cross_seed,44,regnet_y_3_2gf@45,regnet_y_3_2gf@44,0.0
camelyon17,feature,cross_seed,46,regnet_y_3_2gf@45,regnet_y_3_2gf@46,0.0
camelyon17,feature,cross_seed,42,regnet_y_3_2gf@46,regnet_y_3_2gf@42,0.0
camelyon17,feature,cross_seed,43,regnet_y_3_2gf@46,regnet_y_3_2gf@43,0.0
camelyon17,feature,cross_seed,44,regnet_y_3_2gf@46,regnet_y_3_2gf@44,0.0
camelyon17,feature,cross_seed,45,regnet_y_3_2gf@46,regnet_y_3_2gf@45,0.0
camelyon17,feature,cross_seed,43,effb3@42,effb3@43,0.0316252453780117
camelyon17,feature,cross_seed,44,effb3@42,effb3@44,0.0
camelyon17,feature,cross_seed,45,effb3@42,effb3@45,0.021597950231603602
camelyon17,feature,cross_seed,46,effb3@42,effb3@46,0.0
camelyon17,feature,cross_seed,42,effb3@43,effb3@42,0.04858840764359962
camelyon17,feature,cross_seed,44,effb3@43,effb3@44,0.15720595407060034
camelyon17,feature,cross_seed,45,effb3@43,effb3@45,0.0
camelyon17,feature,cross_seed,46,effb3@43,effb3@46,0.1454857780108173
camelyon17,feature,cross_seed,42,effb3@44,effb3@42,0.0
camelyon17,feature,cross_seed,43,effb3@44,effb3@43,0.0316252453780117
camelyon17,feature,cross_seed,45,effb3@44,effb3@45,0.021597950231603602
camelyon17,feature,cross_seed,46,effb3@44,effb3@46,0.0
camelyon17,feature,cross_seed,42,effb3@45,effb3@42,0.04858840764359962
camelyon17,feature,cross_seed,43,effb3@45,effb3@43,0.0
camelyon17,feature,cross_seed,44,effb3@45,effb3@44,0.15720595407060034
camelyon17,feature,cross_seed,46,effb3@45,effb3@46,0.1454857780108173
camelyon17,feature,cross_seed,42,effb3@46,effb3@42,0.0
camelyon17,feature,cross_seed,43,effb3@46,effb3@43,0.0316252453780117
camelyon17,feature,cross_seed,44,effb3@46,effb3@44,0.0
camelyon17,feature,cross_seed,45,effb3@46,effb3@45,0.021597950231603602
camelyon17,feature,cross_seed,43,efficientnet_v2_s@42,efficientnet_v2_s@43,0.0
camelyon17,feature,cross_seed,44,efficientnet_v2_s@42,efficientnet_v2_s@44,0.0008536736445609039
camelyon17,feature,cross_seed,45,efficientnet_v2_s@42,efficientnet_v2_s@45,0.0
camelyon17,feature,cross_seed,46,efficientnet_v2_s@42,efficientnet_v2_s@46,0.0
camelyon17,feature,cross_seed,42,efficientnet_v2_s@43,efficientnet_v2_s@42,0.0
camelyon17,feature,cross_seed,44,efficientnet_v2_s@43,efficientnet_v2_s@44,0.0008536736445609039
camelyon17,feature,cross_seed,45,efficientnet_v2_s@43,efficientnet_v2_s@45,0.0
camelyon17,feature,cross_seed,46,efficientnet_v2_s@43,efficientnet_v2_s@46,0.0
camelyon17,feature,cross_seed,42,efficientnet_v2_s@44,efficientnet_v2_s@42,0.024342125333655318
camelyon17,feature,cross_seed,43,efficientnet_v2_s@44,efficientnet_v2_s@43,0.047397347903749276
camelyon17,feature,cross_seed,45,efficientnet_v2_s@44,efficientnet_v2_s@45,0.0334137375686141
camelyon17,feature,cross_seed,46,efficientnet_v2_s@44,efficientnet_v2_s@46,0.022364096750089657
camelyon17,feature,cross_seed,42,efficientnet_v2_s@45,efficientnet_v2_s@42,0.0
camelyon17,feature,cross_seed,43,efficientnet_v2_s@45,efficientnet_v2_s@43,0.0
camelyon17,feature,cross_seed,44,efficientnet_v2_s@45,efficientnet_v2_s@44,0.0008536736445609039
camelyon17,feature,cross_seed,46,efficientnet_v2_s@45,efficientnet_v2_s@46,0.0
camelyon17,feature,cross_seed,42,efficientnet_v2_s@46,efficientnet_v2_s@42,0.0
camelyon17,feature,cross_seed,43,efficientnet_v2_s@46,efficientnet_v2_s@43,0.0
camelyon17,feature,cross_seed,44,efficientnet_v2_s@46,efficientnet_v2_s@44,0.0008536736445609039
camelyon17,feature,cross_seed,45,efficientnet_v2_s@46,efficientnet_v2_s@45,0.0
camelyon17,all,cross_arch,42,resnet18,resnet50,0.0
camelyon17,all,cross_arch,42,resnet18,densenet121,0.0
camelyon17,all,cross_arch,42,resnet18,convnext_tiny,0.0
camelyon17,all,cross_arch,42,resnet18,mobilenet_v3_large,0.03425462416739067
camelyon17,all,cross_arch,42,resnet18,regnet_y_3_2gf,0.0
camelyon17,all,cross_arch,42,resnet18,effb3,0.04858840764359962
camelyon17,all,cross_arch,42,resnet18,efficientnet_v2_s,0.0
camelyon17,all,cross_arch,42,resnet50,resnet18,0.0
camelyon17,all,cross_arch,42,resnet50,densenet121,0.0
camelyon17,all,cross_arch,42,resnet50,convnext_tiny,0.0
camelyon17,all,cross_arch,42,resnet50,mobilenet_v3_large,0.03425462416739067
camelyon17,all,cross_arch,42,resnet50,regnet_y_3_2gf,0.0
camelyon17,all,cross_arch,42,resnet50,effb3,0.04858840764359962
camelyon17,all,cross_arch,42,resnet50,efficientnet_v2_s,0.0
camelyon17,all,cross_arch,42,densenet121,resnet18,0.0
camelyon17,all,cross_arch,42,densenet121,resnet50,0.0
camelyon17,all,cross_arch,42,densenet121,convnext_tiny,0.0
camelyon17,all,cross_arch,42,densenet121,mobilenet_v3_large,0.03425462416739067
camelyon17,all,cross_arch,42,densenet121,regnet_y_3_2gf,0.0
camelyon17,all,cross_arch,42,densenet121,effb3,0.04858840764359962
camelyon17,all,cross_arch,42,densenet121,efficientnet_v2_s,0.0
camelyon17,all,cross_arch,42,convnext_tiny,resnet18,0.0
camelyon17,all,cross_arch,42,convnext_tiny,resnet50,0.0
camelyon17,all,cross_arch,42,convnext_tiny,densenet121,0.0
camelyon17,all,cross_arch,42,convnext_tiny,mobilenet_v3_large,0.03425462416739067
camelyon17,all,cross_arch,42,convnext_tiny,regnet_y_3_2gf,0.0
camelyon17,all,cross_arch,42,convnext_tiny,effb3,0.04858840764359962
camelyon17,all,cross_arch,42,convnext_tiny,efficientnet_v2_s,0.0
camelyon17,all,cross_arch,42,mobilenet_v3_large,resnet18,0.02019617986223321
camelyon17,all,cross_arch,42,mobilenet_v3_large,resnet50,0.02947164474743147
camelyon17,all,cross_arch,42,mobilenet_v3_large,densenet121,0.014916908428055042
camelyon17,all,cross_arch,42,mobilenet_v3_large,convnext_tiny,0.011972642746234774
camelyon17,all,cross_arch,42,mobilenet_v3_large,regnet_y_3_2gf,0.008294013621522045
camelyon17,all,cross_arch,42,mobilenet_v3_large,effb3,0.0
camelyon17,all,cross_arch,42,mobilenet_v3_large,efficientnet_v2_s,0.024342125333655318
camelyon17,all,cross_arch,42,regnet_y_3_2gf,resnet18,0.0
camelyon17,all,cross_arch,42,regnet_y_3_2gf,resnet50,0.0
camelyon17,all,cross_arch,42,regnet_y_3_2gf,densenet121,0.0
camelyon17,all,cross_arch,42,regnet_y_3_2gf,convnext_tiny,0.0
camelyon17,all,cross_arch,42,regnet_y_3_2gf,mobilenet_v3_large,0.03425462416739067
camelyon17,all,cross_arch,42,regnet_y_3_2gf,effb3,0.04858840764359962
camelyon17,all,cross_arch,42,regnet_y_3_2gf,efficientnet_v2_s,0.0
camelyon17,all,cross_arch,42,effb3,resnet18,0.02019617986223321
camelyon17,all,cross_arch,42,effb3,resnet50,0.02947164474743147
camelyon17,all,cross_arch,42,effb3,densenet121,0.014916908428055042
camelyon17,all,cross_arch,42,effb3,convnext_tiny,0.011972642746234774
camelyon17,all,cross_arch,42,effb3,mobilenet_v3_large,0.0
camelyon17,all,cross_arch,42,effb3,regnet_y_3_2gf,0.008294013621522045
camelyon17,all,cross_arch,42,effb3,efficientnet_v2_s,0.024342125333655318
camelyon17,all,cross_arch,42,efficientnet_v2_s,resnet18,0.0
camelyon17,all,cross_arch,42,efficientnet_v2_s,resnet50,0.0
camelyon17,all,cross_arch,42,efficientnet_v2_s,densenet121,0.0
camelyon17,all,cross_arch,42,efficientnet_v2_s,convnext_tiny,0.0
camelyon17,all,cross_arch,42,efficientnet_v2_s,mobilenet_v3_large,0.03425462416739067
camelyon17,all,cross_arch,42,efficientnet_v2_s,regnet_y_3_2gf,0.0
camelyon17,all,cross_arch,42,efficientnet_v2_s,effb3,0.04858840764359962
camelyon17,all,cross_arch,43,resnet18,resnet50,0.0029150284893677547
camelyon17,all,cross_arch,43,resnet18,densenet121,0.0
camelyon17,all,cross_arch,43,resnet18,convnext_tiny,0.0
camelyon17,all,cross_arch,43,resnet18,mobilenet_v3_large,0.009212915931162025
camelyon17,all,cross_arch,43,resnet18,regnet_y_3_2gf,0.0
camelyon17,all,cross_arch,43,resnet18,effb3,0.0
camelyon17,all,cross_arch,43,resnet18,efficientnet_v2_s,0.0
camelyon17,all,cross_arch,43,resnet50,resnet18,0.010402191766106017
camelyon17,all,cross_arch,43,resnet50,densenet121,0.022691206649253948
camelyon17,all,cross_arch,43,resnet50,convnext_tiny,0.02043184501619144
camelyon17,all,cross_arch,43,resnet50,mobilenet_v3_large,0.0
camelyon17,all,cross_arch,43,resnet50,regnet_y_3_2gf,0.0035181044837447883
camelyon17,all,cross_arch,43,resnet50,effb3,0.0316252453780117
camelyon17,all,cross_arch,43,resnet50,efficientnet_v2_s,0.047397347903749276
camelyon17,all,cross_arch,43,densenet121,resnet18,0.0
camelyon17,all,cross_arch,43,densenet121,resnet50,0.0029150284893677547
camelyon17,all,cross_arch,43,densenet121,convnext_tiny,0.0
camelyon17,all,cross_arch,43,densenet121,mobilenet_v3_large,0.009212915931162025
camelyon17,all,cross_arch,43,densenet121,regnet_y_3_2gf,0.0
camelyon17,all,cross_arch,43,densenet121,effb3,0.0
camelyon17,all,cross_arch,43,densenet121,efficientnet_v2_s,0.0
camelyon17,all,cross_arch,43,convnext_tiny,resnet18,0.0
camelyon17,all,cross_arch,43,convnext_tiny,resnet50,0.0029150284893677547
camelyon17,all,cross_arch,43,convnext_tiny,densenet121,0.0
camelyon17,all,cross_arch,43,convnext_tiny,mobilenet_v3_large,0.009212915931162025
camelyon17,all,cross_arch,43,convnext_tiny,regnet_y_3_2gf,0.0
camelyon17,all,cross_arch,43,convnext_tiny,effb3,0.0
camelyon17,all,cross_arch,43,convnext_tiny,efficientnet_v2_s,0.0
camelyon17,all,cross_arch,43,mobilenet_v3_large,resnet18,0.010402191766106017
camelyon17,all,cross_arch,43,mobilenet_v3_large,resnet50,0.0
camelyon17,all,cross_arch,43,mobilenet_v3_large,densenet121,0.022691206649253948
camelyon17,all,cross_arch,43,mobilenet_v3_large,convnext_tiny,0.02043184501619144
camelyon17,all,cross_arch,43,mobilenet_v3_large,regnet_y_3_2gf,0.0035181044837447883
camelyon17,all,cross_arch,43,mobilenet_v3_large,effb3,0.0316252453780117
camelyon17,all,cross_arch,43,mobilenet_v3_large,efficientnet_v2_s,0.047397347903749276
camelyon17,all,cross_arch,43,regnet_y_3_2gf,resnet18,0.0
camelyon17,all,cross_arch,43,regnet_y_3_2gf,resnet50,0.0029150284893677547
camelyon17,all,cross_arch,43,regnet_y_3_2gf,densenet121,0.0
camelyon17,all,cross_arch,43,regnet_y_3_2gf,convnext_tiny,0.0
camelyon17,all,cross_arch,43,regnet_y_3_2gf,mobilenet_v3_large,0.009212915931162025
camelyon17,all,cross_arch,43,regnet_y_3_2gf,effb3,0.0
camelyon17,all,cross_arch,43,regnet_y_3_2gf,efficientnet_v2_s,0.0
camelyon17,all,cross_arch,43,effb3,resnet18,0.0
camelyon17,all,cross_arch,43,effb3,resnet50,0.0029150284893677547
camelyon17,all,cross_arch,43,effb3,densenet121,0.0
camelyon17,all,cross_arch,43,effb3,convnext_tiny,0.0
camelyon17,all,cross_arch,43,effb3,mobilenet_v3_large,0.009212915931162025
camelyon17,all,cross_arch,43,effb3,regnet_y_3_2gf,0.0
camelyon17,all,cross_arch,43,effb3,efficientnet_v2_s,0.0
camelyon17,all,cross_arch,43,efficientnet_v2_s,resnet18,0.0
camelyon17,all,cross_arch,43,efficientnet_v2_s,resnet50,0.0029150284893677547
camelyon17,all,cross_arch,43,efficientnet_v2_s,densenet121,0.0
camelyon17,all,cross_arch,43,efficientnet_v2_s,convnext_tiny,0.0
camelyon17,all,cross_arch,43,efficientnet_v2_s,mobilenet_v3_large,0.009212915931162025
camelyon17,all,cross_arch,43,efficientnet_v2_s,regnet_y_3_2gf,0.0
camelyon17,all,cross_arch,43,efficientnet_v2_s,effb3,0.0
camelyon17,all,cross_arch,44,resnet18,resnet50,0.03254747183959672
camelyon17,all,cross_arch,44,resnet18,densenet121,0.009712593756254218
camelyon17,all,cross_arch,44,resnet18,convnext_tiny,0.014835119611174341
camelyon17,all,cross_arch,44,resnet18,mobilenet_v3_large,0.004446123381253386
camelyon17,all,cross_arch,44,resnet18,regnet_y_3_2gf,0.016156482358694046
camelyon17,all,cross_arch,44,resnet18,effb3,0.0
camelyon17,all,cross_arch,44,resnet18,efficientnet_v2_s,0.0
camelyon17,all,cross_arch,44,resnet50,resnet18,0.005031162387392207
camelyon17,all,cross_arch,44,resnet50,densenet121,0.0
camelyon17,all,cross_arch,44,resnet50,convnext_tiny,0.0
camelyon17,all,cross_arch,44,resnet50,mobilenet_v3_large,0.0
camelyon17,all,cross_arch,44,resnet50,regnet_y_3_2gf,0.0
camelyon17,all,cross_arch,44,resnet50,effb3,0.15720595407060034
camelyon17,all,cross_arch,44,resnet50,efficientnet_v2_s,0.0008536736445609039
camelyon17,all,cross_arch,44,densenet121,resnet18,0.005031162387392207
camelyon17,all,cross_arch,44,densenet121,resnet50,0.0
camelyon17,all,cross_arch,44,densenet121,convnext_tiny,0.0
camelyon17,all,cross_arch,44,densenet121,mobilenet_v3_large,0.0
camelyon17,all,cross_arch,44,densenet121,regnet_y_3_2gf,0.0
camelyon17,all,cross_arch,44,densenet121,effb3,0.15720595407060034
camelyon17,all,cross_arch,44,densenet121,efficientnet_v2_s,0.0008536736445609039
camelyon17,all,cross_arch,44,convnext_tiny,resnet18,0.005031162387392207
camelyon17,all,cross_arch,44,convnext_tiny,resnet50,0.0
camelyon17,all,cross_arch,44,convnext_tiny,densenet121,0.0
camelyon17,all,cross_arch,44,convnext_tiny,mobilenet_v3_large,0.0
camelyon17,all,cross_arch,44,convnext_tiny,regnet_y_3_2gf,0.0
camelyon17,all,cross_arch,44,convnext_tiny,effb3,0.15720595407060034
camelyon17,all,cross_arch,44,convnext_tiny,efficientnet_v2_s,0.0008536736445609039
camelyon17,all,cross_arch,44,mobilenet_v3_large,resnet18,0.005031162387392207
camelyon17,all,cross_arch,44,mobilenet_v3_large,resnet50,0.0
camelyon17,all,cross_arch,44,mobilenet_v3_large,densenet121,0.0
camelyon17,all,cross_arch,44,mobilenet_v3_large,convnext_tiny,0.0
camelyon17,all,cross_arch,44,mobilenet_v3_large,regnet_y_3_2gf,0.0
camelyon17,all,cross_arch,44,mobilenet_v3_large,effb3,0.15720595407060034
camelyon17,all,cross_arch,44,mobilenet_v3_large,efficientnet_v2_s,0.0008536736445609039
camelyon17,all,cross_arch,44,regnet_y_3_2gf,resnet18,0.005031162387392207
camelyon17,all,cross_arch,44,regnet_y_3_2gf,resnet50,0.0
camelyon17,all,cross_arch,44,regnet_y_3_2gf,densenet121,0.0
camelyon17,all,cross_arch,44,regnet_y_3_2gf,convnext_tiny,0.0
camelyon17,all,cross_arch,44,regnet_y_3_2gf,mobilenet_v3_large,0.0
camelyon17,all,cross_arch,44,regnet_y_3_2gf,effb3,0.15720595407060034
camelyon17,all,cross_arch,44,regnet_y_3_2gf,efficientnet_v2_s,0.0008536736445609039
camelyon17,all,cross_arch,44,effb3,resnet18,0.0
camelyon17,all,cross_arch,44,effb3,resnet50,0.03254747183959672
camelyon17,all,cross_arch,44,effb3,densenet121,0.009712593756254218
camelyon17,all,cross_arch,44,effb3,convnext_tiny,0.014835119611174341
camelyon17,all,cross_arch,44,effb3,mobilenet_v3_large,0.004446123381253386
camelyon17,all,cross_arch,44,effb3,regnet_y_3_2gf,0.016156482358694046
camelyon17,all,cross_arch,44,effb3,efficientnet_v2_s,0.0
camelyon17,all,cross_arch,44,efficientnet_v2_s,resnet18,0.0
camelyon17,all,cross_arch,44,efficientnet_v2_s,resnet50,0.03254747183959672
camelyon17,all,cross_arch,44,efficientnet_v2_s,densenet121,0.009712593756254218
camelyon17,all,cross_arch,44,efficientnet_v2_s,convnext_tiny,0.014835119611174341
camelyon17,all,cross_arch,44,efficientnet_v2_s,mobilenet_v3_large,0.004446123381253386
camelyon17,all,cross_arch,44,efficientnet_v2_s,regnet_y_3_2gf,0.016156482358694046
camelyon17,all,cross_arch,44,efficientnet_v2_s,effb3,0.0
camelyon17,all,cross_arch,45,resnet18,resnet50,0.0
camelyon17,all,cross_arch,45,resnet18,densenet121,0.0
camelyon17,all,cross_arch,45,resnet18,convnext_tiny,0.0
camelyon17,all,cross_arch,45,resnet18,mobilenet_v3_large,0.012342019140164529
camelyon17,all,cross_arch,45,resnet18,regnet_y_3_2gf,0.0
camelyon17,all,cross_arch,45,resnet18,effb3,0.0
camelyon17,all,cross_arch,45,resnet18,efficientnet_v2_s,0.0
camelyon17,all,cross_arch,45,resnet50,resnet18,0.0
camelyon17,all,cross_arch,45,resnet50,densenet121,0.0
camelyon17,all,cross_arch,45,resnet50,convnext_tiny,0.0
camelyon17,all,cross_arch,45,resnet50,mobilenet_v3_large,0.012342019140164529
camelyon17,all,cross_arch,45,resnet50,regnet_y_3_2gf,0.0
camelyon17,all,cross_arch,45,resnet50,effb3,0.0
camelyon17,all,cross_arch,45,resnet50,efficientnet_v2_s,0.0
camelyon17,all,cross_arch,45,densenet121,resnet18,0.0
camelyon17,all,cross_arch,45,densenet121,resnet50,0.0
camelyon17,all,cross_arch,45,densenet121,convnext_tiny,0.0
camelyon17,all,cross_arch,45,densenet121,mobilenet_v3_large,0.012342019140164529
camelyon17,all,cross_arch,45,densenet121,regnet_y_3_2gf,0.0
camelyon17,all,cross_arch,45,densenet121,effb3,0.0
camelyon17,all,cross_arch,45,densenet121,efficientnet_v2_s,0.0
camelyon17,all,cross_arch,45,convnext_tiny,resnet18,0.0
camelyon17,all,cross_arch,45,convnext_tiny,resnet50,0.0
camelyon17,all,cross_arch,45,convnext_tiny,densenet121,0.0
camelyon17,all,cross_arch,45,convnext_tiny,mobilenet_v3_large,0.012342019140164529
camelyon17,all,cross_arch,45,convnext_tiny,regnet_y_3_2gf,0.0
camelyon17,all,cross_arch,45,convnext_tiny,effb3,0.0
camelyon17,all,cross_arch,45,convnext_tiny,efficientnet_v2_s,0.0
camelyon17,all,cross_arch,45,mobilenet_v3_large,resnet18,0.04112332842294697
camelyon17,all,cross_arch,45,mobilenet_v3_large,resnet50,0.04348186931821718
camelyon17,all,cross_arch,45,mobilenet_v3_large,densenet121,0.01495690895720081
camelyon17,all,cross_arch,45,mobilenet_v3_large,convnext_tiny,0.02349235599550259
camelyon17,all,cross_arch,45,mobilenet_v3_large,regnet_y_3_2gf,0.014739637607495859
camelyon17,all,cross_arch,45,mobilenet_v3_large,effb3,0.021597950231603602
camelyon17,all,cross_arch,45,mobilenet_v3_large,efficientnet_v2_s,0.0334137375686141
camelyon17,all,cross_arch,45,regnet_y_3_2gf,resnet18,0.0
camelyon17,all,cross_arch,45,regnet_y_3_2gf,resnet50,0.0
camelyon17,all,cross_arch,45,regnet_y_3_2gf,densenet121,0.0
camelyon17,all,cross_arch,45,regnet_y_3_2gf,convnext_tiny,0.0
camelyon17,all,cross_arch,45,regnet_y_3_2gf,mobilenet_v3_large,0.012342019140164529
camelyon17,all,cross_arch,45,regnet_y_3_2gf,effb3,0.0
camelyon17,all,cross_arch,45,regnet_y_3_2gf,efficientnet_v2_s,0.0
camelyon17,all,cross_arch,45,effb3,resnet18,0.0
camelyon17,all,cross_arch,45,effb3,resnet50,0.0
camelyon17,all,cross_arch,45,effb3,densenet121,0.0
camelyon17,all,cross_arch,45,effb3,convnext_tiny,0.0
camelyon17,all,cross_arch,45,effb3,mobilenet_v3_large,0.012342019140164529
camelyon17,all,cross_arch,45,effb3,regnet_y_3_2gf,0.0
camelyon17,all,cross_arch,45,effb3,efficientnet_v2_s,0.0
camelyon17,all,cross_arch,45,efficientnet_v2_s,resnet18,0.0
camelyon17,all,cross_arch,45,efficientnet_v2_s,resnet50,0.0
camelyon17,all,cross_arch,45,efficientnet_v2_s,densenet121,0.0
camelyon17,all,cross_arch,45,efficientnet_v2_s,convnext_tiny,0.0
camelyon17,all,cross_arch,45,efficientnet_v2_s,mobilenet_v3_large,0.012342019140164529
camelyon17,all,cross_arch,45,efficientnet_v2_s,regnet_y_3_2gf,0.0
camelyon17,all,cross_arch,45,efficientnet_v2_s,effb3,0.0
camelyon17,all,cross_arch,46,resnet18,resnet50,0.0
camelyon17,all,cross_arch,46,resnet18,densenet121,0.018034240211918018
camelyon17,all,cross_arch,46,resnet18,convnext_tiny,0.00939219609708497
camelyon17,all,cross_arch,46,resnet18,mobilenet_v3_large,0.0
camelyon17,all,cross_arch,46,resnet18,regnet_y_3_2gf,0.011774319955971002
camelyon17,all,cross_arch,46,resnet18,effb3,0.0
camelyon17,all,cross_arch,46,resnet18,efficientnet_v2_s,0.022364096750089657
camelyon17,all,cross_arch,46,resnet50,resnet18,0.0
camelyon17,all,cross_arch,46,resnet50,densenet121,0.018034240211918018
camelyon17,all,cross_arch,46,resnet50,convnext_tiny,0.00939219609708497
camelyon17,all,cross_arch,46,resnet50,mobilenet_v3_large,0.0
camelyon17,all,cross_arch,46,resnet50,regnet_y_3_2gf,0.011774319955971002
camelyon17,all,cross_arch,46,resnet50,effb3,0.0
camelyon17,all,cross_arch,46,resnet50,efficientnet_v2_s,0.022364096750089657
camelyon17,all,cross_arch,46,densenet121,resnet18,0.011250999610343593
camelyon17,all,cross_arch,46,densenet121,resnet50,0.005013696094576803
camelyon17,all,cross_arch,46,densenet121,convnext_tiny,0.0
camelyon17,all,cross_arch,46,densenet121,mobilenet_v3_large,0.024451118174857678
camelyon17,all,cross_arch,46,densenet121,regnet_y_3_2gf,0.0
camelyon17,all,cross_arch,46,densenet121,effb3,0.1454857780108173
camelyon17,all,cross_arch,46,densenet121,efficientnet_v2_s,0.0
camelyon17,all,cross_arch,46,convnext_tiny,resnet18,0.011250999610343593
camelyon17,all,cross_arch,46,convnext_tiny,resnet50,0.005013696094576803
camelyon17,all,cross_arch,46,convnext_tiny,densenet121,0.0
camelyon17,all,cross_arch,46,convnext_tiny,mobilenet_v3_large,0.024451118174857678
camelyon17,all,cross_arch,46,convnext_tiny,regnet_y_3_2gf,0.0
camelyon17,all,cross_arch,46,convnext_tiny,effb3,0.1454857780108173
camelyon17,all,cross_arch,46,convnext_tiny,efficientnet_v2_s,0.0
camelyon17,all,cross_arch,46,mobilenet_v3_large,resnet18,0.0
camelyon17,all,cross_arch,46,mobilenet_v3_large,resnet50,0.0
camelyon17,all,cross_arch,46,mobilenet_v3_large,densenet121,0.018034240211918018
camelyon17,all,cross_arch,46,mobilenet_v3_large,convnext_tiny,0.00939219609708497
camelyon17,all,cross_arch,46,mobilenet_v3_large,regnet_y_3_2gf,0.011774319955971002
camelyon17,all,cross_arch,46,mobilenet_v3_large,effb3,0.0
camelyon17,all,cross_arch,46,mobilenet_v3_large,efficientnet_v2_s,0.022364096750089657
camelyon17,all,cross_arch,46,regnet_y_3_2gf,resnet18,0.011250999610343593
camelyon17,all,cross_arch,46,regnet_y_3_2gf,resnet50,0.005013696094576803
camelyon17,all,cross_arch,46,regnet_y_3_2gf,densenet121,0.0
camelyon17,all,cross_arch,46,regnet_y_3_2gf,convnext_tiny,0.0
camelyon17,all,cross_arch,46,regnet_y_3_2gf,mobilenet_v3_large,0.024451118174857678
camelyon17,all,cross_arch,46,regnet_y_3_2gf,effb3,0.1454857780108173
camelyon17,all,cross_arch,46,regnet_y_3_2gf,efficientnet_v2_s,0.0
camelyon17,all,cross_arch,46,effb3,resnet18,0.0
camelyon17,all,cross_arch,46,effb3,resnet50,0.0
camelyon17,all,cross_arch,46,effb3,densenet121,0.018034240211918018
camelyon17,all,cross_arch,46,effb3,convnext_tiny,0.00939219609708497
camelyon17,all,cross_arch,46,effb3,mobilenet_v3_large,0.0
camelyon17,all,cross_arch,46,effb3,regnet_y_3_2gf,0.011774319955971002
camelyon17,all,cross_arch,46,effb3,efficientnet_v2_s,0.022364096750089657
camelyon17,all,cross_arch,46,efficientnet_v2_s,resnet18,0.011250999610343593
camelyon17,all,cross_arch,46,efficientnet_v2_s,resnet50,0.005013696094576803
camelyon17,all,cross_arch,46,efficientnet_v2_s,densenet121,0.0
camelyon17,all,cross_arch,46,efficientnet_v2_s,convnext_tiny,0.0
camelyon17,all,cross_arch,46,efficientnet_v2_s,mobilenet_v3_large,0.024451118174857678
camelyon17,all,cross_arch,46,efficientnet_v2_s,regnet_y_3_2gf,0.0
camelyon17,all,cross_arch,46,efficientnet_v2_s,effb3,0.1454857780108173
camelyon17,all,cross_seed,43,resnet18@42,resnet18@43,0.0
camelyon17,all,cross_seed,44,resnet18@42,resnet18@44,0.005031162387392207
camelyon17,all,cross_seed,45,resnet18@42,resnet18@45,0.0
camelyon17,all,cross_seed,46,resnet18@42,resnet18@46,0.011250999610343593
camelyon17,all,cross_seed,42,resnet18@43,resnet18@42,0.0
camelyon17,all,cross_seed,44,resnet18@43,resnet18@44,0.005031162387392207
camelyon17,all,cross_seed,45,resnet18@43,resnet18@45,0.0
camelyon17,all,cross_seed,46,resnet18@43,resnet18@46,0.011250999610343593
camelyon17,all,cross_seed,42,resnet18@44,resnet18@42,0.02019617986223321
camelyon17,all,cross_seed,43,resnet18@44,resnet18@43,0.010402191766106017
camelyon17,all,cross_seed,45,resnet18@44,resnet18@45,0.04112332842294697
camelyon17,all,cross_seed,46,resnet18@44,resnet18@46,0.0
camelyon17,all,cross_seed,42,resnet18@45,resnet18@42,0.0
camelyon17,all,cross_seed,43,resnet18@45,resnet18@43,0.0
camelyon17,all,cross_seed,44,resnet18@45,resnet18@44,0.005031162387392207
camelyon17,all,cross_seed,46,resnet18@45,resnet18@46,0.011250999610343593
camelyon17,all,cross_seed,42,resnet18@46,resnet18@42,0.02019617986223321
camelyon17,all,cross_seed,43,resnet18@46,resnet18@43,0.010402191766106017
camelyon17,all,cross_seed,44,resnet18@46,resnet18@44,0.0
camelyon17,all,cross_seed,45,resnet18@46,resnet18@45,0.04112332842294697
camelyon17,all,cross_seed,43,resnet50@42,resnet50@43,0.0029150284893677547
camelyon17,all,cross_seed,44,resnet50@42,resnet50@44,0.0
camelyon17,all,cross_seed,45,resnet50@42,resnet50@45,0.0
camelyon17,all,cross_seed,46,resnet50@42,resnet50@46,0.005013696094576803
camelyon17,all,cross_seed,42,resnet50@43,resnet50@42,0.02947164474743147
camelyon17,all,cross_seed,44,resnet50@43,resnet50@44,0.03254747183959672
camelyon17,all,cross_seed,45,resnet50@43,resnet50@45,0.04348186931821718
camelyon17,all,cross_seed,46,resnet50@43,resnet50@46,0.0
camelyon17,all,cross_seed,42,resnet50@44,resnet50@42,0.0
camelyon17,all,cross_seed,43,resnet50@44,resnet50@43,0.0029150284893677547
camelyon17,all,cross_seed,45,resnet50@44,resnet50@45,0.0
camelyon17,all,cross_seed,46,resnet50@44,resnet50@46,0.005013696094576803
camelyon17,all,cross_seed,42,resnet50@45,resnet50@42,0.0
camelyon17,all,cross_seed,43,resnet50@45,resnet50@43,0.0029150284893677547
camelyon17,all,cross_seed,44,resnet50@45,resnet50@44,0.0
camelyon17,all,cross_seed,46,resnet50@45,resnet50@46,0.005013696094576803
camelyon17,all,cross_seed,42,resnet50@46,resnet50@42,0.02947164474743147
camelyon17,all,cross_seed,43,resnet50@46,resnet50@43,0.0
camelyon17,all,cross_seed,44,resnet50@46,resnet50@44,0.03254747183959672
camelyon17,all,cross_seed,45,resnet50@46,resnet50@45,0.04348186931821718
camelyon17,all,cross_seed,43,densenet121@42,densenet121@43,0.0
camelyon17,all,cross_seed,44,densenet121@42,densenet121@44,0.0
camelyon17,all,cross_seed,45,densenet121@42,densenet121@45,0.0
camelyon17,all,cross_seed,46,densenet121@42,densenet121@46,0.0
camelyon17,all,cross_seed,42,densenet121@43,densenet121@42,0.0
camelyon17,all,cross_seed,44,densenet121@43,densenet121@44,0.0
camelyon17,all,cross_seed,45,densenet121@43,densenet121@45,0.0
camelyon17,all,cross_seed,46,densenet121@43,densenet121@46,0.0
camelyon17,all,cross_seed,42,densenet121@44,densenet121@42,0.0
camelyon17,all,cross_seed,43,densenet121@44,densenet121@43,0.0
camelyon17,all,cross_seed,45,densenet121@44,densenet121@45,0.0
camelyon17,all,cross_seed,46,densenet121@44,densenet121@46,0.0
camelyon17,all,cross_seed,42,densenet121@45,densenet121@42,0.0
camelyon17,all,cross_seed,43,densenet121@45,densenet121@43,0.0
camelyon17,all,cross_seed,44,densenet121@45,densenet121@44,0.0
camelyon17,all,cross_seed,46,densenet121@45,densenet121@46,0.0
camelyon17,all,cross_seed,42,densenet121@46,densenet121@42,0.0
camelyon17,all,cross_seed,43,densenet121@46,densenet121@43,0.0
camelyon17,all,cross_seed,44,densenet121@46,densenet121@44,0.0
camelyon17,all,cross_seed,45,densenet121@46,densenet121@45,0.0
camelyon17,all,cross_seed,43,convnext_tiny@42,convnext_tiny@43,0.0
camelyon17,all,cross_seed,44,convnext_tiny@42,convnext_tiny@44,0.0
camelyon17,all,cross_seed,45,convnext_tiny@42,convnext_tiny@45,0.0
camelyon17,all,cross_seed,46,convnext_tiny@42,convnext_tiny@46,0.0
camelyon17,all,cross_seed,42,convnext_tiny@43,convnext_tiny@42,0.0
camelyon17,all,cross_seed,44,convnext_tiny@43,convnext_tiny@44,0.0
camelyon17,all,cross_seed,45,convnext_tiny@43,convnext_tiny@45,0.0
camelyon17,all,cross_seed,46,convnext_tiny@43,convnext_tiny@46,0.0
camelyon17,all,cross_seed,42,convnext_tiny@44,convnext_tiny@42,0.0
camelyon17,all,cross_seed,43,convnext_tiny@44,convnext_tiny@43,0.0
camelyon17,all,cross_seed,45,convnext_tiny@44,convnext_tiny@45,0.0
camelyon17,all,cross_seed,46,convnext_tiny@44,convnext_tiny@46,0.0
camelyon17,all,cross_seed,42,convnext_tiny@45,convnext_tiny@42,0.0
camelyon17,all,cross_seed,43,convnext_tiny@45,convnext_tiny@43,0.0
camelyon17,all,cross_seed,44,convnext_tiny@45,convnext_tiny@44,0.0
camelyon17,all,cross_seed,46,convnext_tiny@45,convnext_tiny@46,0.0
camelyon17,all,cross_seed,42,convnext_tiny@46,convnext_tiny@42,0.0
camelyon17,all,cross_seed,43,convnext_tiny@46,convnext_tiny@43,0.0
camelyon17,all,cross_seed,44,convnext_tiny@46,convnext_tiny@44,0.0
camelyon17,all,cross_seed,45,convnext_tiny@46,convnext_tiny@45,0.0
camelyon17,all,cross_seed,43,mobilenet_v3_large@42,mobilenet_v3_large@43,0.0
camelyon17,all,cross_seed,44,mobilenet_v3_large@42,mobilenet_v3_large@44,0.004446123381253386
camelyon17,all,cross_seed,45,mobilenet_v3_large@42,mobilenet_v3_large@45,0.0
camelyon17,all,cross_seed,46,mobilenet_v3_large@42,mobilenet_v3_large@46,0.0
camelyon17,all,cross_seed,42,mobilenet_v3_large@43,mobilenet_v3_large@42,0.0
camelyon17,all,cross_seed,44,mobilenet_v3_large@43,mobilenet_v3_large@44,0.004446123381253386
camelyon17,all,cross_seed,45,mobilenet_v3_large@43,mobilenet_v3_large@45,0.0
camelyon17,all,cross_seed,46,mobilenet_v3_large@43,mobilenet_v3_large@46,0.0
camelyon17,all,cross_seed,42,mobilenet_v3_large@44,mobilenet_v3_large@42,0.03425462416739067
camelyon17,all,cross_seed,43,mobilenet_v3_large@44,mobilenet_v3_large@43,0.009212915931162025
camelyon17,all,cross_seed,45,mobilenet_v3_large@44,mobilenet_v3_large@45,0.012342019140164529
camelyon17,all,cross_seed,46,mobilenet_v3_large@44,mobilenet_v3_large@46,0.024451118174857678
camelyon17,all,cross_seed,42,mobilenet_v3_large@45,mobilenet_v3_large@42,0.0
camelyon17,all,cross_seed,43,mobilenet_v3_large@45,mobilenet_v3_large@43,0.0
camelyon17,all,cross_seed,44,mobilenet_v3_large@45,mobilenet_v3_large@44,0.004446123381253386
camelyon17,all,cross_seed,46,mobilenet_v3_large@45,mobilenet_v3_large@46,0.0
camelyon17,all,cross_seed,42,mobilenet_v3_large@46,mobilenet_v3_large@42,0.0
camelyon17,all,cross_seed,43,mobilenet_v3_large@46,mobilenet_v3_large@43,0.0
camelyon17,all,cross_seed,44,mobilenet_v3_large@46,mobilenet_v3_large@44,0.004446123381253386
camelyon17,all,cross_seed,45,mobilenet_v3_large@46,mobilenet_v3_large@45,0.0
camelyon17,all,cross_seed,43,regnet_y_3_2gf@42,regnet_y_3_2gf@43,0.0
camelyon17,all,cross_seed,44,regnet_y_3_2gf@42,regnet_y_3_2gf@44,0.0
camelyon17,all,cross_seed,45,regnet_y_3_2gf@42,regnet_y_3_2gf@45,0.0
camelyon17,all,cross_seed,46,regnet_y_3_2gf@42,regnet_y_3_2gf@46,0.0
camelyon17,all,cross_seed,42,regnet_y_3_2gf@43,regnet_y_3_2gf@42,0.0
camelyon17,all,cross_seed,44,regnet_y_3_2gf@43,regnet_y_3_2gf@44,0.0
camelyon17,all,cross_seed,45,regnet_y_3_2gf@43,regnet_y_3_2gf@45,0.0
camelyon17,all,cross_seed,46,regnet_y_3_2gf@43,regnet_y_3_2gf@46,0.0
camelyon17,all,cross_seed,42,regnet_y_3_2gf@44,regnet_y_3_2gf@42,0.0
camelyon17,all,cross_seed,43,regnet_y_3_2gf@44,regnet_y_3_2gf@43,0.0
camelyon17,all,cross_seed,45,regnet_y_3_2gf@44,regnet_y_3_2gf@45,0.0
camelyon17,all,cross_seed,46,regnet_y_3_2gf@44,regnet_y_3_2gf@46,0.0
camelyon17,all,cross_seed,42,regnet_y_3_2gf@45,regnet_y_3_2gf@42,0.0
camelyon17,all,cross_seed,43,regnet_y_3_2gf@45,regnet_y_3_2gf@43,0.0
camelyon17,all,cross_seed,44,regnet_y_3_2gf@45,regnet_y_3_2gf@44,0.0
camelyon17,all,cross_seed,46,regnet_y_3_2gf@45,regnet_y_3_2gf@46,0.0
camelyon17,all,cross_seed,42,regnet_y_3_2gf@46,regnet_y_3_2gf@42,0.0
camelyon17,all,cross_seed,43,regnet_y_3_2gf@46,regnet_y_3_2gf@43,0.0
camelyon17,all,cross_seed,44,regnet_y_3_2gf@46,regnet_y_3_2gf@44,0.0
camelyon17,all,cross_seed,45,regnet_y_3_2gf@46,regnet_y_3_2gf@45,0.0
camelyon17,all,cross_seed,43,effb3@42,effb3@43,0.0316252453780117
camelyon17,all,cross_seed,44,effb3@42,effb3@44,0.0
camelyon17,all,cross_seed,45,effb3@42,effb3@45,0.021597950231603602
camelyon17,all,cross_seed,46,effb3@42,effb3@46,0.0
camelyon17,all,cross_seed,42,effb3@43,effb3@42,0.04858840764359962
camelyon17,all,cross_seed,44,effb3@43,effb3@44,0.15720595407060034
camelyon17,all,cross_seed,45,effb3@43,effb3@45,0.0
camelyon17,all,cross_seed,46,effb3@43,effb3@46,0.1454857780108173
camelyon17,all,cross_seed,42,effb3@44,effb3@42,0.0
camelyon17,all,cross_seed,43,effb3@44,effb3@43,0.0316252453780117
camelyon17,all,cross_seed,45,effb3@44,effb3@45,0.021597950231603602
camelyon17,all,cross_seed,46,effb3@44,effb3@46,0.0
camelyon17,all,cross_seed,42,effb3@45,effb3@42,0.04858840764359962
camelyon17,all,cross_seed,43,effb3@45,effb3@43,0.0
camelyon17,all,cross_seed,44,effb3@45,effb3@44,0.15720595407060034
camelyon17,all,cross_seed,46,effb3@45,effb3@46,0.1454857780108173
camelyon17,all,cross_seed,42,effb3@46,effb3@42,0.0
camelyon17,all,cross_seed,43,effb3@46,effb3@43,0.0316252453780117
camelyon17,all,cross_seed,44,effb3@46,effb3@44,0.0
camelyon17,all,cross_seed,45,effb3@46,effb3@45,0.021597950231603602
camelyon17,all,cross_seed,43,efficientnet_v2_s@42,efficientnet_v2_s@43,0.0
camelyon17,all,cross_seed,44,efficientnet_v2_s@42,efficientnet_v2_s@44,0.0008536736445609039
camelyon17,all,cross_seed,45,efficientnet_v2_s@42,efficientnet_v2_s@45,0.0
camelyon17,all,cross_seed,46,efficientnet_v2_s@42,efficientnet_v2_s@46,0.0
camelyon17,all,cross_seed,42,efficientnet_v2_s@43,efficientnet_v2_s@42,0.0
camelyon17,all,cross_seed,44,efficientnet_v2_s@43,efficientnet_v2_s@44,0.0008536736445609039
camelyon17,all,cross_seed,45,efficientnet_v2_s@43,efficientnet_v2_s@45,0.0
camelyon17,all,cross_seed,46,efficientnet_v2_s@43,efficientnet_v2_s@46,0.0
camelyon17,all,cross_seed,42,efficientnet_v2_s@44,efficientnet_v2_s@42,0.024342125333655318
camelyon17,all,cross_seed,43,efficientnet_v2_s@44,efficientnet_v2_s@43,0.047397347903749276
camelyon17,all,cross_seed,45,efficientnet_v2_s@44,efficientnet_v2_s@45,0.0334137375686141
camelyon17,all,cross_seed,46,efficientnet_v2_s@44,efficientnet_v2_s@46,0.022364096750089657
camelyon17,all,cross_seed,42,efficientnet_v2_s@45,efficientnet_v2_s@42,0.0
camelyon17,all,cross_seed,43,efficientnet_v2_s@45,efficientnet_v2_s@43,0.0
camelyon17,all,cross_seed,44,efficientnet_v2_s@45,efficientnet_v2_s@44,0.0008536736445609039
camelyon17,all,cross_seed,46,efficientnet_v2_s@45,efficientnet_v2_s@46,0.0
camelyon17,all,cross_seed,42,efficientnet_v2_s@46,efficientnet_v2_s@42,0.0
camelyon17,all,cross_seed,43,efficientnet_v2_s@46,efficientnet_v2_s@43,0.0
camelyon17,all,cross_seed,44,efficientnet_v2_s@46,efficientnet_v2_s@44,0.0008536736445609039
camelyon17,all,cross_seed,45,efficientnet_v2_s@46,efficientnet_v2_s@45,0.0
skin_isic_pad,nonfeature,cross_arch,42,resnet18,resnet50,0.0
skin_isic_pad,nonfeature,cross_arch,42,resnet18,densenet121,0.0
skin_isic_pad,nonfeature,cross_arch,42,resnet18,convnext_tiny,0.0
skin_isic_pad,nonfeature,cross_arch,42,resnet18,mobilenet_v3_large,0.0
skin_isic_pad,nonfeature,cross_arch,42,resnet18,regnet_y_3_2gf,0.0043087704108550895
skin_isic_pad,nonfeature,cross_arch,42,resnet18,effb3,0.0
skin_isic_pad,nonfeature,cross_arch,42,resnet18,efficientnet_v2_s,0.0
skin_isic_pad,nonfeature,cross_arch,42,resnet50,resnet18,0.0
skin_isic_pad,nonfeature,cross_arch,42,resnet50,densenet121,0.0
skin_isic_pad,nonfeature,cross_arch,42,resnet50,convnext_tiny,0.0
skin_isic_pad,nonfeature,cross_arch,42,resnet50,mobilenet_v3_large,0.0
skin_isic_pad,nonfeature,cross_arch,42,resnet50,regnet_y_3_2gf,0.0043087704108550895
skin_isic_pad,nonfeature,cross_arch,42,resnet50,effb3,0.0
skin_isic_pad,nonfeature,cross_arch,42,resnet50,efficientnet_v2_s,0.0
skin_isic_pad,nonfeature,cross_arch,42,densenet121,resnet18,0.0
skin_isic_pad,nonfeature,cross_arch,42,densenet121,resnet50,0.0
skin_isic_pad,nonfeature,cross_arch,42,densenet121,convnext_tiny,0.0
skin_isic_pad,nonfeature,cross_arch,42,densenet121,mobilenet_v3_large,0.0
skin_isic_pad,nonfeature,cross_arch,42,densenet121,regnet_y_3_2gf,0.0043087704108550895
skin_isic_pad,nonfeature,cross_arch,42,densenet121,effb3,0.0
skin_isic_pad,nonfeature,cross_arch,42,densenet121,efficientnet_v2_s,0.0
skin_isic_pad,nonfeature,cross_arch,42,convnext_tiny,resnet18,0.0
skin_isic_pad,nonfeature,cross_arch,42,convnext_tiny,resnet50,0.0
skin_isic_pad,nonfeature,cross_arch,42,convnext_tiny,densenet121,0.0
skin_isic_pad,nonfeature,cross_arch,42,convnext_tiny,mobilenet_v3_large,0.0
skin_isic_pad,nonfeature,cross_arch,42,convnext_tiny,regnet_y_3_2gf,0.0043087704108550895
skin_isic_pad,nonfeature,cross_arch,42,convnext_tiny,effb3,0.0
skin_isic_pad,nonfeature,cross_arch,42,convnext_tiny,efficientnet_v2_s,0.0
skin_isic_pad,nonfeature,cross_arch,42,mobilenet_v3_large,resnet18,0.0
skin_isic_pad,nonfeature,cross_arch,42,mobilenet_v3_large,resnet50,0.0
skin_isic_pad,nonfeature,cross_arch,42,mobilenet_v3_large,densenet121,0.0
skin_isic_pad,nonfeature,cross_arch,42,mobilenet_v3_large,convnext_tiny,0.0
skin_isic_pad,nonfeature,cross_arch,42,mobilenet_v3_large,regnet_y_3_2gf,0.0043087704108550895
skin_isic_pad,nonfeature,cross_arch,42,mobilenet_v3_large,effb3,0.0
skin_isic_pad,nonfeature,cross_arch,42,mobilenet_v3_large,efficientnet_v2_s,0.0
skin_isic_pad,nonfeature,cross_arch,42,regnet_y_3_2gf,resnet18,0.040533106057531354
skin_isic_pad,nonfeature,cross_arch,42,regnet_y_3_2gf,resnet50,0.1420699233846059
skin_isic_pad,nonfeature,cross_arch,42,regnet_y_3_2gf,densenet121,0.06875318479236292
skin_isic_pad,nonfeature,cross_arch,42,regnet_y_3_2gf,convnext_tiny,0.0646067542400014
skin_isic_pad,nonfeature,cross_arch,42,regnet_y_3_2gf,mobilenet_v3_large,0.046981605992144626
skin_isic_pad,nonfeature,cross_arch,42,regnet_y_3_2gf,effb3,0.062040882587697244
skin_isic_pad,nonfeature,cross_arch,42,regnet_y_3_2gf,efficientnet_v2_s,0.018574385475993882
skin_isic_pad,nonfeature,cross_arch,42,effb3,resnet18,0.0
skin_isic_pad,nonfeature,cross_arch,42,effb3,resnet50,0.0
skin_isic_pad,nonfeature,cross_arch,42,effb3,densenet121,0.0
skin_isic_pad,nonfeature,cross_arch,42,effb3,convnext_tiny,0.0
skin_isic_pad,nonfeature,cross_arch,42,effb3,mobilenet_v3_large,0.0
skin_isic_pad,nonfeature,cross_arch,42,effb3,regnet_y_3_2gf,0.0043087704108550895
skin_isic_pad,nonfeature,cross_arch,42,effb3,efficientnet_v2_s,0.0
skin_isic_pad,nonfeature,cross_arch,42,efficientnet_v2_s,resnet18,0.0
skin_isic_pad,nonfeature,cross_arch,42,efficientnet_v2_s,resnet50,0.0
skin_isic_pad,nonfeature,cross_arch,42,efficientnet_v2_s,densenet121,0.0
skin_isic_pad,nonfeature,cross_arch,42,efficientnet_v2_s,convnext_tiny,0.0
skin_isic_pad,nonfeature,cross_arch,42,efficientnet_v2_s,mobilenet_v3_large,0.0
skin_isic_pad,nonfeature,cross_arch,42,efficientnet_v2_s,regnet_y_3_2gf,0.0043087704108550895
skin_isic_pad,nonfeature,cross_arch,42,efficientnet_v2_s,effb3,0.0
skin_isic_pad,nonfeature,cross_arch,43,resnet18,resnet50,0.0
skin_isic_pad,nonfeature,cross_arch,43,resnet18,densenet121,0.0
skin_isic_pad,nonfeature,cross_arch,43,resnet18,convnext_tiny,0.0
skin_isic_pad,nonfeature,cross_arch,43,resnet18,mobilenet_v3_large,0.0
skin_isic_pad,nonfeature,cross_arch,43,resnet18,regnet_y_3_2gf,0.0
skin_isic_pad,nonfeature,cross_arch,43,resnet18,effb3,0.0
skin_isic_pad,nonfeature,cross_arch,43,resnet18,efficientnet_v2_s,0.0
skin_isic_pad,nonfeature,cross_arch,43,resnet50,resnet18,0.0
skin_isic_pad,nonfeature,cross_arch,43,resnet50,densenet121,0.0
skin_isic_pad,nonfeature,cross_arch,43,resnet50,convnext_tiny,0.0
skin_isic_pad,nonfeature,cross_arch,43,resnet50,mobilenet_v3_large,0.0
skin_isic_pad,nonfeature,cross_arch,43,resnet50,regnet_y_3_2gf,0.0
skin_isic_pad,nonfeature,cross_arch,43,resnet50,effb3,0.0
skin_isic_pad,nonfeature,cross_arch,43,resnet50,efficientnet_v2_s,0.0
skin_isic_pad,nonfeature,cross_arch,43,densenet121,resnet18,0.0
skin_isic_pad,nonfeature,cross_arch,43,densenet121,resnet50,0.0
skin_isic_pad,nonfeature,cross_arch,43,densenet121,convnext_tiny,0.0
skin_isic_pad,nonfeature,cross_arch,43,densenet121,mobilenet_v3_large,0.0
skin_isic_pad,nonfeature,cross_arch,43,densenet121,regnet_y_3_2gf,0.0
skin_isic_pad,nonfeature,cross_arch,43,densenet121,effb3,0.0
skin_isic_pad,nonfeature,cross_arch,43,densenet121,efficientnet_v2_s,0.0
skin_isic_pad,nonfeature,cross_arch,43,convnext_tiny,resnet18,0.0
skin_isic_pad,nonfeature,cross_arch,43,convnext_tiny,resnet50,0.0
skin_isic_pad,nonfeature,cross_arch,43,convnext_tiny,densenet121,0.0
skin_isic_pad,nonfeature,cross_arch,43,convnext_tiny,mobilenet_v3_large,0.0
skin_isic_pad,nonfeature,cross_arch,43,convnext_tiny,regnet_y_3_2gf,0.0
skin_isic_pad,nonfeature,cross_arch,43,convnext_tiny,effb3,0.0
skin_isic_pad,nonfeature,cross_arch,43,convnext_tiny,efficientnet_v2_s,0.0
skin_isic_pad,nonfeature,cross_arch,43,mobilenet_v3_large,resnet18,0.0
skin_isic_pad,nonfeature,cross_arch,43,mobilenet_v3_large,resnet50,0.0
skin_isic_pad,nonfeature,cross_arch,43,mobilenet_v3_large,densenet121,0.0
skin_isic_pad,nonfeature,cross_arch,43,mobilenet_v3_large,convnext_tiny,0.0
skin_isic_pad,nonfeature,cross_arch,43,mobilenet_v3_large,regnet_y_3_2gf,0.0
skin_isic_pad,nonfeature,cross_arch,43,mobilenet_v3_large,effb3,0.0
skin_isic_pad,nonfeature,cross_arch,43,mobilenet_v3_large,efficientnet_v2_s,0.0
skin_isic_pad,nonfeature,cross_arch,43,regnet_y_3_2gf,resnet18,0.0
skin_isic_pad,nonfeature,cross_arch,43,regnet_y_3_2gf,resnet50,0.0
skin_isic_pad,nonfeature,cross_arch,43,regnet_y_3_2gf,densenet121,0.0
skin_isic_pad,nonfeature,cross_arch,43,regnet_y_3_2gf,convnext_tiny,0.0
skin_isic_pad,nonfeature,cross_arch,43,regnet_y_3_2gf,mobilenet_v3_large,0.0
skin_isic_pad,nonfeature,cross_arch,43,regnet_y_3_2gf,effb3,0.0
skin_isic_pad,nonfeature,cross_arch,43,regnet_y_3_2gf,efficientnet_v2_s,0.0
skin_isic_pad,nonfeature,cross_arch,43,effb3,resnet18,0.0
skin_isic_pad,nonfeature,cross_arch,43,effb3,resnet50,0.0
skin_isic_pad,nonfeature,cross_arch,43,effb3,densenet121,0.0
skin_isic_pad,nonfeature,cross_arch,43,effb3,convnext_tiny,0.0
skin_isic_pad,nonfeature,cross_arch,43,effb3,mobilenet_v3_large,0.0
skin_isic_pad,nonfeature,cross_arch,43,effb3,regnet_y_3_2gf,0.0
skin_isic_pad,nonfeature,cross_arch,43,effb3,efficientnet_v2_s,0.0
skin_isic_pad,nonfeature,cross_arch,43,efficientnet_v2_s,resnet18,0.0
skin_isic_pad,nonfeature,cross_arch,43,efficientnet_v2_s,resnet50,0.0
skin_isic_pad,nonfeature,cross_arch,43,efficientnet_v2_s,densenet121,0.0
skin_isic_pad,nonfeature,cross_arch,43,efficientnet_v2_s,convnext_tiny,0.0
skin_isic_pad,nonfeature,cross_arch,43,efficientnet_v2_s,mobilenet_v3_large,0.0
skin_isic_pad,nonfeature,cross_arch,43,efficientnet_v2_s,regnet_y_3_2gf,0.0
skin_isic_pad,nonfeature,cross_arch,43,efficientnet_v2_s,effb3,0.0
skin_isic_pad,nonfeature,cross_arch,44,resnet18,resnet50,0.0
skin_isic_pad,nonfeature,cross_arch,44,resnet18,densenet121,0.01498712554733339
skin_isic_pad,nonfeature,cross_arch,44,resnet18,convnext_tiny,0.0
skin_isic_pad,nonfeature,cross_arch,44,resnet18,mobilenet_v3_large,0.043218477883449014
skin_isic_pad,nonfeature,cross_arch,44,resnet18,regnet_y_3_2gf,0.0
skin_isic_pad,nonfeature,cross_arch,44,resnet18,effb3,0.0
skin_isic_pad,nonfeature,cross_arch,44,resnet18,efficientnet_v2_s,0.0
skin_isic_pad,nonfeature,cross_arch,44,resnet50,resnet18,0.0
skin_isic_pad,nonfeature,cross_arch,44,resnet50,densenet121,0.01498712554733339
skin_isic_pad,nonfeature,cross_arch,44,resnet50,convnext_tiny,0.0
skin_isic_pad,nonfeature,cross_arch,44,resnet50,mobilenet_v3_large,0.043218477883449014
skin_isic_pad,nonfeature,cross_arch,44,resnet50,regnet_y_3_2gf,0.0
skin_isic_pad,nonfeature,cross_arch,44,resnet50,effb3,0.0
skin_isic_pad,nonfeature,cross_arch,44,resnet50,efficientnet_v2_s,0.0
skin_isic_pad,nonfeature,cross_arch,44,densenet121,resnet18,0.10715558020716365
skin_isic_pad,nonfeature,cross_arch,44,densenet121,resnet50,0.01052503415901207
skin_isic_pad,nonfeature,cross_arch,44,densenet121,convnext_tiny,0.07682282859165668
skin_isic_pad,nonfeature,cross_arch,44,densenet121,mobilenet_v3_large,0.0
skin_isic_pad,nonfeature,cross_arch,44,densenet121,regnet_y_3_2gf,0.06637220020112111
skin_isic_pad,nonfeature,cross_arch,44,densenet121,effb3,0.04773693727819206
skin_isic_pad,nonfeature,cross_arch,44,densenet121,efficientnet_v2_s,0.06059109746253788
skin_isic_pad,nonfeature,cross_arch,44,convnext_tiny,resnet18,0.0
skin_isic_pad,nonfeature,cross_arch,44,convnext_tiny,resnet50,0.0
skin_isic_pad,nonfeature,cross_arch,44,convnext_tiny,densenet121,0.01498712554733339
skin_isic_pad,nonfeature,cross_arch,44,convnext_tiny,mobilenet_v3_large,0.043218477883449014
skin_isic_pad,nonfeature,cross_arch,44,convnext_tiny,regnet_y_3_2gf,0.0
skin_isic_pad,nonfeature,cross_arch,44,convnext_tiny,effb3,0.0
skin_isic_pad,nonfeature,cross_arch,44,convnext_tiny,efficientnet_v2_s,0.0
skin_isic_pad,nonfeature,cross_arch,44,mobilenet_v3_large,resnet18,0.10715558020716365
skin_isic_pad,nonfeature,cross_arch,44,mobilenet_v3_large,resnet50,0.01052503415901207
skin_isic_pad,nonfeature,cross_arch,44,mobilenet_v3_large,densenet121,0.0
skin_isic_pad,nonfeature,cross_arch,44,mobilenet_v3_large,convnext_tiny,0.07682282859165668
skin_isic_pad,nonfeature,cross_arch,44,mobilenet_v3_large,regnet_y_3_2gf,0.06637220020112111
skin_isic_pad,nonfeature,cross_arch,44,mobilenet_v3_large,effb3,0.04773693727819206
skin_isic_pad,nonfeature,cross_arch,44,mobilenet_v3_large,efficientnet_v2_s,0.06059109746253788
skin_isic_pad,nonfeature,cross_arch,44,regnet_y_3_2gf,resnet18,0.0
skin_isic_pad,nonfeature,cross_arch,44,regnet_y_3_2gf,resnet50,0.0
skin_isic_pad,nonfeature,cross_arch,44,regnet_y_3_2gf,densenet121,0.01498712554733339
skin_isic_pad,nonfeature,cross_arch,44,regnet_y_3_2gf,convnext_tiny,0.0
skin_isic_pad,nonfeature,cross_arch,44,regnet_y_3_2gf,mobilenet_v3_large,0.043218477883449014
skin_isic_pad,nonfeature,cross_arch,44,regnet_y_3_2gf,effb3,0.0
skin_isic_pad,nonfeature,cross_arch,44,regnet_y_3_2gf,efficientnet_v2_s,0.0
skin_isic_pad,nonfeature,cross_arch,44,effb3,resnet18,0.0
skin_isic_pad,nonfeature,cross_arch,44,effb3,resnet50,0.0
skin_isic_pad,nonfeature,cross_arch,44,effb3,densenet121,0.01498712554733339
skin_isic_pad,nonfeature,cross_arch,44,effb3,convnext_tiny,0.0
skin_isic_pad,nonfeature,cross_arch,44,effb3,mobilenet_v3_large,0.043218477883449014
skin_isic_pad,nonfeature,cross_arch,44,effb3,regnet_y_3_2gf,0.0
skin_isic_pad,nonfeature,cross_arch,44,effb3,efficientnet_v2_s,0.0
skin_isic_pad,nonfeature,cross_arch,44,efficientnet_v2_s,resnet18,0.0
skin_isic_pad,nonfeature,cross_arch,44,efficientnet_v2_s,resnet50,0.0
skin_isic_pad,nonfeature,cross_arch,44,efficientnet_v2_s,densenet121,0.01498712554733339
skin_isic_pad,nonfeature,cross_arch,44,efficientnet_v2_s,convnext_tiny,0.0
skin_isic_pad,nonfeature,cross_arch,44,efficientnet_v2_s,mobilenet_v3_large,0.043218477883449014
skin_isic_pad,nonfeature,cross_arch,44,efficientnet_v2_s,regnet_y_3_2gf,0.0
skin_isic_pad,nonfeature,cross_arch,44,efficientnet_v2_s,effb3,0.0
skin_isic_pad,nonfeature,cross_arch,45,resnet18,resnet50,0.0
skin_isic_pad,nonfeature,cross_arch,45,resnet18,densenet121,0.057903470916363387
skin_isic_pad,nonfeature,cross_arch,45,resnet18,convnext_tiny,0.0
skin_isic_pad,nonfeature,cross_arch,45,resnet18,mobilenet_v3_large,0.0
skin_isic_pad,nonfeature,cross_arch,45,resnet18,regnet_y_3_2gf,0.0
skin_isic_pad,nonfeature,cross_arch,45,resnet18,effb3,0.0
skin_isic_pad,nonfeature,cross_arch,45,resnet18,efficientnet_v2_s,0.0
skin_isic_pad,nonfeature,cross_arch,45,resnet50,resnet18,0.0
skin_isic_pad,nonfeature,cross_arch,45,resnet50,densenet121,0.057903470916363387
skin_isic_pad,nonfeature,cross_arch,45,resnet50,convnext_tiny,0.0
skin_isic_pad,nonfeature,cross_arch,45,resnet50,mobilenet_v3_large,0.0
skin_isic_pad,nonfeature,cross_arch,45,resnet50,regnet_y_3_2gf,0.0
skin_isic_pad,nonfeature,cross_arch,45,resnet50,effb3,0.0
skin_isic_pad,nonfeature,cross_arch,45,resnet50,efficientnet_v2_s,0.0
skin_isic_pad,nonfeature,cross_arch,45,densenet121,resnet18,0.09058225895913086
skin_isic_pad,nonfeature,cross_arch,45,densenet121,resnet50,0.08131986814395942
skin_isic_pad,nonfeature,cross_arch,45,densenet121,convnext_tiny,0.09880747845614779
skin_isic_pad,nonfeature,cross_arch,45,densenet121,mobilenet_v3_large,0.03336084092046687
skin_isic_pad,nonfeature,cross_arch,45,densenet121,regnet_y_3_2gf,0.05085747011368302
skin_isic_pad,nonfeature,cross_arch,45,densenet121,effb3,0.06582204845844775
skin_isic_pad,nonfeature,cross_arch,45,densenet121,efficientnet_v2_s,0.044439408902537614
skin_isic_pad,nonfeature,cross_arch,45,convnext_tiny,resnet18,0.0
skin_isic_pad,nonfeature,cross_arch,45,convnext_tiny,resnet50,0.0
skin_isic_pad,nonfeature,cross_arch,45,convnext_tiny,densenet121,0.057903470916363387
skin_isic_pad,nonfeature,cross_arch,45,convnext_tiny,mobilenet_v3_large,0.0
skin_isic_pad,nonfeature,cross_arch,45,convnext_tiny,regnet_y_3_2gf,0.0
skin_isic_pad,nonfeature,cross_arch,45,convnext_tiny,effb3,0.0
skin_isic_pad,nonfeature,cross_arch,45,convnext_tiny,efficientnet_v2_s,0.0
skin_isic_pad,nonfeature,cross_arch,45,mobilenet_v3_large,resnet18,0.0
skin_isic_pad,nonfeature,cross_arch,45,mobilenet_v3_large,resnet50,0.0
skin_isic_pad,nonfeature,cross_arch,45,mobilenet_v3_large,densenet121,0.057903470916363387
skin_isic_pad,nonfeature,cross_arch,45,mobilenet_v3_large,convnext_tiny,0.0
skin_isic_pad,nonfeature,cross_arch,45,mobilenet_v3_large,regnet_y_3_2gf,0.0
skin_isic_pad,nonfeature,cross_arch,45,mobilenet_v3_large,effb3,0.0
skin_isic_pad,nonfeature,cross_arch,45,mobilenet_v3_large,efficientnet_v2_s,0.0
skin_isic_pad,nonfeature,cross_arch,45,regnet_y_3_2gf,resnet18,0.0
skin_isic_pad,nonfeature,cross_arch,45,regnet_y_3_2gf,resnet50,0.0
skin_isic_pad,nonfeature,cross_arch,45,regnet_y_3_2gf,densenet121,0.057903470916363387
skin_isic_pad,nonfeature,cross_arch,45,regnet_y_3_2gf,convnext_tiny,0.0
skin_isic_pad,nonfeature,cross_arch,45,regnet_y_3_2gf,mobilenet_v3_large,0.0
skin_isic_pad,nonfeature,cross_arch,45,regnet_y_3_2gf,effb3,0.0
skin_isic_pad,nonfeature,cross_arch,45,regnet_y_3_2gf,efficientnet_v2_s,0.0
skin_isic_pad,nonfeature,cross_arch,45,effb3,resnet18,0.0
skin_isic_pad,nonfeature,cross_arch,45,effb3,resnet50,0.0
skin_isic_pad,nonfeature,cross_arch,45,effb3,densenet121,0.057903470916363387
skin_isic_pad,nonfeature,cross_arch,45,effb3,convnext_tiny,0.0
skin_isic_pad,nonfeature,cross_arch,45,effb3,mobilenet_v3_large,0.0
skin_isic_pad,nonfeature,cross_arch,45,effb3,regnet_y_3_2gf,0.0
skin_isic_pad,nonfeature,cross_arch,45,effb3,efficientnet_v2_s,0.0
skin_isic_pad,nonfeature,cross_arch,45,efficientnet_v2_s,resnet18,0.0
skin_isic_pad,nonfeature,cross_arch,45,efficientnet_v2_s,resnet50,0.0
skin_isic_pad,nonfeature,cross_arch,45,efficientnet_v2_s,densenet121,0.057903470916363387
skin_isic_pad,nonfeature,cross_arch,45,efficientnet_v2_s,convnext_tiny,0.0
skin_isic_pad,nonfeature,cross_arch,45,efficientnet_v2_s,mobilenet_v3_large,0.0
skin_isic_pad,nonfeature,cross_arch,45,efficientnet_v2_s,regnet_y_3_2gf,0.0
skin_isic_pad,nonfeature,cross_arch,45,efficientnet_v2_s,effb3,0.0
skin_isic_pad,nonfeature,cross_arch,46,resnet18,resnet50,0.013926279666481856
skin_isic_pad,nonfeature,cross_arch,46,resnet18,densenet121,0.02384704879665589
skin_isic_pad,nonfeature,cross_arch,46,resnet18,convnext_tiny,0.09054843815527791
skin_isic_pad,nonfeature,cross_arch,46,resnet18,mobilenet_v3_large,0.040449681408027516
skin_isic_pad,nonfeature,cross_arch,46,resnet18,regnet_y_3_2gf,0.05700496489400553
skin_isic_pad,nonfeature,cross_arch,46,resnet18,effb3,0.07195939699761456
skin_isic_pad,nonfeature,cross_arch,46,resnet18,efficientnet_v2_s,0.0019379320607693096
skin_isic_pad,nonfeature,cross_arch,46,resnet50,resnet18,0.029200882046564458
skin_isic_pad,nonfeature,cross_arch,46,resnet50,densenet121,0.0
skin_isic_pad,nonfeature,cross_arch,46,resnet50,convnext_tiny,0.0011025582056033434
skin_isic_pad,nonfeature,cross_arch,46,resnet50,mobilenet_v3_large,0.013433623290358243
skin_isic_pad,nonfeature,cross_arch,46,resnet50,regnet_y_3_2gf,0.0
skin_isic_pad,nonfeature,cross_arch,46,resnet50,effb3,0.0
skin_isic_pad,nonfeature,cross_arch,46,resnet50,efficientnet_v2_s,0.023259694169744383
skin_isic_pad,nonfeature,cross_arch,46,densenet121,resnet18,0.029200882046564458
skin_isic_pad,nonfeature,cross_arch,46,densenet121,resnet50,0.0
skin_isic_pad,nonfeature,cross_arch,46,densenet121,convnext_tiny,0.0011025582056033434
skin_isic_pad,nonfeature,cross_arch,46,densenet121,mobilenet_v3_large,0.013433623290358243
skin_isic_pad,nonfeature,cross_arch,46,densenet121,regnet_y_3_2gf,0.0
skin_isic_pad,nonfeature,cross_arch,46,densenet121,effb3,0.0
skin_isic_pad,nonfeature,cross_arch,46,densenet121,efficientnet_v2_s,0.023259694169744383
skin_isic_pad,nonfeature,cross_arch,46,convnext_tiny,resnet18,0.09876802085165282
skin_isic_pad,nonfeature,cross_arch,46,convnext_tiny,resnet50,0.010382986782829895
skin_isic_pad,nonfeature,cross_arch,46,convnext_tiny,densenet121,0.025647442921756802
skin_isic_pad,nonfeature,cross_arch,46,convnext_tiny,mobilenet_v3_large,0.009431494834435727
skin_isic_pad,nonfeature,cross_arch,46,convnext_tiny,regnet_y_3_2gf,0.0655424631465974
skin_isic_pad,nonfeature,cross_arch,46,convnext_tiny,effb3,0.07541362843112043
skin_isic_pad,nonfeature,cross_arch,46,convnext_tiny,efficientnet_v2_s,0.0
skin_isic_pad,nonfeature,cross_arch,46,mobilenet_v3_large,resnet18,0.08951915835802238
skin_isic_pad,nonfeature,cross_arch,46,mobilenet_v3_large,resnet50,0.024574196079492405
skin_isic_pad,nonfeature,cross_arch,46,mobilenet_v3_large,densenet121,0.05428689962436373
skin_isic_pad,nonfeature,cross_arch,46,mobilenet_v3_large,convnext_tiny,0.06815117448378172
skin_isic_pad,nonfeature,cross_arch,46,mobilenet_v3_large,regnet_y_3_2gf,0.08459710403730203
skin_isic_pad,nonfeature,cross_arch,46,mobilenet_v3_large,effb3,0.08893744053175323
skin_isic_pad,nonfeature,cross_arch,46,mobilenet_v3_large,efficientnet_v2_s,0.006874642063159242
skin_isic_pad,nonfeature,cross_arch,46,regnet_y_3_2gf,resnet18,0.029200882046564458
skin_isic_pad,nonfeature,cross_arch,46,regnet_y_3_2gf,resnet50,0.0
skin_isic_pad,nonfeature,cross_arch,46,regnet_y_3_2gf,densenet121,0.0
skin_isic_pad,nonfeature,cross_arch,46,regnet_y_3_2gf,convnext_tiny,0.0011025582056033434
skin_isic_pad,nonfeature,cross_arch,46,regnet_y_3_2gf,mobilenet_v3_large,0.013433623290358243
skin_isic_pad,nonfeature,cross_arch,46,regnet_y_3_2gf,effb3,0.0
skin_isic_pad,nonfeature,cross_arch,46,regnet_y_3_2gf,efficientnet_v2_s,0.023259694169744383
skin_isic_pad,nonfeature,cross_arch,46,effb3,resnet18,0.029200882046564458
skin_isic_pad,nonfeature,cross_arch,46,effb3,resnet50,0.0
skin_isic_pad,nonfeature,cross_arch,46,effb3,densenet121,0.0
skin_isic_pad,nonfeature,cross_arch,46,effb3,convnext_tiny,0.0011025582056033434
skin_isic_pad,nonfeature,cross_arch,46,effb3,mobilenet_v3_large,0.013433623290358243
skin_isic_pad,nonfeature,cross_arch,46,effb3,regnet_y_3_2gf,0.0
skin_isic_pad,nonfeature,cross_arch,46,effb3,efficientnet_v2_s,0.023259694169744383
skin_isic_pad,nonfeature,cross_arch,46,efficientnet_v2_s,resnet18,0.09876802085165282
skin_isic_pad,nonfeature,cross_arch,46,efficientnet_v2_s,resnet50,0.010382986782829895
skin_isic_pad,nonfeature,cross_arch,46,efficientnet_v2_s,densenet121,0.025647442921756802
skin_isic_pad,nonfeature,cross_arch,46,efficientnet_v2_s,convnext_tiny,0.0
skin_isic_pad,nonfeature,cross_arch,46,efficientnet_v2_s,mobilenet_v3_large,0.009431494834435727
skin_isic_pad,nonfeature,cross_arch,46,efficientnet_v2_s,regnet_y_3_2gf,0.0655424631465974
skin_isic_pad,nonfeature,cross_arch,46,efficientnet_v2_s,effb3,0.07541362843112043
skin_isic_pad,nonfeature,cross_seed,43,resnet18@42,resnet18@43,0.0
skin_isic_pad,nonfeature,cross_seed,44,resnet18@42,resnet18@44,0.0
skin_isic_pad,nonfeature,cross_seed,45,resnet18@42,resnet18@45,0.0
skin_isic_pad,nonfeature,cross_seed,46,resnet18@42,resnet18@46,0.029200882046564458
skin_isic_pad,nonfeature,cross_seed,42,resnet18@43,resnet18@42,0.0
skin_isic_pad,nonfeature,cross_seed,44,resnet18@43,resnet18@44,0.0
skin_isic_pad,nonfeature,cross_seed,45,resnet18@43,resnet18@45,0.0
skin_isic_pad,nonfeature,cross_seed,46,resnet18@43,resnet18@46,0.029200882046564458
skin_isic_pad,nonfeature,cross_seed,42,resnet18@44,resnet18@42,0.0
skin_isic_pad,nonfeature,cross_seed,43,resnet18@44,resnet18@43,0.0
skin_isic_pad,nonfeature,cross_seed,45,resnet18@44,resnet18@45,0.0
skin_isic_pad,nonfeature,cross_seed,46,resnet18@44,resnet18@46,0.029200882046564458
skin_isic_pad,nonfeature,cross_seed,42,resnet18@45,resnet18@42,0.0
skin_isic_pad,nonfeature,cross_seed,43,resnet18@45,resnet18@43,0.0
skin_isic_pad,nonfeature,cross_seed,44,resnet18@45,resnet18@44,0.0
skin_isic_pad,nonfeature,cross_seed,46,resnet18@45,resnet18@46,0.029200882046564458
skin_isic_pad,nonfeature,cross_seed,42,resnet18@46,resnet18@42,0.04864333482144867
skin_isic_pad,nonfeature,cross_seed,43,resnet18@46,resnet18@43,0.04871210378928281
skin_isic_pad,nonfeature,cross_seed,44,resnet18@46,resnet18@44,0.05110323462168054
skin_isic_pad,nonfeature,cross_seed,45,resnet18@46,resnet18@45,0.09058225895913086
skin_isic_pad,nonfeature,cross_seed,43,resnet50@42,resnet50@43,0.0
skin_isic_pad,nonfeature,cross_seed,44,resnet50@42,resnet50@44,0.0
skin_isic_pad,nonfeature,cross_seed,45,resnet50@42,resnet50@45,0.0
skin_isic_pad,nonfeature,cross_seed,46,resnet50@42,resnet50@46,0.0
skin_isic_pad,nonfeature,cross_seed,42,resnet50@43,resnet50@42,0.0
skin_isic_pad,nonfeature,cross_seed,44,resnet50@43,resnet50@44,0.0
skin_isic_pad,nonfeature,cross_seed,45,resnet50@43,resnet50@45,0.0
skin_isic_pad,nonfeature,cross_seed,46,resnet50@43,resnet50@46,0.0
skin_isic_pad,nonfeature,cross_seed,42,resnet50@44,resnet50@42,0.0
skin_isic_pad,nonfeature,cross_seed,43,resnet50@44,resnet50@43,0.0
skin_isic_pad,nonfeature,cross_seed,45,resnet50@44,resnet50@45,0.0
skin_isic_pad,nonfeature,cross_seed,46,resnet50@44,resnet50@46,0.0
skin_isic_pad,nonfeature,cross_seed,42,resnet50@45,resnet50@42,0.0
skin_isic_pad,nonfeature,cross_seed,43,resnet50@45,resnet50@43,0.0
skin_isic_pad,nonfeature,cross_seed,44,resnet50@45,resnet50@44,0.0
skin_isic_pad,nonfeature,cross_seed,46,resnet50@45,resnet50@46,0.0
skin_isic_pad,nonfeature,cross_seed,42,resnet50@46,resnet50@42,0.0
skin_isic_pad,nonfeature,cross_seed,43,resnet50@46,resnet50@43,0.0
skin_isic_pad,nonfeature,cross_seed,44,resnet50@46,resnet50@44,0.0
skin_isic_pad,nonfeature,cross_seed,45,resnet50@46,resnet50@45,0.0
skin_isic_pad,nonfeature,cross_seed,43,densenet121@42,densenet121@43,0.0
skin_isic_pad,nonfeature,cross_seed,44,densenet121@42,densenet121@44,0.01498712554733339
skin_isic_pad,nonfeature,cross_seed,45,densenet121@42,densenet121@45,0.057903470916363387
skin_isic_pad,nonfeature,cross_seed,46,densenet121@42,densenet121@46,0.0
skin_isic_pad,nonfeature,cross_seed,42,densenet121@43,densenet121@42,0.0
skin_isic_pad,nonfeature,cross_seed,44,densenet121@43,densenet121@44,0.01498712554733339
skin_isic_pad,nonfeature,cross_seed,45,densenet121@43,densenet121@45,0.057903470916363387
skin_isic_pad,nonfeature,cross_seed,46,densenet121@43,densenet121@46,0.0
skin_isic_pad,nonfeature,cross_seed,42,densenet121@44,densenet121@42,0.05352705889780274
skin_isic_pad,nonfeature,cross_seed,43,densenet121@44,densenet121@43,0.023291260253340385
skin_isic_pad,nonfeature,cross_seed,45,densenet121@44,densenet121@45,0.06470596193130318
skin_isic_pad,nonfeature,cross_seed,46,densenet121@44,densenet121@46,0.05428689962436373
skin_isic_pad,nonfeature,cross_seed,42,densenet121@45,densenet121@42,0.06967536537741781
skin_isic_pad,nonfeature,cross_seed,43,densenet121@45,densenet121@43,0.016317410498879248
skin_isic_pad,nonfeature,cross_seed,44,densenet121@45,densenet121@44,0.014430209643889524
skin_isic_pad,nonfeature,cross_seed,46,densenet121@45,densenet121@46,0.02384704879665589
skin_isic_pad,nonfeature,cross_seed,42,densenet121@46,densenet121@42,0.0
skin_isic_pad,nonfeature,cross_seed,43,densenet121@46,densenet121@43,0.0
skin_isic_pad,nonfeature,cross_seed,44,densenet121@46,densenet121@44,0.01498712554733339
skin_isic_pad,nonfeature,cross_seed,45,densenet121@46,densenet121@45,0.057903470916363387
skin_isic_pad,nonfeature,cross_seed,43,convnext_tiny@42,convnext_tiny@43,0.0
skin_isic_pad,nonfeature,cross_seed,44,convnext_tiny@42,convnext_tiny@44,0.0
skin_isic_pad,nonfeature,cross_seed,45,convnext_tiny@42,convnext_tiny@45,0.0
skin_isic_pad,nonfeature,cross_seed,46,convnext_tiny@42,convnext_tiny@46,0.0011025582056033434
skin_isic_pad,nonfeature,cross_seed,42,convnext_tiny@43,convnext_tiny@42,0.0
skin_isic_pad,nonfeature,cross_seed,44,convnext_tiny@43,convnext_tiny@44,0.0
skin_isic_pad,nonfeature,cross_seed,45,convnext_tiny@43,convnext_tiny@45,0.0
skin_isic_pad,nonfeature,cross_seed,46,convnext_tiny@43,convnext_tiny@46,0.0011025582056033434
skin_isic_pad,nonfeature,cross_seed,42,convnext_tiny@44,convnext_tiny@42,0.0
skin_isic_pad,nonfeature,cross_seed,43,convnext_tiny@44,convnext_tiny@43,0.0
skin_isic_pad,nonfeature,cross_seed,45,convnext_tiny@44,convnext_tiny@45,0.0
skin_isic_pad,nonfeature,cross_seed,46,convnext_tiny@44,convnext_tiny@46,0.0011025582056033434
skin_isic_pad,nonfeature,cross_seed,42,convnext_tiny@45,convnext_tiny@42,0.0
skin_isic_pad,nonfeature,cross_seed,43,convnext_tiny@45,convnext_tiny@43,0.0
skin_isic_pad,nonfeature,cross_seed,44,convnext_tiny@45,convnext_tiny@44,0.0
skin_isic_pad,nonfeature,cross_seed,46,convnext_tiny@45,convnext_tiny@46,0.0011025582056033434
skin_isic_pad,nonfeature,cross_seed,42,convnext_tiny@46,convnext_tiny@42,0.25652628778347464
skin_isic_pad,nonfeature,cross_seed,43,convnext_tiny@46,convnext_tiny@43,0.1641075591751332
skin_isic_pad,nonfeature,cross_seed,44,convnext_tiny@46,convnext_tiny@44,0.13826846503154344
skin_isic_pad,nonfeature,cross_seed,45,convnext_tiny@46,convnext_tiny@45,0.1945733392857948
skin_isic_pad,nonfeature,cross_seed,43,mobilenet_v3_large@42,mobilenet_v3_large@43,0.0
skin_isic_pad,nonfeature,cross_seed,44,mobilenet_v3_large@42,mobilenet_v3_large@44,0.043218477883449014
skin_isic_pad,nonfeature,cross_seed,45,mobilenet_v3_large@42,mobilenet_v3_large@45,0.0
skin_isic_pad,nonfeature,cross_seed,46,mobilenet_v3_large@42,mobilenet_v3_large@46,0.013433623290358243
skin_isic_pad,nonfeature,cross_seed,42,mobilenet_v3_large@43,mobilenet_v3_large@42,0.0
skin_isic_pad,nonfeature,cross_seed,44,mobilenet_v3_large@43,mobilenet_v3_large@44,0.043218477883449014
skin_isic_pad,nonfeature,cross_seed,45,mobilenet_v3_large@43,mobilenet_v3_large@45,0.0
skin_isic_pad,nonfeature,cross_seed,46,mobilenet_v3_large@43,mobilenet_v3_large@46,0.013433623290358243
skin_isic_pad,nonfeature,cross_seed,42,mobilenet_v3_large@44,mobilenet_v3_large@42,0.05555405240871769
skin_isic_pad,nonfeature,cross_seed,43,mobilenet_v3_large@44,mobilenet_v3_large@43,0.05959000166849293
skin_isic_pad,nonfeature,cross_seed,45,mobilenet_v3_large@44,mobilenet_v3_large@45,0.047152964731665636
skin_isic_pad,nonfeature,cross_seed,46,mobilenet_v3_large@44,mobilenet_v3_large@46,0.0
skin_isic_pad,nonfeature,cross_seed,42,mobilenet_v3_large@45,mobilenet_v3_large@42,0.0
skin_isic_pad,nonfeature,cross_seed,43,mobilenet_v3_large@45,mobilenet_v3_large@43,0.0
skin_isic_pad,nonfeature,cross_seed,44,mobilenet_v3_large@45,mobilenet_v3_large@44,0.043218477883449014
skin_isic_pad,nonfeature,cross_seed,46,mobilenet_v3_large@45,mobilenet_v3_large@46,0.013433623290358243
skin_isic_pad,nonfeature,cross_seed,42,mobilenet_v3_large@46,mobilenet_v3_large@42,0.05555405240871769
skin_isic_pad,nonfeature,cross_seed,43,mobilenet_v3_large@46,mobilenet_v3_large@43,0.05959000166849293
skin_isic_pad,nonfeature,cross_seed,44,mobilenet_v3_large@46,mobilenet_v3_large@44,0.0
skin_isic_pad,nonfeature,cross_seed,45,mobilenet_v3_large@46,mobilenet_v3_large@45,0.047152964731665636
skin_isic_pad,nonfeature,cross_seed,43,regnet_y_3_2gf@42,regnet_y_3_2gf@43,0.04350933679658364
skin_isic_pad,nonfeature,cross_seed,44,regnet_y_3_2gf@42,regnet_y_3_2gf@44,0.07988473870046953
skin_isic_pad,nonfeature,cross_seed,45,regnet_y_3_2gf@42,regnet_y_3_2gf@45,0.0519870849623687
skin_isic_pad,nonfeature,cross_seed,46,regnet_y_3_2gf@42,regnet_y_3_2gf@46,0.05694070536668516
skin_isic_pad,nonfeature,cross_seed,42,regnet_y_3_2gf@43,regnet_y_3_2gf@42,0.0043087704108550895
skin_isic_pad,nonfeature,cross_seed,44,regnet_y_3_2gf@43,regnet_y_3_2gf@44,0.0
skin_isic_pad,nonfeature,cross_seed,45,regnet_y_3_2gf@43,regnet_y_3_2gf@45,0.0
skin_isic_pad,nonfeature,cross_seed,46,regnet_y_3_2gf@43,regnet_y_3_2gf@46,0.0
skin_isic_pad,nonfeature,cross_seed,42,regnet_y_3_2gf@44,regnet_y_3_2gf@42,0.0043087704108550895
skin_isic_pad,nonfeature,cross_seed,43,regnet_y_3_2gf@44,regnet_y_3_2gf@43,0.0
skin_isic_pad,nonfeature,cross_seed,45,regnet_y_3_2gf@44,regnet_y_3_2gf@45,0.0
skin_isic_pad,nonfeature,cross_seed,46,regnet_y_3_2gf@44,regnet_y_3_2gf@46,0.0
skin_isic_pad,nonfeature,cross_seed,42,regnet_y_3_2gf@45,regnet_y_3_2gf@42,0.0043087704108550895
skin_isic_pad,nonfeature,cross_seed,43,regnet_y_3_2gf@45,regnet_y_3_2gf@43,0.0
skin_isic_pad,nonfeature,cross_seed,44,regnet_y_3_2gf@45,regnet_y_3_2gf@44,0.0
skin_isic_pad,nonfeature,cross_seed,46,regnet_y_3_2gf@45,regnet_y_3_2gf@46,0.0
skin_isic_pad,nonfeature,cross_seed,42,regnet_y_3_2gf@46,regnet_y_3_2gf@42,0.0043087704108550895
skin_isic_pad,nonfeature,cross_seed,43,regnet_y_3_2gf@46,regnet_y_3_2gf@43,0.0
skin_isic_pad,nonfeature,cross_seed,44,regnet_y_3_2gf@46,regnet_y_3_2gf@44,0.0
skin_isic_pad,nonfeature,cross_seed,45,regnet_y_3_2gf@46,regnet_y_3_2gf@45,0.0
skin_isic_pad,nonfeature,cross_seed,43,effb3@42,effb3@43,0.0
skin_isic_pad,nonfeature,cross_seed,44,effb3@42,effb3@44,0.0
skin_isic_pad,nonfeature,cross_seed,45,effb3@42,effb3@45,0.0
skin_isic_pad,nonfeature,cross_seed,46,effb3@42,effb3@46,0.0
skin_isic_pad,nonfeature,cross_seed,42,effb3@43,effb3@42,0.0
skin_isic_pad,nonfeature,cross_seed,44,effb3@43,effb3@44,0.0
skin_isic_pad,nonfeature,cross_seed,45,effb3@43,effb3@45,0.0
skin_isic_pad,nonfeature,cross_seed,46,effb3@43,effb3@46,0.0
skin_isic_pad,nonfeature,cross_seed,42,effb3@44,effb3@42,0.0
skin_isic_pad,nonfeature,cross_seed,43,effb3@44,effb3@43,0.0
skin_isic_pad,nonfeature,cross_seed,45,effb3@44,effb3@45,0.0
skin_isic_pad,nonfeature,cross_seed,46,effb3@44,effb3@46,0.0
skin_isic_pad,nonfeature,cross_seed,42,effb3@45,effb3@42,0.0
skin_isic_pad,nonfeature,cross_seed,43,effb3@45,effb3@43,0.0
skin_isic_pad,nonfeature,cross_seed,44,effb3@45,effb3@44,0.0
skin_isic_pad,nonfeature,cross_seed,46,effb3@45,effb3@46,0.0
skin_isic_pad,nonfeature,cross_seed,42,effb3@46,effb3@42,0.0
skin_isic_pad,nonfeature,cross_seed,43,effb3@46,effb3@43,0.0
skin_isic_pad,nonfeature,cross_seed,44,effb3@46,effb3@44,0.0
skin_isic_pad,nonfeature,cross_seed,45,effb3@46,effb3@45,0.0
skin_isic_pad,nonfeature,cross_seed,43,efficientnet_v2_s@42,efficientnet_v2_s@43,0.0
skin_isic_pad,nonfeature,cross_seed,44,efficientnet_v2_s@42,efficientnet_v2_s@44,0.0
skin_isic_pad,nonfeature,cross_seed,45,efficientnet_v2_s@42,efficientnet_v2_s@45,0.0
skin_isic_pad,nonfeature,cross_seed,46,efficientnet_v2_s@42,efficientnet_v2_s@46,0.023259694169744383
skin_isic_pad,nonfeature,cross_seed,42,efficientnet_v2_s@43,efficientnet_v2_s@42,0.0
skin_isic_pad,nonfeature,cross_seed,44,efficientnet_v2_s@43,efficientnet_v2_s@44,0.0
skin_isic_pad,nonfeature,cross_seed,45,efficientnet_v2_s@43,efficientnet_v2_s@45,0.0
skin_isic_pad,nonfeature,cross_seed,46,efficientnet_v2_s@43,efficientnet_v2_s@46,0.023259694169744383
skin_isic_pad,nonfeature,cross_seed,42,efficientnet_v2_s@44,efficientnet_v2_s@42,0.0
skin_isic_pad,nonfeature,cross_seed,43,efficientnet_v2_s@44,efficientnet_v2_s@43,0.0
skin_isic_pad,nonfeature,cross_seed,45,efficientnet_v2_s@44,efficientnet_v2_s@45,0.0
skin_isic_pad,nonfeature,cross_seed,46,efficientnet_v2_s@44,efficientnet_v2_s@46,0.023259694169744383
skin_isic_pad,nonfeature,cross_seed,42,efficientnet_v2_s@45,efficientnet_v2_s@42,0.0
skin_isic_pad,nonfeature,cross_seed,43,efficientnet_v2_s@45,efficientnet_v2_s@43,0.0
skin_isic_pad,nonfeature,cross_seed,44,efficientnet_v2_s@45,efficientnet_v2_s@44,0.0
skin_isic_pad,nonfeature,cross_seed,46,efficientnet_v2_s@45,efficientnet_v2_s@46,0.023259694169744383
skin_isic_pad,nonfeature,cross_seed,42,efficientnet_v2_s@46,efficientnet_v2_s@42,0.01610546679473468
skin_isic_pad,nonfeature,cross_seed,43,efficientnet_v2_s@46,efficientnet_v2_s@43,0.0577028008135031
skin_isic_pad,nonfeature,cross_seed,44,efficientnet_v2_s@46,efficientnet_v2_s@44,0.060485125610465595
skin_isic_pad,nonfeature,cross_seed,45,efficientnet_v2_s@46,efficientnet_v2_s@45,0.03808673457884093
skin_isic_pad,feature,cross_arch,42,resnet18,resnet50,0.0
skin_isic_pad,feature,cross_arch,42,resnet18,densenet121,0.0
skin_isic_pad,feature,cross_arch,42,resnet18,convnext_tiny,0.0
skin_isic_pad,feature,cross_arch,42,resnet18,mobilenet_v3_large,0.0
skin_isic_pad,feature,cross_arch,42,resnet18,regnet_y_3_2gf,0.0
skin_isic_pad,feature,cross_arch,42,resnet18,effb3,0.0
skin_isic_pad,feature,cross_arch,42,resnet18,efficientnet_v2_s,0.0
skin_isic_pad,feature,cross_arch,42,resnet50,resnet18,0.0
skin_isic_pad,feature,cross_arch,42,resnet50,densenet121,0.0
skin_isic_pad,feature,cross_arch,42,resnet50,convnext_tiny,0.0
skin_isic_pad,feature,cross_arch,42,resnet50,mobilenet_v3_large,0.0
skin_isic_pad,feature,cross_arch,42,resnet50,regnet_y_3_2gf,0.0
skin_isic_pad,feature,cross_arch,42,resnet50,effb3,0.0
skin_isic_pad,feature,cross_arch,42,resnet50,efficientnet_v2_s,0.0
skin_isic_pad,feature,cross_arch,42,densenet121,resnet18,0.0
skin_isic_pad,feature,cross_arch,42,densenet121,resnet50,0.0
skin_isic_pad,feature,cross_arch,42,densenet121,convnext_tiny,0.0
skin_isic_pad,feature,cross_arch,42,densenet121,mobilenet_v3_large,0.0
skin_isic_pad,feature,cross_arch,42,densenet121,regnet_y_3_2gf,0.0
skin_isic_pad,feature,cross_arch,42,densenet121,effb3,0.0
skin_isic_pad,feature,cross_arch,42,densenet121,efficientnet_v2_s,0.0
skin_isic_pad,feature,cross_arch,42,convnext_tiny,resnet18,0.0
skin_isic_pad,feature,cross_arch,42,convnext_tiny,resnet50,0.0
skin_isic_pad,feature,cross_arch,42,convnext_tiny,densenet121,0.0
skin_isic_pad,feature,cross_arch,42,convnext_tiny,mobilenet_v3_large,0.0
skin_isic_pad,feature,cross_arch,42,convnext_tiny,regnet_y_3_2gf,0.0
skin_isic_pad,feature,cross_arch,42,convnext_tiny,effb3,0.0
skin_isic_pad,feature,cross_arch,42,convnext_tiny,efficientnet_v2_s,0.0
skin_isic_pad,feature,cross_arch,42,mobilenet_v3_large,resnet18,0.0
skin_isic_pad,feature,cross_arch,42,mobilenet_v3_large,resnet50,0.0
skin_isic_pad,feature,cross_arch,42,mobilenet_v3_large,densenet121,0.0
skin_isic_pad,feature,cross_arch,42,mobilenet_v3_large,convnext_tiny,0.0
skin_isic_pad,feature,cross_arch,42,mobilenet_v3_large,regnet_y_3_2gf,0.0
skin_isic_pad,feature,cross_arch,42,mobilenet_v3_large,effb3,0.0
skin_isic_pad,feature,cross_arch,42,mobilenet_v3_large,efficientnet_v2_s,0.0
skin_isic_pad,feature,cross_arch,42,regnet_y_3_2gf,resnet18,0.0
skin_isic_pad,feature,cross_arch,42,regnet_y_3_2gf,resnet50,0.0
skin_isic_pad,feature,cross_arch,42,regnet_y_3_2gf,densenet121,0.0
skin_isic_pad,feature,cross_arch,42,regnet_y_3_2gf,convnext_tiny,0.0
skin_isic_pad,feature,cross_arch,42,regnet_y_3_2gf,mobilenet_v3_large,0.0
skin_isic_pad,feature,cross_arch,42,regnet_y_3_2gf,effb3,0.0
skin_isic_pad,feature,cross_arch,42,regnet_y_3_2gf,efficientnet_v2_s,0.0
skin_isic_pad,feature,cross_arch,42,effb3,resnet18,0.0
skin_isic_pad,feature,cross_arch,42,effb3,resnet50,0.0
skin_isic_pad,feature,cross_arch,42,effb3,densenet121,0.0
skin_isic_pad,feature,cross_arch,42,effb3,convnext_tiny,0.0
skin_isic_pad,feature,cross_arch,42,effb3,mobilenet_v3_large,0.0
skin_isic_pad,feature,cross_arch,42,effb3,regnet_y_3_2gf,0.0
skin_isic_pad,feature,cross_arch,42,effb3,efficientnet_v2_s,0.0
skin_isic_pad,feature,cross_arch,42,efficientnet_v2_s,resnet18,0.0
skin_isic_pad,feature,cross_arch,42,efficientnet_v2_s,resnet50,0.0
skin_isic_pad,feature,cross_arch,42,efficientnet_v2_s,densenet121,0.0
skin_isic_pad,feature,cross_arch,42,efficientnet_v2_s,convnext_tiny,0.0
skin_isic_pad,feature,cross_arch,42,efficientnet_v2_s,mobilenet_v3_large,0.0
skin_isic_pad,feature,cross_arch,42,efficientnet_v2_s,regnet_y_3_2gf,0.0
skin_isic_pad,feature,cross_arch,42,efficientnet_v2_s,effb3,0.0
skin_isic_pad,feature,cross_arch,43,resnet18,resnet50,0.0
skin_isic_pad,feature,cross_arch,43,resnet18,densenet121,0.0
skin_isic_pad,feature,cross_arch,43,resnet18,convnext_tiny,0.0
skin_isic_pad,feature,cross_arch,43,resnet18,mobilenet_v3_large,0.0
skin_isic_pad,feature,cross_arch,43,resnet18,regnet_y_3_2gf,0.0
skin_isic_pad,feature,cross_arch,43,resnet18,effb3,0.0
skin_isic_pad,feature,cross_arch,43,resnet18,efficientnet_v2_s,0.0
skin_isic_pad,feature,cross_arch,43,resnet50,resnet18,0.0
skin_isic_pad,feature,cross_arch,43,resnet50,densenet121,0.0
skin_isic_pad,feature,cross_arch,43,resnet50,convnext_tiny,0.0
skin_isic_pad,feature,cross_arch,43,resnet50,mobilenet_v3_large,0.0
skin_isic_pad,feature,cross_arch,43,resnet50,regnet_y_3_2gf,0.0
skin_isic_pad,feature,cross_arch,43,resnet50,effb3,0.0
skin_isic_pad,feature,cross_arch,43,resnet50,efficientnet_v2_s,0.0
skin_isic_pad,feature,cross_arch,43,densenet121,resnet18,0.0
skin_isic_pad,feature,cross_arch,43,densenet121,resnet50,0.0
skin_isic_pad,feature,cross_arch,43,densenet121,convnext_tiny,0.0
skin_isic_pad,feature,cross_arch,43,densenet121,mobilenet_v3_large,0.0
skin_isic_pad,feature,cross_arch,43,densenet121,regnet_y_3_2gf,0.0
skin_isic_pad,feature,cross_arch,43,densenet121,effb3,0.0
skin_isic_pad,feature,cross_arch,43,densenet121,efficientnet_v2_s,0.0
skin_isic_pad,feature,cross_arch,43,convnext_tiny,resnet18,0.0
skin_isic_pad,feature,cross_arch,43,convnext_tiny,resnet50,0.0
skin_isic_pad,feature,cross_arch,43,convnext_tiny,densenet121,0.0
skin_isic_pad,feature,cross_arch,43,convnext_tiny,mobilenet_v3_large,0.0
skin_isic_pad,feature,cross_arch,43,convnext_tiny,regnet_y_3_2gf,0.0
skin_isic_pad,feature,cross_arch,43,convnext_tiny,effb3,0.0
skin_isic_pad,feature,cross_arch,43,convnext_tiny,efficientnet_v2_s,0.0
skin_isic_pad,feature,cross_arch,43,mobilenet_v3_large,resnet18,0.0
skin_isic_pad,feature,cross_arch,43,mobilenet_v3_large,resnet50,0.0
skin_isic_pad,feature,cross_arch,43,mobilenet_v3_large,densenet121,0.0
skin_isic_pad,feature,cross_arch,43,mobilenet_v3_large,convnext_tiny,0.0
skin_isic_pad,feature,cross_arch,43,mobilenet_v3_large,regnet_y_3_2gf,0.0
skin_isic_pad,feature,cross_arch,43,mobilenet_v3_large,effb3,0.0
skin_isic_pad,feature,cross_arch,43,mobilenet_v3_large,efficientnet_v2_s,0.0
skin_isic_pad,feature,cross_arch,43,regnet_y_3_2gf,resnet18,0.0
skin_isic_pad,feature,cross_arch,43,regnet_y_3_2gf,resnet50,0.0
skin_isic_pad,feature,cross_arch,43,regnet_y_3_2gf,densenet121,0.0
skin_isic_pad,feature,cross_arch,43,regnet_y_3_2gf,convnext_tiny,0.0
skin_isic_pad,feature,cross_arch,43,regnet_y_3_2gf,mobilenet_v3_large,0.0
skin_isic_pad,feature,cross_arch,43,regnet_y_3_2gf,effb3,0.0
skin_isic_pad,feature,cross_arch,43,regnet_y_3_2gf,efficientnet_v2_s,0.0
skin_isic_pad,feature,cross_arch,43,effb3,resnet18,0.0
skin_isic_pad,feature,cross_arch,43,effb3,resnet50,0.0
skin_isic_pad,feature,cross_arch,43,effb3,densenet121,0.0
skin_isic_pad,feature,cross_arch,43,effb3,convnext_tiny,0.0
skin_isic_pad,feature,cross_arch,43,effb3,mobilenet_v3_large,0.0
skin_isic_pad,feature,cross_arch,43,effb3,regnet_y_3_2gf,0.0
skin_isic_pad,feature,cross_arch,43,effb3,efficientnet_v2_s,0.0
skin_isic_pad,feature,cross_arch,43,efficientnet_v2_s,resnet18,0.0
skin_isic_pad,feature,cross_arch,43,efficientnet_v2_s,resnet50,0.0
skin_isic_pad,feature,cross_arch,43,efficientnet_v2_s,densenet121,0.0
skin_isic_pad,feature,cross_arch,43,efficientnet_v2_s,convnext_tiny,0.0
skin_isic_pad,feature,cross_arch,43,efficientnet_v2_s,mobilenet_v3_large,0.0
skin_isic_pad,feature,cross_arch,43,efficientnet_v2_s,regnet_y_3_2gf,0.0
skin_isic_pad,feature,cross_arch,43,efficientnet_v2_s,effb3,0.0
skin_isic_pad,feature,cross_arch,44,resnet18,resnet50,0.0
skin_isic_pad,feature,cross_arch,44,resnet18,densenet121,0.0
skin_isic_pad,feature,cross_arch,44,resnet18,convnext_tiny,0.0
skin_isic_pad,feature,cross_arch,44,resnet18,mobilenet_v3_large,0.0
skin_isic_pad,feature,cross_arch,44,resnet18,regnet_y_3_2gf,0.0
skin_isic_pad,feature,cross_arch,44,resnet18,effb3,0.0
skin_isic_pad,feature,cross_arch,44,resnet18,efficientnet_v2_s,0.0
skin_isic_pad,feature,cross_arch,44,resnet50,resnet18,0.0
skin_isic_pad,feature,cross_arch,44,resnet50,densenet121,0.0
skin_isic_pad,feature,cross_arch,44,resnet50,convnext_tiny,0.0
skin_isic_pad,feature,cross_arch,44,resnet50,mobilenet_v3_large,0.0
skin_isic_pad,feature,cross_arch,44,resnet50,regnet_y_3_2gf,0.0
skin_isic_pad,feature,cross_arch,44,resnet50,effb3,0.0
skin_isic_pad,feature,cross_arch,44,resnet50,efficientnet_v2_s,0.0
skin_isic_pad,feature,cross_arch,44,densenet121,resnet18,0.0
skin_isic_pad,feature,cross_arch,44,densenet121,resnet50,0.0
skin_isic_pad,feature,cross_arch,44,densenet121,convnext_tiny,0.0
skin_isic_pad,feature,cross_arch,44,densenet121,mobilenet_v3_large,0.0
skin_isic_pad,feature,cross_arch,44,densenet121,regnet_y_3_2gf,0.0
skin_isic_pad,feature,cross_arch,44,densenet121,effb3,0.0
skin_isic_pad,feature,cross_arch,44,densenet121,efficientnet_v2_s,0.0
skin_isic_pad,feature,cross_arch,44,convnext_tiny,resnet18,0.0
skin_isic_pad,feature,cross_arch,44,convnext_tiny,resnet50,0.0
skin_isic_pad,feature,cross_arch,44,convnext_tiny,densenet121,0.0
skin_isic_pad,feature,cross_arch,44,convnext_tiny,mobilenet_v3_large,0.0
skin_isic_pad,feature,cross_arch,44,convnext_tiny,regnet_y_3_2gf,0.0
skin_isic_pad,feature,cross_arch,44,convnext_tiny,effb3,0.0
skin_isic_pad,feature,cross_arch,44,convnext_tiny,efficientnet_v2_s,0.0
skin_isic_pad,feature,cross_arch,44,mobilenet_v3_large,resnet18,0.0
skin_isic_pad,feature,cross_arch,44,mobilenet_v3_large,resnet50,0.0
skin_isic_pad,feature,cross_arch,44,mobilenet_v3_large,densenet121,0.0
skin_isic_pad,feature,cross_arch,44,mobilenet_v3_large,convnext_tiny,0.0
skin_isic_pad,feature,cross_arch,44,mobilenet_v3_large,regnet_y_3_2gf,0.0
skin_isic_pad,feature,cross_arch,44,mobilenet_v3_large,effb3,0.0
skin_isic_pad,feature,cross_arch,44,mobilenet_v3_large,efficientnet_v2_s,0.0
skin_isic_pad,feature,cross_arch,44,regnet_y_3_2gf,resnet18,0.0
skin_isic_pad,feature,cross_arch,44,regnet_y_3_2gf,resnet50,0.0
skin_isic_pad,feature,cross_arch,44,regnet_y_3_2gf,densenet121,0.0
skin_isic_pad,feature,cross_arch,44,regnet_y_3_2gf,convnext_tiny,0.0
skin_isic_pad,feature,cross_arch,44,regnet_y_3_2gf,mobilenet_v3_large,0.0
skin_isic_pad,feature,cross_arch,44,regnet_y_3_2gf,effb3,0.0
skin_isic_pad,feature,cross_arch,44,regnet_y_3_2gf,efficientnet_v2_s,0.0
skin_isic_pad,feature,cross_arch,44,effb3,resnet18,0.0
skin_isic_pad,feature,cross_arch,44,effb3,resnet50,0.0
skin_isic_pad,feature,cross_arch,44,effb3,densenet121,0.0
skin_isic_pad,feature,cross_arch,44,effb3,convnext_tiny,0.0
skin_isic_pad,feature,cross_arch,44,effb3,mobilenet_v3_large,0.0
skin_isic_pad,feature,cross_arch,44,effb3,regnet_y_3_2gf,0.0
skin_isic_pad,feature,cross_arch,44,effb3,efficientnet_v2_s,0.0
skin_isic_pad,feature,cross_arch,44,efficientnet_v2_s,resnet18,0.0
skin_isic_pad,feature,cross_arch,44,efficientnet_v2_s,resnet50,0.0
skin_isic_pad,feature,cross_arch,44,efficientnet_v2_s,densenet121,0.0
skin_isic_pad,feature,cross_arch,44,efficientnet_v2_s,convnext_tiny,0.0
skin_isic_pad,feature,cross_arch,44,efficientnet_v2_s,mobilenet_v3_large,0.0
skin_isic_pad,feature,cross_arch,44,efficientnet_v2_s,regnet_y_3_2gf,0.0
skin_isic_pad,feature,cross_arch,44,efficientnet_v2_s,effb3,0.0
skin_isic_pad,feature,cross_arch,45,resnet18,resnet50,0.0
skin_isic_pad,feature,cross_arch,45,resnet18,densenet121,0.0
skin_isic_pad,feature,cross_arch,45,resnet18,convnext_tiny,0.0
skin_isic_pad,feature,cross_arch,45,resnet18,mobilenet_v3_large,0.0
skin_isic_pad,feature,cross_arch,45,resnet18,regnet_y_3_2gf,0.0
skin_isic_pad,feature,cross_arch,45,resnet18,effb3,0.0
skin_isic_pad,feature,cross_arch,45,resnet18,efficientnet_v2_s,0.0
skin_isic_pad,feature,cross_arch,45,resnet50,resnet18,0.0
skin_isic_pad,feature,cross_arch,45,resnet50,densenet121,0.0
skin_isic_pad,feature,cross_arch,45,resnet50,convnext_tiny,0.0
skin_isic_pad,feature,cross_arch,45,resnet50,mobilenet_v3_large,0.0
skin_isic_pad,feature,cross_arch,45,resnet50,regnet_y_3_2gf,0.0
skin_isic_pad,feature,cross_arch,45,resnet50,effb3,0.0
skin_isic_pad,feature,cross_arch,45,resnet50,efficientnet_v2_s,0.0
skin_isic_pad,feature,cross_arch,45,densenet121,resnet18,0.0
skin_isic_pad,feature,cross_arch,45,densenet121,resnet50,0.0
skin_isic_pad,feature,cross_arch,45,densenet121,convnext_tiny,0.0
skin_isic_pad,feature,cross_arch,45,densenet121,mobilenet_v3_large,0.0
skin_isic_pad,feature,cross_arch,45,densenet121,regnet_y_3_2gf,0.0
skin_isic_pad,feature,cross_arch,45,densenet121,effb3,0.0
skin_isic_pad,feature,cross_arch,45,densenet121,efficientnet_v2_s,0.0
skin_isic_pad,feature,cross_arch,45,convnext_tiny,resnet18,0.0
skin_isic_pad,feature,cross_arch,45,convnext_tiny,resnet50,0.0
skin_isic_pad,feature,cross_arch,45,convnext_tiny,densenet121,0.0
skin_isic_pad,feature,cross_arch,45,convnext_tiny,mobilenet_v3_large,0.0
skin_isic_pad,feature,cross_arch,45,convnext_tiny,regnet_y_3_2gf,0.0
skin_isic_pad,feature,cross_arch,45,convnext_tiny,effb3,0.0
skin_isic_pad,feature,cross_arch,45,convnext_tiny,efficientnet_v2_s,0.0
skin_isic_pad,feature,cross_arch,45,mobilenet_v3_large,resnet18,0.0
skin_isic_pad,feature,cross_arch,45,mobilenet_v3_large,resnet50,0.0
skin_isic_pad,feature,cross_arch,45,mobilenet_v3_large,densenet121,0.0
skin_isic_pad,feature,cross_arch,45,mobilenet_v3_large,convnext_tiny,0.0
skin_isic_pad,feature,cross_arch,45,mobilenet_v3_large,regnet_y_3_2gf,0.0
skin_isic_pad,feature,cross_arch,45,mobilenet_v3_large,effb3,0.0
skin_isic_pad,feature,cross_arch,45,mobilenet_v3_large,efficientnet_v2_s,0.0
skin_isic_pad,feature,cross_arch,45,regnet_y_3_2gf,resnet18,0.0
skin_isic_pad,feature,cross_arch,45,regnet_y_3_2gf,resnet50,0.0
skin_isic_pad,feature,cross_arch,45,regnet_y_3_2gf,densenet121,0.0
skin_isic_pad,feature,cross_arch,45,regnet_y_3_2gf,convnext_tiny,0.0
skin_isic_pad,feature,cross_arch,45,regnet_y_3_2gf,mobilenet_v3_large,0.0
skin_isic_pad,feature,cross_arch,45,regnet_y_3_2gf,effb3,0.0
skin_isic_pad,feature,cross_arch,45,regnet_y_3_2gf,efficientnet_v2_s,0.0
skin_isic_pad,feature,cross_arch,45,effb3,resnet18,0.0
skin_isic_pad,feature,cross_arch,45,effb3,resnet50,0.0
skin_isic_pad,feature,cross_arch,45,effb3,densenet121,0.0
skin_isic_pad,feature,cross_arch,45,effb3,convnext_tiny,0.0
skin_isic_pad,feature,cross_arch,45,effb3,mobilenet_v3_large,0.0
skin_isic_pad,feature,cross_arch,45,effb3,regnet_y_3_2gf,0.0
skin_isic_pad,feature,cross_arch,45,effb3,efficientnet_v2_s,0.0
skin_isic_pad,feature,cross_arch,45,efficientnet_v2_s,resnet18,0.0
skin_isic_pad,feature,cross_arch,45,efficientnet_v2_s,resnet50,0.0
skin_isic_pad,feature,cross_arch,45,efficientnet_v2_s,densenet121,0.0
skin_isic_pad,feature,cross_arch,45,efficientnet_v2_s,convnext_tiny,0.0
skin_isic_pad,feature,cross_arch,45,efficientnet_v2_s,mobilenet_v3_large,0.0
skin_isic_pad,feature,cross_arch,45,efficientnet_v2_s,regnet_y_3_2gf,0.0
skin_isic_pad,feature,cross_arch,45,efficientnet_v2_s,effb3,0.0
skin_isic_pad,feature,cross_arch,46,resnet18,resnet50,0.0
skin_isic_pad,feature,cross_arch,46,resnet18,densenet121,0.0
skin_isic_pad,feature,cross_arch,46,resnet18,convnext_tiny,0.0
skin_isic_pad,feature,cross_arch,46,resnet18,mobilenet_v3_large,0.0
skin_isic_pad,feature,cross_arch,46,resnet18,regnet_y_3_2gf,0.0
skin_isic_pad,feature,cross_arch,46,resnet18,effb3,0.0
skin_isic_pad,feature,cross_arch,46,resnet18,efficientnet_v2_s,0.0
skin_isic_pad,feature,cross_arch,46,resnet50,resnet18,0.0
skin_isic_pad,feature,cross_arch,46,resnet50,densenet121,0.0
skin_isic_pad,feature,cross_arch,46,resnet50,convnext_tiny,0.0
skin_isic_pad,feature,cross_arch,46,resnet50,mobilenet_v3_large,0.0
skin_isic_pad,feature,cross_arch,46,resnet50,regnet_y_3_2gf,0.0
skin_isic_pad,feature,cross_arch,46,resnet50,effb3,0.0
skin_isic_pad,feature,cross_arch,46,resnet50,efficientnet_v2_s,0.0
skin_isic_pad,feature,cross_arch,46,densenet121,resnet18,0.0
skin_isic_pad,feature,cross_arch,46,densenet121,resnet50,0.0
skin_isic_pad,feature,cross_arch,46,densenet121,convnext_tiny,0.0
skin_isic_pad,feature,cross_arch,46,densenet121,mobilenet_v3_large,0.0
skin_isic_pad,feature,cross_arch,46,densenet121,regnet_y_3_2gf,0.0
skin_isic_pad,feature,cross_arch,46,densenet121,effb3,0.0
skin_isic_pad,feature,cross_arch,46,densenet121,efficientnet_v2_s,0.0
skin_isic_pad,feature,cross_arch,46,convnext_tiny,resnet18,0.0
skin_isic_pad,feature,cross_arch,46,convnext_tiny,resnet50,0.0
skin_isic_pad,feature,cross_arch,46,convnext_tiny,densenet121,0.0
skin_isic_pad,feature,cross_arch,46,convnext_tiny,mobilenet_v3_large,0.0
skin_isic_pad,feature,cross_arch,46,convnext_tiny,regnet_y_3_2gf,0.0
skin_isic_pad,feature,cross_arch,46,convnext_tiny,effb3,0.0
skin_isic_pad,feature,cross_arch,46,convnext_tiny,efficientnet_v2_s,0.0
skin_isic_pad,feature,cross_arch,46,mobilenet_v3_large,resnet18,0.0
skin_isic_pad,feature,cross_arch,46,mobilenet_v3_large,resnet50,0.0
skin_isic_pad,feature,cross_arch,46,mobilenet_v3_large,densenet121,0.0
skin_isic_pad,feature,cross_arch,46,mobilenet_v3_large,convnext_tiny,0.0
skin_isic_pad,feature,cross_arch,46,mobilenet_v3_large,regnet_y_3_2gf,0.0
skin_isic_pad,feature,cross_arch,46,mobilenet_v3_large,effb3,0.0
skin_isic_pad,feature,cross_arch,46,mobilenet_v3_large,efficientnet_v2_s,0.0
skin_isic_pad,feature,cross_arch,46,regnet_y_3_2gf,resnet18,0.0
skin_isic_pad,feature,cross_arch,46,regnet_y_3_2gf,resnet50,0.0
skin_isic_pad,feature,cross_arch,46,regnet_y_3_2gf,densenet121,0.0
skin_isic_pad,feature,cross_arch,46,regnet_y_3_2gf,convnext_tiny,0.0
skin_isic_pad,feature,cross_arch,46,regnet_y_3_2gf,mobilenet_v3_large,0.0
skin_isic_pad,feature,cross_arch,46,regnet_y_3_2gf,effb3,0.0
skin_isic_pad,feature,cross_arch,46,regnet_y_3_2gf,efficientnet_v2_s,0.0
skin_isic_pad,feature,cross_arch,46,effb3,resnet18,0.0
skin_isic_pad,feature,cross_arch,46,effb3,resnet50,0.0
skin_isic_pad,feature,cross_arch,46,effb3,densenet121,0.0
skin_isic_pad,feature,cross_arch,46,effb3,convnext_tiny,0.0
skin_isic_pad,feature,cross_arch,46,effb3,mobilenet_v3_large,0.0
skin_isic_pad,feature,cross_arch,46,effb3,regnet_y_3_2gf,0.0
skin_isic_pad,feature,cross_arch,46,effb3,efficientnet_v2_s,0.0
skin_isic_pad,feature,cross_arch,46,efficientnet_v2_s,resnet18,0.0
skin_isic_pad,feature,cross_arch,46,efficientnet_v2_s,resnet50,0.0
skin_isic_pad,feature,cross_arch,46,efficientnet_v2_s,densenet121,0.0
skin_isic_pad,feature,cross_arch,46,efficientnet_v2_s,convnext_tiny,0.0
skin_isic_pad,feature,cross_arch,46,efficientnet_v2_s,mobilenet_v3_large,0.0
skin_isic_pad,feature,cross_arch,46,efficientnet_v2_s,regnet_y_3_2gf,0.0
skin_isic_pad,feature,cross_arch,46,efficientnet_v2_s,effb3,0.0
skin_isic_pad,feature,cross_seed,43,resnet18@42,resnet18@43,0.0
skin_isic_pad,feature,cross_seed,44,resnet18@42,resnet18@44,0.0
skin_isic_pad,feature,cross_seed,45,resnet18@42,resnet18@45,0.0
skin_isic_pad,feature,cross_seed,46,resnet18@42,resnet18@46,0.0
skin_isic_pad,feature,cross_seed,42,resnet18@43,resnet18@42,0.0
skin_isic_pad,feature,cross_seed,44,resnet18@43,resnet18@44,0.0
skin_isic_pad,feature,cross_seed,45,resnet18@43,resnet18@45,0.0
skin_isic_pad,feature,cross_seed,46,resnet18@43,resnet18@46,0.0
skin_isic_pad,feature,cross_seed,42,resnet18@44,resnet18@42,0.0
skin_isic_pad,feature,cross_seed,43,resnet18@44,resnet18@43,0.0
skin_isic_pad,feature,cross_seed,45,resnet18@44,resnet18@45,0.0
skin_isic_pad,feature,cross_seed,46,resnet18@44,resnet18@46,0.0
skin_isic_pad,feature,cross_seed,42,resnet18@45,resnet18@42,0.0
skin_isic_pad,feature,cross_seed,43,resnet18@45,resnet18@43,0.0
skin_isic_pad,feature,cross_seed,44,resnet18@45,resnet18@44,0.0
skin_isic_pad,feature,cross_seed,46,resnet18@45,resnet18@46,0.0
skin_isic_pad,feature,cross_seed,42,resnet18@46,resnet18@42,0.0
skin_isic_pad,feature,cross_seed,43,resnet18@46,resnet18@43,0.0
skin_isic_pad,feature,cross_seed,44,resnet18@46,resnet18@44,0.0
skin_isic_pad,feature,cross_seed,45,resnet18@46,resnet18@45,0.0
skin_isic_pad,feature,cross_seed,43,resnet50@42,resnet50@43,0.0
skin_isic_pad,feature,cross_seed,44,resnet50@42,resnet50@44,0.0
skin_isic_pad,feature,cross_seed,45,resnet50@42,resnet50@45,0.0
skin_isic_pad,feature,cross_seed,46,resnet50@42,resnet50@46,0.0
skin_isic_pad,feature,cross_seed,42,resnet50@43,resnet50@42,0.0
skin_isic_pad,feature,cross_seed,44,resnet50@43,resnet50@44,0.0
skin_isic_pad,feature,cross_seed,45,resnet50@43,resnet50@45,0.0
skin_isic_pad,feature,cross_seed,46,resnet50@43,resnet50@46,0.0
skin_isic_pad,feature,cross_seed,42,resnet50@44,resnet50@42,0.0
skin_isic_pad,feature,cross_seed,43,resnet50@44,resnet50@43,0.0
skin_isic_pad,feature,cross_seed,45,resnet50@44,resnet50@45,0.0
skin_isic_pad,feature,cross_seed,46,resnet50@44,resnet50@46,0.0
skin_isic_pad,feature,cross_seed,42,resnet50@45,resnet50@42,0.0
skin_isic_pad,feature,cross_seed,43,resnet50@45,resnet50@43,0.0
skin_isic_pad,feature,cross_seed,44,resnet50@45,resnet50@44,0.0
skin_isic_pad,feature,cross_seed,46,resnet50@45,resnet50@46,0.0
skin_isic_pad,feature,cross_seed,42,resnet50@46,resnet50@42,0.0
skin_isic_pad,feature,cross_seed,43,resnet50@46,resnet50@43,0.0
skin_isic_pad,feature,cross_seed,44,resnet50@46,resnet50@44,0.0
skin_isic_pad,feature,cross_seed,45,resnet50@46,resnet50@45,0.0
skin_isic_pad,feature,cross_seed,43,densenet121@42,densenet121@43,0.0
skin_isic_pad,feature,cross_seed,44,densenet121@42,densenet121@44,0.0
skin_isic_pad,feature,cross_seed,45,densenet121@42,densenet121@45,0.0
skin_isic_pad,feature,cross_seed,46,densenet121@42,densenet121@46,0.0
skin_isic_pad,feature,cross_seed,42,densenet121@43,densenet121@42,0.0
skin_isic_pad,feature,cross_seed,44,densenet121@43,densenet121@44,0.0
skin_isic_pad,feature,cross_seed,45,densenet121@43,densenet121@45,0.0
skin_isic_pad,feature,cross_seed,46,densenet121@43,densenet121@46,0.0
skin_isic_pad,feature,cross_seed,42,densenet121@44,densenet121@42,0.0
skin_isic_pad,feature,cross_seed,43,densenet121@44,densenet121@43,0.0
skin_isic_pad,feature,cross_seed,45,densenet121@44,densenet121@45,0.0
skin_isic_pad,feature,cross_seed,46,densenet121@44,densenet121@46,0.0
skin_isic_pad,feature,cross_seed,42,densenet121@45,densenet121@42,0.0
skin_isic_pad,feature,cross_seed,43,densenet121@45,densenet121@43,0.0
skin_isic_pad,feature,cross_seed,44,densenet121@45,densenet121@44,0.0
skin_isic_pad,feature,cross_seed,46,densenet121@45,densenet121@46,0.0
skin_isic_pad,feature,cross_seed,42,densenet121@46,densenet121@42,0.0
skin_isic_pad,feature,cross_seed,43,densenet121@46,densenet121@43,0.0
skin_isic_pad,feature,cross_seed,44,densenet121@46,densenet121@44,0.0
skin_isic_pad,feature,cross_seed,45,densenet121@46,densenet121@45,0.0
skin_isic_pad,feature,cross_seed,43,convnext_tiny@42,convnext_tiny@43,0.0
skin_isic_pad,feature,cross_seed,44,convnext_tiny@42,convnext_tiny@44,0.0
skin_isic_pad,feature,cross_seed,45,convnext_tiny@42,convnext_tiny@45,0.0
skin_isic_pad,feature,cross_seed,46,convnext_tiny@42,convnext_tiny@46,0.0
skin_isic_pad,feature,cross_seed,42,convnext_tiny@43,convnext_tiny@42,0.0
skin_isic_pad,feature,cross_seed,44,convnext_tiny@43,convnext_tiny@44,0.0
skin_isic_pad,feature,cross_seed,45,convnext_tiny@43,convnext_tiny@45,0.0
skin_isic_pad,feature,cross_seed,46,convnext_tiny@43,convnext_tiny@46,0.0
skin_isic_pad,feature,cross_seed,42,convnext_tiny@44,convnext_tiny@42,0.0
skin_isic_pad,feature,cross_seed,43,convnext_tiny@44,convnext_tiny@43,0.0
skin_isic_pad,feature,cross_seed,45,convnext_tiny@44,convnext_tiny@45,0.0
skin_isic_pad,feature,cross_seed,46,convnext_tiny@44,convnext_tiny@46,0.0
skin_isic_pad,feature,cross_seed,42,convnext_tiny@45,convnext_tiny@42,0.0
skin_isic_pad,feature,cross_seed,43,convnext_tiny@45,convnext_tiny@43,0.0
skin_isic_pad,feature,cross_seed,44,convnext_tiny@45,convnext_tiny@44,0.0
skin_isic_pad,feature,cross_seed,46,convnext_tiny@45,convnext_tiny@46,0.0
skin_isic_pad,feature,cross_seed,42,convnext_tiny@46,convnext_tiny@42,0.0
skin_isic_pad,feature,cross_seed,43,convnext_tiny@46,convnext_tiny@43,0.0
skin_isic_pad,feature,cross_seed,44,convnext_tiny@46,convnext_tiny@44,0.0
skin_isic_pad,feature,cross_seed,45,convnext_tiny@46,convnext_tiny@45,0.0
skin_isic_pad,feature,cross_seed,43,mobilenet_v3_large@42,mobilenet_v3_large@43,0.0
skin_isic_pad,feature,cross_seed,44,mobilenet_v3_large@42,mobilenet_v3_large@44,0.0
skin_isic_pad,feature,cross_seed,45,mobilenet_v3_large@42,mobilenet_v3_large@45,0.0
skin_isic_pad,feature,cross_seed,46,mobilenet_v3_large@42,mobilenet_v3_large@46,0.0
skin_isic_pad,feature,cross_seed,42,mobilenet_v3_large@43,mobilenet_v3_large@42,0.0
skin_isic_pad,feature,cross_seed,44,mobilenet_v3_large@43,mobilenet_v3_large@44,0.0
skin_isic_pad,feature,cross_seed,45,mobilenet_v3_large@43,mobilenet_v3_large@45,0.0
skin_isic_pad,feature,cross_seed,46,mobilenet_v3_large@43,mobilenet_v3_large@46,0.0
skin_isic_pad,feature,cross_seed,42,mobilenet_v3_large@44,mobilenet_v3_large@42,0.0
skin_isic_pad,feature,cross_seed,43,mobilenet_v3_large@44,mobilenet_v3_large@43,0.0
skin_isic_pad,feature,cross_seed,45,mobilenet_v3_large@44,mobilenet_v3_large@45,0.0
skin_isic_pad,feature,cross_seed,46,mobilenet_v3_large@44,mobilenet_v3_large@46,0.0
skin_isic_pad,feature,cross_seed,42,mobilenet_v3_large@45,mobilenet_v3_large@42,0.0
skin_isic_pad,feature,cross_seed,43,mobilenet_v3_large@45,mobilenet_v3_large@43,0.0
skin_isic_pad,feature,cross_seed,44,mobilenet_v3_large@45,mobilenet_v3_large@44,0.0
skin_isic_pad,feature,cross_seed,46,mobilenet_v3_large@45,mobilenet_v3_large@46,0.0
skin_isic_pad,feature,cross_seed,42,mobilenet_v3_large@46,mobilenet_v3_large@42,0.0
skin_isic_pad,feature,cross_seed,43,mobilenet_v3_large@46,mobilenet_v3_large@43,0.0
skin_isic_pad,feature,cross_seed,44,mobilenet_v3_large@46,mobilenet_v3_large@44,0.0
skin_isic_pad,feature,cross_seed,45,mobilenet_v3_large@46,mobilenet_v3_large@45,0.0
skin_isic_pad,feature,cross_seed,43,regnet_y_3_2gf@42,regnet_y_3_2gf@43,0.0
skin_isic_pad,feature,cross_seed,44,regnet_y_3_2gf@42,regnet_y_3_2gf@44,0.0
skin_isic_pad,feature,cross_seed,45,regnet_y_3_2gf@42,regnet_y_3_2gf@45,0.0
skin_isic_pad,feature,cross_seed,46,regnet_y_3_2gf@42,regnet_y_3_2gf@46,0.0
skin_isic_pad,feature,cross_seed,42,regnet_y_3_2gf@43,regnet_y_3_2gf@42,0.0
skin_isic_pad,feature,cross_seed,44,regnet_y_3_2gf@43,regnet_y_3_2gf@44,0.0
skin_isic_pad,feature,cross_seed,45,regnet_y_3_2gf@43,regnet_y_3_2gf@45,0.0
skin_isic_pad,feature,cross_seed,46,regnet_y_3_2gf@43,regnet_y_3_2gf@46,0.0
skin_isic_pad,feature,cross_seed,42,regnet_y_3_2gf@44,regnet_y_3_2gf@42,0.0
skin_isic_pad,feature,cross_seed,43,regnet_y_3_2gf@44,regnet_y_3_2gf@43,0.0
skin_isic_pad,feature,cross_seed,45,regnet_y_3_2gf@44,regnet_y_3_2gf@45,0.0
skin_isic_pad,feature,cross_seed,46,regnet_y_3_2gf@44,regnet_y_3_2gf@46,0.0
skin_isic_pad,feature,cross_seed,42,regnet_y_3_2gf@45,regnet_y_3_2gf@42,0.0
skin_isic_pad,feature,cross_seed,43,regnet_y_3_2gf@45,regnet_y_3_2gf@43,0.0
skin_isic_pad,feature,cross_seed,44,regnet_y_3_2gf@45,regnet_y_3_2gf@44,0.0
skin_isic_pad,feature,cross_seed,46,regnet_y_3_2gf@45,regnet_y_3_2gf@46,0.0
skin_isic_pad,feature,cross_seed,42,regnet_y_3_2gf@46,regnet_y_3_2gf@42,0.0
skin_isic_pad,feature,cross_seed,43,regnet_y_3_2gf@46,regnet_y_3_2gf@43,0.0
skin_isic_pad,feature,cross_seed,44,regnet_y_3_2gf@46,regnet_y_3_2gf@44,0.0
skin_isic_pad,feature,cross_seed,45,regnet_y_3_2gf@46,regnet_y_3_2gf@45,0.0
skin_isic_pad,feature,cross_seed,43,effb3@42,effb3@43,0.0
skin_isic_pad,feature,cross_seed,44,effb3@42,effb3@44,0.0
skin_isic_pad,feature,cross_seed,45,effb3@42,effb3@45,0.0
skin_isic_pad,feature,cross_seed,46,effb3@42,effb3@46,0.0
skin_isic_pad,feature,cross_seed,42,effb3@43,effb3@42,0.0
skin_isic_pad,feature,cross_seed,44,effb3@43,effb3@44,0.0
skin_isic_pad,feature,cross_seed,45,effb3@43,effb3@45,0.0
skin_isic_pad,feature,cross_seed,46,effb3@43,effb3@46,0.0
skin_isic_pad,feature,cross_seed,42,effb3@44,effb3@42,0.0
skin_isic_pad,feature,cross_seed,43,effb3@44,effb3@43,0.0
skin_isic_pad,feature,cross_seed,45,effb3@44,effb3@45,0.0
skin_isic_pad,feature,cross_seed,46,effb3@44,effb3@46,0.0
skin_isic_pad,feature,cross_seed,42,effb3@45,effb3@42,0.0
skin_isic_pad,feature,cross_seed,43,effb3@45,effb3@43,0.0
skin_isic_pad,feature,cross_seed,44,effb3@45,effb3@44,0.0
skin_isic_pad,feature,cross_seed,46,effb3@45,effb3@46,0.0
skin_isic_pad,feature,cross_seed,42,effb3@46,effb3@42,0.0
skin_isic_pad,feature,cross_seed,43,effb3@46,effb3@43,0.0
skin_isic_pad,feature,cross_seed,44,effb3@46,effb3@44,0.0
skin_isic_pad,feature,cross_seed,45,effb3@46,effb3@45,0.0
skin_isic_pad,feature,cross_seed,43,efficientnet_v2_s@42,efficientnet_v2_s@43,0.0
skin_isic_pad,feature,cross_seed,44,efficientnet_v2_s@42,efficientnet_v2_s@44,0.0
skin_isic_pad,feature,cross_seed,45,efficientnet_v2_s@42,efficientnet_v2_s@45,0.0
skin_isic_pad,feature,cross_seed,46,efficientnet_v2_s@42,efficientnet_v2_s@46,0.0
skin_isic_pad,feature,cross_seed,42,efficientnet_v2_s@43,efficientnet_v2_s@42,0.0
skin_isic_pad,feature,cross_seed,44,efficientnet_v2_s@43,efficientnet_v2_s@44,0.0
skin_isic_pad,feature,cross_seed,45,efficientnet_v2_s@43,efficientnet_v2_s@45,0.0
skin_isic_pad,feature,cross_seed,46,efficientnet_v2_s@43,efficientnet_v2_s@46,0.0
skin_isic_pad,feature,cross_seed,42,efficientnet_v2_s@44,efficientnet_v2_s@42,0.0
skin_isic_pad,feature,cross_seed,43,efficientnet_v2_s@44,efficientnet_v2_s@43,0.0
skin_isic_pad,feature,cross_seed,45,efficientnet_v2_s@44,efficientnet_v2_s@45,0.0
skin_isic_pad,feature,cross_seed,46,efficientnet_v2_s@44,efficientnet_v2_s@46,0.0
skin_isic_pad,feature,cross_seed,42,efficientnet_v2_s@45,efficientnet_v2_s@42,0.0
skin_isic_pad,feature,cross_seed,43,efficientnet_v2_s@45,efficientnet_v2_s@43,0.0
skin_isic_pad,feature,cross_seed,44,efficientnet_v2_s@45,efficientnet_v2_s@44,0.0
skin_isic_pad,feature,cross_seed,46,efficientnet_v2_s@45,efficientnet_v2_s@46,0.0
skin_isic_pad,feature,cross_seed,42,efficientnet_v2_s@46,efficientnet_v2_s@42,0.0
skin_isic_pad,feature,cross_seed,43,efficientnet_v2_s@46,efficientnet_v2_s@43,0.0
skin_isic_pad,feature,cross_seed,44,efficientnet_v2_s@46,efficientnet_v2_s@44,0.0
skin_isic_pad,feature,cross_seed,45,efficientnet_v2_s@46,efficientnet_v2_s@45,0.0
skin_isic_pad,all,cross_arch,42,resnet18,resnet50,0.0
skin_isic_pad,all,cross_arch,42,resnet18,densenet121,0.0
skin_isic_pad,all,cross_arch,42,resnet18,convnext_tiny,0.0
skin_isic_pad,all,cross_arch,42,resnet18,mobilenet_v3_large,0.0
skin_isic_pad,all,cross_arch,42,resnet18,regnet_y_3_2gf,0.0
skin_isic_pad,all,cross_arch,42,resnet18,effb3,0.0
skin_isic_pad,all,cross_arch,42,resnet18,efficientnet_v2_s,0.0
skin_isic_pad,all,cross_arch,42,resnet50,resnet18,0.0
skin_isic_pad,all,cross_arch,42,resnet50,densenet121,0.0
skin_isic_pad,all,cross_arch,42,resnet50,convnext_tiny,0.0
skin_isic_pad,all,cross_arch,42,resnet50,mobilenet_v3_large,0.0
skin_isic_pad,all,cross_arch,42,resnet50,regnet_y_3_2gf,0.0
skin_isic_pad,all,cross_arch,42,resnet50,effb3,0.0
skin_isic_pad,all,cross_arch,42,resnet50,efficientnet_v2_s,0.0
skin_isic_pad,all,cross_arch,42,densenet121,resnet18,0.0
skin_isic_pad,all,cross_arch,42,densenet121,resnet50,0.0
skin_isic_pad,all,cross_arch,42,densenet121,convnext_tiny,0.0
skin_isic_pad,all,cross_arch,42,densenet121,mobilenet_v3_large,0.0
skin_isic_pad,all,cross_arch,42,densenet121,regnet_y_3_2gf,0.0
skin_isic_pad,all,cross_arch,42,densenet121,effb3,0.0
skin_isic_pad,all,cross_arch,42,densenet121,efficientnet_v2_s,0.0
skin_isic_pad,all,cross_arch,42,convnext_tiny,resnet18,0.0
skin_isic_pad,all,cross_arch,42,convnext_tiny,resnet50,0.0
skin_isic_pad,all,cross_arch,42,convnext_tiny,densenet121,0.0
skin_isic_pad,all,cross_arch,42,convnext_tiny,mobilenet_v3_large,0.0
skin_isic_pad,all,cross_arch,42,convnext_tiny,regnet_y_3_2gf,0.0
skin_isic_pad,all,cross_arch,42,convnext_tiny,effb3,0.0
skin_isic_pad,all,cross_arch,42,convnext_tiny,efficientnet_v2_s,0.0
skin_isic_pad,all,cross_arch,42,mobilenet_v3_large,resnet18,0.0
skin_isic_pad,all,cross_arch,42,mobilenet_v3_large,resnet50,0.0
skin_isic_pad,all,cross_arch,42,mobilenet_v3_large,densenet121,0.0
skin_isic_pad,all,cross_arch,42,mobilenet_v3_large,convnext_tiny,0.0
skin_isic_pad,all,cross_arch,42,mobilenet_v3_large,regnet_y_3_2gf,0.0
skin_isic_pad,all,cross_arch,42,mobilenet_v3_large,effb3,0.0
skin_isic_pad,all,cross_arch,42,mobilenet_v3_large,efficientnet_v2_s,0.0
skin_isic_pad,all,cross_arch,42,regnet_y_3_2gf,resnet18,0.0
skin_isic_pad,all,cross_arch,42,regnet_y_3_2gf,resnet50,0.0
skin_isic_pad,all,cross_arch,42,regnet_y_3_2gf,densenet121,0.0
skin_isic_pad,all,cross_arch,42,regnet_y_3_2gf,convnext_tiny,0.0
skin_isic_pad,all,cross_arch,42,regnet_y_3_2gf,mobilenet_v3_large,0.0
skin_isic_pad,all,cross_arch,42,regnet_y_3_2gf,effb3,0.0
skin_isic_pad,all,cross_arch,42,regnet_y_3_2gf,efficientnet_v2_s,0.0
skin_isic_pad,all,cross_arch,42,effb3,resnet18,0.0
skin_isic_pad,all,cross_arch,42,effb3,resnet50,0.0
skin_isic_pad,all,cross_arch,42,effb3,densenet121,0.0
skin_isic_pad,all,cross_arch,42,effb3,convnext_tiny,0.0
skin_isic_pad,all,cross_arch,42,effb3,mobilenet_v3_large,0.0
skin_isic_pad,all,cross_arch,42,effb3,regnet_y_3_2gf,0.0
skin_isic_pad,all,cross_arch,42,effb3,efficientnet_v2_s,0.0
skin_isic_pad,all,cross_arch,42,efficientnet_v2_s,resnet18,0.0
skin_isic_pad,all,cross_arch,42,efficientnet_v2_s,resnet50,0.0
skin_isic_pad,all,cross_arch,42,efficientnet_v2_s,densenet121,0.0
skin_isic_pad,all,cross_arch,42,efficientnet_v2_s,convnext_tiny,0.0
skin_isic_pad,all,cross_arch,42,efficientnet_v2_s,mobilenet_v3_large,0.0
skin_isic_pad,all,cross_arch,42,efficientnet_v2_s,regnet_y_3_2gf,0.0
skin_isic_pad,all,cross_arch,42,efficientnet_v2_s,effb3,0.0
skin_isic_pad,all,cross_arch,43,resnet18,resnet50,0.0
skin_isic_pad,all,cross_arch,43,resnet18,densenet121,0.0
skin_isic_pad,all,cross_arch,43,resnet18,convnext_tiny,0.0
skin_isic_pad,all,cross_arch,43,resnet18,mobilenet_v3_large,0.0
skin_isic_pad,all,cross_arch,43,resnet18,regnet_y_3_2gf,0.0
skin_isic_pad,all,cross_arch,43,resnet18,effb3,0.0
skin_isic_pad,all,cross_arch,43,resnet18,efficientnet_v2_s,0.0
skin_isic_pad,all,cross_arch,43,resnet50,resnet18,0.0
skin_isic_pad,all,cross_arch,43,resnet50,densenet121,0.0
skin_isic_pad,all,cross_arch,43,resnet50,convnext_tiny,0.0
skin_isic_pad,all,cross_arch,43,resnet50,mobilenet_v3_large,0.0
skin_isic_pad,all,cross_arch,43,resnet50,regnet_y_3_2gf,0.0
skin_isic_pad,all,cross_arch,43,resnet50,effb3,0.0
skin_isic_pad,all,cross_arch,43,resnet50,efficientnet_v2_s,0.0
skin_isic_pad,all,cross_arch,43,densenet121,resnet18,0.0
skin_isic_pad,all,cross_arch,43,densenet121,resnet50,0.0
skin_isic_pad,all,cross_arch,43,densenet121,convnext_tiny,0.0
skin_isic_pad,all,cross_arch,43,densenet121,mobilenet_v3_large,0.0
skin_isic_pad,all,cross_arch,43,densenet121,regnet_y_3_2gf,0.0
skin_isic_pad,all,cross_arch,43,densenet121,effb3,0.0
skin_isic_pad,all,cross_arch,43,densenet121,efficientnet_v2_s,0.0
skin_isic_pad,all,cross_arch,43,convnext_tiny,resnet18,0.0
skin_isic_pad,all,cross_arch,43,convnext_tiny,resnet50,0.0
skin_isic_pad,all,cross_arch,43,convnext_tiny,densenet121,0.0
skin_isic_pad,all,cross_arch,43,convnext_tiny,mobilenet_v3_large,0.0
skin_isic_pad,all,cross_arch,43,convnext_tiny,regnet_y_3_2gf,0.0
skin_isic_pad,all,cross_arch,43,convnext_tiny,effb3,0.0
skin_isic_pad,all,cross_arch,43,convnext_tiny,efficientnet_v2_s,0.0
skin_isic_pad,all,cross_arch,43,mobilenet_v3_large,resnet18,0.0
skin_isic_pad,all,cross_arch,43,mobilenet_v3_large,resnet50,0.0
skin_isic_pad,all,cross_arch,43,mobilenet_v3_large,densenet121,0.0
skin_isic_pad,all,cross_arch,43,mobilenet_v3_large,convnext_tiny,0.0
skin_isic_pad,all,cross_arch,43,mobilenet_v3_large,regnet_y_3_2gf,0.0
skin_isic_pad,all,cross_arch,43,mobilenet_v3_large,effb3,0.0
skin_isic_pad,all,cross_arch,43,mobilenet_v3_large,efficientnet_v2_s,0.0
skin_isic_pad,all,cross_arch,43,regnet_y_3_2gf,resnet18,0.0
skin_isic_pad,all,cross_arch,43,regnet_y_3_2gf,resnet50,0.0
skin_isic_pad,all,cross_arch,43,regnet_y_3_2gf,densenet121,0.0
skin_isic_pad,all,cross_arch,43,regnet_y_3_2gf,convnext_tiny,0.0
skin_isic_pad,all,cross_arch,43,regnet_y_3_2gf,mobilenet_v3_large,0.0
skin_isic_pad,all,cross_arch,43,regnet_y_3_2gf,effb3,0.0
skin_isic_pad,all,cross_arch,43,regnet_y_3_2gf,efficientnet_v2_s,0.0
skin_isic_pad,all,cross_arch,43,effb3,resnet18,0.0
skin_isic_pad,all,cross_arch,43,effb3,resnet50,0.0
skin_isic_pad,all,cross_arch,43,effb3,densenet121,0.0
skin_isic_pad,all,cross_arch,43,effb3,convnext_tiny,0.0
skin_isic_pad,all,cross_arch,43,effb3,mobilenet_v3_large,0.0
skin_isic_pad,all,cross_arch,43,effb3,regnet_y_3_2gf,0.0
skin_isic_pad,all,cross_arch,43,effb3,efficientnet_v2_s,0.0
skin_isic_pad,all,cross_arch,43,efficientnet_v2_s,resnet18,0.0
skin_isic_pad,all,cross_arch,43,efficientnet_v2_s,resnet50,0.0
skin_isic_pad,all,cross_arch,43,efficientnet_v2_s,densenet121,0.0
skin_isic_pad,all,cross_arch,43,efficientnet_v2_s,convnext_tiny,0.0
skin_isic_pad,all,cross_arch,43,efficientnet_v2_s,mobilenet_v3_large,0.0
skin_isic_pad,all,cross_arch,43,efficientnet_v2_s,regnet_y_3_2gf,0.0
skin_isic_pad,all,cross_arch,43,efficientnet_v2_s,effb3,0.0
skin_isic_pad,all,cross_arch,44,resnet18,resnet50,0.0
skin_isic_pad,all,cross_arch,44,resnet18,densenet121,0.0
skin_isic_pad,all,cross_arch,44,resnet18,convnext_tiny,0.0
skin_isic_pad,all,cross_arch,44,resnet18,mobilenet_v3_large,0.0
skin_isic_pad,all,cross_arch,44,resnet18,regnet_y_3_2gf,0.0
skin_isic_pad,all,cross_arch,44,resnet18,effb3,0.0
skin_isic_pad,all,cross_arch,44,resnet18,efficientnet_v2_s,0.0
skin_isic_pad,all,cross_arch,44,resnet50,resnet18,0.0
skin_isic_pad,all,cross_arch,44,resnet50,densenet121,0.0
skin_isic_pad,all,cross_arch,44,resnet50,convnext_tiny,0.0
skin_isic_pad,all,cross_arch,44,resnet50,mobilenet_v3_large,0.0
skin_isic_pad,all,cross_arch,44,resnet50,regnet_y_3_2gf,0.0
skin_isic_pad,all,cross_arch,44,resnet50,effb3,0.0
skin_isic_pad,all,cross_arch,44,resnet50,efficientnet_v2_s,0.0
skin_isic_pad,all,cross_arch,44,densenet121,resnet18,0.0
skin_isic_pad,all,cross_arch,44,densenet121,resnet50,0.0
skin_isic_pad,all,cross_arch,44,densenet121,convnext_tiny,0.0
skin_isic_pad,all,cross_arch,44,densenet121,mobilenet_v3_large,0.0
skin_isic_pad,all,cross_arch,44,densenet121,regnet_y_3_2gf,0.0
skin_isic_pad,all,cross_arch,44,densenet121,effb3,0.0
skin_isic_pad,all,cross_arch,44,densenet121,efficientnet_v2_s,0.0
skin_isic_pad,all,cross_arch,44,convnext_tiny,resnet18,0.0
skin_isic_pad,all,cross_arch,44,convnext_tiny,resnet50,0.0
skin_isic_pad,all,cross_arch,44,convnext_tiny,densenet121,0.0
skin_isic_pad,all,cross_arch,44,convnext_tiny,mobilenet_v3_large,0.0
skin_isic_pad,all,cross_arch,44,convnext_tiny,regnet_y_3_2gf,0.0
skin_isic_pad,all,cross_arch,44,convnext_tiny,effb3,0.0
skin_isic_pad,all,cross_arch,44,convnext_tiny,efficientnet_v2_s,0.0
skin_isic_pad,all,cross_arch,44,mobilenet_v3_large,resnet18,0.0
skin_isic_pad,all,cross_arch,44,mobilenet_v3_large,resnet50,0.0
skin_isic_pad,all,cross_arch,44,mobilenet_v3_large,densenet121,0.0
skin_isic_pad,all,cross_arch,44,mobilenet_v3_large,convnext_tiny,0.0
skin_isic_pad,all,cross_arch,44,mobilenet_v3_large,regnet_y_3_2gf,0.0
skin_isic_pad,all,cross_arch,44,mobilenet_v3_large,effb3,0.0
skin_isic_pad,all,cross_arch,44,mobilenet_v3_large,efficientnet_v2_s,0.0
skin_isic_pad,all,cross_arch,44,regnet_y_3_2gf,resnet18,0.0
skin_isic_pad,all,cross_arch,44,regnet_y_3_2gf,resnet50,0.0
skin_isic_pad,all,cross_arch,44,regnet_y_3_2gf,densenet121,0.0
skin_isic_pad,all,cross_arch,44,regnet_y_3_2gf,convnext_tiny,0.0
skin_isic_pad,all,cross_arch,44,regnet_y_3_2gf,mobilenet_v3_large,0.0
skin_isic_pad,all,cross_arch,44,regnet_y_3_2gf,effb3,0.0
skin_isic_pad,all,cross_arch,44,regnet_y_3_2gf,efficientnet_v2_s,0.0
skin_isic_pad,all,cross_arch,44,effb3,resnet18,0.0
skin_isic_pad,all,cross_arch,44,effb3,resnet50,0.0
skin_isic_pad,all,cross_arch,44,effb3,densenet121,0.0
skin_isic_pad,all,cross_arch,44,effb3,convnext_tiny,0.0
skin_isic_pad,all,cross_arch,44,effb3,mobilenet_v3_large,0.0
skin_isic_pad,all,cross_arch,44,effb3,regnet_y_3_2gf,0.0
skin_isic_pad,all,cross_arch,44,effb3,efficientnet_v2_s,0.0
skin_isic_pad,all,cross_arch,44,efficientnet_v2_s,resnet18,0.0
skin_isic_pad,all,cross_arch,44,efficientnet_v2_s,resnet50,0.0
skin_isic_pad,all,cross_arch,44,efficientnet_v2_s,densenet121,0.0
skin_isic_pad,all,cross_arch,44,efficientnet_v2_s,convnext_tiny,0.0
skin_isic_pad,all,cross_arch,44,efficientnet_v2_s,mobilenet_v3_large,0.0
skin_isic_pad,all,cross_arch,44,efficientnet_v2_s,regnet_y_3_2gf,0.0
skin_isic_pad,all,cross_arch,44,efficientnet_v2_s,effb3,0.0
skin_isic_pad,all,cross_arch,45,resnet18,resnet50,0.0
skin_isic_pad,all,cross_arch,45,resnet18,densenet121,0.0
skin_isic_pad,all,cross_arch,45,resnet18,convnext_tiny,0.0
skin_isic_pad,all,cross_arch,45,resnet18,mobilenet_v3_large,0.0
skin_isic_pad,all,cross_arch,45,resnet18,regnet_y_3_2gf,0.0
skin_isic_pad,all,cross_arch,45,resnet18,effb3,0.0
skin_isic_pad,all,cross_arch,45,resnet18,efficientnet_v2_s,0.0
skin_isic_pad,all,cross_arch,45,resnet50,resnet18,0.0
skin_isic_pad,all,cross_arch,45,resnet50,densenet121,0.0
skin_isic_pad,all,cross_arch,45,resnet50,convnext_tiny,0.0
skin_isic_pad,all,cross_arch,45,resnet50,mobilenet_v3_large,0.0
skin_isic_pad,all,cross_arch,45,resnet50,regnet_y_3_2gf,0.0
skin_isic_pad,all,cross_arch,45,resnet50,effb3,0.0
skin_isic_pad,all,cross_arch,45,resnet50,efficientnet_v2_s,0.0
skin_isic_pad,all,cross_arch,45,densenet121,resnet18,0.0
skin_isic_pad,all,cross_arch,45,densenet121,resnet50,0.0
skin_isic_pad,all,cross_arch,45,densenet121,convnext_tiny,0.0
skin_isic_pad,all,cross_arch,45,densenet121,mobilenet_v3_large,0.0
skin_isic_pad,all,cross_arch,45,densenet121,regnet_y_3_2gf,0.0
skin_isic_pad,all,cross_arch,45,densenet121,effb3,0.0
skin_isic_pad,all,cross_arch,45,densenet121,efficientnet_v2_s,0.0
skin_isic_pad,all,cross_arch,45,convnext_tiny,resnet18,0.0
skin_isic_pad,all,cross_arch,45,convnext_tiny,resnet50,0.0
skin_isic_pad,all,cross_arch,45,convnext_tiny,densenet121,0.0
skin_isic_pad,all,cross_arch,45,convnext_tiny,mobilenet_v3_large,0.0
skin_isic_pad,all,cross_arch,45,convnext_tiny,regnet_y_3_2gf,0.0
skin_isic_pad,all,cross_arch,45,convnext_tiny,effb3,0.0
skin_isic_pad,all,cross_arch,45,convnext_tiny,efficientnet_v2_s,0.0
skin_isic_pad,all,cross_arch,45,mobilenet_v3_large,resnet18,0.0
skin_isic_pad,all,cross_arch,45,mobilenet_v3_large,resnet50,0.0
skin_isic_pad,all,cross_arch,45,mobilenet_v3_large,densenet121,0.0
skin_isic_pad,all,cross_arch,45,mobilenet_v3_large,convnext_tiny,0.0
skin_isic_pad,all,cross_arch,45,mobilenet_v3_large,regnet_y_3_2gf,0.0
skin_isic_pad,all,cross_arch,45,mobilenet_v3_large,effb3,0.0
skin_isic_pad,all,cross_arch,45,mobilenet_v3_large,efficientnet_v2_s,0.0
skin_isic_pad,all,cross_arch,45,regnet_y_3_2gf,resnet18,0.0
skin_isic_pad,all,cross_arch,45,regnet_y_3_2gf,resnet50,0.0
skin_isic_pad,all,cross_arch,45,regnet_y_3_2gf,densenet121,0.0
skin_isic_pad,all,cross_arch,45,regnet_y_3_2gf,convnext_tiny,0.0
skin_isic_pad,all,cross_arch,45,regnet_y_3_2gf,mobilenet_v3_large,0.0
skin_isic_pad,all,cross_arch,45,regnet_y_3_2gf,effb3,0.0
skin_isic_pad,all,cross_arch,45,regnet_y_3_2gf,efficientnet_v2_s,0.0
skin_isic_pad,all,cross_arch,45,effb3,resnet18,0.0
skin_isic_pad,all,cross_arch,45,effb3,resnet50,0.0
skin_isic_pad,all,cross_arch,45,effb3,densenet121,0.0
skin_isic_pad,all,cross_arch,45,effb3,convnext_tiny,0.0
skin_isic_pad,all,cross_arch,45,effb3,mobilenet_v3_large,0.0
skin_isic_pad,all,cross_arch,45,effb3,regnet_y_3_2gf,0.0
skin_isic_pad,all,cross_arch,45,effb3,efficientnet_v2_s,0.0
skin_isic_pad,all,cross_arch,45,efficientnet_v2_s,resnet18,0.0
skin_isic_pad,all,cross_arch,45,efficientnet_v2_s,resnet50,0.0
skin_isic_pad,all,cross_arch,45,efficientnet_v2_s,densenet121,0.0
skin_isic_pad,all,cross_arch,45,efficientnet_v2_s,convnext_tiny,0.0
skin_isic_pad,all,cross_arch,45,efficientnet_v2_s,mobilenet_v3_large,0.0
skin_isic_pad,all,cross_arch,45,efficientnet_v2_s,regnet_y_3_2gf,0.0
skin_isic_pad,all,cross_arch,45,efficientnet_v2_s,effb3,0.0
skin_isic_pad,all,cross_arch,46,resnet18,resnet50,0.0
skin_isic_pad,all,cross_arch,46,resnet18,densenet121,0.0
skin_isic_pad,all,cross_arch,46,resnet18,convnext_tiny,0.0
skin_isic_pad,all,cross_arch,46,resnet18,mobilenet_v3_large,0.0
skin_isic_pad,all,cross_arch,46,resnet18,regnet_y_3_2gf,0.0
skin_isic_pad,all,cross_arch,46,resnet18,effb3,0.0
skin_isic_pad,all,cross_arch,46,resnet18,efficientnet_v2_s,0.0
skin_isic_pad,all,cross_arch,46,resnet50,resnet18,0.0
skin_isic_pad,all,cross_arch,46,resnet50,densenet121,0.0
skin_isic_pad,all,cross_arch,46,resnet50,convnext_tiny,0.0
skin_isic_pad,all,cross_arch,46,resnet50,mobilenet_v3_large,0.0
skin_isic_pad,all,cross_arch,46,resnet50,regnet_y_3_2gf,0.0
skin_isic_pad,all,cross_arch,46,resnet50,effb3,0.0
skin_isic_pad,all,cross_arch,46,resnet50,efficientnet_v2_s,0.0
skin_isic_pad,all,cross_arch,46,densenet121,resnet18,0.0
skin_isic_pad,all,cross_arch,46,densenet121,resnet50,0.0
skin_isic_pad,all,cross_arch,46,densenet121,convnext_tiny,0.0
skin_isic_pad,all,cross_arch,46,densenet121,mobilenet_v3_large,0.0
skin_isic_pad,all,cross_arch,46,densenet121,regnet_y_3_2gf,0.0
skin_isic_pad,all,cross_arch,46,densenet121,effb3,0.0
skin_isic_pad,all,cross_arch,46,densenet121,efficientnet_v2_s,0.0
skin_isic_pad,all,cross_arch,46,convnext_tiny,resnet18,0.0
skin_isic_pad,all,cross_arch,46,convnext_tiny,resnet50,0.0
skin_isic_pad,all,cross_arch,46,convnext_tiny,densenet121,0.0
skin_isic_pad,all,cross_arch,46,convnext_tiny,mobilenet_v3_large,0.0
skin_isic_pad,all,cross_arch,46,convnext_tiny,regnet_y_3_2gf,0.0
skin_isic_pad,all,cross_arch,46,convnext_tiny,effb3,0.0
skin_isic_pad,all,cross_arch,46,convnext_tiny,efficientnet_v2_s,0.0
skin_isic_pad,all,cross_arch,46,mobilenet_v3_large,resnet18,0.0
skin_isic_pad,all,cross_arch,46,mobilenet_v3_large,resnet50,0.0
skin_isic_pad,all,cross_arch,46,mobilenet_v3_large,densenet121,0.0
skin_isic_pad,all,cross_arch,46,mobilenet_v3_large,convnext_tiny,0.0
skin_isic_pad,all,cross_arch,46,mobilenet_v3_large,regnet_y_3_2gf,0.0
skin_isic_pad,all,cross_arch,46,mobilenet_v3_large,effb3,0.0
skin_isic_pad,all,cross_arch,46,mobilenet_v3_large,efficientnet_v2_s,0.0
skin_isic_pad,all,cross_arch,46,regnet_y_3_2gf,resnet18,0.0
skin_isic_pad,all,cross_arch,46,regnet_y_3_2gf,resnet50,0.0
skin_isic_pad,all,cross_arch,46,regnet_y_3_2gf,densenet121,0.0
skin_isic_pad,all,cross_arch,46,regnet_y_3_2gf,convnext_tiny,0.0
skin_isic_pad,all,cross_arch,46,regnet_y_3_2gf,mobilenet_v3_large,0.0
skin_isic_pad,all,cross_arch,46,regnet_y_3_2gf,effb3,0.0
skin_isic_pad,all,cross_arch,46,regnet_y_3_2gf,efficientnet_v2_s,0.0
skin_isic_pad,all,cross_arch,46,effb3,resnet18,0.0
skin_isic_pad,all,cross_arch,46,effb3,resnet50,0.0
skin_isic_pad,all,cross_arch,46,effb3,densenet121,0.0
skin_isic_pad,all,cross_arch,46,effb3,convnext_tiny,0.0
skin_isic_pad,all,cross_arch,46,effb3,mobilenet_v3_large,0.0
skin_isic_pad,all,cross_arch,46,effb3,regnet_y_3_2gf,0.0
skin_isic_pad,all,cross_arch,46,effb3,efficientnet_v2_s,0.0
skin_isic_pad,all,cross_arch,46,efficientnet_v2_s,resnet18,0.0
skin_isic_pad,all,cross_arch,46,efficientnet_v2_s,resnet50,0.0
skin_isic_pad,all,cross_arch,46,efficientnet_v2_s,densenet121,0.0
skin_isic_pad,all,cross_arch,46,efficientnet_v2_s,convnext_tiny,0.0
skin_isic_pad,all,cross_arch,46,efficientnet_v2_s,mobilenet_v3_large,0.0
skin_isic_pad,all,cross_arch,46,efficientnet_v2_s,regnet_y_3_2gf,0.0
skin_isic_pad,all,cross_arch,46,efficientnet_v2_s,effb3,0.0
skin_isic_pad,all,cross_seed,43,resnet18@42,resnet18@43,0.0
skin_isic_pad,all,cross_seed,44,resnet18@42,resnet18@44,0.0
skin_isic_pad,all,cross_seed,45,resnet18@42,resnet18@45,0.0
skin_isic_pad,all,cross_seed,46,resnet18@42,resnet18@46,0.0
skin_isic_pad,all,cross_seed,42,resnet18@43,resnet18@42,0.0
skin_isic_pad,all,cross_seed,44,resnet18@43,resnet18@44,0.0
skin_isic_pad,all,cross_seed,45,resnet18@43,resnet18@45,0.0
skin_isic_pad,all,cross_seed,46,resnet18@43,resnet18@46,0.0
skin_isic_pad,all,cross_seed,42,resnet18@44,resnet18@42,0.0
skin_isic_pad,all,cross_seed,43,resnet18@44,resnet18@43,0.0
skin_isic_pad,all,cross_seed,45,resnet18@44,resnet18@45,0.0
skin_isic_pad,all,cross_seed,46,resnet18@44,resnet18@46,0.0
skin_isic_pad,all,cross_seed,42,resnet18@45,resnet18@42,0.0
skin_isic_pad,all,cross_seed,43,resnet18@45,resnet18@43,0.0
skin_isic_pad,all,cross_seed,44,resnet18@45,resnet18@44,0.0
skin_isic_pad,all,cross_seed,46,resnet18@45,resnet18@46,0.0
skin_isic_pad,all,cross_seed,42,resnet18@46,resnet18@42,0.0
skin_isic_pad,all,cross_seed,43,resnet18@46,resnet18@43,0.0
skin_isic_pad,all,cross_seed,44,resnet18@46,resnet18@44,0.0
skin_isic_pad,all,cross_seed,45,resnet18@46,resnet18@45,0.0
skin_isic_pad,all,cross_seed,43,resnet50@42,resnet50@43,0.0
skin_isic_pad,all,cross_seed,44,resnet50@42,resnet50@44,0.0
skin_isic_pad,all,cross_seed,45,resnet50@42,resnet50@45,0.0
skin_isic_pad,all,cross_seed,46,resnet50@42,resnet50@46,0.0
skin_isic_pad,all,cross_seed,42,resnet50@43,resnet50@42,0.0
skin_isic_pad,all,cross_seed,44,resnet50@43,resnet50@44,0.0
skin_isic_pad,all,cross_seed,45,resnet50@43,resnet50@45,0.0
skin_isic_pad,all,cross_seed,46,resnet50@43,resnet50@46,0.0
skin_isic_pad,all,cross_seed,42,resnet50@44,resnet50@42,0.0
skin_isic_pad,all,cross_seed,43,resnet50@44,resnet50@43,0.0
skin_isic_pad,all,cross_seed,45,resnet50@44,resnet50@45,0.0
skin_isic_pad,all,cross_seed,46,resnet50@44,resnet50@46,0.0
skin_isic_pad,all,cross_seed,42,resnet50@45,resnet50@42,0.0
skin_isic_pad,all,cross_seed,43,resnet50@45,resnet50@43,0.0
skin_isic_pad,all,cross_seed,44,resnet50@45,resnet50@44,0.0
skin_isic_pad,all,cross_seed,46,resnet50@45,resnet50@46,0.0
skin_isic_pad,all,cross_seed,42,resnet50@46,resnet50@42,0.0
skin_isic_pad,all,cross_seed,43,resnet50@46,resnet50@43,0.0
skin_isic_pad,all,cross_seed,44,resnet50@46,resnet50@44,0.0
skin_isic_pad,all,cross_seed,45,resnet50@46,resnet50@45,0.0
skin_isic_pad,all,cross_seed,43,densenet121@42,densenet121@43,0.0
skin_isic_pad,all,cross_seed,44,densenet121@42,densenet121@44,0.0
skin_isic_pad,all,cross_seed,45,densenet121@42,densenet121@45,0.0
skin_isic_pad,all,cross_seed,46,densenet121@42,densenet121@46,0.0
skin_isic_pad,all,cross_seed,42,densenet121@43,densenet121@42,0.0
skin_isic_pad,all,cross_seed,44,densenet121@43,densenet121@44,0.0
skin_isic_pad,all,cross_seed,45,densenet121@43,densenet121@45,0.0
skin_isic_pad,all,cross_seed,46,densenet121@43,densenet121@46,0.0
skin_isic_pad,all,cross_seed,42,densenet121@44,densenet121@42,0.0
skin_isic_pad,all,cross_seed,43,densenet121@44,densenet121@43,0.0
skin_isic_pad,all,cross_seed,45,densenet121@44,densenet121@45,0.0
skin_isic_pad,all,cross_seed,46,densenet121@44,densenet121@46,0.0
skin_isic_pad,all,cross_seed,42,densenet121@45,densenet121@42,0.0
skin_isic_pad,all,cross_seed,43,densenet121@45,densenet121@43,0.0
skin_isic_pad,all,cross_seed,44,densenet121@45,densenet121@44,0.0
skin_isic_pad,all,cross_seed,46,densenet121@45,densenet121@46,0.0
skin_isic_pad,all,cross_seed,42,densenet121@46,densenet121@42,0.0
skin_isic_pad,all,cross_seed,43,densenet121@46,densenet121@43,0.0
skin_isic_pad,all,cross_seed,44,densenet121@46,densenet121@44,0.0
skin_isic_pad,all,cross_seed,45,densenet121@46,densenet121@45,0.0
skin_isic_pad,all,cross_seed,43,convnext_tiny@42,convnext_tiny@43,0.0
skin_isic_pad,all,cross_seed,44,convnext_tiny@42,convnext_tiny@44,0.0
skin_isic_pad,all,cross_seed,45,convnext_tiny@42,convnext_tiny@45,0.0
skin_isic_pad,all,cross_seed,46,convnext_tiny@42,convnext_tiny@46,0.0
skin_isic_pad,all,cross_seed,42,convnext_tiny@43,convnext_tiny@42,0.0
skin_isic_pad,all,cross_seed,44,convnext_tiny@43,convnext_tiny@44,0.0
skin_isic_pad,all,cross_seed,45,convnext_tiny@43,convnext_tiny@45,0.0
skin_isic_pad,all,cross_seed,46,convnext_tiny@43,convnext_tiny@46,0.0
skin_isic_pad,all,cross_seed,42,convnext_tiny@44,convnext_tiny@42,0.0
skin_isic_pad,all,cross_seed,43,convnext_tiny@44,convnext_tiny@43,0.0
skin_isic_pad,all,cross_seed,45,convnext_tiny@44,convnext_tiny@45,0.0
skin_isic_pad,all,cross_seed,46,convnext_tiny@44,convnext_tiny@46,0.0
skin_isic_pad,all,cross_seed,42,convnext_tiny@45,convnext_tiny@42,0.0
skin_isic_pad,all,cross_seed,43,convnext_tiny@45,convnext_tiny@43,0.0
skin_isic_pad,all,cross_seed,44,convnext_tiny@45,convnext_tiny@44,0.0
skin_isic_pad,all,cross_seed,46,convnext_tiny@45,convnext_tiny@46,0.0
skin_isic_pad,all,cross_seed,42,convnext_tiny@46,convnext_tiny@42,0.0
skin_isic_pad,all,cross_seed,43,convnext_tiny@46,convnext_tiny@43,0.0
skin_isic_pad,all,cross_seed,44,convnext_tiny@46,convnext_tiny@44,0.0
skin_isic_pad,all,cross_seed,45,convnext_tiny@46,convnext_tiny@45,0.0
skin_isic_pad,all,cross_seed,43,mobilenet_v3_large@42,mobilenet_v3_large@43,0.0
skin_isic_pad,all,cross_seed,44,mobilenet_v3_large@42,mobilenet_v3_large@44,0.0
skin_isic_pad,all,cross_seed,45,mobilenet_v3_large@42,mobilenet_v3_large@45,0.0
skin_isic_pad,all,cross_seed,46,mobilenet_v3_large@42,mobilenet_v3_large@46,0.0
skin_isic_pad,all,cross_seed,42,mobilenet_v3_large@43,mobilenet_v3_large@42,0.0
skin_isic_pad,all,cross_seed,44,mobilenet_v3_large@43,mobilenet_v3_large@44,0.0
skin_isic_pad,all,cross_seed,45,mobilenet_v3_large@43,mobilenet_v3_large@45,0.0
skin_isic_pad,all,cross_seed,46,mobilenet_v3_large@43,mobilenet_v3_large@46,0.0
skin_isic_pad,all,cross_seed,42,mobilenet_v3_large@44,mobilenet_v3_large@42,0.0
skin_isic_pad,all,cross_seed,43,mobilenet_v3_large@44,mobilenet_v3_large@43,0.0
skin_isic_pad,all,cross_seed,45,mobilenet_v3_large@44,mobilenet_v3_large@45,0.0
skin_isic_pad,all,cross_seed,46,mobilenet_v3_large@44,mobilenet_v3_large@46,0.0
skin_isic_pad,all,cross_seed,42,mobilenet_v3_large@45,mobilenet_v3_large@42,0.0
skin_isic_pad,all,cross_seed,43,mobilenet_v3_large@45,mobilenet_v3_large@43,0.0
skin_isic_pad,all,cross_seed,44,mobilenet_v3_large@45,mobilenet_v3_large@44,0.0
skin_isic_pad,all,cross_seed,46,mobilenet_v3_large@45,mobilenet_v3_large@46,0.0
skin_isic_pad,all,cross_seed,42,mobilenet_v3_large@46,mobilenet_v3_large@42,0.0
skin_isic_pad,all,cross_seed,43,mobilenet_v3_large@46,mobilenet_v3_large@43,0.0
skin_isic_pad,all,cross_seed,44,mobilenet_v3_large@46,mobilenet_v3_large@44,0.0
skin_isic_pad,all,cross_seed,45,mobilenet_v3_large@46,mobilenet_v3_large@45,0.0
skin_isic_pad,all,cross_seed,43,regnet_y_3_2gf@42,regnet_y_3_2gf@43,0.0
skin_isic_pad,all,cross_seed,44,regnet_y_3_2gf@42,regnet_y_3_2gf@44,0.0
skin_isic_pad,all,cross_seed,45,regnet_y_3_2gf@42,regnet_y_3_2gf@45,0.0
skin_isic_pad,all,cross_seed,46,regnet_y_3_2gf@42,regnet_y_3_2gf@46,0.0
skin_isic_pad,all,cross_seed,42,regnet_y_3_2gf@43,regnet_y_3_2gf@42,0.0
skin_isic_pad,all,cross_seed,44,regnet_y_3_2gf@43,regnet_y_3_2gf@44,0.0
skin_isic_pad,all,cross_seed,45,regnet_y_3_2gf@43,regnet_y_3_2gf@45,0.0
skin_isic_pad,all,cross_seed,46,regnet_y_3_2gf@43,regnet_y_3_2gf@46,0.0
skin_isic_pad,all,cross_seed,42,regnet_y_3_2gf@44,regnet_y_3_2gf@42,0.0
skin_isic_pad,all,cross_seed,43,regnet_y_3_2gf@44,regnet_y_3_2gf@43,0.0
skin_isic_pad,all,cross_seed,45,regnet_y_3_2gf@44,regnet_y_3_2gf@45,0.0
skin_isic_pad,all,cross_seed,46,regnet_y_3_2gf@44,regnet_y_3_2gf@46,0.0
skin_isic_pad,all,cross_seed,42,regnet_y_3_2gf@45,regnet_y_3_2gf@42,0.0
skin_isic_pad,all,cross_seed,43,regnet_y_3_2gf@45,regnet_y_3_2gf@43,0.0
skin_isic_pad,all,cross_seed,44,regnet_y_3_2gf@45,regnet_y_3_2gf@44,0.0
skin_isic_pad,all,cross_seed,46,regnet_y_3_2gf@45,regnet_y_3_2gf@46,0.0
skin_isic_pad,all,cross_seed,42,regnet_y_3_2gf@46,regnet_y_3_2gf@42,0.0
skin_isic_pad,all,cross_seed,43,regnet_y_3_2gf@46,regnet_y_3_2gf@43,0.0
skin_isic_pad,all,cross_seed,44,regnet_y_3_2gf@46,regnet_y_3_2gf@44,0.0
skin_isic_pad,all,cross_seed,45,regnet_y_3_2gf@46,regnet_y_3_2gf@45,0.0
skin_isic_pad,all,cross_seed,43,effb3@42,effb3@43,0.0
skin_isic_pad,all,cross_seed,44,effb3@42,effb3@44,0.0
skin_isic_pad,all,cross_seed,45,effb3@42,effb3@45,0.0
skin_isic_pad,all,cross_seed,46,effb3@42,effb3@46,0.0
skin_isic_pad,all,cross_seed,42,effb3@43,effb3@42,0.0
skin_isic_pad,all,cross_seed,44,effb3@43,effb3@44,0.0
skin_isic_pad,all,cross_seed,45,effb3@43,effb3@45,0.0
skin_isic_pad,all,cross_seed,46,effb3@43,effb3@46,0.0
skin_isic_pad,all,cross_seed,42,effb3@44,effb3@42,0.0
skin_isic_pad,all,cross_seed,43,effb3@44,effb3@43,0.0
skin_isic_pad,all,cross_seed,45,effb3@44,effb3@45,0.0
skin_isic_pad,all,cross_seed,46,effb3@44,effb3@46,0.0
skin_isic_pad,all,cross_seed,42,effb3@45,effb3@42,0.0
skin_isic_pad,all,cross_seed,43,effb3@45,effb3@43,0.0
skin_isic_pad,all,cross_seed,44,effb3@45,effb3@44,0.0
skin_isic_pad,all,cross_seed,46,effb3@45,effb3@46,0.0
skin_isic_pad,all,cross_seed,42,effb3@46,effb3@42,0.0
skin_isic_pad,all,cross_seed,43,effb3@46,effb3@43,0.0
skin_isic_pad,all,cross_seed,44,effb3@46,effb3@44,0.0
skin_isic_pad,all,cross_seed,45,effb3@46,effb3@45,0.0
skin_isic_pad,all,cross_seed,43,efficientnet_v2_s@42,efficientnet_v2_s@43,0.0
skin_isic_pad,all,cross_seed,44,efficientnet_v2_s@42,efficientnet_v2_s@44,0.0
skin_isic_pad,all,cross_seed,45,efficientnet_v2_s@42,efficientnet_v2_s@45,0.0
skin_isic_pad,all,cross_seed,46,efficientnet_v2_s@42,efficientnet_v2_s@46,0.0
skin_isic_pad,all,cross_seed,42,efficientnet_v2_s@43,efficientnet_v2_s@42,0.0
skin_isic_pad,all,cross_seed,44,efficientnet_v2_s@43,efficientnet_v2_s@44,0.0
skin_isic_pad,all,cross_seed,45,efficientnet_v2_s@43,efficientnet_v2_s@45,0.0
skin_isic_pad,all,cross_seed,46,efficientnet_v2_s@43,efficientnet_v2_s@46,0.0
skin_isic_pad,all,cross_seed,42,efficientnet_v2_s@44,efficientnet_v2_s@42,0.0
skin_isic_pad,all,cross_seed,43,efficientnet_v2_s@44,efficientnet_v2_s@43,0.0
skin_isic_pad,all,cross_seed,45,efficientnet_v2_s@44,efficientnet_v2_s@45,0.0
skin_isic_pad,all,cross_seed,46,efficientnet_v2_s@44,efficientnet_v2_s@46,0.0
skin_isic_pad,all,cross_seed,42,efficientnet_v2_s@45,efficientnet_v2_s@42,0.0
skin_isic_pad,all,cross_seed,43,efficientnet_v2_s@45,efficientnet_v2_s@43,0.0
skin_isic_pad,all,cross_seed,44,efficientnet_v2_s@45,efficientnet_v2_s@44,0.0
skin_isic_pad,all,cross_seed,46,efficientnet_v2_s@45,efficientnet_v2_s@46,0.0
skin_isic_pad,all,cross_seed,42,efficientnet_v2_s@46,efficientnet_v2_s@42,0.0
skin_isic_pad,all,cross_seed,43,efficientnet_v2_s@46,efficientnet_v2_s@43,0.0
skin_isic_pad,all,cross_seed,44,efficientnet_v2_s@46,efficientnet_v2_s@44,0.0
skin_isic_pad,all,cross_seed,45,efficientnet_v2_s@46,efficientnet_v2_s@45,0.0
midog,nonfeature,cross_arch,42,resnet18,resnet50,0.0
midog,nonfeature,cross_arch,42,resnet18,densenet121,0.0
midog,nonfeature,cross_arch,42,resnet18,convnext_tiny,0.0
midog,nonfeature,cross_arch,42,resnet18,mobilenet_v3_large,0.0
midog,nonfeature,cross_arch,42,resnet18,regnet_y_3_2gf,0.0
midog,nonfeature,cross_arch,42,resnet18,effb3,0.0
midog,nonfeature,cross_arch,42,resnet18,efficientnet_v2_s,0.021809745092824406
midog,nonfeature,cross_arch,42,resnet50,resnet18,0.0
midog,nonfeature,cross_arch,42,resnet50,densenet121,0.0
midog,nonfeature,cross_arch,42,resnet50,convnext_tiny,0.0
midog,nonfeature,cross_arch,42,resnet50,mobilenet_v3_large,0.0
midog,nonfeature,cross_arch,42,resnet50,regnet_y_3_2gf,0.0
midog,nonfeature,cross_arch,42,resnet50,effb3,0.0
midog,nonfeature,cross_arch,42,resnet50,efficientnet_v2_s,0.021809745092824406
midog,nonfeature,cross_arch,42,densenet121,resnet18,0.0
midog,nonfeature,cross_arch,42,densenet121,resnet50,0.0
midog,nonfeature,cross_arch,42,densenet121,convnext_tiny,0.0
midog,nonfeature,cross_arch,42,densenet121,mobilenet_v3_large,0.0
midog,nonfeature,cross_arch,42,densenet121,regnet_y_3_2gf,0.0
midog,nonfeature,cross_arch,42,densenet121,effb3,0.0
midog,nonfeature,cross_arch,42,densenet121,efficientnet_v2_s,0.021809745092824406
midog,nonfeature,cross_arch,42,convnext_tiny,resnet18,0.0
midog,nonfeature,cross_arch,42,convnext_tiny,resnet50,0.0
midog,nonfeature,cross_arch,42,convnext_tiny,densenet121,0.0
midog,nonfeature,cross_arch,42,convnext_tiny,mobilenet_v3_large,0.0
midog,nonfeature,cross_arch,42,convnext_tiny,regnet_y_3_2gf,0.0
midog,nonfeature,cross_arch,42,convnext_tiny,effb3,0.0
midog,nonfeature,cross_arch,42,convnext_tiny,efficientnet_v2_s,0.021809745092824406
midog,nonfeature,cross_arch,42,mobilenet_v3_large,resnet18,0.0
midog,nonfeature,cross_arch,42,mobilenet_v3_large,resnet50,0.0
midog,nonfeature,cross_arch,42,mobilenet_v3_large,densenet121,0.0
midog,nonfeature,cross_arch,42,mobilenet_v3_large,convnext_tiny,0.0
midog,nonfeature,cross_arch,42,mobilenet_v3_large,regnet_y_3_2gf,0.0
midog,nonfeature,cross_arch,42,mobilenet_v3_large,effb3,0.0
midog,nonfeature,cross_arch,42,mobilenet_v3_large,efficientnet_v2_s,0.021809745092824406
midog,nonfeature,cross_arch,42,regnet_y_3_2gf,resnet18,0.0
midog,nonfeature,cross_arch,42,regnet_y_3_2gf,resnet50,0.0
midog,nonfeature,cross_arch,42,regnet_y_3_2gf,densenet121,0.0
midog,nonfeature,cross_arch,42,regnet_y_3_2gf,convnext_tiny,0.0
midog,nonfeature,cross_arch,42,regnet_y_3_2gf,mobilenet_v3_large,0.0
midog,nonfeature,cross_arch,42,regnet_y_3_2gf,effb3,0.0
midog,nonfeature,cross_arch,42,regnet_y_3_2gf,efficientnet_v2_s,0.021809745092824406
midog,nonfeature,cross_arch,42,effb3,resnet18,0.0
midog,nonfeature,cross_arch,42,effb3,resnet50,0.0
midog,nonfeature,cross_arch,42,effb3,densenet121,0.0
midog,nonfeature,cross_arch,42,effb3,convnext_tiny,0.0
midog,nonfeature,cross_arch,42,effb3,mobilenet_v3_large,0.0
midog,nonfeature,cross_arch,42,effb3,regnet_y_3_2gf,0.0
midog,nonfeature,cross_arch,42,effb3,efficientnet_v2_s,0.021809745092824406
midog,nonfeature,cross_arch,42,efficientnet_v2_s,resnet18,0.23239134279554086
midog,nonfeature,cross_arch,42,efficientnet_v2_s,resnet50,0.14539672553432503
midog,nonfeature,cross_arch,42,efficientnet_v2_s,densenet121,0.09332983214549467
midog,nonfeature,cross_arch,42,efficientnet_v2_s,convnext_tiny,0.10779180803050081
midog,nonfeature,cross_arch,42,efficientnet_v2_s,mobilenet_v3_large,0.10973186211440256
midog,nonfeature,cross_arch,42,efficientnet_v2_s,regnet_y_3_2gf,0.012821637880872205
midog,nonfeature,cross_arch,42,efficientnet_v2_s,effb3,0.00319089619158075
midog,nonfeature,cross_arch,43,resnet18,resnet50,0.0
midog,nonfeature,cross_arch,43,resnet18,densenet121,0.0
midog,nonfeature,cross_arch,43,resnet18,convnext_tiny,0.0
midog,nonfeature,cross_arch,43,resnet18,mobilenet_v3_large,0.0
midog,nonfeature,cross_arch,43,resnet18,regnet_y_3_2gf,0.0
midog,nonfeature,cross_arch,43,resnet18,effb3,0.01244699278116268
midog,nonfeature,cross_arch,43,resnet18,efficientnet_v2_s,0.025310482907407894
midog,nonfeature,cross_arch,43,resnet50,resnet18,0.0
midog,nonfeature,cross_arch,43,resnet50,densenet121,0.0
midog,nonfeature,cross_arch,43,resnet50,convnext_tiny,0.0
midog,nonfeature,cross_arch,43,resnet50,mobilenet_v3_large,0.0
midog,nonfeature,cross_arch,43,resnet50,regnet_y_3_2gf,0.0
midog,nonfeature,cross_arch,43,resnet50,effb3,0.01244699278116268
midog,nonfeature,cross_arch,43,resnet50,efficientnet_v2_s,0.025310482907407894
midog,nonfeature,cross_arch,43,densenet121,resnet18,0.0
midog,nonfeature,cross_arch,43,densenet121,resnet50,0.0
midog,nonfeature,cross_arch,43,densenet121,convnext_tiny,0.0
midog,nonfeature,cross_arch,43,densenet121,mobilenet_v3_large,0.0
midog,nonfeature,cross_arch,43,densenet121,regnet_y_3_2gf,0.0
midog,nonfeature,cross_arch,43,densenet121,effb3,0.01244699278116268
midog,nonfeature,cross_arch,43,densenet121,efficientnet_v2_s,0.025310482907407894
midog,nonfeature,cross_arch,43,convnext_tiny,resnet18,0.0
midog,nonfeature,cross_arch,43,convnext_tiny,resnet50,0.0
midog,nonfeature,cross_arch,43,convnext_tiny,densenet121,0.0
midog,nonfeature,cross_arch,43,convnext_tiny,mobilenet_v3_large,0.0
midog,nonfeature,cross_arch,43,convnext_tiny,regnet_y_3_2gf,0.0
midog,nonfeature,cross_arch,43,convnext_tiny,effb3,0.01244699278116268
midog,nonfeature,cross_arch,43,convnext_tiny,efficientnet_v2_s,0.025310482907407894
midog,nonfeature,cross_arch,43,mobilenet_v3_large,resnet18,0.0
midog,nonfeature,cross_arch,43,mobilenet_v3_large,resnet50,0.0
midog,nonfeature,cross_arch,43,mobilenet_v3_large,densenet121,0.0
midog,nonfeature,cross_arch,43,mobilenet_v3_large,convnext_tiny,0.0
midog,nonfeature,cross_arch,43,mobilenet_v3_large,regnet_y_3_2gf,0.0
midog,nonfeature,cross_arch,43,mobilenet_v3_large,effb3,0.01244699278116268
midog,nonfeature,cross_arch,43,mobilenet_v3_large,efficientnet_v2_s,0.025310482907407894
midog,nonfeature,cross_arch,43,regnet_y_3_2gf,resnet18,0.0
midog,nonfeature,cross_arch,43,regnet_y_3_2gf,resnet50,0.0
midog,nonfeature,cross_arch,43,regnet_y_3_2gf,densenet121,0.0
midog,nonfeature,cross_arch,43,regnet_y_3_2gf,convnext_tiny,0.0
midog,nonfeature,cross_arch,43,regnet_y_3_2gf,mobilenet_v3_large,0.0
midog,nonfeature,cross_arch,43,regnet_y_3_2gf,effb3,0.01244699278116268
midog,nonfeature,cross_arch,43,regnet_y_3_2gf,efficientnet_v2_s,0.025310482907407894
midog,nonfeature,cross_arch,43,effb3,resnet18,0.205205609280938
midog,nonfeature,cross_arch,43,effb3,resnet50,0.2999422168999368
midog,nonfeature,cross_arch,43,effb3,densenet121,0.0710266355789988
midog,nonfeature,cross_arch,43,effb3,convnext_tiny,0.09827987271517113
midog,nonfeature,cross_arch,43,effb3,mobilenet_v3_large,0.0687713395823687
midog,nonfeature,cross_arch,43,effb3,regnet_y_3_2gf,0.039029918955152065
midog,nonfeature,cross_arch,43,effb3,efficientnet_v2_s,0.02664840468691143
midog,nonfeature,cross_arch,43,efficientnet_v2_s,resnet18,0.16545137646634744
midog,nonfeature,cross_arch,43,efficientnet_v2_s,resnet50,0.30279559498367087
midog,nonfeature,cross_arch,43,efficientnet_v2_s,densenet121,0.07903053998847032
midog,nonfeature,cross_arch,43,efficientnet_v2_s,convnext_tiny,0.20118205591729993
midog,nonfeature,cross_arch,43,efficientnet_v2_s,mobilenet_v3_large,0.08296397601731353
midog,nonfeature,cross_arch,43,efficientnet_v2_s,regnet_y_3_2gf,0.04797954910280933
midog,nonfeature,cross_arch,43,efficientnet_v2_s,effb3,0.025855237133472264
midog,nonfeature,cross_arch,44,resnet18,resnet50,0.0
midog,nonfeature,cross_arch,44,resnet18,densenet121,0.04444235933257823
midog,nonfeature,cross_arch,44,resnet18,convnext_tiny,0.0
midog,nonfeature,cross_arch,44,resnet18,mobilenet_v3_large,0.0
midog,nonfeature,cross_arch,44,resnet18,regnet_y_3_2gf,0.0
midog,nonfeature,cross_arch,44,resnet18,effb3,0.013612780325664486
midog,nonfeature,cross_arch,44,resnet18,efficientnet_v2_s,0.0
midog,nonfeature,cross_arch,44,resnet50,resnet18,0.0
midog,nonfeature,cross_arch,44,resnet50,densenet121,0.04444235933257823
midog,nonfeature,cross_arch,44,resnet50,convnext_tiny,0.0
midog,nonfeature,cross_arch,44,resnet50,mobilenet_v3_large,0.0
midog,nonfeature,cross_arch,44,resnet50,regnet_y_3_2gf,0.0
midog,nonfeature,cross_arch,44,resnet50,effb3,0.013612780325664486
midog,nonfeature,cross_arch,44,resnet50,efficientnet_v2_s,0.0
midog,nonfeature,cross_arch,44,densenet121,resnet18,0.15161988440679852
midog,nonfeature,cross_arch,44,densenet121,resnet50,0.2259400216821632
midog,nonfeature,cross_arch,44,densenet121,convnext_tiny,0.16013344115911815
midog,nonfeature,cross_arch,44,densenet121,mobilenet_v3_large,0.025738118350049466
midog,nonfeature,cross_arch,44,densenet121,regnet_y_3_2gf,0.08091692869322442
midog,nonfeature,cross_arch,44,densenet121,effb3,0.03876125454130619
midog,nonfeature,cross_arch,44,densenet121,efficientnet_v2_s,0.050600714728345264
midog,nonfeature,cross_arch,44,convnext_tiny,resnet18,0.0
midog,nonfeature,cross_arch,44,convnext_tiny,resnet50,0.0
midog,nonfeature,cross_arch,44,convnext_tiny,densenet121,0.04444235933257823
midog,nonfeature,cross_arch,44,convnext_tiny,mobilenet_v3_large,0.0
midog,nonfeature,cross_arch,44,convnext_tiny,regnet_y_3_2gf,0.0
midog,nonfeature,cross_arch,44,convnext_tiny,effb3,0.013612780325664486
midog,nonfeature,cross_arch,44,convnext_tiny,efficientnet_v2_s,0.0
midog,nonfeature,cross_arch,44,mobilenet_v3_large,resnet18,0.0
midog,nonfeature,cross_arch,44,mobilenet_v3_large,resnet50,0.0
midog,nonfeature,cross_arch,44,mobilenet_v3_large,densenet121,0.04444235933257823
midog,nonfeature,cross_arch,44,mobilenet_v3_large,convnext_tiny,0.0
midog,nonfeature,cross_arch,44,mobilenet_v3_large,regnet_y_3_2gf,0.0
midog,nonfeature,cross_arch,44,mobilenet_v3_large,effb3,0.013612780325664486
midog,nonfeature,cross_arch,44,mobilenet_v3_large,efficientnet_v2_s,0.0
midog,nonfeature,cross_arch,44,regnet_y_3_2gf,resnet18,0.0
midog,nonfeature,cross_arch,44,regnet_y_3_2gf,resnet50,0.0
midog,nonfeature,cross_arch,44,regnet_y_3_2gf,densenet121,0.04444235933257823
midog,nonfeature,cross_arch,44,regnet_y_3_2gf,convnext_tiny,0.0
midog,nonfeature,cross_arch,44,regnet_y_3_2gf,mobilenet_v3_large,0.0
midog,nonfeature,cross_arch,44,regnet_y_3_2gf,effb3,0.013612780325664486
midog,nonfeature,cross_arch,44,regnet_y_3_2gf,efficientnet_v2_s,0.0
midog,nonfeature,cross_arch,44,effb3,resnet18,0.12363220786795232
midog,nonfeature,cross_arch,44,effb3,resnet50,0.31554365391703265
midog,nonfeature,cross_arch,44,effb3,densenet121,0.041496501287294096
midog,nonfeature,cross_arch,44,effb3,convnext_tiny,0.06905620486539099
midog,nonfeature,cross_arch,44,effb3,mobilenet_v3_large,0.060572687224669575
midog,nonfeature,cross_arch,44,effb3,regnet_y_3_2gf,0.10829842271037837
midog,nonfeature,cross_arch,44,effb3,efficientnet_v2_s,0.010411758590848419
midog,nonfeature,cross_arch,44,efficientnet_v2_s,resnet18,0.0
midog,nonfeature,cross_arch,44,efficientnet_v2_s,resnet50,0.0
midog,nonfeature,cross_arch,44,efficientnet_v2_s,densenet121,0.04444235933257823
midog,nonfeature,cross_arch,44,efficientnet_v2_s,convnext_tiny,0.0
midog,nonfeature,cross_arch,44,efficientnet_v2_s,mobilenet_v3_large,0.0
midog,nonfeature,cross_arch,44,efficientnet_v2_s,regnet_y_3_2gf,0.0
midog,nonfeature,cross_arch,44,efficientnet_v2_s,effb3,0.013612780325664486
midog,nonfeature,cross_arch,45,resnet18,resnet50,0.0
midog,nonfeature,cross_arch,45,resnet18,densenet121,0.0
midog,nonfeature,cross_arch,45,resnet18,convnext_tiny,0.0
midog,nonfeature,cross_arch,45,resnet18,mobilenet_v3_large,0.0
midog,nonfeature,cross_arch,45,resnet18,regnet_y_3_2gf,0.0
midog,nonfeature,cross_arch,45,resnet18,effb3,0.0
midog,nonfeature,cross_arch,45,resnet18,efficientnet_v2_s,0.06560271958590569
midog,nonfeature,cross_arch,45,resnet50,resnet18,0.0
midog,nonfeature,cross_arch,45,resnet50,densenet121,0.0
midog,nonfeature,cross_arch,45,resnet50,convnext_tiny,0.0
midog,nonfeature,cross_arch,45,resnet50,mobilenet_v3_large,0.0
midog,nonfeature,cross_arch,45,resnet50,regnet_y_3_2gf,0.0
midog,nonfeature,cross_arch,45,resnet50,effb3,0.0
midog,nonfeature,cross_arch,45,resnet50,efficientnet_v2_s,0.06560271958590569
midog,nonfeature,cross_arch,45,densenet121,resnet18,0.0
midog,nonfeature,cross_arch,45,densenet121,resnet50,0.0
midog,nonfeature,cross_arch,45,densenet121,convnext_tiny,0.0
midog,nonfeature,cross_arch,45,densenet121,mobilenet_v3_large,0.0
midog,nonfeature,cross_arch,45,densenet121,regnet_y_3_2gf,0.0
midog,nonfeature,cross_arch,45,densenet121,effb3,0.0
midog,nonfeature,cross_arch,45,densenet121,efficientnet_v2_s,0.06560271958590569
midog,nonfeature,cross_arch,45,convnext_tiny,resnet18,0.0
midog,nonfeature,cross_arch,45,convnext_tiny,resnet50,0.0
midog,nonfeature,cross_arch,45,convnext_tiny,densenet121,0.0
midog,nonfeature,cross_arch,45,convnext_tiny,mobilenet_v3_large,0.0
midog,nonfeature,cross_arch,45,convnext_tiny,regnet_y_3_2gf,0.0
midog,nonfeature,cross_arch,45,convnext_tiny,effb3,0.0
midog,nonfeature,cross_arch,45,convnext_tiny,efficientnet_v2_s,0.06560271958590569
midog,nonfeature,cross_arch,45,mobilenet_v3_large,resnet18,0.0
midog,nonfeature,cross_arch,45,mobilenet_v3_large,resnet50,0.0
midog,nonfeature,cross_arch,45,mobilenet_v3_large,densenet121,0.0
midog,nonfeature,cross_arch,45,mobilenet_v3_large,convnext_tiny,0.0
midog,nonfeature,cross_arch,45,mobilenet_v3_large,regnet_y_3_2gf,0.0
midog,nonfeature,cross_arch,45,mobilenet_v3_large,effb3,0.0
midog,nonfeature,cross_arch,45,mobilenet_v3_large,efficientnet_v2_s,0.06560271958590569
midog,nonfeature,cross_arch,45,regnet_y_3_2gf,resnet18,0.0
midog,nonfeature,cross_arch,45,regnet_y_3_2gf,resnet50,0.0
midog,nonfeature,cross_arch,45,regnet_y_3_2gf,densenet121,0.0
midog,nonfeature,cross_arch,45,regnet_y_3_2gf,convnext_tiny,0.0
midog,nonfeature,cross_arch,45,regnet_y_3_2gf,mobilenet_v3_large,0.0
midog,nonfeature,cross_arch,45,regnet_y_3_2gf,effb3,0.0
midog,nonfeature,cross_arch,45,regnet_y_3_2gf,efficientnet_v2_s,0.06560271958590569
midog,nonfeature,cross_arch,45,effb3,resnet18,0.0
midog,nonfeature,cross_arch,45,effb3,resnet50,0.0
midog,nonfeature,cross_arch,45,effb3,densenet121,0.0
midog,nonfeature,cross_arch,45,effb3,convnext_tiny,0.0
midog,nonfeature,cross_arch,45,effb3,mobilenet_v3_large,0.0
midog,nonfeature,cross_arch,45,effb3,regnet_y_3_2gf,0.0
midog,nonfeature,cross_arch,45,effb3,efficientnet_v2_s,0.06560271958590569
midog,nonfeature,cross_arch,45,efficientnet_v2_s,resnet18,0.2547606929111747
midog,nonfeature,cross_arch,45,efficientnet_v2_s,resnet50,0.2219181559090646
midog,nonfeature,cross_arch,45,efficientnet_v2_s,densenet121,0.0678904173208893
midog,nonfeature,cross_arch,45,efficientnet_v2_s,convnext_tiny,0.07622576451226604
midog,nonfeature,cross_arch,45,efficientnet_v2_s,mobilenet_v3_large,0.06089164183658469
midog,nonfeature,cross_arch,45,efficientnet_v2_s,regnet_y_3_2gf,0.041177884193487
midog,nonfeature,cross_arch,45,efficientnet_v2_s,effb3,0.01830866976013268
midog,nonfeature,cross_arch,46,resnet18,resnet50,0.0
midog,nonfeature,cross_arch,46,resnet18,densenet121,0.0
midog,nonfeature,cross_arch,46,resnet18,convnext_tiny,0.0
midog,nonfeature,cross_arch,46,resnet18,mobilenet_v3_large,0.0
midog,nonfeature,cross_arch,46,resnet18,regnet_y_3_2gf,0.04718705658558575
midog,nonfeature,cross_arch,46,resnet18,effb3,0.00346901111244613
midog,nonfeature,cross_arch,46,resnet18,efficientnet_v2_s,0.0
midog,nonfeature,cross_arch,46,resnet50,resnet18,0.0
midog,nonfeature,cross_arch,46,resnet50,densenet121,0.0
midog,nonfeature,cross_arch,46,resnet50,convnext_tiny,0.0
midog,nonfeature,cross_arch,46,resnet50,mobilenet_v3_large,0.0
midog,nonfeature,cross_arch,46,resnet50,regnet_y_3_2gf,0.04718705658558575
midog,nonfeature,cross_arch,46,resnet50,effb3,0.00346901111244613
midog,nonfeature,cross_arch,46,resnet50,efficientnet_v2_s,0.0
midog,nonfeature,cross_arch,46,densenet121,resnet18,0.0
midog,nonfeature,cross_arch,46,densenet121,resnet50,0.0
midog,nonfeature,cross_arch,46,densenet121,convnext_tiny,0.0
midog,nonfeature,cross_arch,46,densenet121,mobilenet_v3_large,0.0
midog,nonfeature,cross_arch,46,densenet121,regnet_y_3_2gf,0.04718705658558575
midog,nonfeature,cross_arch,46,densenet121,effb3,0.00346901111244613
midog,nonfeature,cross_arch,46,densenet121,efficientnet_v2_s,0.0
midog,nonfeature,cross_arch,46,convnext_tiny,resnet18,0.0
midog,nonfeature,cross_arch,46,convnext_tiny,resnet50,0.0
midog,nonfeature,cross_arch,46,convnext_tiny,densenet121,0.0
midog,nonfeature,cross_arch,46,convnext_tiny,mobilenet_v3_large,0.0
midog,nonfeature,cross_arch,46,convnext_tiny,regnet_y_3_2gf,0.04718705658558575
midog,nonfeature,cross_arch,46,convnext_tiny,effb3,0.00346901111244613
midog,nonfeature,cross_arch,46,convnext_tiny,efficientnet_v2_s,0.0
midog,nonfeature,cross_arch,46,mobilenet_v3_large,resnet18,0.0
midog,nonfeature,cross_arch,46,mobilenet_v3_large,resnet50,0.0
midog,nonfeature,cross_arch,46,mobilenet_v3_large,densenet121,0.0
midog,nonfeature,cross_arch,46,mobilenet_v3_large,convnext_tiny,0.0
midog,nonfeature,cross_arch,46,mobilenet_v3_large,regnet_y_3_2gf,0.04718705658558575
midog,nonfeature,cross_arch,46,mobilenet_v3_large,effb3,0.00346901111244613
midog,nonfeature,cross_arch,46,mobilenet_v3_large,efficientnet_v2_s,0.0
midog,nonfeature,cross_arch,46,regnet_y_3_2gf,resnet18,0.21344645140211777
midog,nonfeature,cross_arch,46,regnet_y_3_2gf,resnet50,0.24079554368091843
midog,nonfeature,cross_arch,46,regnet_y_3_2gf,densenet121,0.22318249874105744
midog,nonfeature,cross_arch,46,regnet_y_3_2gf,convnext_tiny,0.05677594602950442
midog,nonfeature,cross_arch,46,regnet_y_3_2gf,mobilenet_v3_large,0.016145516206944488
midog,nonfeature,cross_arch,46,regnet_y_3_2gf,effb3,0.0
midog,nonfeature,cross_arch,46,regnet_y_3_2gf,efficientnet_v2_s,0.0014425523929357809
midog,nonfeature,cross_arch,46,effb3,resnet18,0.21344645140211777
midog,nonfeature,cross_arch,46,effb3,resnet50,0.24079554368091843
midog,nonfeature,cross_arch,46,effb3,densenet121,0.22318249874105744
midog,nonfeature,cross_arch,46,effb3,convnext_tiny,0.05677594602950442
midog,nonfeature,cross_arch,46,effb3,mobilenet_v3_large,0.016145516206944488
midog,nonfeature,cross_arch,46,effb3,regnet_y_3_2gf,0.0
midog,nonfeature,cross_arch,46,effb3,efficientnet_v2_s,0.0014425523929357809
midog,nonfeature,cross_arch,46,efficientnet_v2_s,resnet18,0.0
midog,nonfeature,cross_arch,46,efficientnet_v2_s,resnet50,0.0
midog,nonfeature,cross_arch,46,efficientnet_v2_s,densenet121,0.0
midog,nonfeature,cross_arch,46,efficientnet_v2_s,convnext_tiny,0.0
midog,nonfeature,cross_arch,46,efficientnet_v2_s,mobilenet_v3_large,0.0
midog,nonfeature,cross_arch,46,efficientnet_v2_s,regnet_y_3_2gf,0.04718705658558575
midog,nonfeature,cross_arch,46,efficientnet_v2_s,effb3,0.00346901111244613
midog,nonfeature,cross_seed,43,resnet18@42,resnet18@43,0.0
midog,nonfeature,cross_seed,44,resnet18@42,resnet18@44,0.0
midog,nonfeature,cross_seed,45,resnet18@42,resnet18@45,0.0
midog,nonfeature,cross_seed,46,resnet18@42,resnet18@46,0.0
midog,nonfeature,cross_seed,42,resnet18@43,resnet18@42,0.0
midog,nonfeature,cross_seed,44,resnet18@43,resnet18@44,0.0
midog,nonfeature,cross_seed,45,resnet18@43,resnet18@45,0.0
midog,nonfeature,cross_seed,46,resnet18@43,resnet18@46,0.0
midog,nonfeature,cross_seed,42,resnet18@44,resnet18@42,0.0
midog,nonfeature,cross_seed,43,resnet18@44,resnet18@43,0.0
midog,nonfeature,cross_seed,45,resnet18@44,resnet18@45,0.0
midog,nonfeature,cross_seed,46,resnet18@44,resnet18@46,0.0
midog,nonfeature,cross_seed,42,resnet18@45,resnet18@42,0.0
midog,nonfeature,cross_seed,43,resnet18@45,resnet18@43,0.0
midog,nonfeature,cross_seed,44,resnet18@45,resnet18@44,0.0
midog,nonfeature,cross_seed,46,resnet18@45,resnet18@46,0.0
midog,nonfeature,cross_seed,42,resnet18@46,resnet18@42,0.0
midog,nonfeature,cross_seed,43,resnet18@46,resnet18@43,0.0
midog,nonfeature,cross_seed,44,resnet18@46,resnet18@44,0.0
midog,nonfeature,cross_seed,45,resnet18@46,resnet18@45,0.0
midog,nonfeature,cross_seed,43,resnet50@42,resnet50@43,0.0
midog,nonfeature,cross_seed,44,resnet50@42,resnet50@44,0.0
midog,nonfeature,cross_seed,45,resnet50@42,resnet50@45,0.0
midog,nonfeature,cross_seed,46,resnet50@42,resnet50@46,0.0
midog,nonfeature,cross_seed,42,resnet50@43,resnet50@42,0.0
midog,nonfeature,cross_seed,44,resnet50@43,resnet50@44,0.0
midog,nonfeature,cross_seed,45,resnet50@43,resnet50@45,0.0
midog,nonfeature,cross_seed,46,resnet50@43,resnet50@46,0.0
midog,nonfeature,cross_seed,42,resnet50@44,resnet50@42,0.0
midog,nonfeature,cross_seed,43,resnet50@44,resnet50@43,0.0
midog,nonfeature,cross_seed,45,resnet50@44,resnet50@45,0.0
midog,nonfeature,cross_seed,46,resnet50@44,resnet50@46,0.0
midog,nonfeature,cross_seed,42,resnet50@45,resnet50@42,0.0
midog,nonfeature,cross_seed,43,resnet50@45,resnet50@43,0.0
midog,nonfeature,cross_seed,44,resnet50@45,resnet50@44,0.0
midog,nonfeature,cross_seed,46,resnet50@45,resnet50@46,0.0
midog,nonfeature,cross_seed,42,resnet50@46,resnet50@42,0.0
midog,nonfeature,cross_seed,43,resnet50@46,resnet50@43,0.0
midog,nonfeature,cross_seed,44,resnet50@46,resnet50@44,0.0
midog,nonfeature,cross_seed,45,resnet50@46,resnet50@45,0.0
midog,nonfeature,cross_seed,43,densenet121@42,densenet121@43,0.0
midog,nonfeature,cross_seed,44,densenet121@42,densenet121@44,0.04444235933257823
midog,nonfeature,cross_seed,45,densenet121@42,densenet121@45,0.0
midog,nonfeature,cross_seed,46,densenet121@42,densenet121@46,0.0
midog,nonfeature,cross_seed,42,densenet121@43,densenet121@42,0.0
midog,nonfeature,cross_seed,44,densenet121@43,densenet121@44,0.04444235933257823
midog,nonfeature,cross_seed,45,densenet121@43,densenet121@45,0.0
midog,nonfeature,cross_seed,46,densenet121@43,densenet121@46,0.0
midog,nonfeature,cross_seed,42,densenet121@44,densenet121@42,0.11582811417832578
midog,nonfeature,cross_seed,43,densenet121@44,densenet121@43,0.07903053998847032
midog,nonfeature,cross_seed,45,densenet121@44,densenet121@45,0.09459147483262481
midog,nonfeature,cross_seed,46,densenet121@44,densenet121@46,0.22822366919985249
midog,nonfeature,cross_seed,42,densenet121@45,densenet121@42,0.0
midog,nonfeature,cross_seed,43,densenet121@45,densenet121@43,0.0
midog,nonfeature,cross_seed,44,densenet121@45,densenet121@44,0.04444235933257823
midog,nonfeature,cross_seed,46,densenet121@45,densenet121@46,0.0
midog,nonfeature,cross_seed,42,densenet121@46,densenet121@42,0.0
midog,nonfeature,cross_seed,43,densenet121@46,densenet121@43,0.0
midog,nonfeature,cross_seed,44,densenet121@46,densenet121@44,0.04444235933257823
midog,nonfeature,cross_seed,45,densenet121@46,densenet121@45,0.0
midog,nonfeature,cross_seed,43,convnext_tiny@42,convnext_tiny@43,0.0
midog,nonfeature,cross_seed,44,convnext_tiny@42,convnext_tiny@44,0.0
midog,nonfeature,cross_seed,45,convnext_tiny@42,convnext_tiny@45,0.0
midog,nonfeature,cross_seed,46,convnext_tiny@42,convnext_tiny@46,0.0
midog,nonfeature,cross_seed,42,convnext_tiny@43,convnext_tiny@42,0.0
midog,nonfeature,cross_seed,44,convnext_tiny@43,convnext_tiny@44,0.0
midog,nonfeature,cross_seed,45,convnext_tiny@43,convnext_tiny@45,0.0
midog,nonfeature,cross_seed,46,convnext_tiny@43,convnext_tiny@46,0.0
midog,nonfeature,cross_seed,42,convnext_tiny@44,convnext_tiny@42,0.0
midog,nonfeature,cross_seed,43,convnext_tiny@44,convnext_tiny@43,0.0
midog,nonfeature,cross_seed,45,convnext_tiny@44,convnext_tiny@45,0.0
midog,nonfeature,cross_seed,46,convnext_tiny@44,convnext_tiny@46,0.0
midog,nonfeature,cross_seed,42,convnext_tiny@45,convnext_tiny@42,0.0
midog,nonfeature,cross_seed,43,convnext_tiny@45,convnext_tiny@43,0.0
midog,nonfeature,cross_seed,44,convnext_tiny@45,convnext_tiny@44,0.0
midog,nonfeature,cross_seed,46,convnext_tiny@45,convnext_tiny@46,0.0
midog,nonfeature,cross_seed,42,convnext_tiny@46,convnext_tiny@42,0.0
midog,nonfeature,cross_seed,43,convnext_tiny@46,convnext_tiny@43,0.0
midog,nonfeature,cross_seed,44,convnext_tiny@46,convnext_tiny@44,0.0
midog,nonfeature,cross_seed,45,convnext_tiny@46,convnext_tiny@45,0.0
midog,nonfeature,cross_seed,43,mobilenet_v3_large@42,mobilenet_v3_large@43,0.0
midog,nonfeature,cross_seed,44,mobilenet_v3_large@42,mobilenet_v3_large@44,0.0
midog,nonfeature,cross_seed,45,mobilenet_v3_large@42,mobilenet_v3_large@45,0.0
midog,nonfeature,cross_seed,46,mobilenet_v3_large@42,mobilenet_v3_large@46,0.0
midog,nonfeature,cross_seed,42,mobilenet_v3_large@43,mobilenet_v3_large@42,0.0
midog,nonfeature,cross_seed,44,mobilenet_v3_large@43,mobilenet_v3_large@44,0.0
midog,nonfeature,cross_seed,45,mobilenet_v3_large@43,mobilenet_v3_large@45,0.0
midog,nonfeature,cross_seed,46,mobilenet_v3_large@43,mobilenet_v3_large@46,0.0
midog,nonfeature,cross_seed,42,mobilenet_v3_large@44,mobilenet_v3_large@42,0.0
midog,nonfeature,cross_seed,43,mobilenet_v3_large@44,mobilenet_v3_large@43,0.0
midog,nonfeature,cross_seed,45,mobilenet_v3_large@44,mobilenet_v3_large@45,0.0
midog,nonfeature,cross_seed,46,mobilenet_v3_large@44,mobilenet_v3_large@46,0.0
midog,nonfeature,cross_seed,42,mobilenet_v3_large@45,mobilenet_v3_large@42,0.0
midog,nonfeature,cross_seed,43,mobilenet_v3_large@45,mobilenet_v3_large@43,0.0
midog,nonfeature,cross_seed,44,mobilenet_v3_large@45,mobilenet_v3_large@44,0.0
midog,nonfeature,cross_seed,46,mobilenet_v3_large@45,mobilenet_v3_large@46,0.0
midog,nonfeature,cross_seed,42,mobilenet_v3_large@46,mobilenet_v3_large@42,0.0
midog,nonfeature,cross_seed,43,mobilenet_v3_large@46,mobilenet_v3_large@43,0.0
midog,nonfeature,cross_seed,44,mobilenet_v3_large@46,mobilenet_v3_large@44,0.0
midog,nonfeature,cross_seed,45,mobilenet_v3_large@46,mobilenet_v3_large@45,0.0
midog,nonfeature,cross_seed,43,regnet_y_3_2gf@42,regnet_y_3_2gf@43,0.0
midog,nonfeature,cross_seed,44,regnet_y_3_2gf@42,regnet_y_3_2gf@44,0.0
midog,nonfeature,cross_seed,45,regnet_y_3_2gf@42,regnet_y_3_2gf@45,0.0
midog,nonfeature,cross_seed,46,regnet_y_3_2gf@42,regnet_y_3_2gf@46,0.04718705658558575
midog,nonfeature,cross_seed,42,regnet_y_3_2gf@43,regnet_y_3_2gf@42,0.0
midog,nonfeature,cross_seed,44,regnet_y_3_2gf@43,regnet_y_3_2gf@44,0.0
midog,nonfeature,cross_seed,45,regnet_y_3_2gf@43,regnet_y_3_2gf@45,0.0
midog,nonfeature,cross_seed,46,regnet_y_3_2gf@43,regnet_y_3_2gf@46,0.04718705658558575
midog,nonfeature,cross_seed,42,regnet_y_3_2gf@44,regnet_y_3_2gf@42,0.0
midog,nonfeature,cross_seed,43,regnet_y_3_2gf@44,regnet_y_3_2gf@43,0.0
midog,nonfeature,cross_seed,45,regnet_y_3_2gf@44,regnet_y_3_2gf@45,0.0
midog,nonfeature,cross_seed,46,regnet_y_3_2gf@44,regnet_y_3_2gf@46,0.04718705658558575
midog,nonfeature,cross_seed,42,regnet_y_3_2gf@45,regnet_y_3_2gf@42,0.0
midog,nonfeature,cross_seed,43,regnet_y_3_2gf@45,regnet_y_3_2gf@43,0.0
midog,nonfeature,cross_seed,44,regnet_y_3_2gf@45,regnet_y_3_2gf@44,0.0
midog,nonfeature,cross_seed,46,regnet_y_3_2gf@45,regnet_y_3_2gf@46,0.04718705658558575
midog,nonfeature,cross_seed,42,regnet_y_3_2gf@46,regnet_y_3_2gf@42,0.012821637880872205
midog,nonfeature,cross_seed,43,regnet_y_3_2gf@46,regnet_y_3_2gf@43,0.039029918955152065
midog,nonfeature,cross_seed,44,regnet_y_3_2gf@46,regnet_y_3_2gf@44,0.10829842271037837
midog,nonfeature,cross_seed,45,regnet_y_3_2gf@46,regnet_y_3_2gf@45,0.041177884193487
midog,nonfeature,cross_seed,43,effb3@42,effb3@43,0.01244699278116268
midog,nonfeature,cross_seed,44,effb3@42,effb3@44,0.013612780325664486
midog,nonfeature,cross_seed,45,effb3@42,effb3@45,0.0
midog,nonfeature,cross_seed,46,effb3@42,effb3@46,0.00346901111244613
midog,nonfeature,cross_seed,42,effb3@43,effb3@42,0.00319089619158075
midog,nonfeature,cross_seed,44,effb3@43,effb3@44,0.0
midog,nonfeature,cross_seed,45,effb3@43,effb3@45,0.01830866976013268
midog,nonfeature,cross_seed,46,effb3@43,effb3@46,0.0
midog,nonfeature,cross_seed,42,effb3@44,effb3@42,0.00319089619158075
midog,nonfeature,cross_seed,43,effb3@44,effb3@43,0.0
midog,nonfeature,cross_seed,45,effb3@44,effb3@45,0.01830866976013268
midog,nonfeature,cross_seed,46,effb3@44,effb3@46,0.0
midog,nonfeature,cross_seed,42,effb3@45,effb3@42,0.0
midog,nonfeature,cross_seed,43,effb3@45,effb3@43,0.01244699278116268
midog,nonfeature,cross_seed,44,effb3@45,effb3@44,0.013612780325664486
midog,nonfeature,cross_seed,46,effb3@45,effb3@46,0.00346901111244613
midog,nonfeature,cross_seed,42,effb3@46,effb3@42,0.00319089619158075
midog,nonfeature,cross_seed,43,effb3@46,effb3@43,0.0
midog,nonfeature,cross_seed,44,effb3@46,effb3@44,0.0
midog,nonfeature,cross_seed,45,effb3@46,effb3@45,0.01830866976013268
midog,nonfeature,cross_seed,43,efficientnet_v2_s@42,efficientnet_v2_s@43,0.02664840468691143
midog,nonfeature,cross_seed,44,efficientnet_v2_s@42,efficientnet_v2_s@44,0.010411758590848419
midog,nonfeature,cross_seed,45,efficientnet_v2_s@42,efficientnet_v2_s@45,0.0
midog,nonfeature,cross_seed,46,efficientnet_v2_s@42,efficientnet_v2_s@46,0.0014425523929357809
midog,nonfeature,cross_seed,42,efficientnet_v2_s@43,efficientnet_v2_s@42,0.021953527806766848
midog,nonfeature,cross_seed,44,efficientnet_v2_s@43,efficientnet_v2_s@44,0.050600714728345264
midog,nonfeature,cross_seed,45,efficientnet_v2_s@43,efficientnet_v2_s@45,0.047203932490978096
midog,nonfeature,cross_seed,46,efficientnet_v2_s@43,efficientnet_v2_s@46,0.01154986965050675
midog,nonfeature,cross_seed,42,efficientnet_v2_s@44,efficientnet_v2_s@42,0.021809745092824406
midog,nonfeature,cross_seed,43,efficientnet_v2_s@44,efficientnet_v2_s@43,0.025310482907407894
midog,nonfeature,cross_seed,45,efficientnet_v2_s@44,efficientnet_v2_s@45,0.06560271958590569
midog,nonfeature,cross_seed,46,efficientnet_v2_s@44,efficientnet_v2_s@46,0.0
midog,nonfeature,cross_seed,42,efficientnet_v2_s@45,efficientnet_v2_s@42,0.0
midog,nonfeature,cross_seed,43,efficientnet_v2_s@45,efficientnet_v2_s@43,0.02664840468691143
midog,nonfeature,cross_seed,44,efficientnet_v2_s@45,efficientnet_v2_s@44,0.010411758590848419
midog,nonfeature,cross_seed,46,efficientnet_v2_s@45,efficientnet_v2_s@46,0.0014425523929357809
midog,nonfeature,cross_seed,42,efficientnet_v2_s@46,efficientnet_v2_s@42,0.021809745092824406
midog,nonfeature,cross_seed,43,efficientnet_v2_s@46,efficientnet_v2_s@43,0.025310482907407894
midog,nonfeature,cross_seed,44,efficientnet_v2_s@46,efficientnet_v2_s@44,0.0
midog,nonfeature,cross_seed,45,efficientnet_v2_s@46,efficientnet_v2_s@45,0.06560271958590569
midog,feature,cross_arch,42,resnet18,resnet50,0.0
midog,feature,cross_arch,42,resnet18,densenet121,0.0
midog,feature,cross_arch,42,resnet18,convnext_tiny,0.0
midog,feature,cross_arch,42,resnet18,mobilenet_v3_large,0.0
midog,feature,cross_arch,42,resnet18,regnet_y_3_2gf,0.0
midog,feature,cross_arch,42,resnet18,effb3,0.0
midog,feature,cross_arch,42,resnet18,efficientnet_v2_s,0.0
midog,feature,cross_arch,42,resnet50,resnet18,0.0
midog,feature,cross_arch,42,resnet50,densenet121,0.0
midog,feature,cross_arch,42,resnet50,convnext_tiny,0.0
midog,feature,cross_arch,42,resnet50,mobilenet_v3_large,0.0
midog,feature,cross_arch,42,resnet50,regnet_y_3_2gf,0.0
midog,feature,cross_arch,42,resnet50,effb3,0.0
midog,feature,cross_arch,42,resnet50,efficientnet_v2_s,0.0
midog,feature,cross_arch,42,densenet121,resnet18,0.0
midog,feature,cross_arch,42,densenet121,resnet50,0.0
midog,feature,cross_arch,42,densenet121,convnext_tiny,0.0
midog,feature,cross_arch,42,densenet121,mobilenet_v3_large,0.0
midog,feature,cross_arch,42,densenet121,regnet_y_3_2gf,0.0
midog,feature,cross_arch,42,densenet121,effb3,0.0
midog,feature,cross_arch,42,densenet121,efficientnet_v2_s,0.0
midog,feature,cross_arch,42,convnext_tiny,resnet18,0.0
midog,feature,cross_arch,42,convnext_tiny,resnet50,0.0
midog,feature,cross_arch,42,convnext_tiny,densenet121,0.0
midog,feature,cross_arch,42,convnext_tiny,mobilenet_v3_large,0.0
midog,feature,cross_arch,42,convnext_tiny,regnet_y_3_2gf,0.0
midog,feature,cross_arch,42,convnext_tiny,effb3,0.0
midog,feature,cross_arch,42,convnext_tiny,efficientnet_v2_s,0.0
midog,feature,cross_arch,42,mobilenet_v3_large,resnet18,0.0
midog,feature,cross_arch,42,mobilenet_v3_large,resnet50,0.0
midog,feature,cross_arch,42,mobilenet_v3_large,densenet121,0.0
midog,feature,cross_arch,42,mobilenet_v3_large,convnext_tiny,0.0
midog,feature,cross_arch,42,mobilenet_v3_large,regnet_y_3_2gf,0.0
midog,feature,cross_arch,42,mobilenet_v3_large,effb3,0.0
midog,feature,cross_arch,42,mobilenet_v3_large,efficientnet_v2_s,0.0
midog,feature,cross_arch,42,regnet_y_3_2gf,resnet18,0.0
midog,feature,cross_arch,42,regnet_y_3_2gf,resnet50,0.0
midog,feature,cross_arch,42,regnet_y_3_2gf,densenet121,0.0
midog,feature,cross_arch,42,regnet_y_3_2gf,convnext_tiny,0.0
midog,feature,cross_arch,42,regnet_y_3_2gf,mobilenet_v3_large,0.0
midog,feature,cross_arch,42,regnet_y_3_2gf,effb3,0.0
midog,feature,cross_arch,42,regnet_y_3_2gf,efficientnet_v2_s,0.0
midog,feature,cross_arch,42,effb3,resnet18,0.0
midog,feature,cross_arch,42,effb3,resnet50,0.0
midog,feature,cross_arch,42,effb3,densenet121,0.0
midog,feature,cross_arch,42,effb3,convnext_tiny,0.0
midog,feature,cross_arch,42,effb3,mobilenet_v3_large,0.0
midog,feature,cross_arch,42,effb3,regnet_y_3_2gf,0.0
midog,feature,cross_arch,42,effb3,efficientnet_v2_s,0.0
midog,feature,cross_arch,42,efficientnet_v2_s,resnet18,0.0
midog,feature,cross_arch,42,efficientnet_v2_s,resnet50,0.0
midog,feature,cross_arch,42,efficientnet_v2_s,densenet121,0.0
midog,feature,cross_arch,42,efficientnet_v2_s,convnext_tiny,0.0
midog,feature,cross_arch,42,efficientnet_v2_s,mobilenet_v3_large,0.0
midog,feature,cross_arch,42,efficientnet_v2_s,regnet_y_3_2gf,0.0
midog,feature,cross_arch,42,efficientnet_v2_s,effb3,0.0
midog,feature,cross_arch,43,resnet18,resnet50,0.0
midog,feature,cross_arch,43,resnet18,densenet121,0.0
midog,feature,cross_arch,43,resnet18,convnext_tiny,0.0
midog,feature,cross_arch,43,resnet18,mobilenet_v3_large,0.0
midog,feature,cross_arch,43,resnet18,regnet_y_3_2gf,0.0
midog,feature,cross_arch,43,resnet18,effb3,0.0
midog,feature,cross_arch,43,resnet18,efficientnet_v2_s,0.0
midog,feature,cross_arch,43,resnet50,resnet18,0.0
midog,feature,cross_arch,43,resnet50,densenet121,0.0
midog,feature,cross_arch,43,resnet50,convnext_tiny,0.0
midog,feature,cross_arch,43,resnet50,mobilenet_v3_large,0.0
midog,feature,cross_arch,43,resnet50,regnet_y_3_2gf,0.0
midog,feature,cross_arch,43,resnet50,effb3,0.0
midog,feature,cross_arch,43,resnet50,efficientnet_v2_s,0.0
midog,feature,cross_arch,43,densenet121,resnet18,0.0
midog,feature,cross_arch,43,densenet121,resnet50,0.0
midog,feature,cross_arch,43,densenet121,convnext_tiny,0.0
midog,feature,cross_arch,43,densenet121,mobilenet_v3_large,0.0
midog,feature,cross_arch,43,densenet121,regnet_y_3_2gf,0.0
midog,feature,cross_arch,43,densenet121,effb3,0.0
midog,feature,cross_arch,43,densenet121,efficientnet_v2_s,0.0
midog,feature,cross_arch,43,convnext_tiny,resnet18,0.0
midog,feature,cross_arch,43,convnext_tiny,resnet50,0.0
midog,feature,cross_arch,43,convnext_tiny,densenet121,0.0
midog,feature,cross_arch,43,convnext_tiny,mobilenet_v3_large,0.0
midog,feature,cross_arch,43,convnext_tiny,regnet_y_3_2gf,0.0
midog,feature,cross_arch,43,convnext_tiny,effb3,0.0
midog,feature,cross_arch,43,convnext_tiny,efficientnet_v2_s,0.0
midog,feature,cross_arch,43,mobilenet_v3_large,resnet18,0.0
midog,feature,cross_arch,43,mobilenet_v3_large,resnet50,0.0
midog,feature,cross_arch,43,mobilenet_v3_large,densenet121,0.0
midog,feature,cross_arch,43,mobilenet_v3_large,convnext_tiny,0.0
midog,feature,cross_arch,43,mobilenet_v3_large,regnet_y_3_2gf,0.0
midog,feature,cross_arch,43,mobilenet_v3_large,effb3,0.0
midog,feature,cross_arch,43,mobilenet_v3_large,efficientnet_v2_s,0.0
midog,feature,cross_arch,43,regnet_y_3_2gf,resnet18,0.0
midog,feature,cross_arch,43,regnet_y_3_2gf,resnet50,0.0
midog,feature,cross_arch,43,regnet_y_3_2gf,densenet121,0.0
midog,feature,cross_arch,43,regnet_y_3_2gf,convnext_tiny,0.0
midog,feature,cross_arch,43,regnet_y_3_2gf,mobilenet_v3_large,0.0
midog,feature,cross_arch,43,regnet_y_3_2gf,effb3,0.0
midog,feature,cross_arch,43,regnet_y_3_2gf,efficientnet_v2_s,0.0
midog,feature,cross_arch,43,effb3,resnet18,0.0
midog,feature,cross_arch,43,effb3,resnet50,0.0
midog,feature,cross_arch,43,effb3,densenet121,0.0
midog,feature,cross_arch,43,effb3,convnext_tiny,0.0
midog,feature,cross_arch,43,effb3,mobilenet_v3_large,0.0
midog,feature,cross_arch,43,effb3,regnet_y_3_2gf,0.0
midog,feature,cross_arch,43,effb3,efficientnet_v2_s,0.0
midog,feature,cross_arch,43,efficientnet_v2_s,resnet18,0.0
midog,feature,cross_arch,43,efficientnet_v2_s,resnet50,0.0
midog,feature,cross_arch,43,efficientnet_v2_s,densenet121,0.0
midog,feature,cross_arch,43,efficientnet_v2_s,convnext_tiny,0.0
midog,feature,cross_arch,43,efficientnet_v2_s,mobilenet_v3_large,0.0
midog,feature,cross_arch,43,efficientnet_v2_s,regnet_y_3_2gf,0.0
midog,feature,cross_arch,43,efficientnet_v2_s,effb3,0.0
midog,feature,cross_arch,44,resnet18,resnet50,0.0
midog,feature,cross_arch,44,resnet18,densenet121,0.0
midog,feature,cross_arch,44,resnet18,convnext_tiny,0.0
midog,feature,cross_arch,44,resnet18,mobilenet_v3_large,0.0
midog,feature,cross_arch,44,resnet18,regnet_y_3_2gf,0.0
midog,feature,cross_arch,44,resnet18,effb3,0.0
midog,feature,cross_arch,44,resnet18,efficientnet_v2_s,0.0
midog,feature,cross_arch,44,resnet50,resnet18,0.0
midog,feature,cross_arch,44,resnet50,densenet121,0.0
midog,feature,cross_arch,44,resnet50,convnext_tiny,0.0
midog,feature,cross_arch,44,resnet50,mobilenet_v3_large,0.0
midog,feature,cross_arch,44,resnet50,regnet_y_3_2gf,0.0
midog,feature,cross_arch,44,resnet50,effb3,0.0
midog,feature,cross_arch,44,resnet50,efficientnet_v2_s,0.0
midog,feature,cross_arch,44,densenet121,resnet18,0.0
midog,feature,cross_arch,44,densenet121,resnet50,0.0
midog,feature,cross_arch,44,densenet121,convnext_tiny,0.0
midog,feature,cross_arch,44,densenet121,mobilenet_v3_large,0.0
midog,feature,cross_arch,44,densenet121,regnet_y_3_2gf,0.0
midog,feature,cross_arch,44,densenet121,effb3,0.0
midog,feature,cross_arch,44,densenet121,efficientnet_v2_s,0.0
midog,feature,cross_arch,44,convnext_tiny,resnet18,0.0
midog,feature,cross_arch,44,convnext_tiny,resnet50,0.0
midog,feature,cross_arch,44,convnext_tiny,densenet121,0.0
midog,feature,cross_arch,44,convnext_tiny,mobilenet_v3_large,0.0
midog,feature,cross_arch,44,convnext_tiny,regnet_y_3_2gf,0.0
midog,feature,cross_arch,44,convnext_tiny,effb3,0.0
midog,feature,cross_arch,44,convnext_tiny,efficientnet_v2_s,0.0
midog,feature,cross_arch,44,mobilenet_v3_large,resnet18,0.0
midog,feature,cross_arch,44,mobilenet_v3_large,resnet50,0.0
midog,feature,cross_arch,44,mobilenet_v3_large,densenet121,0.0
midog,feature,cross_arch,44,mobilenet_v3_large,convnext_tiny,0.0
midog,feature,cross_arch,44,mobilenet_v3_large,regnet_y_3_2gf,0.0
midog,feature,cross_arch,44,mobilenet_v3_large,effb3,0.0
midog,feature,cross_arch,44,mobilenet_v3_large,efficientnet_v2_s,0.0
midog,feature,cross_arch,44,regnet_y_3_2gf,resnet18,0.0
midog,feature,cross_arch,44,regnet_y_3_2gf,resnet50,0.0
midog,feature,cross_arch,44,regnet_y_3_2gf,densenet121,0.0
midog,feature,cross_arch,44,regnet_y_3_2gf,convnext_tiny,0.0
midog,feature,cross_arch,44,regnet_y_3_2gf,mobilenet_v3_large,0.0
midog,feature,cross_arch,44,regnet_y_3_2gf,effb3,0.0
midog,feature,cross_arch,44,regnet_y_3_2gf,efficientnet_v2_s,0.0
midog,feature,cross_arch,44,effb3,resnet18,0.0
midog,feature,cross_arch,44,effb3,resnet50,0.0
midog,feature,cross_arch,44,effb3,densenet121,0.0
midog,feature,cross_arch,44,effb3,convnext_tiny,0.0
midog,feature,cross_arch,44,effb3,mobilenet_v3_large,0.0
midog,feature,cross_arch,44,effb3,regnet_y_3_2gf,0.0
midog,feature,cross_arch,44,effb3,efficientnet_v2_s,0.0
midog,feature,cross_arch,44,efficientnet_v2_s,resnet18,0.0
midog,feature,cross_arch,44,efficientnet_v2_s,resnet50,0.0
midog,feature,cross_arch,44,efficientnet_v2_s,densenet121,0.0
midog,feature,cross_arch,44,efficientnet_v2_s,convnext_tiny,0.0
midog,feature,cross_arch,44,efficientnet_v2_s,mobilenet_v3_large,0.0
midog,feature,cross_arch,44,efficientnet_v2_s,regnet_y_3_2gf,0.0
midog,feature,cross_arch,44,efficientnet_v2_s,effb3,0.0
midog,feature,cross_arch,45,resnet18,resnet50,0.0
midog,feature,cross_arch,45,resnet18,densenet121,0.0
midog,feature,cross_arch,45,resnet18,convnext_tiny,0.0
midog,feature,cross_arch,45,resnet18,mobilenet_v3_large,0.0
midog,feature,cross_arch,45,resnet18,regnet_y_3_2gf,0.0
midog,feature,cross_arch,45,resnet18,effb3,0.0
midog,feature,cross_arch,45,resnet18,efficientnet_v2_s,0.0
midog,feature,cross_arch,45,resnet50,resnet18,0.0
midog,feature,cross_arch,45,resnet50,densenet121,0.0
midog,feature,cross_arch,45,resnet50,convnext_tiny,0.0
midog,feature,cross_arch,45,resnet50,mobilenet_v3_large,0.0
midog,feature,cross_arch,45,resnet50,regnet_y_3_2gf,0.0
midog,feature,cross_arch,45,resnet50,effb3,0.0
midog,feature,cross_arch,45,resnet50,efficientnet_v2_s,0.0
midog,feature,cross_arch,45,densenet121,resnet18,0.0
midog,feature,cross_arch,45,densenet121,resnet50,0.0
midog,feature,cross_arch,45,densenet121,convnext_tiny,0.0
midog,feature,cross_arch,45,densenet121,mobilenet_v3_large,0.0
midog,feature,cross_arch,45,densenet121,regnet_y_3_2gf,0.0
midog,feature,cross_arch,45,densenet121,effb3,0.0
midog,feature,cross_arch,45,densenet121,efficientnet_v2_s,0.0
midog,feature,cross_arch,45,convnext_tiny,resnet18,0.0
midog,feature,cross_arch,45,convnext_tiny,resnet50,0.0
midog,feature,cross_arch,45,convnext_tiny,densenet121,0.0
midog,feature,cross_arch,45,convnext_tiny,mobilenet_v3_large,0.0
midog,feature,cross_arch,45,convnext_tiny,regnet_y_3_2gf,0.0
midog,feature,cross_arch,45,convnext_tiny,effb3,0.0
midog,feature,cross_arch,45,convnext_tiny,efficientnet_v2_s,0.0
midog,feature,cross_arch,45,mobilenet_v3_large,resnet18,0.0
midog,feature,cross_arch,45,mobilenet_v3_large,resnet50,0.0
midog,feature,cross_arch,45,mobilenet_v3_large,densenet121,0.0
midog,feature,cross_arch,45,mobilenet_v3_large,convnext_tiny,0.0
midog,feature,cross_arch,45,mobilenet_v3_large,regnet_y_3_2gf,0.0
midog,feature,cross_arch,45,mobilenet_v3_large,effb3,0.0
midog,feature,cross_arch,45,mobilenet_v3_large,efficientnet_v2_s,0.0
midog,feature,cross_arch,45,regnet_y_3_2gf,resnet18,0.0
midog,feature,cross_arch,45,regnet_y_3_2gf,resnet50,0.0
midog,feature,cross_arch,45,regnet_y_3_2gf,densenet121,0.0
midog,feature,cross_arch,45,regnet_y_3_2gf,convnext_tiny,0.0
midog,feature,cross_arch,45,regnet_y_3_2gf,mobilenet_v3_large,0.0
midog,feature,cross_arch,45,regnet_y_3_2gf,effb3,0.0
midog,feature,cross_arch,45,regnet_y_3_2gf,efficientnet_v2_s,0.0
midog,feature,cross_arch,45,effb3,resnet18,0.0
midog,feature,cross_arch,45,effb3,resnet50,0.0
midog,feature,cross_arch,45,effb3,densenet121,0.0
midog,feature,cross_arch,45,effb3,convnext_tiny,0.0
midog,feature,cross_arch,45,effb3,mobilenet_v3_large,0.0
midog,feature,cross_arch,45,effb3,regnet_y_3_2gf,0.0
midog,feature,cross_arch,45,effb3,efficientnet_v2_s,0.0
midog,feature,cross_arch,45,efficientnet_v2_s,resnet18,0.0
midog,feature,cross_arch,45,efficientnet_v2_s,resnet50,0.0
midog,feature,cross_arch,45,efficientnet_v2_s,densenet121,0.0
midog,feature,cross_arch,45,efficientnet_v2_s,convnext_tiny,0.0
midog,feature,cross_arch,45,efficientnet_v2_s,mobilenet_v3_large,0.0
midog,feature,cross_arch,45,efficientnet_v2_s,regnet_y_3_2gf,0.0
midog,feature,cross_arch,45,efficientnet_v2_s,effb3,0.0
midog,feature,cross_arch,46,resnet18,resnet50,0.0
midog,feature,cross_arch,46,resnet18,densenet121,0.0
midog,feature,cross_arch,46,resnet18,convnext_tiny,0.0
midog,feature,cross_arch,46,resnet18,mobilenet_v3_large,0.0
midog,feature,cross_arch,46,resnet18,regnet_y_3_2gf,0.0
midog,feature,cross_arch,46,resnet18,effb3,0.0
midog,feature,cross_arch,46,resnet18,efficientnet_v2_s,0.0
midog,feature,cross_arch,46,resnet50,resnet18,0.0
midog,feature,cross_arch,46,resnet50,densenet121,0.0
midog,feature,cross_arch,46,resnet50,convnext_tiny,0.0
midog,feature,cross_arch,46,resnet50,mobilenet_v3_large,0.0
midog,feature,cross_arch,46,resnet50,regnet_y_3_2gf,0.0
midog,feature,cross_arch,46,resnet50,effb3,0.0
midog,feature,cross_arch,46,resnet50,efficientnet_v2_s,0.0
midog,feature,cross_arch,46,densenet121,resnet18,0.0
midog,feature,cross_arch,46,densenet121,resnet50,0.0
midog,feature,cross_arch,46,densenet121,convnext_tiny,0.0
midog,feature,cross_arch,46,densenet121,mobilenet_v3_large,0.0
midog,feature,cross_arch,46,densenet121,regnet_y_3_2gf,0.0
midog,feature,cross_arch,46,densenet121,effb3,0.0
midog,feature,cross_arch,46,densenet121,efficientnet_v2_s,0.0
midog,feature,cross_arch,46,convnext_tiny,resnet18,0.0
midog,feature,cross_arch,46,convnext_tiny,resnet50,0.0
midog,feature,cross_arch,46,convnext_tiny,densenet121,0.0
midog,feature,cross_arch,46,convnext_tiny,mobilenet_v3_large,0.0
midog,feature,cross_arch,46,convnext_tiny,regnet_y_3_2gf,0.0
midog,feature,cross_arch,46,convnext_tiny,effb3,0.0
midog,feature,cross_arch,46,convnext_tiny,efficientnet_v2_s,0.0
midog,feature,cross_arch,46,mobilenet_v3_large,resnet18,0.0
midog,feature,cross_arch,46,mobilenet_v3_large,resnet50,0.0
midog,feature,cross_arch,46,mobilenet_v3_large,densenet121,0.0
midog,feature,cross_arch,46,mobilenet_v3_large,convnext_tiny,0.0
midog,feature,cross_arch,46,mobilenet_v3_large,regnet_y_3_2gf,0.0
midog,feature,cross_arch,46,mobilenet_v3_large,effb3,0.0
midog,feature,cross_arch,46,mobilenet_v3_large,efficientnet_v2_s,0.0
midog,feature,cross_arch,46,regnet_y_3_2gf,resnet18,0.0
midog,feature,cross_arch,46,regnet_y_3_2gf,resnet50,0.0
midog,feature,cross_arch,46,regnet_y_3_2gf,densenet121,0.0
midog,feature,cross_arch,46,regnet_y_3_2gf,convnext_tiny,0.0
midog,feature,cross_arch,46,regnet_y_3_2gf,mobilenet_v3_large,0.0
midog,feature,cross_arch,46,regnet_y_3_2gf,effb3,0.0
midog,feature,cross_arch,46,regnet_y_3_2gf,efficientnet_v2_s,0.0
midog,feature,cross_arch,46,effb3,resnet18,0.0
midog,feature,cross_arch,46,effb3,resnet50,0.0
midog,feature,cross_arch,46,effb3,densenet121,0.0
midog,feature,cross_arch,46,effb3,convnext_tiny,0.0
midog,feature,cross_arch,46,effb3,mobilenet_v3_large,0.0
midog,feature,cross_arch,46,effb3,regnet_y_3_2gf,0.0
midog,feature,cross_arch,46,effb3,efficientnet_v2_s,0.0
midog,feature,cross_arch,46,efficientnet_v2_s,resnet18,0.0
midog,feature,cross_arch,46,efficientnet_v2_s,resnet50,0.0
midog,feature,cross_arch,46,efficientnet_v2_s,densenet121,0.0
midog,feature,cross_arch,46,efficientnet_v2_s,convnext_tiny,0.0
midog,feature,cross_arch,46,efficientnet_v2_s,mobilenet_v3_large,0.0
midog,feature,cross_arch,46,efficientnet_v2_s,regnet_y_3_2gf,0.0
midog,feature,cross_arch,46,efficientnet_v2_s,effb3,0.0
midog,feature,cross_seed,43,resnet18@42,resnet18@43,0.0
midog,feature,cross_seed,44,resnet18@42,resnet18@44,0.0
midog,feature,cross_seed,45,resnet18@42,resnet18@45,0.0
midog,feature,cross_seed,46,resnet18@42,resnet18@46,0.0
midog,feature,cross_seed,42,resnet18@43,resnet18@42,0.0
midog,feature,cross_seed,44,resnet18@43,resnet18@44,0.0
midog,feature,cross_seed,45,resnet18@43,resnet18@45,0.0
midog,feature,cross_seed,46,resnet18@43,resnet18@46,0.0
midog,feature,cross_seed,42,resnet18@44,resnet18@42,0.0
midog,feature,cross_seed,43,resnet18@44,resnet18@43,0.0
midog,feature,cross_seed,45,resnet18@44,resnet18@45,0.0
midog,feature,cross_seed,46,resnet18@44,resnet18@46,0.0
midog,feature,cross_seed,42,resnet18@45,resnet18@42,0.0
midog,feature,cross_seed,43,resnet18@45,resnet18@43,0.0
midog,feature,cross_seed,44,resnet18@45,resnet18@44,0.0
midog,feature,cross_seed,46,resnet18@45,resnet18@46,0.0
midog,feature,cross_seed,42,resnet18@46,resnet18@42,0.0
midog,feature,cross_seed,43,resnet18@46,resnet18@43,0.0
midog,feature,cross_seed,44,resnet18@46,resnet18@44,0.0
midog,feature,cross_seed,45,resnet18@46,resnet18@45,0.0
midog,feature,cross_seed,43,resnet50@42,resnet50@43,0.0
midog,feature,cross_seed,44,resnet50@42,resnet50@44,0.0
midog,feature,cross_seed,45,resnet50@42,resnet50@45,0.0
midog,feature,cross_seed,46,resnet50@42,resnet50@46,0.0
midog,feature,cross_seed,42,resnet50@43,resnet50@42,0.0
midog,feature,cross_seed,44,resnet50@43,resnet50@44,0.0
midog,feature,cross_seed,45,resnet50@43,resnet50@45,0.0
midog,feature,cross_seed,46,resnet50@43,resnet50@46,0.0
midog,feature,cross_seed,42,resnet50@44,resnet50@42,0.0
midog,feature,cross_seed,43,resnet50@44,resnet50@43,0.0
midog,feature,cross_seed,45,resnet50@44,resnet50@45,0.0
midog,feature,cross_seed,46,resnet50@44,resnet50@46,0.0
midog,feature,cross_seed,42,resnet50@45,resnet50@42,0.0
midog,feature,cross_seed,43,resnet50@45,resnet50@43,0.0
midog,feature,cross_seed,44,resnet50@45,resnet50@44,0.0
midog,feature,cross_seed,46,resnet50@45,resnet50@46,0.0
midog,feature,cross_seed,42,resnet50@46,resnet50@42,0.0
midog,feature,cross_seed,43,resnet50@46,resnet50@43,0.0
midog,feature,cross_seed,44,resnet50@46,resnet50@44,0.0
midog,feature,cross_seed,45,resnet50@46,resnet50@45,0.0
midog,feature,cross_seed,43,densenet121@42,densenet121@43,0.0
midog,feature,cross_seed,44,densenet121@42,densenet121@44,0.0
midog,feature,cross_seed,45,densenet121@42,densenet121@45,0.0
midog,feature,cross_seed,46,densenet121@42,densenet121@46,0.0
midog,feature,cross_seed,42,densenet121@43,densenet121@42,0.0
midog,feature,cross_seed,44,densenet121@43,densenet121@44,0.0
midog,feature,cross_seed,45,densenet121@43,densenet121@45,0.0
midog,feature,cross_seed,46,densenet121@43,densenet121@46,0.0
midog,feature,cross_seed,42,densenet121@44,densenet121@42,0.0
midog,feature,cross_seed,43,densenet121@44,densenet121@43,0.0
midog,feature,cross_seed,45,densenet121@44,densenet121@45,0.0
midog,feature,cross_seed,46,densenet121@44,densenet121@46,0.0
midog,feature,cross_seed,42,densenet121@45,densenet121@42,0.0
midog,feature,cross_seed,43,densenet121@45,densenet121@43,0.0
midog,feature,cross_seed,44,densenet121@45,densenet121@44,0.0
midog,feature,cross_seed,46,densenet121@45,densenet121@46,0.0
midog,feature,cross_seed,42,densenet121@46,densenet121@42,0.0
midog,feature,cross_seed,43,densenet121@46,densenet121@43,0.0
midog,feature,cross_seed,44,densenet121@46,densenet121@44,0.0
midog,feature,cross_seed,45,densenet121@46,densenet121@45,0.0
midog,feature,cross_seed,43,convnext_tiny@42,convnext_tiny@43,0.0
midog,feature,cross_seed,44,convnext_tiny@42,convnext_tiny@44,0.0
midog,feature,cross_seed,45,convnext_tiny@42,convnext_tiny@45,0.0
midog,feature,cross_seed,46,convnext_tiny@42,convnext_tiny@46,0.0
midog,feature,cross_seed,42,convnext_tiny@43,convnext_tiny@42,0.0
midog,feature,cross_seed,44,convnext_tiny@43,convnext_tiny@44,0.0
midog,feature,cross_seed,45,convnext_tiny@43,convnext_tiny@45,0.0
midog,feature,cross_seed,46,convnext_tiny@43,convnext_tiny@46,0.0
midog,feature,cross_seed,42,convnext_tiny@44,convnext_tiny@42,0.0
midog,feature,cross_seed,43,convnext_tiny@44,convnext_tiny@43,0.0
midog,feature,cross_seed,45,convnext_tiny@44,convnext_tiny@45,0.0
midog,feature,cross_seed,46,convnext_tiny@44,convnext_tiny@46,0.0
midog,feature,cross_seed,42,convnext_tiny@45,convnext_tiny@42,0.0
midog,feature,cross_seed,43,convnext_tiny@45,convnext_tiny@43,0.0
midog,feature,cross_seed,44,convnext_tiny@45,convnext_tiny@44,0.0
midog,feature,cross_seed,46,convnext_tiny@45,convnext_tiny@46,0.0
midog,feature,cross_seed,42,convnext_tiny@46,convnext_tiny@42,0.0
midog,feature,cross_seed,43,convnext_tiny@46,convnext_tiny@43,0.0
midog,feature,cross_seed,44,convnext_tiny@46,convnext_tiny@44,0.0
midog,feature,cross_seed,45,convnext_tiny@46,convnext_tiny@45,0.0
midog,feature,cross_seed,43,mobilenet_v3_large@42,mobilenet_v3_large@43,0.0
midog,feature,cross_seed,44,mobilenet_v3_large@42,mobilenet_v3_large@44,0.0
midog,feature,cross_seed,45,mobilenet_v3_large@42,mobilenet_v3_large@45,0.0
midog,feature,cross_seed,46,mobilenet_v3_large@42,mobilenet_v3_large@46,0.0
midog,feature,cross_seed,42,mobilenet_v3_large@43,mobilenet_v3_large@42,0.0
midog,feature,cross_seed,44,mobilenet_v3_large@43,mobilenet_v3_large@44,0.0
midog,feature,cross_seed,45,mobilenet_v3_large@43,mobilenet_v3_large@45,0.0
midog,feature,cross_seed,46,mobilenet_v3_large@43,mobilenet_v3_large@46,0.0
midog,feature,cross_seed,42,mobilenet_v3_large@44,mobilenet_v3_large@42,0.0
midog,feature,cross_seed,43,mobilenet_v3_large@44,mobilenet_v3_large@43,0.0
midog,feature,cross_seed,45,mobilenet_v3_large@44,mobilenet_v3_large@45,0.0
midog,feature,cross_seed,46,mobilenet_v3_large@44,mobilenet_v3_large@46,0.0
midog,feature,cross_seed,42,mobilenet_v3_large@45,mobilenet_v3_large@42,0.0
midog,feature,cross_seed,43,mobilenet_v3_large@45,mobilenet_v3_large@43,0.0
midog,feature,cross_seed,44,mobilenet_v3_large@45,mobilenet_v3_large@44,0.0
midog,feature,cross_seed,46,mobilenet_v3_large@45,mobilenet_v3_large@46,0.0
midog,feature,cross_seed,42,mobilenet_v3_large@46,mobilenet_v3_large@42,0.0
midog,feature,cross_seed,43,mobilenet_v3_large@46,mobilenet_v3_large@43,0.0
midog,feature,cross_seed,44,mobilenet_v3_large@46,mobilenet_v3_large@44,0.0
midog,feature,cross_seed,45,mobilenet_v3_large@46,mobilenet_v3_large@45,0.0
midog,feature,cross_seed,43,regnet_y_3_2gf@42,regnet_y_3_2gf@43,0.0
midog,feature,cross_seed,44,regnet_y_3_2gf@42,regnet_y_3_2gf@44,0.0
midog,feature,cross_seed,45,regnet_y_3_2gf@42,regnet_y_3_2gf@45,0.0
midog,feature,cross_seed,46,regnet_y_3_2gf@42,regnet_y_3_2gf@46,0.0
midog,feature,cross_seed,42,regnet_y_3_2gf@43,regnet_y_3_2gf@42,0.0
midog,feature,cross_seed,44,regnet_y_3_2gf@43,regnet_y_3_2gf@44,0.0
midog,feature,cross_seed,45,regnet_y_3_2gf@43,regnet_y_3_2gf@45,0.0
midog,feature,cross_seed,46,regnet_y_3_2gf@43,regnet_y_3_2gf@46,0.0
midog,feature,cross_seed,42,regnet_y_3_2gf@44,regnet_y_3_2gf@42,0.0
midog,feature,cross_seed,43,regnet_y_3_2gf@44,regnet_y_3_2gf@43,0.0
midog,feature,cross_seed,45,regnet_y_3_2gf@44,regnet_y_3_2gf@45,0.0
midog,feature,cross_seed,46,regnet_y_3_2gf@44,regnet_y_3_2gf@46,0.0
midog,feature,cross_seed,42,regnet_y_3_2gf@45,regnet_y_3_2gf@42,0.0
midog,feature,cross_seed,43,regnet_y_3_2gf@45,regnet_y_3_2gf@43,0.0
midog,feature,cross_seed,44,regnet_y_3_2gf@45,regnet_y_3_2gf@44,0.0
midog,feature,cross_seed,46,regnet_y_3_2gf@45,regnet_y_3_2gf@46,0.0
midog,feature,cross_seed,42,regnet_y_3_2gf@46,regnet_y_3_2gf@42,0.0
midog,feature,cross_seed,43,regnet_y_3_2gf@46,regnet_y_3_2gf@43,0.0
midog,feature,cross_seed,44,regnet_y_3_2gf@46,regnet_y_3_2gf@44,0.0
midog,feature,cross_seed,45,regnet_y_3_2gf@46,regnet_y_3_2gf@45,0.0
midog,feature,cross_seed,43,effb3@42,effb3@43,0.0
midog,feature,cross_seed,44,effb3@42,effb3@44,0.0
midog,feature,cross_seed,45,effb3@42,effb3@45,0.0
midog,feature,cross_seed,46,effb3@42,effb3@46,0.0
midog,feature,cross_seed,42,effb3@43,effb3@42,0.0
midog,feature,cross_seed,44,effb3@43,effb3@44,0.0
midog,feature,cross_seed,45,effb3@43,effb3@45,0.0
midog,feature,cross_seed,46,effb3@43,effb3@46,0.0
midog,feature,cross_seed,42,effb3@44,effb3@42,0.0
midog,feature,cross_seed,43,effb3@44,effb3@43,0.0
midog,feature,cross_seed,45,effb3@44,effb3@45,0.0
midog,feature,cross_seed,46,effb3@44,effb3@46,0.0
midog,feature,cross_seed,42,effb3@45,effb3@42,0.0
midog,feature,cross_seed,43,effb3@45,effb3@43,0.0
midog,feature,cross_seed,44,effb3@45,effb3@44,0.0
midog,feature,cross_seed,46,effb3@45,effb3@46,0.0
midog,feature,cross_seed,42,effb3@46,effb3@42,0.0
midog,feature,cross_seed,43,effb3@46,effb3@43,0.0
midog,feature,cross_seed,44,effb3@46,effb3@44,0.0
midog,feature,cross_seed,45,effb3@46,effb3@45,0.0
midog,feature,cross_seed,43,efficientnet_v2_s@42,efficientnet_v2_s@43,0.0
midog,feature,cross_seed,44,efficientnet_v2_s@42,efficientnet_v2_s@44,0.0
midog,feature,cross_seed,45,efficientnet_v2_s@42,efficientnet_v2_s@45,0.0
midog,feature,cross_seed,46,efficientnet_v2_s@42,efficientnet_v2_s@46,0.0
midog,feature,cross_seed,42,efficientnet_v2_s@43,efficientnet_v2_s@42,0.0
midog,feature,cross_seed,44,efficientnet_v2_s@43,efficientnet_v2_s@44,0.0
midog,feature,cross_seed,45,efficientnet_v2_s@43,efficientnet_v2_s@45,0.0
midog,feature,cross_seed,46,efficientnet_v2_s@43,efficientnet_v2_s@46,0.0
midog,feature,cross_seed,42,efficientnet_v2_s@44,efficientnet_v2_s@42,0.0
midog,feature,cross_seed,43,efficientnet_v2_s@44,efficientnet_v2_s@43,0.0
midog,feature,cross_seed,45,efficientnet_v2_s@44,efficientnet_v2_s@45,0.0
midog,feature,cross_seed,46,efficientnet_v2_s@44,efficientnet_v2_s@46,0.0
midog,feature,cross_seed,42,efficientnet_v2_s@45,efficientnet_v2_s@42,0.0
midog,feature,cross_seed,43,efficientnet_v2_s@45,efficientnet_v2_s@43,0.0
midog,feature,cross_seed,44,efficientnet_v2_s@45,efficientnet_v2_s@44,0.0
midog,feature,cross_seed,46,efficientnet_v2_s@45,efficientnet_v2_s@46,0.0
midog,feature,cross_seed,42,efficientnet_v2_s@46,efficientnet_v2_s@42,0.0
midog,feature,cross_seed,43,efficientnet_v2_s@46,efficientnet_v2_s@43,0.0
midog,feature,cross_seed,44,efficientnet_v2_s@46,efficientnet_v2_s@44,0.0
midog,feature,cross_seed,45,efficientnet_v2_s@46,efficientnet_v2_s@45,0.0
midog,all,cross_arch,42,resnet18,resnet50,0.0
midog,all,cross_arch,42,resnet18,densenet121,0.0
midog,all,cross_arch,42,resnet18,convnext_tiny,0.0
midog,all,cross_arch,42,resnet18,mobilenet_v3_large,0.0
midog,all,cross_arch,42,resnet18,regnet_y_3_2gf,0.0
midog,all,cross_arch,42,resnet18,effb3,0.0
midog,all,cross_arch,42,resnet18,efficientnet_v2_s,0.0
midog,all,cross_arch,42,resnet50,resnet18,0.0
midog,all,cross_arch,42,resnet50,densenet121,0.0
midog,all,cross_arch,42,resnet50,convnext_tiny,0.0
midog,all,cross_arch,42,resnet50,mobilenet_v3_large,0.0
midog,all,cross_arch,42,resnet50,regnet_y_3_2gf,0.0
midog,all,cross_arch,42,resnet50,effb3,0.0
midog,all,cross_arch,42,resnet50,efficientnet_v2_s,0.0
midog,all,cross_arch,42,densenet121,resnet18,0.0
midog,all,cross_arch,42,densenet121,resnet50,0.0
midog,all,cross_arch,42,densenet121,convnext_tiny,0.0
midog,all,cross_arch,42,densenet121,mobilenet_v3_large,0.0
midog,all,cross_arch,42,densenet121,regnet_y_3_2gf,0.0
midog,all,cross_arch,42,densenet121,effb3,0.0
midog,all,cross_arch,42,densenet121,efficientnet_v2_s,0.0
midog,all,cross_arch,42,convnext_tiny,resnet18,0.0
midog,all,cross_arch,42,convnext_tiny,resnet50,0.0
midog,all,cross_arch,42,convnext_tiny,densenet121,0.0
midog,all,cross_arch,42,convnext_tiny,mobilenet_v3_large,0.0
midog,all,cross_arch,42,convnext_tiny,regnet_y_3_2gf,0.0
midog,all,cross_arch,42,convnext_tiny,effb3,0.0
midog,all,cross_arch,42,convnext_tiny,efficientnet_v2_s,0.0
midog,all,cross_arch,42,mobilenet_v3_large,resnet18,0.0
midog,all,cross_arch,42,mobilenet_v3_large,resnet50,0.0
midog,all,cross_arch,42,mobilenet_v3_large,densenet121,0.0
midog,all,cross_arch,42,mobilenet_v3_large,convnext_tiny,0.0
midog,all,cross_arch,42,mobilenet_v3_large,regnet_y_3_2gf,0.0
midog,all,cross_arch,42,mobilenet_v3_large,effb3,0.0
midog,all,cross_arch,42,mobilenet_v3_large,efficientnet_v2_s,0.0
midog,all,cross_arch,42,regnet_y_3_2gf,resnet18,0.0
midog,all,cross_arch,42,regnet_y_3_2gf,resnet50,0.0
midog,all,cross_arch,42,regnet_y_3_2gf,densenet121,0.0
midog,all,cross_arch,42,regnet_y_3_2gf,convnext_tiny,0.0
midog,all,cross_arch,42,regnet_y_3_2gf,mobilenet_v3_large,0.0
midog,all,cross_arch,42,regnet_y_3_2gf,effb3,0.0
midog,all,cross_arch,42,regnet_y_3_2gf,efficientnet_v2_s,0.0
midog,all,cross_arch,42,effb3,resnet18,0.0
midog,all,cross_arch,42,effb3,resnet50,0.0
midog,all,cross_arch,42,effb3,densenet121,0.0
midog,all,cross_arch,42,effb3,convnext_tiny,0.0
midog,all,cross_arch,42,effb3,mobilenet_v3_large,0.0
midog,all,cross_arch,42,effb3,regnet_y_3_2gf,0.0
midog,all,cross_arch,42,effb3,efficientnet_v2_s,0.0
midog,all,cross_arch,42,efficientnet_v2_s,resnet18,0.0
midog,all,cross_arch,42,efficientnet_v2_s,resnet50,0.0
midog,all,cross_arch,42,efficientnet_v2_s,densenet121,0.0
midog,all,cross_arch,42,efficientnet_v2_s,convnext_tiny,0.0
midog,all,cross_arch,42,efficientnet_v2_s,mobilenet_v3_large,0.0
midog,all,cross_arch,42,efficientnet_v2_s,regnet_y_3_2gf,0.0
midog,all,cross_arch,42,efficientnet_v2_s,effb3,0.0
midog,all,cross_arch,43,resnet18,resnet50,0.0
midog,all,cross_arch,43,resnet18,densenet121,0.0
midog,all,cross_arch,43,resnet18,convnext_tiny,0.0
midog,all,cross_arch,43,resnet18,mobilenet_v3_large,0.0
midog,all,cross_arch,43,resnet18,regnet_y_3_2gf,0.0
midog,all,cross_arch,43,resnet18,effb3,0.0
midog,all,cross_arch,43,resnet18,efficientnet_v2_s,0.0
midog,all,cross_arch,43,resnet50,resnet18,0.0
midog,all,cross_arch,43,resnet50,densenet121,0.0
midog,all,cross_arch,43,resnet50,convnext_tiny,0.0
midog,all,cross_arch,43,resnet50,mobilenet_v3_large,0.0
midog,all,cross_arch,43,resnet50,regnet_y_3_2gf,0.0
midog,all,cross_arch,43,resnet50,effb3,0.0
midog,all,cross_arch,43,resnet50,efficientnet_v2_s,0.0
midog,all,cross_arch,43,densenet121,resnet18,0.0
midog,all,cross_arch,43,densenet121,resnet50,0.0
midog,all,cross_arch,43,densenet121,convnext_tiny,0.0
midog,all,cross_arch,43,densenet121,mobilenet_v3_large,0.0
midog,all,cross_arch,43,densenet121,regnet_y_3_2gf,0.0
midog,all,cross_arch,43,densenet121,effb3,0.0
midog,all,cross_arch,43,densenet121,efficientnet_v2_s,0.0
midog,all,cross_arch,43,convnext_tiny,resnet18,0.0
midog,all,cross_arch,43,convnext_tiny,resnet50,0.0
midog,all,cross_arch,43,convnext_tiny,densenet121,0.0
midog,all,cross_arch,43,convnext_tiny,mobilenet_v3_large,0.0
midog,all,cross_arch,43,convnext_tiny,regnet_y_3_2gf,0.0
midog,all,cross_arch,43,convnext_tiny,effb3,0.0
midog,all,cross_arch,43,convnext_tiny,efficientnet_v2_s,0.0
midog,all,cross_arch,43,mobilenet_v3_large,resnet18,0.0
midog,all,cross_arch,43,mobilenet_v3_large,resnet50,0.0
midog,all,cross_arch,43,mobilenet_v3_large,densenet121,0.0
midog,all,cross_arch,43,mobilenet_v3_large,convnext_tiny,0.0
midog,all,cross_arch,43,mobilenet_v3_large,regnet_y_3_2gf,0.0
midog,all,cross_arch,43,mobilenet_v3_large,effb3,0.0
midog,all,cross_arch,43,mobilenet_v3_large,efficientnet_v2_s,0.0
midog,all,cross_arch,43,regnet_y_3_2gf,resnet18,0.0
midog,all,cross_arch,43,regnet_y_3_2gf,resnet50,0.0
midog,all,cross_arch,43,regnet_y_3_2gf,densenet121,0.0
midog,all,cross_arch,43,regnet_y_3_2gf,convnext_tiny,0.0
midog,all,cross_arch,43,regnet_y_3_2gf,mobilenet_v3_large,0.0
midog,all,cross_arch,43,regnet_y_3_2gf,effb3,0.0
midog,all,cross_arch,43,regnet_y_3_2gf,efficientnet_v2_s,0.0
midog,all,cross_arch,43,effb3,resnet18,0.0
midog,all,cross_arch,43,effb3,resnet50,0.0
midog,all,cross_arch,43,effb3,densenet121,0.0
midog,all,cross_arch,43,effb3,convnext_tiny,0.0
midog,all,cross_arch,43,effb3,mobilenet_v3_large,0.0
midog,all,cross_arch,43,effb3,regnet_y_3_2gf,0.0
midog,all,cross_arch,43,effb3,efficientnet_v2_s,0.0
midog,all,cross_arch,43,efficientnet_v2_s,resnet18,0.0
midog,all,cross_arch,43,efficientnet_v2_s,resnet50,0.0
midog,all,cross_arch,43,efficientnet_v2_s,densenet121,0.0
midog,all,cross_arch,43,efficientnet_v2_s,convnext_tiny,0.0
midog,all,cross_arch,43,efficientnet_v2_s,mobilenet_v3_large,0.0
midog,all,cross_arch,43,efficientnet_v2_s,regnet_y_3_2gf,0.0
midog,all,cross_arch,43,efficientnet_v2_s,effb3,0.0
midog,all,cross_arch,44,resnet18,resnet50,0.0
midog,all,cross_arch,44,resnet18,densenet121,0.0
midog,all,cross_arch,44,resnet18,convnext_tiny,0.0
midog,all,cross_arch,44,resnet18,mobilenet_v3_large,0.0
midog,all,cross_arch,44,resnet18,regnet_y_3_2gf,0.0
midog,all,cross_arch,44,resnet18,effb3,0.0
midog,all,cross_arch,44,resnet18,efficientnet_v2_s,0.0
midog,all,cross_arch,44,resnet50,resnet18,0.0
midog,all,cross_arch,44,resnet50,densenet121,0.0
midog,all,cross_arch,44,resnet50,convnext_tiny,0.0
midog,all,cross_arch,44,resnet50,mobilenet_v3_large,0.0
midog,all,cross_arch,44,resnet50,regnet_y_3_2gf,0.0
midog,all,cross_arch,44,resnet50,effb3,0.0
midog,all,cross_arch,44,resnet50,efficientnet_v2_s,0.0
midog,all,cross_arch,44,densenet121,resnet18,0.0
midog,all,cross_arch,44,densenet121,resnet50,0.0
midog,all,cross_arch,44,densenet121,convnext_tiny,0.0
midog,all,cross_arch,44,densenet121,mobilenet_v3_large,0.0
midog,all,cross_arch,44,densenet121,regnet_y_3_2gf,0.0
midog,all,cross_arch,44,densenet121,effb3,0.0
midog,all,cross_arch,44,densenet121,efficientnet_v2_s,0.0
midog,all,cross_arch,44,convnext_tiny,resnet18,0.0
midog,all,cross_arch,44,convnext_tiny,resnet50,0.0
midog,all,cross_arch,44,convnext_tiny,densenet121,0.0
midog,all,cross_arch,44,convnext_tiny,mobilenet_v3_large,0.0
midog,all,cross_arch,44,convnext_tiny,regnet_y_3_2gf,0.0
midog,all,cross_arch,44,convnext_tiny,effb3,0.0
midog,all,cross_arch,44,convnext_tiny,efficientnet_v2_s,0.0
midog,all,cross_arch,44,mobilenet_v3_large,resnet18,0.0
midog,all,cross_arch,44,mobilenet_v3_large,resnet50,0.0
midog,all,cross_arch,44,mobilenet_v3_large,densenet121,0.0
midog,all,cross_arch,44,mobilenet_v3_large,convnext_tiny,0.0
midog,all,cross_arch,44,mobilenet_v3_large,regnet_y_3_2gf,0.0
midog,all,cross_arch,44,mobilenet_v3_large,effb3,0.0
midog,all,cross_arch,44,mobilenet_v3_large,efficientnet_v2_s,0.0
midog,all,cross_arch,44,regnet_y_3_2gf,resnet18,0.0
midog,all,cross_arch,44,regnet_y_3_2gf,resnet50,0.0
midog,all,cross_arch,44,regnet_y_3_2gf,densenet121,0.0
midog,all,cross_arch,44,regnet_y_3_2gf,convnext_tiny,0.0
midog,all,cross_arch,44,regnet_y_3_2gf,mobilenet_v3_large,0.0
midog,all,cross_arch,44,regnet_y_3_2gf,effb3,0.0
midog,all,cross_arch,44,regnet_y_3_2gf,efficientnet_v2_s,0.0
midog,all,cross_arch,44,effb3,resnet18,0.0
midog,all,cross_arch,44,effb3,resnet50,0.0
midog,all,cross_arch,44,effb3,densenet121,0.0
midog,all,cross_arch,44,effb3,convnext_tiny,0.0
midog,all,cross_arch,44,effb3,mobilenet_v3_large,0.0
midog,all,cross_arch,44,effb3,regnet_y_3_2gf,0.0
midog,all,cross_arch,44,effb3,efficientnet_v2_s,0.0
midog,all,cross_arch,44,efficientnet_v2_s,resnet18,0.0
midog,all,cross_arch,44,efficientnet_v2_s,resnet50,0.0
midog,all,cross_arch,44,efficientnet_v2_s,densenet121,0.0
midog,all,cross_arch,44,efficientnet_v2_s,convnext_tiny,0.0
midog,all,cross_arch,44,efficientnet_v2_s,mobilenet_v3_large,0.0
midog,all,cross_arch,44,efficientnet_v2_s,regnet_y_3_2gf,0.0
midog,all,cross_arch,44,efficientnet_v2_s,effb3,0.0
midog,all,cross_arch,45,resnet18,resnet50,0.0
midog,all,cross_arch,45,resnet18,densenet121,0.0
midog,all,cross_arch,45,resnet18,convnext_tiny,0.0
midog,all,cross_arch,45,resnet18,mobilenet_v3_large,0.0
midog,all,cross_arch,45,resnet18,regnet_y_3_2gf,0.0
midog,all,cross_arch,45,resnet18,effb3,0.0
midog,all,cross_arch,45,resnet18,efficientnet_v2_s,0.0
midog,all,cross_arch,45,resnet50,resnet18,0.0
midog,all,cross_arch,45,resnet50,densenet121,0.0
midog,all,cross_arch,45,resnet50,convnext_tiny,0.0
midog,all,cross_arch,45,resnet50,mobilenet_v3_large,0.0
midog,all,cross_arch,45,resnet50,regnet_y_3_2gf,0.0
midog,all,cross_arch,45,resnet50,effb3,0.0
midog,all,cross_arch,45,resnet50,efficientnet_v2_s,0.0
midog,all,cross_arch,45,densenet121,resnet18,0.0
midog,all,cross_arch,45,densenet121,resnet50,0.0
midog,all,cross_arch,45,densenet121,convnext_tiny,0.0
midog,all,cross_arch,45,densenet121,mobilenet_v3_large,0.0
midog,all,cross_arch,45,densenet121,regnet_y_3_2gf,0.0
midog,all,cross_arch,45,densenet121,effb3,0.0
midog,all,cross_arch,45,densenet121,efficientnet_v2_s,0.0
midog,all,cross_arch,45,convnext_tiny,resnet18,0.0
midog,all,cross_arch,45,convnext_tiny,resnet50,0.0
midog,all,cross_arch,45,convnext_tiny,densenet121,0.0
midog,all,cross_arch,45,convnext_tiny,mobilenet_v3_large,0.0
midog,all,cross_arch,45,convnext_tiny,regnet_y_3_2gf,0.0
midog,all,cross_arch,45,convnext_tiny,effb3,0.0
midog,all,cross_arch,45,convnext_tiny,efficientnet_v2_s,0.0
midog,all,cross_arch,45,mobilenet_v3_large,resnet18,0.0
midog,all,cross_arch,45,mobilenet_v3_large,resnet50,0.0
midog,all,cross_arch,45,mobilenet_v3_large,densenet121,0.0
midog,all,cross_arch,45,mobilenet_v3_large,convnext_tiny,0.0
midog,all,cross_arch,45,mobilenet_v3_large,regnet_y_3_2gf,0.0
midog,all,cross_arch,45,mobilenet_v3_large,effb3,0.0
midog,all,cross_arch,45,mobilenet_v3_large,efficientnet_v2_s,0.0
midog,all,cross_arch,45,regnet_y_3_2gf,resnet18,0.0
midog,all,cross_arch,45,regnet_y_3_2gf,resnet50,0.0
midog,all,cross_arch,45,regnet_y_3_2gf,densenet121,0.0
midog,all,cross_arch,45,regnet_y_3_2gf,convnext_tiny,0.0
midog,all,cross_arch,45,regnet_y_3_2gf,mobilenet_v3_large,0.0
midog,all,cross_arch,45,regnet_y_3_2gf,effb3,0.0
midog,all,cross_arch,45,regnet_y_3_2gf,efficientnet_v2_s,0.0
midog,all,cross_arch,45,effb3,resnet18,0.0
midog,all,cross_arch,45,effb3,resnet50,0.0
midog,all,cross_arch,45,effb3,densenet121,0.0
midog,all,cross_arch,45,effb3,convnext_tiny,0.0
midog,all,cross_arch,45,effb3,mobilenet_v3_large,0.0
midog,all,cross_arch,45,effb3,regnet_y_3_2gf,0.0
midog,all,cross_arch,45,effb3,efficientnet_v2_s,0.0
midog,all,cross_arch,45,efficientnet_v2_s,resnet18,0.0
midog,all,cross_arch,45,efficientnet_v2_s,resnet50,0.0
midog,all,cross_arch,45,efficientnet_v2_s,densenet121,0.0
midog,all,cross_arch,45,efficientnet_v2_s,convnext_tiny,0.0
midog,all,cross_arch,45,efficientnet_v2_s,mobilenet_v3_large,0.0
midog,all,cross_arch,45,efficientnet_v2_s,regnet_y_3_2gf,0.0
midog,all,cross_arch,45,efficientnet_v2_s,effb3,0.0
midog,all,cross_arch,46,resnet18,resnet50,0.0
midog,all,cross_arch,46,resnet18,densenet121,0.0
midog,all,cross_arch,46,resnet18,convnext_tiny,0.0
midog,all,cross_arch,46,resnet18,mobilenet_v3_large,0.0
midog,all,cross_arch,46,resnet18,regnet_y_3_2gf,0.0
midog,all,cross_arch,46,resnet18,effb3,0.0
midog,all,cross_arch,46,resnet18,efficientnet_v2_s,0.0
midog,all,cross_arch,46,resnet50,resnet18,0.0
midog,all,cross_arch,46,resnet50,densenet121,0.0
midog,all,cross_arch,46,resnet50,convnext_tiny,0.0
midog,all,cross_arch,46,resnet50,mobilenet_v3_large,0.0
midog,all,cross_arch,46,resnet50,regnet_y_3_2gf,0.0
midog,all,cross_arch,46,resnet50,effb3,0.0
midog,all,cross_arch,46,resnet50,efficientnet_v2_s,0.0
midog,all,cross_arch,46,densenet121,resnet18,0.0
midog,all,cross_arch,46,densenet121,resnet50,0.0
midog,all,cross_arch,46,densenet121,convnext_tiny,0.0
midog,all,cross_arch,46,densenet121,mobilenet_v3_large,0.0
midog,all,cross_arch,46,densenet121,regnet_y_3_2gf,0.0
midog,all,cross_arch,46,densenet121,effb3,0.0
midog,all,cross_arch,46,densenet121,efficientnet_v2_s,0.0
midog,all,cross_arch,46,convnext_tiny,resnet18,0.0
midog,all,cross_arch,46,convnext_tiny,resnet50,0.0
midog,all,cross_arch,46,convnext_tiny,densenet121,0.0
midog,all,cross_arch,46,convnext_tiny,mobilenet_v3_large,0.0
midog,all,cross_arch,46,convnext_tiny,regnet_y_3_2gf,0.0
midog,all,cross_arch,46,convnext_tiny,effb3,0.0
midog,all,cross_arch,46,convnext_tiny,efficientnet_v2_s,0.0
midog,all,cross_arch,46,mobilenet_v3_large,resnet18,0.0
midog,all,cross_arch,46,mobilenet_v3_large,resnet50,0.0
midog,all,cross_arch,46,mobilenet_v3_large,densenet121,0.0
midog,all,cross_arch,46,mobilenet_v3_large,convnext_tiny,0.0
midog,all,cross_arch,46,mobilenet_v3_large,regnet_y_3_2gf,0.0
midog,all,cross_arch,46,mobilenet_v3_large,effb3,0.0
midog,all,cross_arch,46,mobilenet_v3_large,efficientnet_v2_s,0.0
midog,all,cross_arch,46,regnet_y_3_2gf,resnet18,0.0
midog,all,cross_arch,46,regnet_y_3_2gf,resnet50,0.0
midog,all,cross_arch,46,regnet_y_3_2gf,densenet121,0.0
midog,all,cross_arch,46,regnet_y_3_2gf,convnext_tiny,0.0
midog,all,cross_arch,46,regnet_y_3_2gf,mobilenet_v3_large,0.0
midog,all,cross_arch,46,regnet_y_3_2gf,effb3,0.0
midog,all,cross_arch,46,regnet_y_3_2gf,efficientnet_v2_s,0.0
midog,all,cross_arch,46,effb3,resnet18,0.0
midog,all,cross_arch,46,effb3,resnet50,0.0
midog,all,cross_arch,46,effb3,densenet121,0.0
midog,all,cross_arch,46,effb3,convnext_tiny,0.0
midog,all,cross_arch,46,effb3,mobilenet_v3_large,0.0
midog,all,cross_arch,46,effb3,regnet_y_3_2gf,0.0
midog,all,cross_arch,46,effb3,efficientnet_v2_s,0.0
midog,all,cross_arch,46,efficientnet_v2_s,resnet18,0.0
midog,all,cross_arch,46,efficientnet_v2_s,resnet50,0.0
midog,all,cross_arch,46,efficientnet_v2_s,densenet121,0.0
midog,all,cross_arch,46,efficientnet_v2_s,convnext_tiny,0.0
midog,all,cross_arch,46,efficientnet_v2_s,mobilenet_v3_large,0.0
midog,all,cross_arch,46,efficientnet_v2_s,regnet_y_3_2gf,0.0
midog,all,cross_arch,46,efficientnet_v2_s,effb3,0.0
midog,all,cross_seed,43,resnet18@42,resnet18@43,0.0
midog,all,cross_seed,44,resnet18@42,resnet18@44,0.0
midog,all,cross_seed,45,resnet18@42,resnet18@45,0.0
midog,all,cross_seed,46,resnet18@42,resnet18@46,0.0
midog,all,cross_seed,42,resnet18@43,resnet18@42,0.0
midog,all,cross_seed,44,resnet18@43,resnet18@44,0.0
midog,all,cross_seed,45,resnet18@43,resnet18@45,0.0
midog,all,cross_seed,46,resnet18@43,resnet18@46,0.0
midog,all,cross_seed,42,resnet18@44,resnet18@42,0.0
midog,all,cross_seed,43,resnet18@44,resnet18@43,0.0
midog,all,cross_seed,45,resnet18@44,resnet18@45,0.0
midog,all,cross_seed,46,resnet18@44,resnet18@46,0.0
midog,all,cross_seed,42,resnet18@45,resnet18@42,0.0
midog,all,cross_seed,43,resnet18@45,resnet18@43,0.0
midog,all,cross_seed,44,resnet18@45,resnet18@44,0.0
midog,all,cross_seed,46,resnet18@45,resnet18@46,0.0
midog,all,cross_seed,42,resnet18@46,resnet18@42,0.0
midog,all,cross_seed,43,resnet18@46,resnet18@43,0.0
midog,all,cross_seed,44,resnet18@46,resnet18@44,0.0
midog,all,cross_seed,45,resnet18@46,resnet18@45,0.0
midog,all,cross_seed,43,resnet50@42,resnet50@43,0.0
midog,all,cross_seed,44,resnet50@42,resnet50@44,0.0
midog,all,cross_seed,45,resnet50@42,resnet50@45,0.0
midog,all,cross_seed,46,resnet50@42,resnet50@46,0.0
midog,all,cross_seed,42,resnet50@43,resnet50@42,0.0
midog,all,cross_seed,44,resnet50@43,resnet50@44,0.0
midog,all,cross_seed,45,resnet50@43,resnet50@45,0.0
midog,all,cross_seed,46,resnet50@43,resnet50@46,0.0
midog,all,cross_seed,42,resnet50@44,resnet50@42,0.0
midog,all,cross_seed,43,resnet50@44,resnet50@43,0.0
midog,all,cross_seed,45,resnet50@44,resnet50@45,0.0
midog,all,cross_seed,46,resnet50@44,resnet50@46,0.0
midog,all,cross_seed,42,resnet50@45,resnet50@42,0.0
midog,all,cross_seed,43,resnet50@45,resnet50@43,0.0
midog,all,cross_seed,44,resnet50@45,resnet50@44,0.0
midog,all,cross_seed,46,resnet50@45,resnet50@46,0.0
midog,all,cross_seed,42,resnet50@46,resnet50@42,0.0
midog,all,cross_seed,43,resnet50@46,resnet50@43,0.0
midog,all,cross_seed,44,resnet50@46,resnet50@44,0.0
midog,all,cross_seed,45,resnet50@46,resnet50@45,0.0
midog,all,cross_seed,43,densenet121@42,densenet121@43,0.0
midog,all,cross_seed,44,densenet121@42,densenet121@44,0.0
midog,all,cross_seed,45,densenet121@42,densenet121@45,0.0
midog,all,cross_seed,46,densenet121@42,densenet121@46,0.0
midog,all,cross_seed,42,densenet121@43,densenet121@42,0.0
midog,all,cross_seed,44,densenet121@43,densenet121@44,0.0
midog,all,cross_seed,45,densenet121@43,densenet121@45,0.0
midog,all,cross_seed,46,densenet121@43,densenet121@46,0.0
midog,all,cross_seed,42,densenet121@44,densenet121@42,0.0
midog,all,cross_seed,43,densenet121@44,densenet121@43,0.0
midog,all,cross_seed,45,densenet121@44,densenet121@45,0.0
midog,all,cross_seed,46,densenet121@44,densenet121@46,0.0
midog,all,cross_seed,42,densenet121@45,densenet121@42,0.0
midog,all,cross_seed,43,densenet121@45,densenet121@43,0.0
midog,all,cross_seed,44,densenet121@45,densenet121@44,0.0
midog,all,cross_seed,46,densenet121@45,densenet121@46,0.0
midog,all,cross_seed,42,densenet121@46,densenet121@42,0.0
midog,all,cross_seed,43,densenet121@46,densenet121@43,0.0
midog,all,cross_seed,44,densenet121@46,densenet121@44,0.0
midog,all,cross_seed,45,densenet121@46,densenet121@45,0.0
midog,all,cross_seed,43,convnext_tiny@42,convnext_tiny@43,0.0
midog,all,cross_seed,44,convnext_tiny@42,convnext_tiny@44,0.0
midog,all,cross_seed,45,convnext_tiny@42,convnext_tiny@45,0.0
midog,all,cross_seed,46,convnext_tiny@42,convnext_tiny@46,0.0
midog,all,cross_seed,42,convnext_tiny@43,convnext_tiny@42,0.0
midog,all,cross_seed,44,convnext_tiny@43,convnext_tiny@44,0.0
midog,all,cross_seed,45,convnext_tiny@43,convnext_tiny@45,0.0
midog,all,cross_seed,46,convnext_tiny@43,convnext_tiny@46,0.0
midog,all,cross_seed,42,convnext_tiny@44,convnext_tiny@42,0.0
midog,all,cross_seed,43,convnext_tiny@44,convnext_tiny@43,0.0
midog,all,cross_seed,45,convnext_tiny@44,convnext_tiny@45,0.0
midog,all,cross_seed,46,convnext_tiny@44,convnext_tiny@46,0.0
midog,all,cross_seed,42,convnext_tiny@45,convnext_tiny@42,0.0
midog,all,cross_seed,43,convnext_tiny@45,convnext_tiny@43,0.0
midog,all,cross_seed,44,convnext_tiny@45,convnext_tiny@44,0.0
midog,all,cross_seed,46,convnext_tiny@45,convnext_tiny@46,0.0
midog,all,cross_seed,42,convnext_tiny@46,convnext_tiny@42,0.0
midog,all,cross_seed,43,convnext_tiny@46,convnext_tiny@43,0.0
midog,all,cross_seed,44,convnext_tiny@46,convnext_tiny@44,0.0
midog,all,cross_seed,45,convnext_tiny@46,convnext_tiny@45,0.0
midog,all,cross_seed,43,mobilenet_v3_large@42,mobilenet_v3_large@43,0.0
midog,all,cross_seed,44,mobilenet_v3_large@42,mobilenet_v3_large@44,0.0
midog,all,cross_seed,45,mobilenet_v3_large@42,mobilenet_v3_large@45,0.0
midog,all,cross_seed,46,mobilenet_v3_large@42,mobilenet_v3_large@46,0.0
midog,all,cross_seed,42,mobilenet_v3_large@43,mobilenet_v3_large@42,0.0
midog,all,cross_seed,44,mobilenet_v3_large@43,mobilenet_v3_large@44,0.0
midog,all,cross_seed,45,mobilenet_v3_large@43,mobilenet_v3_large@45,0.0
midog,all,cross_seed,46,mobilenet_v3_large@43,mobilenet_v3_large@46,0.0
midog,all,cross_seed,42,mobilenet_v3_large@44,mobilenet_v3_large@42,0.0
midog,all,cross_seed,43,mobilenet_v3_large@44,mobilenet_v3_large@43,0.0
midog,all,cross_seed,45,mobilenet_v3_large@44,mobilenet_v3_large@45,0.0
midog,all,cross_seed,46,mobilenet_v3_large@44,mobilenet_v3_large@46,0.0
midog,all,cross_seed,42,mobilenet_v3_large@45,mobilenet_v3_large@42,0.0
midog,all,cross_seed,43,mobilenet_v3_large@45,mobilenet_v3_large@43,0.0
midog,all,cross_seed,44,mobilenet_v3_large@45,mobilenet_v3_large@44,0.0
midog,all,cross_seed,46,mobilenet_v3_large@45,mobilenet_v3_large@46,0.0
midog,all,cross_seed,42,mobilenet_v3_large@46,mobilenet_v3_large@42,0.0
midog,all,cross_seed,43,mobilenet_v3_large@46,mobilenet_v3_large@43,0.0
midog,all,cross_seed,44,mobilenet_v3_large@46,mobilenet_v3_large@44,0.0
midog,all,cross_seed,45,mobilenet_v3_large@46,mobilenet_v3_large@45,0.0
midog,all,cross_seed,43,regnet_y_3_2gf@42,regnet_y_3_2gf@43,0.0
midog,all,cross_seed,44,regnet_y_3_2gf@42,regnet_y_3_2gf@44,0.0
midog,all,cross_seed,45,regnet_y_3_2gf@42,regnet_y_3_2gf@45,0.0
midog,all,cross_seed,46,regnet_y_3_2gf@42,regnet_y_3_2gf@46,0.0
midog,all,cross_seed,42,regnet_y_3_2gf@43,regnet_y_3_2gf@42,0.0
midog,all,cross_seed,44,regnet_y_3_2gf@43,regnet_y_3_2gf@44,0.0
midog,all,cross_seed,45,regnet_y_3_2gf@43,regnet_y_3_2gf@45,0.0
midog,all,cross_seed,46,regnet_y_3_2gf@43,regnet_y_3_2gf@46,0.0
midog,all,cross_seed,42,regnet_y_3_2gf@44,regnet_y_3_2gf@42,0.0
midog,all,cross_seed,43,regnet_y_3_2gf@44,regnet_y_3_2gf@43,0.0
midog,all,cross_seed,45,regnet_y_3_2gf@44,regnet_y_3_2gf@45,0.0
midog,all,cross_seed,46,regnet_y_3_2gf@44,regnet_y_3_2gf@46,0.0
midog,all,cross_seed,42,regnet_y_3_2gf@45,regnet_y_3_2gf@42,0.0
midog,all,cross_seed,43,regnet_y_3_2gf@45,regnet_y_3_2gf@43,0.0
midog,all,cross_seed,44,regnet_y_3_2gf@45,regnet_y_3_2gf@44,0.0
midog,all,cross_seed,46,regnet_y_3_2gf@45,regnet_y_3_2gf@46,0.0
midog,all,cross_seed,42,regnet_y_3_2gf@46,regnet_y_3_2gf@42,0.0
midog,all,cross_seed,43,regnet_y_3_2gf@46,regnet_y_3_2gf@43,0.0
midog,all,cross_seed,44,regnet_y_3_2gf@46,regnet_y_3_2gf@44,0.0
midog,all,cross_seed,45,regnet_y_3_2gf@46,regnet_y_3_2gf@45,0.0
midog,all,cross_seed,43,effb3@42,effb3@43,0.0
midog,all,cross_seed,44,effb3@42,effb3@44,0.0
midog,all,cross_seed,45,effb3@42,effb3@45,0.0
midog,all,cross_seed,46,effb3@42,effb3@46,0.0
midog,all,cross_seed,42,effb3@43,effb3@42,0.0
midog,all,cross_seed,44,effb3@43,effb3@44,0.0
midog,all,cross_seed,45,effb3@43,effb3@45,0.0
midog,all,cross_seed,46,effb3@43,effb3@46,0.0
midog,all,cross_seed,42,effb3@44,effb3@42,0.0
midog,all,cross_seed,43,effb3@44,effb3@43,0.0
midog,all,cross_seed,45,effb3@44,effb3@45,0.0
midog,all,cross_seed,46,effb3@44,effb3@46,0.0
midog,all,cross_seed,42,effb3@45,effb3@42,0.0
midog,all,cross_seed,43,effb3@45,effb3@43,0.0
midog,all,cross_seed,44,effb3@45,effb3@44,0.0
midog,all,cross_seed,46,effb3@45,effb3@46,0.0
midog,all,cross_seed,42,effb3@46,effb3@42,0.0
midog,all,cross_seed,43,effb3@46,effb3@43,0.0
midog,all,cross_seed,44,effb3@46,effb3@44,0.0
midog,all,cross_seed,45,effb3@46,effb3@45,0.0
midog,all,cross_seed,43,efficientnet_v2_s@42,efficientnet_v2_s@43,0.0
midog,all,cross_seed,44,efficientnet_v2_s@42,efficientnet_v2_s@44,0.0
midog,all,cross_seed,45,efficientnet_v2_s@42,efficientnet_v2_s@45,0.0
midog,all,cross_seed,46,efficientnet_v2_s@42,efficientnet_v2_s@46,0.0
midog,all,cross_seed,42,efficientnet_v2_s@43,efficientnet_v2_s@42,0.0
midog,all,cross_seed,44,efficientnet_v2_s@43,efficientnet_v2_s@44,0.0
midog,all,cross_seed,45,efficientnet_v2_s@43,efficientnet_v2_s@45,0.0
midog,all,cross_seed,46,efficientnet_v2_s@43,efficientnet_v2_s@46,0.0
midog,all,cross_seed,42,efficientnet_v2_s@44,efficientnet_v2_s@42,0.0
midog,all,cross_seed,43,efficientnet_v2_s@44,efficientnet_v2_s@43,0.0
midog,all,cross_seed,45,efficientnet_v2_s@44,efficientnet_v2_s@45,0.0
midog,all,cross_seed,46,efficientnet_v2_s@44,efficientnet_v2_s@46,0.0
midog,all,cross_seed,42,efficientnet_v2_s@45,efficientnet_v2_s@42,0.0
midog,all,cross_seed,43,efficientnet_v2_s@45,efficientnet_v2_s@43,0.0
midog,all,cross_seed,44,efficientnet_v2_s@45,efficientnet_v2_s@44,0.0
midog,all,cross_seed,46,efficientnet_v2_s@45,efficientnet_v2_s@46,0.0
midog,all,cross_seed,42,efficientnet_v2_s@46,efficientnet_v2_s@42,0.0
midog,all,cross_seed,43,efficientnet_v2_s@46,efficientnet_v2_s@43,0.0
midog,all,cross_seed,44,efficientnet_v2_s@46,efficientnet_v2_s@44,0.0
midog,all,cross_seed,45,efficientnet_v2_s@46,efficientnet_v2_s@45,0.0
