arch,seed,repeat,threads,method,published_auroc,old_auroc,old_fpr95,old_aupr_in,old_aupr_out,stable_auroc,stable_fpr95,stable_aupr_in,stable_aupr_out,old_neg_d2,stable_neg_d2,old_precision_n_neg_eig,stable_precision_n_neg_eig,vim_dim_old,vim_dim_stable,feat_dim
convnext_tiny,42,0,1,mahalanobis,0.9283402419476732,0.9283401699538676,0.49435652644202505,0.9023824188628948,0.9546787848352024,0.9283411458115103,0.49427422578597124,0.9023844256264503,0.9546789732636682,0.0,0.0,0.0,0.0,,,768
convnext_tiny,42,1,4,mahalanobis,0.9283402419476732,0.9283403244515235,0.49435652644202505,0.9023825835481472,0.9546788332103794,0.9283411458115103,0.49427422578597124,0.9023844256264503,0.9546789732636682,0.0,0.0,0.0,0.0,,,768
convnext_tiny,42,2,8,mahalanobis,0.9283402419476732,0.9283402419476733,0.49435652644202505,0.9023823533807622,0.9546788179416166,0.9283411458115103,0.49427422578597124,0.9023844256264503,0.9546789732636682,0.0,0.0,0.0,0.0,,,768
convnext_tiny,42,0,1,vim,0.8122697021506606,0.8122697018003258,0.535236438027606,0.638962367173814,0.9208938814572745,0.8995779511161288,0.40292049756625203,0.8219498305253434,0.9574321493642518,,,,,766.0,3.0,768
convnext_tiny,42,1,4,vim,0.8122697021506606,0.8122697023258281,0.535236438027606,0.6389623719070291,0.9208938808861461,0.8995779511161288,0.40292049756625203,0.8219498305253434,0.9574321493642518,,,,,766.0,3.0,768
convnext_tiny,42,2,8,vim,0.8122697021506606,0.8122697021506606,0.535236438027606,0.638962371907029,0.9208938808619664,0.8995779511161288,0.40292049756625203,0.8219498305253434,0.9574321493642518,,,,,766.0,3.0,768
convnext_tiny,43,0,1,mahalanobis,0.90594929238392,0.9059495316626025,0.43132598114139253,0.8369655488082276,0.9521931810705586,0.9059470568974297,0.43134949561455077,0.8369613151414098,0.9521922367998148,0.0,0.0,0.0,0.0,,,768
convnext_tiny,43,1,4,mahalanobis,0.90594929238392,0.9059494631721451,0.4313377383779716,0.8369654646937179,0.9521931349862095,0.9059470568974297,0.43134949561455077,0.8369613151414098,0.9521922367998148,0.0,0.0,0.0,0.0,,,768
convnext_tiny,43,2,8,mahalanobis,0.90594929238392,0.90594929238392,0.4313142239048134,0.8369650330459589,0.9521930644983221,0.9059470568974297,0.43134949561455077,0.8369613151414098,0.9521922367998148,0.0,0.0,0.0,0.0,,,768
convnext_tiny,43,0,1,vim,0.759771014539932,0.7597710148902669,0.6941942765772333,0.5400415721986641,0.8862259980041971,0.8708313868146811,0.4773908340583629,0.7626119997940306,0.9428348760061677,,,,,766.0,4.0,768
convnext_tiny,43,1,4,vim,0.759771014539932,0.7597710150654342,0.6941942765772333,0.5400415743946104,0.8862259974290981,0.8708313868146811,0.4773908340583629,0.7626119997940306,0.9428348760061677,,,,,766.0,4.0,768
convnext_tiny,43,2,8,vim,0.759771014539932,0.759771014539932,0.6941942765772333,0.5400415752710939,0.8862259972343154,0.8708313868146811,0.4773908340583629,0.7626119997940306,0.9428348760061677,,,,,766.0,4.0,768
convnext_tiny,44,0,1,mahalanobis,0.9024934674467344,0.9024937102287649,0.533496367013897,0.8544236452398075,0.9435269110470853,0.9024946086624124,0.5336139393796882,0.854424829770712,0.9435278149889543,0.0,0.0,0.0,0.0,,,768
convnext_tiny,44,1,4,mahalanobis,0.9024934674467344,0.9024937046234078,0.533496367013897,0.8544236093114966,0.9435269523794316,0.9024946086624124,0.5336139393796882,0.854424829770712,0.9435278149889543,0.0,0.0,0.0,0.0,,,768
convnext_tiny,44,2,8,mahalanobis,0.9024934674467344,0.9024934674467344,0.533496367013897,0.8544230425985646,0.9435268632797424,0.9024946086624124,0.5336139393796882,0.854424829770712,0.9435278149889543,0.0,0.0,0.0,0.0,,,768
convnext_tiny,44,0,1,vim,0.7532883647177746,0.753288386613701,0.7249747219413549,0.5245420761544237,0.880979403885805,0.9010870167793283,0.38001740071013707,0.8172576505037696,0.9586078405239906,,,,,766.0,4.0,768
convnext_tiny,44,1,4,vim,0.7532883647177746,0.7532883601634219,0.7249747219413549,0.5245420314110119,0.8809793940266036,0.9010870167793283,0.38001740071013707,0.8172576505037699,0.9586078405229712,,,,,766.0,4.0,768
convnext_tiny,44,2,8,vim,0.7532883647177746,0.7532883647177746,0.7249747219413549,0.5245420313108333,0.8809793943784128,0.9010870167793283,0.38001740071013707,0.8172576505037696,0.9586078405239906,,,,,766.0,4.0,768
convnext_tiny,45,0,1,mahalanobis,0.9064141637439168,0.9064140134502786,0.4566628259693842,0.8505279415417055,0.950789324379022,0.9064154048050187,0.45667458320596327,0.8505309644557221,0.950789638772974,0.0,0.0,0.0,0.0,,,768
convnext_tiny,45,1,4,mahalanobis,0.9064141637439168,0.9064141097923544,0.4566628259693842,0.8505280908650292,0.9507893631905917,0.9064154048050187,0.45667458320596327,0.8505309644557221,0.950789638772974,0.0,0.0,0.0,0.0,,,768
convnext_tiny,45,2,8,mahalanobis,0.9064141637439168,0.9064141637439167,0.4566628259693842,0.8505282306876423,0.9507893714885114,0.9064154048050187,0.45667458320596327,0.8505309644557221,0.950789638772974,0.0,0.0,0.0,0.0,,,768
convnext_tiny,45,0,1,vim,0.7719671751057233,0.7719671852654332,0.7089848801937593,0.5616314443442365,0.8900691929560249,0.8542510760463947,0.4306675758929621,0.7220640632630867,0.9399323388561158,,,,,766.0,4.0,768
convnext_tiny,45,1,4,vim,0.7719671751057233,0.7719671817620849,0.7089848801937593,0.5616314332232178,0.890069193212944,0.8542510760463947,0.4306675758929621,0.7220640632630867,0.9399323388549284,,,,,766.0,4.0,768
convnext_tiny,45,2,8,vim,0.7719671751057233,0.7719671751057233,0.7089848801937593,0.5616314359679946,0.8900691892033319,0.854251076221562,0.4306675758929621,0.7220640638601471,0.9399323389677442,,,,,766.0,4.0,768
convnext_tiny,46,0,1,mahalanobis,0.8991967840286446,0.8991969590208876,0.4830225503797587,0.8360506033247664,0.9446237974443235,0.8991942342918204,0.4830695793260752,0.8360466253980923,0.9446220131771339,0.0,0.0,0.0,0.0,,,768
convnext_tiny,46,1,4,mahalanobis,0.8991967840286446,0.8991968964861221,0.4830225503797587,0.8360503557676969,0.9446237919529887,0.8991942342918204,0.4830695793260752,0.8360466253980923,0.9446220131771339,0.0,0.0,0.0,0.0,,,768
convnext_tiny,46,2,8,mahalanobis,0.8991967840286446,0.8991967840286446,0.48303430761633787,0.8360501838687596,0.9446237165122406,0.8991942342918204,0.4830695793260752,0.8360466253980923,0.9446220131771339,0.0,0.0,0.0,0.0,,,768
convnext_tiny,46,0,1,vim,0.8163656292687421,0.8163656229627154,0.5950807722152985,0.6541113296162396,0.9167350732054894,0.8712180429481342,0.4311261081195476,0.7615117508423249,0.9457603871615775,,,,,766.0,4.0,768
convnext_tiny,46,1,4,vim,0.8163656292687421,0.8163656292687421,0.5950807722152985,0.6541113767496671,0.9167350774119793,0.8712180429481342,0.4311261081195476,0.7615117508423249,0.9457603871615775,,,,,766.0,4.0,768
convnext_tiny,46,2,8,vim,0.8163656292687421,0.8163656292687421,0.5950807722152985,0.6541113767496671,0.9167350774119793,0.8712180429481342,0.4311261081195476,0.7615117508423249,0.9457603871615775,,,,,766.0,4.0,768
densenet121,42,0,1,mahalanobis,0.9883077363415452,0.988306967356614,0.06401815317327815,0.9729232746801424,0.995375357240986,0.9883449249082537,0.06380652291485409,0.9730165345899245,0.9953899868919452,0.0,0.0,0.0,0.0,,,1024
densenet121,42,1,4,mahalanobis,0.9883077363415452,0.988308125038029,0.06400639593669903,0.9729264201846031,0.995375781067842,0.9883449249082537,0.06380652291485409,0.9730165345899245,0.9953899868919452,0.0,0.0,0.0,0.0,,,1024
densenet121,42,2,8,mahalanobis,0.9883077363415452,0.9883077363415453,0.06407693935617373,0.9729253401320312,0.9953756232739416,0.9883449249082537,0.06380652291485409,0.9730165345899245,0.9953899868919452,0.0,0.0,0.0,0.0,,,1024
densenet121,42,3,1,mahalanobis,0.9883077363415452,0.988306967356614,0.06401815317327815,0.9729232746801424,0.995375357240986,0.9883449249082537,0.06380652291485409,0.9730165345899245,0.9953899868919452,0.0,0.0,0.0,0.0,,,1024
densenet121,42,4,4,mahalanobis,0.9883077363415452,0.988308125038029,0.06400639593669903,0.9729264201846031,0.995375781067842,0.9883449249082537,0.06380652291485409,0.9730165345899245,0.9953899868919452,0.0,0.0,0.0,0.0,,,1024
densenet121,42,5,8,mahalanobis,0.9883077363415452,0.9883077363415453,0.06407693935617373,0.9729253401320312,0.9953756232739416,0.9883449249082537,0.06380652291485409,0.9730165345899245,0.9953899868919452,0.0,0.0,0.0,0.0,,,1024
densenet121,42,6,1,mahalanobis,0.9883077363415452,0.988306967356614,0.06401815317327815,0.9729232746801424,0.995375357240986,0.9883449249082537,0.06380652291485409,0.9730165345899245,0.9953899868919452,0.0,0.0,0.0,0.0,,,1024
densenet121,42,7,4,mahalanobis,0.9883077363415452,0.988308125038029,0.06400639593669903,0.9729264201846031,0.995375781067842,0.9883449249082537,0.06380652291485409,0.9730165345899245,0.9953899868919452,0.0,0.0,0.0,0.0,,,1024
densenet121,42,8,8,mahalanobis,0.9883077363415452,0.9883077363415453,0.06407693935617373,0.9729253401320312,0.9953756232739416,0.9883449249082537,0.06380652291485409,0.9730165345899245,0.9953899868919452,0.0,0.0,0.0,0.0,,,1024
densenet121,42,9,1,mahalanobis,0.9883077363415452,0.988306967356614,0.06401815317327815,0.9729232746801424,0.995375357240986,0.9883449249082537,0.06380652291485409,0.9730165345899245,0.9953899868919452,0.0,0.0,0.0,0.0,,,1024
densenet121,42,0,1,vim,0.8794941640945317,0.8541829692055973,0.46957227173325183,0.7025581439269315,0.9390313034704822,0.9052915182636687,0.46495167775765983,0.8488106127093102,0.9445924521183966,,,,,1022.0,4.0,1024
densenet121,42,1,4,vim,0.8794941640945317,0.9042038594957819,0.3810873092388365,0.7975434547041373,0.9597895077122597,0.9052915182636687,0.46495167775765983,0.8488106127093102,0.9445924521183966,,,,,1022.0,4.0,1024
densenet121,42,2,8,vim,0.8794941640945317,0.8794941640945317,0.4685846638606062,0.7638148170615815,0.9471201298400254,0.9052915182636687,0.46495167775765983,0.8488106127093102,0.9445924521183966,,,,,1022.0,4.0,1024
densenet121,42,3,1,vim,0.8794941640945317,0.8541829692055973,0.46957227173325183,0.7025581439269315,0.9390313034704822,0.9052915182636687,0.46495167775765983,0.8488106127093102,0.9445924521183966,,,,,1022.0,4.0,1024
densenet121,42,4,4,vim,0.8794941640945317,0.9042038594957819,0.3810873092388365,0.7975434547041373,0.9597895077122597,0.9052915182636687,0.46495167775765983,0.8488106127093102,0.9445924521183966,,,,,1022.0,4.0,1024
densenet121,42,5,8,vim,0.8794941640945317,0.8794941640945317,0.4685846638606062,0.7638148170615815,0.9471201298400254,0.9052915182636687,0.46495167775765983,0.8488106127093102,0.9445924521183966,,,,,1022.0,4.0,1024
densenet121,42,6,1,vim,0.8794941640945317,0.8541829692055973,0.46957227173325183,0.7025581439269315,0.9390313034704822,0.9052915182636687,0.46495167775765983,0.8488106127093102,0.9445924521183966,,,,,1022.0,4.0,1024
densenet121,42,7,4,vim,0.8794941640945317,0.9042038594957819,0.3810873092388365,0.7975434547041373,0.9597895077122597,0.9052915182636687,0.46495167775765983,0.8488106127093102,0.9445924521183966,,,,,1022.0,4.0,1024
densenet121,42,8,8,vim,0.8794941640945317,0.8794941640945317,0.4685846638606062,0.7638148170615815,0.9471201298400254,0.9052915182636687,0.46495167775765983,0.8488106127093102,0.9445924521183966,,,,,1022.0,4.0,1024
densenet121,42,9,1,vim,0.8794941640945317,0.8541829692055973,0.46957227173325183,0.7025581439269315,0.9390313034704822,0.9052915182636687,0.46495167775765983,0.8488106127093102,0.9445924521183966,,,,,1022.0,4.0,1024
densenet121,43,0,1,mahalanobis,0.983463768008506,0.9834577229811767,0.09540997483951372,0.9654474389778346,0.9931524596394328,0.9834715499958759,0.09513955839819409,0.9654653551845906,0.9931590333982465,0.0,0.0,0.0,0.0,,,1024
densenet121,43,1,4,mahalanobis,0.983463768008506,0.9834558648052882,0.09539821760293461,0.9654438845649074,0.9931516734189968,0.9834715499958759,0.09513955839819409,0.9654653551845906,0.9931590333982465,0.0,0.0,0.0,0.0,,,1024
densenet121,43,2,8,mahalanobis,0.983463768008506,0.9834637680085061,0.09533943142003903,0.9654612146311286,0.9931548241862951,0.9834715499958759,0.09513955839819409,0.9654653551845906,0.9931590333982465,0.0,0.0,0.0,0.0,,,1024
densenet121,43,3,1,mahalanobis,0.983463768008506,0.9834577229811767,0.09540997483951372,0.9654474389778346,0.9931524596394328,0.9834715499958759,0.09513955839819409,0.9654653551845906,0.9931590333982465,0.0,0.0,0.0,0.0,,,1024
densenet121,43,4,4,mahalanobis,0.983463768008506,0.9834558648052882,0.09539821760293461,0.9654438845649074,0.9931516734189968,0.9834715499958759,0.09513955839819409,0.9654653551845906,0.9931590333982465,0.0,0.0,0.0,0.0,,,1024
densenet121,43,5,8,mahalanobis,0.983463768008506,0.9834637680085061,0.09533943142003903,0.9654612146311286,0.9931548241862951,0.9834715499958759,0.09513955839819409,0.9654653551845906,0.9931590333982465,0.0,0.0,0.0,0.0,,,1024
densenet121,43,6,1,mahalanobis,0.983463768008506,0.9834577229811767,0.09540997483951372,0.9654474389778346,0.9931524596394328,0.9834715499958759,0.09513955839819409,0.9654653551845906,0.9931590333982465,0.0,0.0,0.0,0.0,,,1024
densenet121,43,7,4,mahalanobis,0.983463768008506,0.9834558648052882,0.09539821760293461,0.9654438845649074,0.9931516734189968,0.9834715499958759,0.09513955839819409,0.9654653551845906,0.9931590333982465,0.0,0.0,0.0,0.0,,,1024
densenet121,43,8,8,mahalanobis,0.983463768008506,0.9834637680085061,0.09533943142003903,0.9654612146311286,0.9931548241862951,0.9834715499958759,0.09513955839819409,0.9654653551845906,0.9931590333982465,0.0,0.0,0.0,0.0,,,1024
densenet121,43,9,1,mahalanobis,0.983463768008506,0.9834577229811767,0.09540997483951372,0.9654474389778346,0.9931524596394328,0.9834715499958759,0.09513955839819409,0.9654653551845906,0.9931590333982465,0.0,0.0,0.0,0.0,,,1024
densenet121,43,0,1,vim,0.9324402902294168,0.8625168912182075,0.40563641921602744,0.6964600028418558,0.9460286208131089,0.9150374455022656,0.5250546711500929,0.8808553696963632,0.9413512009513874,,,,,1022.0,3.0,1024
densenet121,43,1,4,vim,0.9324402902294168,0.8668098636306296,0.41280833352928725,0.7027931045179563,0.9470496611306783,0.9150374455022657,0.5250546711500929,0.8808553696963632,0.94135120092355,,,,,1022.0,3.0,1024
densenet121,43,2,8,vim,0.9324402902294168,0.9324402902294169,0.26791214992828083,0.838373829205409,0.9732323030218198,0.9150374455022657,0.5250546711500929,0.8808553696963632,0.94135120092355,,,,,1022.0,3.0,1024
densenet121,43,3,1,vim,0.9324402902294168,0.8625168912182075,0.40563641921602744,0.6964600028418558,0.9460286208131089,0.9150374455022656,0.5250546711500929,0.8808553696963632,0.9413512009513874,,,,,1022.0,3.0,1024
densenet121,43,4,4,vim,0.9324402902294168,0.8668098636306296,0.41280833352928725,0.7027931045179563,0.9470496611306783,0.9150374455022657,0.5250546711500929,0.8808553696963632,0.94135120092355,,,,,1022.0,3.0,1024
densenet121,43,5,8,vim,0.9324402902294168,0.9324402902294169,0.26791214992828083,0.838373829205409,0.9732323030218198,0.9150374455022657,0.5250546711500929,0.8808553696963632,0.94135120092355,,,,,1022.0,3.0,1024
densenet121,43,6,1,vim,0.9324402902294168,0.8625168912182075,0.40563641921602744,0.6964600028418558,0.9460286208131089,0.9150374455022656,0.5250546711500929,0.8808553696963632,0.9413512009513874,,,,,1022.0,3.0,1024
densenet121,43,7,4,vim,0.9324402902294168,0.8668098636306296,0.41280833352928725,0.7027931045179563,0.9470496611306783,0.9150374455022657,0.5250546711500929,0.8808553696963632,0.94135120092355,,,,,1022.0,3.0,1024
densenet121,43,8,8,vim,0.9324402902294168,0.9324402902294169,0.26791214992828083,0.838373829205409,0.9732323030218198,0.9150374455022657,0.5250546711500929,0.8808553696963632,0.94135120092355,,,,,1022.0,3.0,1024
densenet121,43,9,1,vim,0.9324402902294168,0.8625168912182075,0.40563641921602744,0.6964600028418558,0.9460286208131089,0.9150374455022656,0.5250546711500929,0.8808553696963632,0.9413512009513874,,,,,1022.0,3.0,1024
densenet121,44,0,1,mahalanobis,0.9892733233935402,0.9892739292976127,0.061725492040350834,0.9776159103331028,0.9955548016100092,0.9892990216788028,0.061502104545347665,0.9776624827531273,0.9955658577598148,0.0,0.0,0.0,0.0,,,1024
densenet121,44,1,4,mahalanobis,0.9892733233935402,0.9892745437848879,0.06170197756719261,0.9776167935827522,0.9955551272255851,0.9892990216788028,0.061502104545347665,0.9776624827531273,0.9955658577598148,0.0,0.0,0.0,0.0,,,1024
densenet121,44,2,8,mahalanobis,0.9892733233935402,0.9892733233935402,0.06171373480377172,0.9776137237521186,0.9955546810783341,0.9892990216788028,0.061502104545347665,0.9776624827531273,0.9955658577598148,0.0,0.0,0.0,0.0,,,1024
densenet121,44,3,1,mahalanobis,0.9892733233935402,0.9892739292976127,0.061725492040350834,0.9776159103331028,0.9955548016100092,0.9892990216788028,0.061502104545347665,0.9776624827531273,0.9955658577598148,0.0,0.0,0.0,0.0,,,1024
densenet121,44,4,4,mahalanobis,0.9892733233935402,0.9892745437848879,0.06170197756719261,0.9776167935827522,0.9955551272255851,0.9892990216788028,0.061502104545347665,0.9776624827531273,0.9955658577598148,0.0,0.0,0.0,0.0,,,1024
densenet121,44,5,8,mahalanobis,0.9892733233935402,0.9892733233935402,0.06171373480377172,0.9776137237521186,0.9955546810783341,0.9892990216788028,0.061502104545347665,0.9776624827531273,0.9955658577598148,0.0,0.0,0.0,0.0,,,1024
densenet121,44,6,1,mahalanobis,0.9892733233935402,0.9892739292976127,0.061725492040350834,0.9776159103331028,0.9955548016100092,0.9892990216788028,0.061502104545347665,0.9776624827531273,0.9955658577598148,0.0,0.0,0.0,0.0,,,1024
densenet121,44,7,4,mahalanobis,0.9892733233935402,0.9892745437848879,0.06170197756719261,0.9776167935827522,0.9955551272255851,0.9892990216788028,0.061502104545347665,0.9776624827531273,0.9955658577598148,0.0,0.0,0.0,0.0,,,1024
densenet121,44,8,8,mahalanobis,0.9892733233935402,0.9892733233935402,0.06171373480377172,0.9776137237521186,0.9955546810783341,0.9892990216788028,0.061502104545347665,0.9776624827531273,0.9955658577598148,0.0,0.0,0.0,0.0,,,1024
densenet121,44,9,1,mahalanobis,0.9892733233935402,0.9892739292976127,0.061725492040350834,0.9776159103331028,0.9955548016100092,0.9892990216788028,0.061502104545347665,0.9776624827531273,0.9955658577598148,0.0,0.0,0.0,0.0,,,1024
densenet121,44,0,1,vim,0.8514989080554112,0.851344168143001,0.44930279587085853,0.6843239702801428,0.939907820896701,0.910456313941535,0.5572812566134456,0.8671102351406788,0.9434390234163963,,,,,1022.0,4.0,1024
densenet121,44,1,4,vim,0.8514989080554112,0.8534131338366178,0.44863263338584897,0.6943179256897248,0.9405209109230281,0.910456313941535,0.5572812566134456,0.8671102351406788,0.9434390234163963,,,,,1022.0,4.0,1024
densenet121,44,2,8,vim,0.8514989080554112,0.8514989080554112,0.44940861100007057,0.685191358892264,0.9399524763867612,0.910456313941535,0.5572812566134456,0.8671102351406788,0.9434390234163963,,,,,1022.0,4.0,1024
densenet121,44,3,1,vim,0.8514989080554112,0.851344168143001,0.44930279587085853,0.6843239702801428,0.939907820896701,0.910456313941535,0.5572812566134456,0.8671102351406788,0.9434390234163963,,,,,1022.0,4.0,1024
densenet121,44,4,4,vim,0.8514989080554112,0.8534131338366178,0.44863263338584897,0.6943179256897248,0.9405209109230281,0.910456313941535,0.5572812566134456,0.8671102351406788,0.9434390234163963,,,,,1022.0,4.0,1024
densenet121,44,5,8,vim,0.8514989080554112,0.8514989080554112,0.44940861100007057,0.685191358892264,0.9399524763867612,0.910456313941535,0.5572812566134456,0.8671102351406788,0.9434390234163963,,,,,1022.0,4.0,1024
densenet121,44,6,1,vim,0.8514989080554112,0.851344168143001,0.44930279587085853,0.6843239702801428,0.939907820896701,0.910456313941535,0.5572812566134456,0.8671102351406788,0.9434390234163963,,,,,1022.0,4.0,1024
densenet121,44,7,4,vim,0.8514989080554112,0.8534131338366178,0.44863263338584897,0.6943179256897248,0.9405209109230281,0.910456313941535,0.5572812566134456,0.8671102351406788,0.9434390234163963,,,,,1022.0,4.0,1024
densenet121,44,8,8,vim,0.8514989080554112,0.8514989080554112,0.44940861100007057,0.685191358892264,0.9399524763867612,0.910456313941535,0.5572812566134456,0.8671102351406788,0.9434390234163963,,,,,1022.0,4.0,1024
densenet121,44,9,1,vim,0.8514989080554112,0.851344168143001,0.44930279587085853,0.6843239702801428,0.939907820896701,0.910456313941535,0.5572812566134456,0.8671102351406788,0.9434390234163963,,,,,1022.0,4.0,1024
densenet121,45,0,1,mahalanobis,0.9882966790739378,0.9882899454635186,0.07109600959390505,0.9736966442941296,0.9953355992703122,0.9883375556153023,0.07106073788416771,0.9738116836949191,0.9953548376821539,0.0,0.0,0.0,0.0,,,1024
densenet121,45,1,4,mahalanobis,0.9882966790739378,0.9882934407540236,0.07109600959390505,0.9737042002099361,0.9953369458697574,0.9883375556153023,0.07106073788416771,0.9738116836949191,0.9953548376821539,0.0,0.0,0.0,0.0,,,1024
densenet121,45,2,8,mahalanobis,0.9882966790739378,0.9882966790739378,0.07109600959390505,0.9737100377326894,0.9953384170894308,0.9883375556153023,0.07106073788416771,0.9738116836949191,0.9953548376821539,0.0,0.0,0.0,0.0,,,1024
densenet121,45,3,1,mahalanobis,0.9882966790739378,0.9882899454635186,0.07109600959390505,0.9736966442941296,0.9953355992703122,0.9883375556153023,0.07106073788416771,0.9738116836949191,0.9953548376821539,0.0,0.0,0.0,0.0,,,1024
densenet121,45,4,4,mahalanobis,0.9882966790739378,0.9882934407540236,0.07109600959390505,0.9737042002099361,0.9953369458697574,0.9883375556153023,0.07106073788416771,0.9738116836949191,0.9953548376821539,0.0,0.0,0.0,0.0,,,1024
densenet121,45,5,8,mahalanobis,0.9882966790739378,0.9882966790739378,0.07109600959390505,0.9737100377326894,0.9953384170894308,0.9883375556153023,0.07106073788416771,0.9738116836949191,0.9953548376821539,0.0,0.0,0.0,0.0,,,1024
densenet121,45,6,1,mahalanobis,0.9882966790739378,0.9882899454635186,0.07109600959390505,0.9736966442941296,0.9953355992703122,0.9883375556153023,0.07106073788416771,0.9738116836949191,0.9953548376821539,0.0,0.0,0.0,0.0,,,1024
densenet121,45,7,4,mahalanobis,0.9882966790739378,0.9882934407540236,0.07109600959390505,0.9737042002099361,0.9953369458697574,0.9883375556153023,0.07106073788416771,0.9738116836949191,0.9953548376821539,0.0,0.0,0.0,0.0,,,1024
densenet121,45,8,8,mahalanobis,0.9882966790739378,0.9882966790739378,0.07109600959390505,0.9737100377326894,0.9953384170894308,0.9883375556153023,0.07106073788416771,0.9738116836949191,0.9953548376821539,0.0,0.0,0.0,0.0,,,1024
densenet121,45,9,1,mahalanobis,0.9882966790739378,0.9882899454635186,0.07109600959390505,0.9736966442941296,0.9953355992703122,0.9883375556153023,0.07106073788416771,0.9738116836949191,0.9953548376821539,0.0,0.0,0.0,0.0,,,1024
densenet121,45,0,1,vim,0.8283362968272585,0.8202445390298635,0.6302466668234298,0.6514814504760493,0.9135249435543724,0.9150062304945834,0.5160721424036494,0.8735069848541237,0.9522939354094219,,,,,1022.0,3.0,1024
densenet121,45,1,4,vim,0.8283362968272585,0.8302136302498477,0.611164671855527,0.6710948523248057,0.918670555165874,0.9150062304945834,0.5160721424036494,0.8735069848541237,0.9522939354094219,,,,,1022.0,3.0,1024
densenet121,45,2,8,vim,0.8283362968272585,0.8283362968272585,0.6108824981776283,0.6650794567390033,0.9180682864475661,0.9150062304945834,0.5160721424036494,0.8735069848541238,0.9522939354230346,,,,,1022.0,3.0,1024
densenet121,45,3,1,vim,0.8283362968272585,0.8202445390298635,0.6302466668234298,0.6514814504760493,0.9135249435543724,0.9150062304945834,0.5160721424036494,0.8735069848541237,0.9522939354094219,,,,,1022.0,3.0,1024
densenet121,45,4,4,vim,0.8283362968272585,0.8302136302498477,0.611164671855527,0.6710948523248057,0.918670555165874,0.9150062304945834,0.5160721424036494,0.8735069848541237,0.9522939354094219,,,,,1022.0,3.0,1024
densenet121,45,5,8,vim,0.8283362968272585,0.8283362968272585,0.6108824981776283,0.6650794567390033,0.9180682864475661,0.9150062304945834,0.5160721424036494,0.8735069848541238,0.9522939354230346,,,,,1022.0,3.0,1024
densenet121,45,6,1,vim,0.8283362968272585,0.8202445390298635,0.6302466668234298,0.6514814504760493,0.9135249435543724,0.9150062304945834,0.5160721424036494,0.8735069848541237,0.9522939354094219,,,,,1022.0,3.0,1024
densenet121,45,7,4,vim,0.8283362968272585,0.8302136302498477,0.611164671855527,0.6710948523248057,0.918670555165874,0.9150062304945834,0.5160721424036494,0.8735069848541237,0.9522939354094219,,,,,1022.0,3.0,1024
densenet121,45,8,8,vim,0.8283362968272585,0.8283362968272585,0.6108824981776283,0.6650794567390033,0.9180682864475661,0.9150062304945834,0.5160721424036494,0.8735069848541238,0.9522939354230346,,,,,1022.0,3.0,1024
densenet121,45,9,1,vim,0.8283362968272585,0.8202445390298635,0.6302466668234298,0.6514814504760493,0.9135249435543724,0.9150062304945834,0.5160721424036494,0.8735069848541237,0.9522939354094219,,,,,1022.0,3.0,1024
densenet121,46,0,1,mahalanobis,0.9891053637718424,0.9891040235659865,0.06353610647353446,0.9775667343171186,0.9954691559953364,0.9891162989477652,0.0633244762151104,0.9776016194536615,0.9954734405154355,0.0,0.0,0.0,0.0,,,1024
densenet121,46,1,4,mahalanobis,0.9891053637718424,0.9891049922417654,0.0635713781832718,0.9775683505623304,0.9954695820099833,0.9891162989477652,0.0633244762151104,0.9776016194536615,0.9954734405154355,0.0,0.0,0.0,0.0,,,1024
densenet121,46,2,8,mahalanobis,0.9891053637718424,0.9891053637718425,0.0635713781832718,0.9775693268400029,0.995469700129276,0.9891162989477652,0.0633244762151104,0.9776016194536615,0.9954734405154355,0.0,0.0,0.0,0.0,,,1024
densenet121,46,3,1,mahalanobis,0.9891053637718424,0.9891040235659865,0.06353610647353446,0.9775667343171186,0.9954691559953364,0.9891162989477652,0.0633244762151104,0.9776016194536615,0.9954734405154355,0.0,0.0,0.0,0.0,,,1024
densenet121,46,4,4,mahalanobis,0.9891053637718424,0.9891049922417654,0.0635713781832718,0.9775683505623304,0.9954695820099833,0.9891162989477652,0.0633244762151104,0.9776016194536615,0.9954734405154355,0.0,0.0,0.0,0.0,,,1024
densenet121,46,5,8,mahalanobis,0.9891053637718424,0.9891053637718425,0.0635713781832718,0.9775693268400029,0.995469700129276,0.9891162989477652,0.0633244762151104,0.9776016194536615,0.9954734405154355,0.0,0.0,0.0,0.0,,,1024
densenet121,46,6,1,mahalanobis,0.9891053637718424,0.9891040235659865,0.06353610647353446,0.9775667343171186,0.9954691559953364,0.9891162989477652,0.0633244762151104,0.9776016194536615,0.9954734405154355,0.0,0.0,0.0,0.0,,,1024
densenet121,46,7,4,mahalanobis,0.9891053637718424,0.9891049922417654,0.0635713781832718,0.9775683505623304,0.9954695820099833,0.9891162989477652,0.0633244762151104,0.9776016194536615,0.9954734405154355,0.0,0.0,0.0,0.0,,,1024
densenet121,46,8,8,mahalanobis,0.9891053637718424,0.9891053637718425,0.0635713781832718,0.9775693268400029,0.995469700129276,0.9891162989477652,0.0633244762151104,0.9776016194536615,0.9954734405154355,0.0,0.0,0.0,0.0,,,1024
densenet121,46,9,1,mahalanobis,0.9891053637718424,0.9891040235659865,0.06353610647353446,0.9775667343171186,0.9954691559953364,0.9891162989477652,0.0633244762151104,0.9776016194536615,0.9954734405154355,0.0,0.0,0.0,0.0,,,1024
densenet121,46,0,1,vim,0.8820008736719823,0.849430748307049,0.4748042420109577,0.6964129649228868,0.9377263520201209,0.915252450360849,0.4523126484351118,0.8706742567670583,0.9434055550333561,,,,,1022.0,4.0,1024
densenet121,46,1,4,vim,0.8820008736719823,0.8466693227184312,0.4764267406588755,0.684920323596256,0.9368180648633342,0.9152524503608491,0.4523126484351118,0.8706742567670583,0.9434055550423392,,,,,1022.0,4.0,1024
densenet121,46,2,8,vim,0.8820008736719823,0.8820008736719823,0.4570037858301785,0.7574624752043063,0.9457303253382197,0.915252450360849,0.4523126484351118,0.8706742567670583,0.9434055550333561,,,,,1022.0,4.0,1024
densenet121,46,3,1,vim,0.8820008736719823,0.849430748307049,0.4748042420109577,0.6964129649228868,0.9377263520201209,0.915252450360849,0.4523126484351118,0.8706742567670583,0.9434055550333561,,,,,1022.0,4.0,1024
densenet121,46,4,4,vim,0.8820008736719823,0.8466693227184312,0.4764267406588755,0.684920323596256,0.9368180648633342,0.9152524503608491,0.4523126484351118,0.8706742567670583,0.9434055550423392,,,,,1022.0,4.0,1024
densenet121,46,5,8,vim,0.8820008736719823,0.8820008736719823,0.4570037858301785,0.7574624752043063,0.9457303253382197,0.915252450360849,0.4523126484351118,0.8706742567670583,0.9434055550333561,,,,,1022.0,4.0,1024
densenet121,46,6,1,vim,0.8820008736719823,0.849430748307049,0.4748042420109577,0.6964129649228868,0.9377263520201209,0.915252450360849,0.4523126484351118,0.8706742567670583,0.9434055550333561,,,,,1022.0,4.0,1024
densenet121,46,7,4,vim,0.8820008736719823,0.8466693227184312,0.4764267406588755,0.684920323596256,0.9368180648633342,0.9152524503608491,0.4523126484351118,0.8706742567670583,0.9434055550423392,,,,,1022.0,4.0,1024
densenet121,46,8,8,vim,0.8820008736719823,0.8820008736719823,0.4570037858301785,0.7574624752043063,0.9457303253382197,0.915252450360849,0.4523126484351118,0.8706742567670583,0.9434055550333561,,,,,1022.0,4.0,1024
densenet121,46,9,1,vim,0.8820008736719823,0.849430748307049,0.4748042420109577,0.6964129649228868,0.9377263520201209,0.915252450360849,0.4523126484351118,0.8706742567670583,0.9434055550333561,,,,,1022.0,4.0,1024
effb3,42,0,1,mahalanobis,0.8851933435164921,0.9542321292386274,0.2517577068685776,0.9049506427405516,0.9778728723605671,0.9761886776382376,0.1115056317163214,0.9563413810652751,0.9880766686957494,30.0,0.0,350.0,0.0,,,1536
effb3,42,1,4,mahalanobis,0.8851933435164921,0.9608210526031096,0.21478119782726268,0.9233745130972937,0.9817186582157271,0.9761886776382376,0.1115056317163214,0.9563413810652751,0.9880766686957494,3.0,0.0,350.0,0.0,,,1536
effb3,42,2,8,mahalanobis,0.8851933435164921,0.8851933435164921,0.3582077268558798,0.6291439761054656,0.9493630672901651,0.9761886776382376,0.1115056317163214,0.9563413810652751,0.9880766686957494,2485.0,0.0,351.0,0.0,,,1536
effb3,42,3,1,mahalanobis,0.8851933435164921,0.9542321292386274,0.2517577068685776,0.9049506427405516,0.9778728723605671,0.9761886776382376,0.1115056317163214,0.9563413810652751,0.9880766686957494,30.0,0.0,350.0,0.0,,,1536
effb3,42,4,4,mahalanobis,0.8851933435164921,0.9608210526031096,0.21478119782726268,0.9233745130972937,0.9817186582157271,0.9761886776382376,0.1115056317163214,0.9563413810652751,0.9880766686957494,3.0,0.0,350.0,0.0,,,1536
effb3,42,5,8,mahalanobis,0.8851933435164921,0.8851933435164921,0.3582077268558798,0.6291439761054656,0.9493630672901651,0.9761886776382376,0.1115056317163214,0.9563413810652751,0.9880766686957494,2485.0,0.0,351.0,0.0,,,1536
effb3,42,6,1,mahalanobis,0.8851933435164921,0.9542321292386274,0.2517577068685776,0.9049506427405516,0.9778728723605671,0.9761886776382376,0.1115056317163214,0.9563413810652751,0.9880766686957494,30.0,0.0,350.0,0.0,,,1536
effb3,42,7,4,mahalanobis,0.8851933435164921,0.9608210526031096,0.21478119782726268,0.9233745130972937,0.9817186582157271,0.9761886776382376,0.1115056317163214,0.9563413810652751,0.9880766686957494,3.0,0.0,350.0,0.0,,,1536
effb3,42,8,8,mahalanobis,0.8851933435164921,0.8851933435164921,0.3582077268558798,0.6291439761054656,0.9493630672901651,0.9761886776382376,0.1115056317163214,0.9563413810652751,0.9880766686957494,2485.0,0.0,351.0,0.0,,,1536
effb3,42,9,1,mahalanobis,0.8851933435164921,0.9542321292386274,0.2517577068685776,0.9049506427405516,0.9778728723605671,0.9761886776382376,0.1115056317163214,0.9563413810652751,0.9880766686957494,30.0,0.0,350.0,0.0,,,1536
effb3,42,0,1,vim,0.7339452093296798,0.905114166690933,0.2702518400075246,0.7410604225333592,0.9645090525083657,0.9163030839932217,0.6277658899052366,0.8883486612398905,0.9299824564702384,,,,,1534.0,4.0,1536
effb3,42,1,4,vim,0.7339452093296798,0.9244504555165445,0.28595950807722154,0.8331901714286246,0.9692315174448669,0.9163030839932217,0.6277658899052366,0.8883486612398905,0.9299824564702384,,,,,1534.0,4.0,1536
effb3,42,2,8,vim,0.7339452093296798,0.8655818821040369,0.530709901944647,0.7433944443263869,0.9339272320390556,0.9163030839932217,0.6277658899052366,0.8883486612398905,0.9299824564702384,,,,,1534.0,4.0,1536
effb3,42,3,1,vim,0.7339452093296798,0.905114166690933,0.2702518400075246,0.7410604225333592,0.9645090525083657,0.9163030839932217,0.6277658899052366,0.8883486612398905,0.9299824564702384,,,,,1534.0,4.0,1536
effb3,42,4,4,vim,0.7339452093296798,0.9244504555165445,0.28595950807722154,0.8331901714286246,0.9692315174448669,0.9163030839932217,0.6277658899052366,0.8883486612398905,0.9299824564702384,,,,,1534.0,4.0,1536
effb3,42,5,8,vim,0.7339452093296798,0.8655818821040369,0.530709901944647,0.7433944443263869,0.9339272320390556,0.9163030839932217,0.6277658899052366,0.8883486612398905,0.9299824564702384,,,,,1534.0,4.0,1536
effb3,42,6,1,vim,0.7339452093296798,0.905114166690933,0.2702518400075246,0.7410604225333592,0.9645090525083657,0.9163030839932217,0.6277658899052366,0.8883486612398905,0.9299824564702384,,,,,1534.0,4.0,1536
effb3,42,7,4,vim,0.7339452093296798,0.9244504555165445,0.28595950807722154,0.8331901714286246,0.9692315174448669,0.9163030839932217,0.6277658899052366,0.8883486612398905,0.9299824564702384,,,,,1534.0,4.0,1536
effb3,42,8,8,vim,0.7339452093296798,0.8655818821040369,0.530709901944647,0.7433944443263869,0.9339272320390556,0.9163030839932217,0.6277658899052366,0.8883486612398905,0.9299824564702384,,,,,1534.0,4.0,1536
effb3,42,9,1,vim,0.7339452093296798,0.905114166690933,0.2702518400075246,0.7410604225333592,0.9645090525083657,0.9163030839932217,0.6277658899052366,0.8883486612398905,0.9299824564702384,,,,,1534.0,4.0,1536
effb3,43,0,1,mahalanobis,0.9307853861360964,0.879751819940346,0.43346579819879133,0.6512361823936935,0.9506303253371508,0.9683540319670154,0.20321207703341407,0.9468925704089027,0.9849131318333155,1806.0,0.0,312.0,0.0,,,1536
effb3,43,1,4,mahalanobis,0.9307853861360964,0.8414070926209313,0.3578079808121899,0.5224136436311018,0.9408341474283087,0.9683540319670154,0.20321207703341407,0.9468925704089027,0.9849131318333155,9339.0,0.0,312.0,0.0,,,1536
effb3,43,2,8,mahalanobis,0.9307853861360964,0.9307853861360965,0.26897030122040116,0.7750353859515081,0.971561091564913,0.9683540319670154,0.20321207703341407,0.9468925704089027,0.9849131318333155,728.0,0.0,312.0,0.0,,,1536
effb3,43,3,1,mahalanobis,0.9307853861360964,0.879751819940346,0.43346579819879133,0.6512361823936935,0.9506303253371508,0.9683540319670154,0.20321207703341407,0.9468925704089027,0.9849131318333155,1806.0,0.0,312.0,0.0,,,1536
effb3,43,4,4,mahalanobis,0.9307853861360964,0.8414070926209313,0.3578079808121899,0.5224136436311018,0.9408341474283087,0.9683540319670154,0.20321207703341407,0.9468925704089027,0.9849131318333155,9339.0,0.0,312.0,0.0,,,1536
effb3,43,5,8,mahalanobis,0.9307853861360964,0.9307853861360965,0.26897030122040116,0.7750353859515081,0.971561091564913,0.9683540319670154,0.20321207703341407,0.9468925704089027,0.9849131318333155,728.0,0.0,312.0,0.0,,,1536
effb3,43,6,1,mahalanobis,0.9307853861360964,0.879751819940346,0.43346579819879133,0.6512361823936935,0.9506303253371508,0.9683540319670154,0.20321207703341407,0.9468925704089027,0.9849131318333155,1806.0,0.0,312.0,0.0,,,1536
effb3,43,7,4,mahalanobis,0.9307853861360964,0.8414070926209313,0.3578079808121899,0.5224136436311018,0.9408341474283087,0.9683540319670154,0.20321207703341407,0.9468925704089027,0.9849131318333155,9339.0,0.0,312.0,0.0,,,1536
effb3,43,8,8,mahalanobis,0.9307853861360964,0.9307853861360965,0.26897030122040116,0.7750353859515081,0.971561091564913,0.9683540319670154,0.20321207703341407,0.9468925704089027,0.9849131318333155,728.0,0.0,312.0,0.0,,,1536
effb3,43,9,1,mahalanobis,0.9307853861360964,0.879751819940346,0.43346579819879133,0.6512361823936935,0.9506303253371508,0.9683540319670154,0.20321207703341407,0.9468925704089027,0.9849131318333155,1806.0,0.0,312.0,0.0,,,1536
effb3,43,0,1,vim,0.7889923629251253,0.7229795393884663,0.7565076304465398,0.5091157376018153,0.8611504041358694,0.8918584142562394,0.7138523761375126,0.8528501177700832,0.9109581080235064,,,,,1534.0,4.0,1536
effb3,43,1,4,vim,0.7889923629251253,0.7092268923636622,0.7603404895713312,0.4890980775095546,0.855837519278401,0.8918584142562394,0.7138523761375126,0.8528501177700832,0.9109581079827055,,,,,1534.0,4.0,1536
effb3,43,2,8,vim,0.7889923629251253,0.7889923629251253,0.7521574529122675,0.6030296767388655,0.8883065354965681,0.8918584142562394,0.7138523761375126,0.8528501177700832,0.9109581079969101,,,,,1534.0,4.0,1536
effb3,43,3,1,vim,0.7889923629251253,0.7229795393884663,0.7565076304465398,0.5091157376018153,0.8611504041358694,0.8918584142562394,0.7138523761375126,0.8528501177700832,0.9109581080235064,,,,,1534.0,4.0,1536
effb3,43,4,4,vim,0.7889923629251253,0.7092268923636622,0.7603404895713312,0.4890980775095546,0.855837519278401,0.8918584142562394,0.7138523761375126,0.8528501177700832,0.9109581079827055,,,,,1534.0,4.0,1536
effb3,43,5,8,vim,0.7889923629251253,0.7889923629251253,0.7521574529122675,0.6030296767388655,0.8883065354965681,0.8918584142562394,0.7138523761375126,0.8528501177700832,0.9109581079969101,,,,,1534.0,4.0,1536
effb3,43,6,1,vim,0.7889923629251253,0.7229795393884663,0.7565076304465398,0.5091157376018153,0.8611504041358694,0.8918584142562394,0.7138523761375126,0.8528501177700832,0.9109581080235064,,,,,1534.0,4.0,1536
effb3,43,7,4,vim,0.7889923629251253,0.7092268923636622,0.7603404895713312,0.4890980775095546,0.855837519278401,0.8918584142562394,0.7138523761375126,0.8528501177700832,0.9109581079827055,,,,,1534.0,4.0,1536
effb3,43,8,8,vim,0.7889923629251253,0.7889923629251253,0.7521574529122675,0.6030296767388655,0.8883065354965681,0.8918584142562394,0.7138523761375126,0.8528501177700832,0.9109581079969101,,,,,1534.0,4.0,1536
effb3,43,9,1,vim,0.7889923629251253,0.7229795393884663,0.7565076304465398,0.5091157376018153,0.8611504041358694,0.8918584142562394,0.7138523761375126,0.8528501177700832,0.9109581080235064,,,,,1534.0,4.0,1536
effb3,44,0,1,mahalanobis,0.7963103249935617,0.9541207627038483,0.2271027817621746,0.8846282569886174,0.97848426635858,0.9926285607225395,0.028769957909093046,0.9850225608820663,0.9967829108131493,406.0,0.0,284.0,0.0,,,1536
effb3,44,1,4,mahalanobis,0.7963103249935617,0.9790782839061817,0.0665812307475251,0.9044647883879071,0.9923579363423076,0.9926285607225395,0.028769957909093046,0.9850225608820663,0.9967829108131493,882.0,0.0,285.0,0.0,,,1536
effb3,44,2,8,mahalanobis,0.7963103249935617,0.7963103249935617,0.2811272838432055,0.44939330177748416,0.9323427539463008,0.9926285607225395,0.028769957909093046,0.9850225608820663,0.9967829108131493,23765.0,0.0,285.0,0.0,,,1536
effb3,44,3,1,mahalanobis,0.7963103249935617,0.9541207627038483,0.2271027817621746,0.8846282569886174,0.97848426635858,0.9926285607225395,0.028769957909093046,0.9850225608820663,0.9967829108131493,406.0,0.0,284.0,0.0,,,1536
effb3,44,4,4,mahalanobis,0.7963103249935617,0.9790782839061817,0.0665812307475251,0.9044647883879071,0.9923579363423076,0.9926285607225395,0.028769957909093046,0.9850225608820663,0.9967829108131493,882.0,0.0,285.0,0.0,,,1536
effb3,44,5,8,mahalanobis,0.7963103249935617,0.7963103249935617,0.2811272838432055,0.44939330177748416,0.9323427539463008,0.9926285607225395,0.028769957909093046,0.9850225608820663,0.9967829108131493,23765.0,0.0,285.0,0.0,,,1536
effb3,44,6,1,mahalanobis,0.7963103249935617,0.9541207627038483,0.2271027817621746,0.8846282569886174,0.97848426635858,0.9926285607225395,0.028769957909093046,0.9850225608820663,0.9967829108131493,406.0,0.0,284.0,0.0,,,1536
effb3,44,7,4,mahalanobis,0.7963103249935617,0.9790782839061817,0.0665812307475251,0.9044647883879071,0.9923579363423076,0.9926285607225395,0.028769957909093046,0.9850225608820663,0.9967829108131493,882.0,0.0,285.0,0.0,,,1536
effb3,44,8,8,mahalanobis,0.7963103249935617,0.7963103249935617,0.2811272838432055,0.44939330177748416,0.9323427539463008,0.9926285607225395,0.028769957909093046,0.9850225608820663,0.9967829108131493,23765.0,0.0,285.0,0.0,,,1536
effb3,44,9,1,mahalanobis,0.7963103249935617,0.9541207627038483,0.2271027817621746,0.8846282569886174,0.97848426635858,0.9926285607225395,0.028769957909093046,0.9850225608820663,0.9967829108131493,406.0,0.0,284.0,0.0,,,1536
effb3,44,0,1,vim,0.8496043612817468,0.6524586205179669,0.6552425517906272,0.3341400122272421,0.8560073447676727,0.9220426831199406,0.3380440661226985,0.8525363149308823,0.9654770341854607,,,,,1534.0,5.0,1536
effb3,44,1,4,vim,0.8496043612817468,0.8367969405498346,0.4787781879746984,0.6026964673071965,0.932015755802264,0.9220426831199406,0.3380440661226985,0.8525363149308823,0.9654770341854607,,,,,1534.0,5.0,1536
effb3,44,2,8,vim,0.8496043612817468,0.8496043612817468,0.5198344581089661,0.676030874045357,0.9321549234244892,0.9220426831199406,0.3380440661226985,0.8525363149308823,0.9654770341854607,,,,,1534.0,5.0,1536
effb3,44,3,1,vim,0.8496043612817468,0.6524586205179669,0.6552425517906272,0.3341400122272421,0.8560073447676727,0.9220426831199406,0.3380440661226985,0.8525363149308823,0.9654770341854607,,,,,1534.0,5.0,1536
effb3,44,4,4,vim,0.8496043612817468,0.8367969405498346,0.4787781879746984,0.6026964673071965,0.932015755802264,0.9220426831199406,0.3380440661226985,0.8525363149308823,0.9654770341854607,,,,,1534.0,5.0,1536
effb3,44,5,8,vim,0.8496043612817468,0.8496043612817468,0.5198344581089661,0.676030874045357,0.9321549234244892,0.9220426831199406,0.3380440661226985,0.8525363149308823,0.9654770341854607,,,,,1534.0,5.0,1536
effb3,44,6,1,vim,0.8496043612817468,0.6524586205179669,0.6552425517906272,0.3341400122272421,0.8560073447676727,0.9220426831199406,0.3380440661226985,0.8525363149308823,0.9654770341854607,,,,,1534.0,5.0,1536
effb3,44,7,4,vim,0.8496043612817468,0.8367969405498346,0.4787781879746984,0.6026964673071965,0.932015755802264,0.9220426831199406,0.3380440661226985,0.8525363149308823,0.9654770341854607,,,,,1534.0,5.0,1536
effb3,44,8,8,vim,0.8496043612817468,0.8496043612817468,0.5198344581089661,0.676030874045357,0.9321549234244892,0.9220426831199406,0.3380440661226985,0.8525363149308823,0.9654770341854607,,,,,1534.0,5.0,1536
effb3,44,9,1,vim,0.8496043612817468,0.6524586205179669,0.6552425517906272,0.3341400122272421,0.8560073447676727,0.9220426831199406,0.3380440661226985,0.8525363149308823,0.9654770341854607,,,,,1534.0,5.0,1536
effb3,45,0,1,mahalanobis,0.9534592869458828,0.8918029797265725,0.26112822442213185,0.6127450718669372,0.9620681254348823,0.9734464202689938,0.12890634185341077,0.9431877869102314,0.988492143058793,5058.0,0.0,322.0,0.0,,,1536
effb3,45,1,4,mahalanobis,0.9534592869458828,0.9708737426448254,0.12646083664495497,0.9307858370064233,0.9876024732164785,0.9734464202689938,0.12890634185341077,0.9431877869102314,0.988492143058793,13.0,0.0,321.0,0.0,,,1536
effb3,45,2,8,mahalanobis,0.9534592869458828,0.9534592869458827,0.1955228443106732,0.8970799968697366,0.9786948651844317,0.9734464202689938,0.12890634185341077,0.9431877869102314,0.988492143058793,20.0,0.0,321.0,0.0,,,1536
effb3,45,3,1,mahalanobis,0.9534592869458828,0.8918029797265725,0.26112822442213185,0.6127450718669372,0.9620681254348823,0.9734464202689938,0.12890634185341077,0.9431877869102314,0.988492143058793,5058.0,0.0,322.0,0.0,,,1536
effb3,45,4,4,mahalanobis,0.9534592869458828,0.9708737426448254,0.12646083664495497,0.9307858370064233,0.9876024732164785,0.9734464202689938,0.12890634185341077,0.9431877869102314,0.988492143058793,13.0,0.0,321.0,0.0,,,1536
effb3,45,5,8,mahalanobis,0.9534592869458828,0.9534592869458827,0.1955228443106732,0.8970799968697366,0.9786948651844317,0.9734464202689938,0.12890634185341077,0.9431877869102314,0.988492143058793,20.0,0.0,321.0,0.0,,,1536
effb3,45,6,1,mahalanobis,0.9534592869458828,0.8918029797265725,0.26112822442213185,0.6127450718669372,0.9620681254348823,0.9734464202689938,0.12890634185341077,0.9431877869102314,0.988492143058793,5058.0,0.0,322.0,0.0,,,1536
effb3,45,7,4,mahalanobis,0.9534592869458828,0.9708737426448254,0.12646083664495497,0.9307858370064233,0.9876024732164785,0.9734464202689938,0.12890634185341077,0.9431877869102314,0.988492143058793,13.0,0.0,321.0,0.0,,,1536
effb3,45,8,8,mahalanobis,0.9534592869458828,0.9534592869458827,0.1955228443106732,0.8970799968697366,0.9786948651844317,0.9734464202689938,0.12890634185341077,0.9431877869102314,0.988492143058793,20.0,0.0,321.0,0.0,,,1536
effb3,45,9,1,mahalanobis,0.9534592869458828,0.8918029797265725,0.26112822442213185,0.6127450718669372,0.9620681254348823,0.9734464202689938,0.12890634185341077,0.9431877869102314,0.988492143058793,5058.0,0.0,322.0,0.0,,,1536
effb3,45,0,1,vim,0.2837392709610858,0.8957325972999612,0.3737743080866273,0.7443795403437056,0.9540683792793445,0.9058658167048779,0.4022738495544007,0.8395485022824152,0.9418828994488545,,,,,1534.0,4.0,1536
effb3,45,1,4,vim,0.2837392709610858,0.7693462738935004,0.7701930538246291,0.5969400702633554,0.8755396858404729,0.9058658167048779,0.4022738495544007,0.8395485022824152,0.9418828994488545,,,,,1534.0,4.0,1536
effb3,45,2,8,vim,0.2837392709610858,0.28373927096108587,0.9833164812942367,0.1968361739861989,0.6009317409223119,0.9058658167048779,0.4022738495544007,0.8395485022824152,0.9418828994488545,,,,,1534.0,4.0,1536
effb3,45,3,1,vim,0.2837392709610858,0.8957325972999612,0.3737743080866273,0.7443795403437056,0.9540683792793445,0.9058658167048779,0.4022738495544007,0.8395485022824152,0.9418828994488545,,,,,1534.0,4.0,1536
effb3,45,4,4,vim,0.2837392709610858,0.7693462738935004,0.7701930538246291,0.5969400702633554,0.8755396858404729,0.9058658167048779,0.4022738495544007,0.8395485022824152,0.9418828994488545,,,,,1534.0,4.0,1536
effb3,45,5,8,vim,0.2837392709610858,0.28373927096108587,0.9833164812942367,0.1968361739861989,0.6009317409223119,0.9058658167048779,0.4022738495544007,0.8395485022824152,0.9418828994488545,,,,,1534.0,4.0,1536
effb3,45,6,1,vim,0.2837392709610858,0.8957325972999612,0.3737743080866273,0.7443795403437056,0.9540683792793445,0.9058658167048779,0.4022738495544007,0.8395485022824152,0.9418828994488545,,,,,1534.0,4.0,1536
effb3,45,7,4,vim,0.2837392709610858,0.7693462738935004,0.7701930538246291,0.5969400702633554,0.8755396858404729,0.9058658167048779,0.4022738495544007,0.8395485022824152,0.9418828994488545,,,,,1534.0,4.0,1536
effb3,45,8,8,vim,0.2837392709610858,0.28373927096108587,0.9833164812942367,0.1968361739861989,0.6009317409223119,0.9058658167048779,0.4022738495544007,0.8395485022824152,0.9418828994488545,,,,,1534.0,4.0,1536
effb3,45,9,1,vim,0.2837392709610858,0.8957325972999612,0.3737743080866273,0.7443795403437056,0.9540683792793445,0.9058658167048779,0.4022738495544007,0.8395485022824152,0.9418828994488545,,,,,1534.0,4.0,1536
effb3,46,0,1,mahalanobis,0.8089640636490545,0.5670308380193886,0.6801326216286124,0.30463953290854295,0.8119583644663461,0.9815984466910779,0.10408681543490018,0.965585667547757,0.9916596072032704,74180.0,0.0,290.0,0.0,,,1536
effb3,46,1,4,mahalanobis,0.8089640636490545,0.9270256156132515,0.19358290027511935,0.7130693840683995,0.9738668900043131,0.9815984466910778,0.10408681543490018,0.9655856675474036,0.9916596072032703,3932.0,0.0,289.0,0.0,,,1536
effb3,46,2,8,mahalanobis,0.8089640636490545,0.8089640636490545,0.3504714651868225,0.4651573857318132,0.9339704342451796,0.9815984466910778,0.10408681543490018,0.9655856675474036,0.9916596072032703,11825.0,0.0,289.0,0.0,,,1536
effb3,46,3,1,mahalanobis,0.8089640636490545,0.5670308380193886,0.6801326216286124,0.30463953290854295,0.8119583644663461,0.9815984466910779,0.10408681543490018,0.965585667547757,0.9916596072032704,74180.0,0.0,290.0,0.0,,,1536
effb3,46,4,4,mahalanobis,0.8089640636490545,0.9270256156132515,0.19358290027511935,0.7130693840683995,0.9738668900043131,0.9815984466910778,0.10408681543490018,0.9655856675474036,0.9916596072032703,3932.0,0.0,289.0,0.0,,,1536
effb3,46,5,8,mahalanobis,0.8089640636490545,0.8089640636490545,0.3504714651868225,0.4651573857318132,0.9339704342451796,0.9815984466910778,0.10408681543490018,0.9655856675474036,0.9916596072032703,11825.0,0.0,289.0,0.0,,,1536
effb3,46,6,1,mahalanobis,0.8089640636490545,0.5670308380193886,0.6801326216286124,0.30463953290854295,0.8119583644663461,0.9815984466910779,0.10408681543490018,0.965585667547757,0.9916596072032704,74180.0,0.0,290.0,0.0,,,1536
effb3,46,7,4,mahalanobis,0.8089640636490545,0.9270256156132515,0.19358290027511935,0.7130693840683995,0.9738668900043131,0.9815984466910778,0.10408681543490018,0.9655856675474036,0.9916596072032703,3932.0,0.0,289.0,0.0,,,1536
effb3,46,8,8,mahalanobis,0.8089640636490545,0.8089640636490545,0.3504714651868225,0.4651573857318132,0.9339704342451796,0.9815984466910778,0.10408681543490018,0.9655856675474036,0.9916596072032703,11825.0,0.0,289.0,0.0,,,1536
effb3,46,9,1,mahalanobis,0.8089640636490545,0.5670308380193886,0.6801326216286124,0.30463953290854295,0.8119583644663461,0.9815984466910779,0.10408681543490018,0.965585667547757,0.9916596072032704,74180.0,0.0,290.0,0.0,,,1536
effb3,46,0,1,vim,0.8236264522534418,0.8202799540265424,0.5648058880240788,0.6196142342424118,0.9212164885543375,0.9445258215400589,0.3365391398405719,0.9116196645276242,0.9713228390867703,,,,,1534.0,4.0,1536
effb3,46,1,4,vim,0.8236264522534418,0.8187147764613005,0.5686975333317656,0.6165913517792361,0.9203587404535778,0.9445258215400589,0.3365391398405719,0.9116196645276242,0.9713228390867703,,,,,1534.0,4.0,1536
effb3,46,2,8,vim,0.8236264522534418,0.8236264522534418,0.5685682037293954,0.6324390233930115,0.9219692938591628,0.9445258215400589,0.3365391398405719,0.9116196645276242,0.9713228390867703,,,,,1534.0,4.0,1536
effb3,46,3,1,vim,0.8236264522534418,0.8202799540265424,0.5648058880240788,0.6196142342424118,0.9212164885543375,0.9445258215400589,0.3365391398405719,0.9116196645276242,0.9713228390867703,,,,,1534.0,4.0,1536
effb3,46,4,4,vim,0.8236264522534418,0.8187147764613005,0.5686975333317656,0.6165913517792361,0.9203587404535778,0.9445258215400589,0.3365391398405719,0.9116196645276242,0.9713228390867703,,,,,1534.0,4.0,1536
effb3,46,5,8,vim,0.8236264522534418,0.8236264522534418,0.5685682037293954,0.6324390233930115,0.9219692938591628,0.9445258215400589,0.3365391398405719,0.9116196645276242,0.9713228390867703,,,,,1534.0,4.0,1536
effb3,46,6,1,vim,0.8236264522534418,0.8202799540265424,0.5648058880240788,0.6196142342424118,0.9212164885543375,0.9445258215400589,0.3365391398405719,0.9116196645276242,0.9713228390867703,,,,,1534.0,4.0,1536
effb3,46,7,4,vim,0.8236264522534418,0.8187147764613005,0.5686975333317656,0.6165913517792361,0.9203587404535778,0.9445258215400589,0.3365391398405719,0.9116196645276242,0.9713228390867703,,,,,1534.0,4.0,1536
effb3,46,8,8,vim,0.8236264522534418,0.8236264522534418,0.5685682037293954,0.6324390233930115,0.9219692938591628,0.9445258215400589,0.3365391398405719,0.9116196645276242,0.9713228390867703,,,,,1534.0,4.0,1536
effb3,46,9,1,vim,0.8236264522534418,0.8202799540265424,0.5648058880240788,0.6196142342424118,0.9212164885543375,0.9445258215400589,0.3365391398405719,0.9116196645276242,0.9713228390867703,,,,,1534.0,4.0,1536
efficientnet_v2_s,42,0,1,mahalanobis,0.8800892883643183,0.8800888530733038,0.47320525783619816,0.7687873071140156,0.9458254768805189,0.8800916610068908,0.4732287723093564,0.7688073230814916,0.9458237219606849,0.0,0.0,0.0,0.0,,,1280
efficientnet_v2_s,42,1,4,mahalanobis,0.8800892883643183,0.8800889897038838,0.47320525783619816,0.7687875539705458,0.9458255999947127,0.8800916610068908,0.4732287723093564,0.7688073230814916,0.9458237219606849,0.0,0.0,0.0,0.0,,,1280
efficientnet_v2_s,42,2,8,mahalanobis,0.8800892883643183,0.8800892883643183,0.47319350059961907,0.7687879931815255,0.9458258249291389,0.8800916610068908,0.4732287723093564,0.7688073230814916,0.9458237219606849,0.0,0.0,0.0,0.0,,,1280
efficientnet_v2_s,42,0,1,vim,0.73346614257792,0.7334661418772503,0.784148893644038,0.5540505668610574,0.8604964035835886,0.8442695081772772,0.656053801114586,0.7629054818697609,0.9047678280328995,,,,,1278.0,3.0,1280
efficientnet_v2_s,42,1,4,vim,0.73346614257792,0.7334661420524178,0.784148893644038,0.5540505597819394,0.8604964026759141,0.8442695080021098,0.656053801114586,0.762905481869761,0.9047678280328995,,,,,1278.0,3.0,1280
efficientnet_v2_s,42,2,8,vim,0.73346614257792,0.73346614257792,0.784148893644038,0.5540505685193643,0.8604964024935685,0.8442695081772772,0.656053801114586,0.7629054818697609,0.9047678280328995,,,,,1278.0,3.0,1280
efficientnet_v2_s,43,0,1,mahalanobis,0.8530256955806776,0.8530252730768839,0.5397277024008277,0.7423678097106171,0.929739626128106,0.8530439100135025,0.539657158981353,0.7423919992322872,0.929745412810945,0.0,0.0,0.0,0.0,,,1280
efficientnet_v2_s,43,1,4,mahalanobis,0.8530256955806776,0.8530255360031669,0.5397159451642486,0.7423683559431405,0.929739773258618,0.8530439100135025,0.539657158981353,0.7423919992322872,0.929745412810945,0.0,0.0,0.0,0.0,,,1280
efficientnet_v2_s,43,2,8,mahalanobis,0.8530256955806776,0.8530256955806776,0.5397159451642486,0.7423691182035188,0.9297398194538087,0.8530439100135025,0.539657158981353,0.7423919992322872,0.929745412810945,0.0,0.0,0.0,0.0,,,1280
efficientnet_v2_s,43,0,1,vim,0.7558691690587762,0.7558691846486756,0.6994144896183601,0.5381094638898354,0.885215023351624,0.7581058836476962,0.6593810990664755,0.5875654799672991,0.8763641119779502,,,,,1278.0,4.0,1280
efficientnet_v2_s,43,1,4,vim,0.7558691690587762,0.755869168533274,0.6994144896183601,0.53810941619882,0.8852150191683936,0.7581058836476962,0.6593810990664755,0.5875654805723856,0.8763641119779498,,,,,1278.0,4.0,1280
efficientnet_v2_s,43,2,8,vim,0.7558691690587762,0.7558691690587762,0.6994144896183601,0.5381094239404994,0.885215019315587,0.7581058836476962,0.6593810990664755,0.5875654805723856,0.8763641119779498,,,,,1278.0,4.0,1280
efficientnet_v2_s,44,0,1,mahalanobis,0.8563945898368205,0.856395775194686,0.5452771180661697,0.7238839886009549,0.9279968744584332,0.8563958883528331,0.5452536035930114,0.7238856782543042,0.9279982547384678,0.0,0.0,0.0,0.0,,,1280
efficientnet_v2_s,44,1,4,mahalanobis,0.8563945898368205,0.8563954569155015,0.5453006325393279,0.7238835658832713,0.9279966038100738,0.8563958883528331,0.5452536035930114,0.7238856782543042,0.9279982547384678,0.0,0.0,0.0,0.0,,,1280
efficientnet_v2_s,44,2,8,mahalanobis,0.8563945898368205,0.8563945898368205,0.5453006325393279,0.7238828665594399,0.9279959435991646,0.8563958883528331,0.5452536035930114,0.7238856782543042,0.9279982547384678,0.0,0.0,0.0,0.0,,,1280
efficientnet_v2_s,44,0,1,vim,0.7910300053576004,0.7910300046569307,0.621428739389094,0.5930518624090136,0.9035328962952823,0.8247291733166054,0.5421732076092836,0.6725814978811003,0.9075401036428612,,,,,1278.0,4.0,1280
efficientnet_v2_s,44,1,4,vim,0.7910300053576004,0.7910300211226673,0.621428739389094,0.5930518931932096,0.9035328998864831,0.8247291733166054,0.5421732076092836,0.6725814978811003,0.9075401036311445,,,,,1278.0,4.0,1280
efficientnet_v2_s,44,2,8,vim,0.7910300053576004,0.7910300053576004,0.621428739389094,0.5930518657838385,0.9035328964831784,0.8247291733166054,0.5421732076092836,0.6725814978811003,0.9075401036311445,,,,,1278.0,4.0,1280
efficientnet_v2_s,45,0,1,mahalanobis,0.8791048541748125,0.8791050988836846,0.46602158628635926,0.7831696524149758,0.9463353016981693,0.8791075888884221,0.46602158628635926,0.7831754427316373,0.9463358487620094,0.0,0.0,0.0,0.0,,,1280
efficientnet_v2_s,45,1,4,mahalanobis,0.8791048541748125,0.8791052356894321,0.46603334352293835,0.783170502097319,0.946335150098508,0.8791075888884221,0.46602158628635926,0.7831754427316373,0.9463358487620094,0.0,0.0,0.0,0.0,,,1280
efficientnet_v2_s,45,2,8,mahalanobis,0.8791048541748125,0.8791048541748125,0.46603334352293835,0.783169543958119,0.9463351412425529,0.8791075888884221,0.46602158628635926,0.7831754427316373,0.9463358487620094,0.0,0.0,0.0,0.0,,,1280
efficientnet_v2_s,45,0,1,vim,0.810313142610403,0.8103131839499119,0.5727067510052437,0.6361037548300007,0.9165803562997463,0.8314162506884429,0.6383003738801232,0.7317674897620615,0.8993056627164066,,,,,1278.0,3.0,1280
efficientnet_v2_s,45,1,4,vim,0.810313142610403,0.8103131434862401,0.5727067510052437,0.6361037029224783,0.9165803390676802,0.8314162506884429,0.6383003738801232,0.7317674897620615,0.8993056627164066,,,,,1278.0,3.0,1280
efficientnet_v2_s,45,2,8,vim,0.810313142610403,0.810313142610403,0.5727067510052437,0.6361037150363904,0.9165803375710957,0.8314162506884429,0.6383003738801232,0.7317674897620615,0.8993056627164066,,,,,1278.0,3.0,1280
efficientnet_v2_s,46,0,1,mahalanobis,0.8936434411099639,0.8936445914343474,0.43453570672749076,0.7728168646611556,0.9515503409928848,0.8936413818418885,0.43452394949091167,0.7728057971167392,0.9515512152948724,0.0,0.0,0.0,0.0,,,1280
efficientnet_v2_s,46,1,4,mahalanobis,0.8936434411099639,0.8936445688377513,0.43452394949091167,0.7728167521690466,0.9515503798981205,0.8936413818418885,0.43452394949091167,0.7728057971167392,0.9515512152948724,0.0,0.0,0.0,0.0,,,1280
efficientnet_v2_s,46,2,8,mahalanobis,0.8936434411099639,0.8936434411099639,0.4345474639640699,0.7728163673034822,0.9515495560578404,0.8936413818418885,0.43452394949091167,0.7728057971167392,0.9515512152948724,0.0,0.0,0.0,0.0,,,1280
efficientnet_v2_s,46,0,1,vim,0.8325156714224291,0.8325156698459225,0.5535542126178663,0.666136895775556,0.924222354164716,0.9115294254063318,0.48483316481294236,0.8599822932354138,0.9476466539088826,,,,,1278.0,3.0,1280
efficientnet_v2_s,46,1,4,vim,0.8325156714224291,0.8325156694955875,0.5535542126178663,0.6661368966586181,0.9242223539485569,0.9115294254063318,0.48483316481294236,0.8599822932354138,0.9476466539088826,,,,,1278.0,3.0,1280
efficientnet_v2_s,46,2,8,vim,0.8325156714224291,0.8325156714224291,0.5535542126178663,0.6661369002745958,0.9242223551840879,0.9115294254063318,0.48483316481294236,0.8599822932354138,0.9476466539088826,,,,,1278.0,3.0,1280
mobilenet_v3_large,42,0,1,mahalanobis,0.869686967850166,0.8696869689011704,0.5877442565899311,0.7959834142300619,0.926278666649732,0.8696862212866632,0.5877560138265102,0.795982116259816,0.9262783245107552,0.0,0.0,0.0,0.0,,,960
mobilenet_v3_large,42,1,4,mahalanobis,0.869686967850166,0.8696869182777887,0.5877442565899311,0.7959833553824646,0.9262786158815035,0.8696862212866632,0.5877560138265102,0.795982116259816,0.9262783245107552,0.0,0.0,0.0,0.0,,,960
mobilenet_v3_large,42,2,8,mahalanobis,0.869686967850166,0.869686967850166,0.5877442565899311,0.7959834237543255,0.9262786709282849,0.8696862212866632,0.5877560138265102,0.795982116259816,0.9262783245107552,0.0,0.0,0.0,0.0,,,960
mobilenet_v3_large,42,0,1,vim,0.6954997164319895,0.6954997164319895,0.9210148846615092,0.5262043768978204,0.8112370837619671,0.8673892494589359,0.5132974345709784,0.7314970509879986,0.9370051684864565,,,,,958.0,23.0,960
mobilenet_v3_large,42,1,4,vim,0.6954997164319895,0.6954997164319895,0.9210148846615092,0.5262043768978204,0.8112370837619671,0.8673892494589359,0.5132974345709784,0.7314970509879986,0.9370051684864565,,,,,958.0,23.0,960
mobilenet_v3_large,42,2,8,vim,0.6954997164319895,0.6954997164319895,0.9210148846615092,0.5262043768978204,0.8112370837619671,0.8673892494589359,0.5132974345709784,0.7314970509879986,0.9370051684864565,,,,,958.0,23.0,960
mobilenet_v3_large,43,0,1,mahalanobis,0.8275781980251038,0.8275781813841997,0.6312460319326545,0.6578835209940752,0.9151472045361023,0.827579125011039,0.6312577891692337,0.6578856102610575,0.9151478135915719,0.0,0.0,0.0,0.0,,,960
mobilenet_v3_large,43,1,4,mahalanobis,0.8275781980251038,0.8275781969740993,0.6312460319326545,0.6578835478395483,0.9151472094818546,0.827579125011039,0.6312577891692337,0.6578856102610575,0.9151478135915719,0.0,0.0,0.0,0.0,,,960
mobilenet_v3_large,43,2,8,mahalanobis,0.8275781980251038,0.8275781980251038,0.6312460319326545,0.6578835829050025,0.9151472112715258,0.827579125011039,0.6312577891692337,0.6578856102610575,0.9151478135915719,0.0,0.0,0.0,0.0,,,960
mobilenet_v3_large,43,0,1,vim,0.6836353807465456,0.6836353805713782,0.8356573470971382,0.40883715330945974,0.83442152315002,0.8392338205150074,0.4809650339784137,0.577940716558064,0.9320447496729749,,,,,958.0,24.0,960
mobilenet_v3_large,43,1,4,vim,0.6836353807465456,0.6836353807465456,0.8356573470971382,0.40883715382471375,0.834421523263347,0.8392338205150074,0.4809650339784137,0.577940716558064,0.9320447496729749,,,,,958.0,24.0,960
mobilenet_v3_large,43,2,8,vim,0.6836353807465456,0.6836353807465456,0.8356573470971382,0.40883715382471375,0.834421523263347,0.8392338205150074,0.4809650339784137,0.577940716558064,0.9320447496729749,,,,,958.0,24.0,960
mobilenet_v3_large,44,0,1,mahalanobis,0.9299145487128376,0.9299145667550809,0.4243656970865568,0.8922741383801228,0.9626769403422711,0.9299147543593773,0.4243656970865568,0.8922742234313528,0.9626769638699076,0.0,0.0,0.0,0.0,,,960
mobilenet_v3_large,44,1,4,mahalanobis,0.9299145487128376,0.9299145888261747,0.4243656970865568,0.8922741620880026,0.9626769635343962,0.9299147543593773,0.4243656970865568,0.8922742234313528,0.9626769638699076,0.0,0.0,0.0,0.0,,,960
mobilenet_v3_large,44,2,8,mahalanobis,0.9299145487128376,0.9299145487128375,0.4243656970865568,0.8922741091596721,0.9626769220544299,0.9299147543593773,0.4243656970865568,0.8922742234313528,0.9626769638699076,0.0,0.0,0.0,0.0,,,960
mobilenet_v3_large,44,0,1,vim,0.8074951162275005,0.8074951165778353,0.7019422954828697,0.6953106483919873,0.8987271917981103,0.9652127947363343,0.19795659228254991,0.9343182388918392,0.9833761743050965,,,,,958.0,25.0,960
mobilenet_v3_large,44,1,4,vim,0.8074951162275005,0.8074951162275005,0.7019422954828697,0.6953106471953058,0.8987271915294367,0.9652127947363343,0.19795659228254991,0.9343182388918392,0.9833761743050965,,,,,958.0,25.0,960
mobilenet_v3_large,44,2,8,vim,0.8074951162275005,0.8074951162275005,0.7019422954828697,0.6953106471953058,0.8987271915294367,0.9652127947363343,0.19795659228254991,0.9343182388918392,0.9833761743050965,,,,,958.0,25.0,960
mobilenet_v3_large,45,0,1,mahalanobis,0.8739570823168836,0.8739571110443389,0.48620876149269876,0.7314924472721227,0.939100884815625,0.8739570910752541,0.48622051872927785,0.7314921333749619,0.9391006972413769,0.0,0.0,0.0,0.0,,,960
mobilenet_v3_large,45,1,4,mahalanobis,0.8739570823168836,0.873957104738312,0.48619700425611967,0.7314923990824667,0.9391008715186745,0.8739570910752541,0.48622051872927785,0.7314921333749619,0.9391006972413769,0.0,0.0,0.0,0.0,,,960
mobilenet_v3_large,45,2,8,mahalanobis,0.8739570823168836,0.8739570823168836,0.48619700425611967,0.731492377140332,0.9391008591091852,0.8739570910752541,0.48622051872927785,0.7314921333749619,0.9391006972413769,0.0,0.0,0.0,0.0,,,960
mobilenet_v3_large,45,0,1,vim,0.7247755872501443,0.7247755872501443,0.823806052625391,0.4595735604216513,0.8532413163658614,0.8634095439907447,0.43840383756201945,0.6087915839608352,0.9431380969088817,,,,,958.0,24.0,960
mobilenet_v3_large,45,1,4,vim,0.7247755872501443,0.7247755872501443,0.823806052625391,0.4595735604216513,0.8532413163658614,0.8634095439907447,0.43840383756201945,0.6087915839608352,0.9431380969088817,,,,,958.0,24.0,960
mobilenet_v3_large,45,2,8,vim,0.7247755872501443,0.7247755872501443,0.823806052625391,0.4595735604216513,0.8532413163658614,0.8634095439907447,0.43840383756201945,0.6087915839608352,0.9431380969088817,,,,,958.0,24.0,960
mobilenet_v3_large,46,0,1,mahalanobis,0.8469589037006091,0.8469588627114352,0.662320408211254,0.7417667407374114,0.9133285805686395,0.8469591040921265,0.662320408211254,0.7417673245158277,0.9133286731345637,0.0,0.0,0.0,0.0,,,960
mobilenet_v3_large,46,1,4,mahalanobis,0.8469589037006091,0.8469588733966471,0.662320408211254,0.7417667769684851,0.9133285675771995,0.8469591040921265,0.662320408211254,0.7417673245158277,0.9133286731345637,0.0,0.0,0.0,0.0,,,960
mobilenet_v3_large,46,2,8,mahalanobis,0.8469589037006091,0.8469589037006091,0.662320408211254,0.7417668093137364,0.9133286081419771,0.8469591040921265,0.662320408211254,0.7417673245158277,0.9133286731345637,0.0,0.0,0.0,0.0,,,960
mobilenet_v3_large,46,0,1,vim,0.6895206019716338,0.6895206019716338,0.887295130152609,0.46554233560437175,0.8180291273144694,0.8526707335377738,0.573353399017095,0.6810654125241038,0.9328451306847307,,,,,958.0,24.0,960
mobilenet_v3_large,46,1,4,vim,0.6895206019716338,0.6895206019716338,0.887295130152609,0.46554233560437175,0.8180291273144694,0.8526707335377738,0.573353399017095,0.6810654125241038,0.9328451306847307,,,,,958.0,24.0,960
mobilenet_v3_large,46,2,8,vim,0.6895206019716338,0.6895206019716338,0.887295130152609,0.46554233560437175,0.8180291273144694,0.8526707335377738,0.573353399017095,0.6810654125241038,0.9328451306847307,,,,,958.0,24.0,960
regnet_y_3_2gf,42,0,1,mahalanobis,0.9641097914784724,0.9641097879751244,0.19741575939991066,0.9315333830375024,0.9836705190972989,0.9641095451930938,0.19741575939991066,0.9315329321972385,0.9836703987330707,0.0,0.0,0.0,0.0,,,1512
regnet_y_3_2gf,42,1,4,mahalanobis,0.9641097914784724,0.9641097897267986,0.19741575939991066,0.9315333929072571,0.9836705210754041,0.9641095451930938,0.19741575939991066,0.9315329321972385,0.9836703987330707,0.0,0.0,0.0,0.0,,,1512
regnet_y_3_2gf,42,2,8,mahalanobis,0.9641097914784724,0.9641097914784725,0.19741575939991066,0.9315333872699193,0.9836705246874217,0.9641095451930938,0.19741575939991066,0.9315329321972385,0.9836703987330707,0.0,0.0,0.0,0.0,,,1512
regnet_y_3_2gf,42,0,1,vim,0.779570704370298,0.779570704370298,0.6536670820890258,0.6029461123042622,0.8987789067153362,0.9592557895561715,0.20593975591976862,0.9186323640411909,0.9827149793557826,,,,,1510.0,43.0,1512
regnet_y_3_2gf,42,1,4,vim,0.779570704370298,0.7795707047206328,0.6536670820890258,0.6029461113130067,0.8987789065760939,0.9592557895561715,0.20593975591976862,0.9186323640411909,0.9827149793557826,,,,,1510.0,43.0,1512
regnet_y_3_2gf,42,2,8,vim,0.779570704370298,0.779570704370298,0.6536670820890258,0.6029461123042622,0.8987789067153362,0.9592557895561715,0.20593975591976862,0.9186323640411909,0.9827149793557826,,,,,1510.0,43.0,1512
regnet_y_3_2gf,43,0,1,mahalanobis,0.9527281938785408,0.9527281984328935,0.2621040750581983,0.9163267844643405,0.9775295335181042,0.9527282264596793,0.2621040750581983,0.9163268124301218,0.9775295993217044,0.0,0.0,0.0,0.0,,,1512
regnet_y_3_2gf,43,1,4,mahalanobis,0.9527281938785408,0.9527281949295452,0.2621040750581983,0.9163267748735943,0.9775295308540531,0.9527282264596793,0.2621040750581983,0.9163268124301218,0.9775295993217044,0.0,0.0,0.0,0.0,,,1512
regnet_y_3_2gf,43,2,8,mahalanobis,0.9527281938785408,0.9527281938785409,0.2621040750581983,0.9163267756049713,0.9775295314610677,0.9527282264596793,0.2621040750581983,0.9163268124301218,0.9775295993217044,0.0,0.0,0.0,0.0,,,1512
regnet_y_3_2gf,43,0,1,vim,0.7657116177444643,0.7657116182699666,0.7108895525195758,0.6108966901268361,0.8863145059807112,0.9531208887332967,0.30365414912878874,0.920281515208673,0.9785354979370058,,,,,1510.0,38.0,1512
regnet_y_3_2gf,43,1,4,vim,0.7657116177444643,0.7657116177444643,0.7108895525195758,0.6108966894968606,0.8863145058298536,0.9531208887332967,0.30365414912878874,0.920281515208673,0.9785354979370058,,,,,1510.0,38.0,1512
regnet_y_3_2gf,43,2,8,vim,0.7657116177444643,0.7657116177444643,0.7108895525195758,0.6108966894968606,0.8863145058298536,0.9531208887332967,0.30365414912878874,0.920281515208673,0.9785354979370058,,,,,1510.0,38.0,1512
regnet_y_3_2gf,44,0,1,mahalanobis,0.9531626461915677,0.9531626547747708,0.23462741317280786,0.9082701615255402,0.979538246169142,0.9531625677165678,0.23462741317280786,0.9082699850437749,0.9795382047800735,0.0,0.0,0.0,0.0,,,1512
regnet_y_3_2gf,44,1,4,mahalanobis,0.9531626461915677,0.9531626470674046,0.23462741317280786,0.9082701588988145,0.9795382408511456,0.9531625677165678,0.23462741317280786,0.9082699850437749,0.9795382047800735,0.0,0.0,0.0,0.0,,,1512
regnet_y_3_2gf,44,2,8,mahalanobis,0.9531626461915677,0.9531626461915677,0.23462741317280786,0.9082701458475921,0.9795382418874512,0.9531625677165678,0.23462741317280786,0.9082699850437749,0.9795382047800735,0.0,0.0,0.0,0.0,,,1512
regnet_y_3_2gf,44,0,1,vim,0.7886256376899505,0.7886256376899505,0.6995438192207304,0.6504931407295649,0.895876907244466,0.9600063657938911,0.22044818585839585,0.925819613707946,0.9821291429674675,,,,,1510.0,43.0,1512
regnet_y_3_2gf,44,1,4,vim,0.7886256376899505,0.7886256376899505,0.6995438192207304,0.6504931407295649,0.895876907244466,0.9600063657938911,0.22044818585839585,0.925819613707946,0.9821291429674675,,,,,1510.0,43.0,1512
regnet_y_3_2gf,44,2,8,vim,0.7886256376899505,0.7886256376899505,0.6995438192207304,0.6504931407295649,0.895876907244466,0.9600063657938911,0.22044818585839585,0.925819613707946,0.9821291429674675,,,,,1510.0,43.0,1512
regnet_y_3_2gf,45,0,1,mahalanobis,0.9689475524039934,0.9689475524039933,0.18494133138947022,0.9441454943570318,0.9856701929150443,0.9689474930222413,0.18494133138947022,0.9441454276767561,0.9856701587418888,0.0,0.0,0.0,0.0,,,1512
regnet_y_3_2gf,45,1,4,mahalanobis,0.9689475524039934,0.9689475481999755,0.18494133138947022,0.9441454928264622,0.9856701881183305,0.9689474930222413,0.18494133138947022,0.9441454276767561,0.9856701587418888,0.0,0.0,0.0,0.0,,,1512
regnet_y_3_2gf,45,2,8,mahalanobis,0.9689475524039934,0.9689475524039934,0.18494133138947022,0.9441454991986021,0.9856701919516673,0.9689474930222413,0.18494133138947022,0.9441454276767561,0.9856701587418888,0.0,0.0,0.0,0.0,,,1512
regnet_y_3_2gf,45,0,1,vim,0.8104814289193211,0.8104814287441536,0.61855997366379,0.6648040319768868,0.9131813760380445,0.9530007694333597,0.2996919604016272,0.9224050753444268,0.9775208593595272,,,,,1510.0,42.0,1512
regnet_y_3_2gf,45,1,4,vim,0.8104814289193211,0.8104814289193211,0.61855997366379,0.6648040337047607,0.9131813762620424,0.9530007694333597,0.2996919604016272,0.9224050753444268,0.9775208593595272,,,,,1510.0,42.0,1512
regnet_y_3_2gf,45,2,8,vim,0.8104814289193211,0.8104814289193211,0.61855997366379,0.6648040337047607,0.9131813762620424,0.9530007694333597,0.2996919604016272,0.9224050753444268,0.9775208593595272,,,,,1510.0,42.0,1512
regnet_y_3_2gf,46,0,1,mahalanobis,0.9623083467088832,0.9623083430303677,0.23581489406729841,0.9396123140889419,0.9804078549627349,0.9623084307892402,0.2358031368307193,0.9396124270926646,0.9804079130239535,0.0,0.0,0.0,0.0,,,1512
regnet_y_3_2gf,46,1,4,mahalanobis,0.9623083467088832,0.9623083477598877,0.23581489406729841,0.939612322152585,0.9804078559377309,0.9623084307892402,0.2358031368307193,0.9396124270926646,0.9804079130239535,0.0,0.0,0.0,0.0,,,1512
regnet_y_3_2gf,46,2,8,mahalanobis,0.9623083467088832,0.9623083467088833,0.23581489406729841,0.9396123230755968,0.980407855379192,0.9623084307892402,0.2358031368307193,0.9396124270926646,0.9804079130239535,0.0,0.0,0.0,0.0,,,1512
regnet_y_3_2gf,46,0,1,vim,0.766301619768839,0.766301619768839,0.6820843229007454,0.5730123881658238,0.8908810746726266,0.957845383258306,0.26218637571425213,0.9233537048406111,0.9815465523141591,,,,,1510.0,46.0,1512
regnet_y_3_2gf,46,1,4,vim,0.766301619768839,0.7663016199440065,0.6820843229007454,0.5730123893509276,0.8908810746609761,0.957845383258306,0.26218637571425213,0.9233537048406111,0.9815465523141591,,,,,1510.0,46.0,1512
regnet_y_3_2gf,46,2,8,vim,0.766301619768839,0.766301619768839,0.6820843229007454,0.5730123881658238,0.8908810746726266,0.9578453832583059,0.26218637571425213,0.9233537048406111,0.9815465523136016,,,,,1510.0,46.0,1512
resnet18,42,0,1,mahalanobis,0.9557756731031954,0.957862465934493,0.20752698285794907,0.9185078441100575,0.9804488034695111,0.9611539997810546,0.1929127377901098,0.9240558238452483,0.9822279160069917,0.0,0.0,12.0,0.0,,,512
resnet18,42,1,4,mahalanobis,0.9557756731031954,0.9518668596376255,0.2311590283819691,0.9099966442928521,0.9767457339535941,0.9611539997810546,0.1929127377901098,0.9240558238452483,0.9822279160069917,0.0,0.0,12.0,0.0,,,512
resnet18,42,2,8,mahalanobis,0.9557756731031954,0.9557756731031954,0.21688574317492418,0.916782009999304,0.9782939532597388,0.9611539997810546,0.1929127377901098,0.9240558238452483,0.9822279160069917,0.0,0.0,11.0,0.0,,,512
resnet18,42,3,1,mahalanobis,0.9557756731031954,0.957862465934493,0.20752698285794907,0.9185078441100575,0.9804488034695111,0.9611539997810546,0.1929127377901098,0.9240558238452483,0.9822279160069917,0.0,0.0,12.0,0.0,,,512
resnet18,42,4,4,mahalanobis,0.9557756731031954,0.9518668596376255,0.2311590283819691,0.9099966442928521,0.9767457339535941,0.9611539997810546,0.1929127377901098,0.9240558238452483,0.9822279160069917,0.0,0.0,12.0,0.0,,,512
resnet18,42,5,8,mahalanobis,0.9557756731031954,0.9557756731031954,0.21688574317492418,0.916782009999304,0.9782939532597388,0.9611539997810546,0.1929127377901098,0.9240558238452483,0.9822279160069917,0.0,0.0,11.0,0.0,,,512
resnet18,42,6,1,mahalanobis,0.9557756731031954,0.957862465934493,0.20752698285794907,0.9185078441100575,0.9804488034695111,0.9611539997810546,0.1929127377901098,0.9240558238452483,0.9822279160069917,0.0,0.0,12.0,0.0,,,512
resnet18,42,7,4,mahalanobis,0.9557756731031954,0.9518668596376255,0.2311590283819691,0.9099966442928521,0.9767457339535941,0.9611539997810546,0.1929127377901098,0.9240558238452483,0.9822279160069917,0.0,0.0,12.0,0.0,,,512
resnet18,42,8,8,mahalanobis,0.9557756731031954,0.9557756731031954,0.21688574317492418,0.916782009999304,0.9782939532597388,0.9611539997810546,0.1929127377901098,0.9240558238452483,0.9822279160069917,0.0,0.0,11.0,0.0,,,512
resnet18,42,9,1,mahalanobis,0.9557756731031954,0.957862465934493,0.20752698285794907,0.9185078441100575,0.9804488034695111,0.9611539997810546,0.1929127377901098,0.9240558238452483,0.9822279160069917,0.0,0.0,12.0,0.0,,,512
resnet18,42,0,1,vim,0.7148266003441744,0.7293716626929823,0.8429585910127684,0.47532286892547737,0.8520933837896895,0.8323750267060234,0.8244762151104005,0.7158503876743622,0.879752905538638,,,,,510.0,2.0,512
resnet18,42,1,4,vim,0.7148266003441744,0.7337443086006386,0.8392080325440309,0.490420494367477,0.8541675711886372,0.8323750267060234,0.8244762151104005,0.7158503876743622,0.879752905538638,,,,,510.0,2.0,512
resnet18,42,2,8,vim,0.7148266003441744,0.7169006380101566,0.8433113081101418,0.4544185599614194,0.8476967625241746,0.8323750267060234,0.8244762151104005,0.7158503876743622,0.879752905538638,,,,,510.0,2.0,512
resnet18,42,3,1,vim,0.7148266003441744,0.7293716626929823,0.8429585910127684,0.47532286892547737,0.8520933837896895,0.8323750267060234,0.8244762151104005,0.7158503876743622,0.879752905538638,,,,,510.0,2.0,512
resnet18,42,4,4,vim,0.7148266003441744,0.7337443086006386,0.8392080325440309,0.490420494367477,0.8541675711886372,0.8323750267060234,0.8244762151104005,0.7158503876743622,0.879752905538638,,,,,510.0,2.0,512
resnet18,42,5,8,vim,0.7148266003441744,0.7169006380101566,0.8433113081101418,0.4544185599614194,0.8476967625241746,0.8323750267060234,0.8244762151104005,0.7158503876743622,0.879752905538638,,,,,510.0,2.0,512
resnet18,42,6,1,vim,0.7148266003441744,0.7293716626929823,0.8429585910127684,0.47532286892547737,0.8520933837896895,0.8323750267060234,0.8244762151104005,0.7158503876743622,0.879752905538638,,,,,510.0,2.0,512
resnet18,42,7,4,vim,0.7148266003441744,0.7337443086006386,0.8392080325440309,0.490420494367477,0.8541675711886372,0.8323750267060234,0.8244762151104005,0.7158503876743622,0.879752905538638,,,,,510.0,2.0,512
resnet18,42,8,8,vim,0.7148266003441744,0.7169006380101566,0.8433113081101418,0.4544185599614194,0.8476967625241746,0.8323750267060234,0.8244762151104005,0.7158503876743622,0.879752905538638,,,,,510.0,2.0,512
resnet18,42,9,1,vim,0.7148266003441744,0.7293716626929823,0.8429585910127684,0.47532286892547737,0.8520933837896895,0.8323750267060234,0.8244762151104005,0.7158503876743622,0.879752905538638,,,,,510.0,2.0,512
resnet18,43,0,1,mahalanobis,0.94130993198796,0.9672498827639556,0.17609988948197616,0.9383612094750484,0.9832850689622,0.9717412440047554,0.15526606626378536,0.9450390126120704,0.9864822560440951,0.0,0.0,15.0,0.0,,,512
resnet18,43,1,4,mahalanobis,0.94130993198796,0.9689815203426958,0.16764643638159288,0.9398132424913412,0.9848431202954171,0.9717412440047554,0.15526606626378536,0.9450390126120704,0.9864822560440951,0.0,0.0,15.0,0.0,,,512
resnet18,43,2,8,mahalanobis,0.94130993198796,0.9413099319879599,0.3091682930843934,0.9007213965700226,0.9641522189232082,0.9717412440047554,0.15526606626378536,0.9450390126120704,0.9864822560440951,0.0,0.0,15.0,0.0,,,512
resnet18,43,3,1,mahalanobis,0.94130993198796,0.9672498827639556,0.17609988948197616,0.9383612094750484,0.9832850689622,0.9717412440047554,0.15526606626378536,0.9450390126120704,0.9864822560440951,0.0,0.0,15.0,0.0,,,512
resnet18,43,4,4,mahalanobis,0.94130993198796,0.9689815203426958,0.16764643638159288,0.9398132424913412,0.9848431202954171,0.9717412440047554,0.15526606626378536,0.9450390126120704,0.9864822560440951,0.0,0.0,15.0,0.0,,,512
resnet18,43,5,8,mahalanobis,0.94130993198796,0.9413099319879599,0.3091682930843934,0.9007213965700226,0.9641522189232082,0.9717412440047554,0.15526606626378536,0.9450390126120704,0.9864822560440951,0.0,0.0,15.0,0.0,,,512
resnet18,43,6,1,mahalanobis,0.94130993198796,0.9672498827639556,0.17609988948197616,0.9383612094750484,0.9832850689622,0.9717412440047554,0.15526606626378536,0.9450390126120704,0.9864822560440951,0.0,0.0,15.0,0.0,,,512
resnet18,43,7,4,mahalanobis,0.94130993198796,0.9689815203426958,0.16764643638159288,0.9398132424913412,0.9848431202954171,0.9717412440047554,0.15526606626378536,0.9450390126120704,0.9864822560440951,0.0,0.0,15.0,0.0,,,512
resnet18,43,8,8,mahalanobis,0.94130993198796,0.9413099319879599,0.3091682930843934,0.9007213965700226,0.9641522189232082,0.9717412440047554,0.15526606626378536,0.9450390126120704,0.9864822560440951,0.0,0.0,15.0,0.0,,,512
resnet18,43,9,1,mahalanobis,0.94130993198796,0.9672498827639556,0.17609988948197616,0.9383612094750484,0.9832850689622,0.9717412440047554,0.15526606626378536,0.9450390126120704,0.9864822560440951,0.0,0.0,15.0,0.0,,,512
resnet18,43,0,1,vim,0.6922116030794486,0.8038905608462498,0.7031532908505185,0.6432958368033836,0.8974027569813868,0.8559163675671457,0.7543795706257201,0.7931279863607574,0.8926905136540821,,,,,510.0,2.0,512
resnet18,43,1,4,vim,0.6922116030794486,0.7787560888542154,0.7917323112375667,0.6218533380384904,0.8761267588807318,0.8559163675671457,0.7543795706257201,0.7931279863932597,0.8926905136540821,,,,,510.0,2.0,512
resnet18,43,2,8,vim,0.6922116030794486,0.6922116030794486,0.8566440143908576,0.462492909376053,0.830263422648885,0.8559163675671457,0.7543795706257201,0.7931279863932597,0.8926905136540821,,,,,510.0,2.0,512
resnet18,43,3,1,vim,0.6922116030794486,0.8038905608462498,0.7031532908505185,0.6432958368033836,0.8974027569813868,0.8559163675671457,0.7543795706257201,0.7931279863607574,0.8926905136540821,,,,,510.0,2.0,512
resnet18,43,4,4,vim,0.6922116030794486,0.7787560888542154,0.7917323112375667,0.6218533380384904,0.8761267588807318,0.8559163675671457,0.7543795706257201,0.7931279863932597,0.8926905136540821,,,,,510.0,2.0,512
resnet18,43,5,8,vim,0.6922116030794486,0.6922116030794486,0.8566440143908576,0.462492909376053,0.830263422648885,0.8559163675671457,0.7543795706257201,0.7931279863932597,0.8926905136540821,,,,,510.0,2.0,512
resnet18,43,6,1,vim,0.6922116030794486,0.8038905608462498,0.7031532908505185,0.6432958368033836,0.8974027569813868,0.8559163675671457,0.7543795706257201,0.7931279863607574,0.8926905136540821,,,,,510.0,2.0,512
resnet18,43,7,4,vim,0.6922116030794486,0.7787560888542154,0.7917323112375667,0.6218533380384904,0.8761267588807318,0.8559163675671457,0.7543795706257201,0.7931279863932597,0.8926905136540821,,,,,510.0,2.0,512
resnet18,43,8,8,vim,0.6922116030794486,0.6922116030794486,0.8566440143908576,0.462492909376053,0.830263422648885,0.8559163675671457,0.7543795706257201,0.7931279863932597,0.8926905136540821,,,,,510.0,2.0,512
resnet18,43,9,1,vim,0.6922116030794486,0.8038905608462498,0.7031532908505185,0.6432958368033836,0.8974027569813868,0.8559163675671457,0.7543795706257201,0.7931279863607574,0.8926905136540821,,,,,510.0,2.0,512
resnet18,44,0,1,mahalanobis,0.8778437583003078,0.9647266901083638,0.1926540785853693,0.9359228065839688,0.9817723309067634,0.9677631798551986,0.18023843675782444,0.9412712210441889,0.9837958752445574,1.0,0.0,16.0,0.0,,,512
resnet18,44,1,4,mahalanobis,0.8778437583003078,0.8905299188669398,0.2669480565287935,0.6083942110176678,0.9599580170397969,0.9677631798551986,0.18023843675782444,0.9412712210441889,0.9837958752445574,6100.0,0.0,17.0,0.0,,,512
resnet18,44,2,8,mahalanobis,0.8778437583003078,0.8778437583003078,0.5254896889035201,0.7891788144975181,0.9392408366171542,0.9677631798551986,0.18023843675782444,0.9412712210441889,0.9837958752445574,0.0,0.0,15.0,0.0,,,512
resnet18,44,3,1,mahalanobis,0.8778437583003078,0.9647266901083638,0.1926540785853693,0.9359228065839688,0.9817723309067634,0.9677631798551986,0.18023843675782444,0.9412712210441889,0.9837958752445574,1.0,0.0,16.0,0.0,,,512
resnet18,44,4,4,mahalanobis,0.8778437583003078,0.8905299188669398,0.2669480565287935,0.6083942110176678,0.9599580170397969,0.9677631798551986,0.18023843675782444,0.9412712210441889,0.9837958752445574,6100.0,0.0,17.0,0.0,,,512
resnet18,44,5,8,mahalanobis,0.8778437583003078,0.8778437583003078,0.5254896889035201,0.7891788144975181,0.9392408366171542,0.9677631798551986,0.18023843675782444,0.9412712210441889,0.9837958752445574,0.0,0.0,15.0,0.0,,,512
resnet18,44,6,1,mahalanobis,0.8778437583003078,0.9647266901083638,0.1926540785853693,0.9359228065839688,0.9817723309067634,0.9677631798551986,0.18023843675782444,0.9412712210441889,0.9837958752445574,1.0,0.0,16.0,0.0,,,512
resnet18,44,7,4,mahalanobis,0.8778437583003078,0.8905299188669398,0.2669480565287935,0.6083942110176678,0.9599580170397969,0.9677631798551986,0.18023843675782444,0.9412712210441889,0.9837958752445574,6100.0,0.0,17.0,0.0,,,512
resnet18,44,8,8,mahalanobis,0.8778437583003078,0.8778437583003078,0.5254896889035201,0.7891788144975181,0.9392408366171542,0.9677631798551986,0.18023843675782444,0.9412712210441889,0.9837958752445574,0.0,0.0,15.0,0.0,,,512
resnet18,44,9,1,mahalanobis,0.8778437583003078,0.9647266901083638,0.1926540785853693,0.9359228065839688,0.9817723309067634,0.9677631798551986,0.18023843675782444,0.9412712210441889,0.9837958752445574,1.0,0.0,16.0,0.0,,,512
resnet18,44,0,1,vim,0.7735533184583037,0.773329898732497,0.7119241893385378,0.5721330668481281,0.886708031113469,0.825179069264361,0.8837562019422954,0.7281386420828525,0.8723193977393782,,,,,510.0,2.0,512
resnet18,44,1,4,vim,0.7735533184583037,0.8010604260161105,0.6773461565593623,0.6401864331255116,0.8999151228059272,0.8251790694395285,0.8837562019422954,0.7281386420828525,0.8723193977393784,,,,,510.0,2.0,512
resnet18,44,2,8,vim,0.7735533184583037,0.7735533184583037,0.717379547111247,0.5743078296556902,0.8860368332264136,0.825179069264361,0.8837562019422954,0.728138641461441,0.8723193976248568,,,,,510.0,2.0,512
resnet18,44,3,1,vim,0.7735533184583037,0.773329898732497,0.7119241893385378,0.5721330668481281,0.886708031113469,0.825179069264361,0.8837562019422954,0.7281386420828525,0.8723193977393782,,,,,510.0,2.0,512
resnet18,44,4,4,vim,0.7735533184583037,0.8010604260161105,0.6773461565593623,0.6401864331255116,0.8999151228059272,0.8251790694395285,0.8837562019422954,0.7281386420828525,0.8723193977393784,,,,,510.0,2.0,512
resnet18,44,5,8,vim,0.7735533184583037,0.7735533184583037,0.717379547111247,0.5743078296556902,0.8860368332264136,0.825179069264361,0.8837562019422954,0.728138641461441,0.8723193976248568,,,,,510.0,2.0,512
resnet18,44,6,1,vim,0.7735533184583037,0.773329898732497,0.7119241893385378,0.5721330668481281,0.886708031113469,0.825179069264361,0.8837562019422954,0.7281386420828525,0.8723193977393782,,,,,510.0,2.0,512
resnet18,44,7,4,vim,0.7735533184583037,0.8010604260161105,0.6773461565593623,0.6401864331255116,0.8999151228059272,0.8251790694395285,0.8837562019422954,0.7281386420828525,0.8723193977393784,,,,,510.0,2.0,512
resnet18,44,8,8,vim,0.7735533184583037,0.7735533184583037,0.717379547111247,0.5743078296556902,0.8860368332264136,0.825179069264361,0.8837562019422954,0.728138641461441,0.8723193976248568,,,,,510.0,2.0,512
resnet18,44,9,1,vim,0.7735533184583037,0.773329898732497,0.7119241893385378,0.5721330668481281,0.886708031113469,0.825179069264361,0.8837562019422954,0.7281386420828525,0.8723193977393782,,,,,510.0,2.0,512
resnet18,45,0,1,mahalanobis,0.9488873826788242,0.966215242266478,0.18132010252310296,0.9393271948096542,0.9833165019839407,0.9663035699076178,0.18014437886519152,0.9407914840793797,0.9832356205426783,0.0,0.0,16.0,0.0,,,512
resnet18,45,1,4,mahalanobis,0.9488873826788242,0.9673419621406892,0.17665247960119454,0.9411684965438782,0.9839360813918008,0.9663035699076178,0.18014437886519152,0.9407914840793797,0.9832356205426783,0.0,0.0,16.0,0.0,,,512
resnet18,45,2,8,mahalanobis,0.9488873826788242,0.9488873826788242,0.20651586051214524,0.8272246121961458,0.9769425507903279,0.9663035699076178,0.18014437886519152,0.9407914840793797,0.9832356205426783,991.0,0.0,16.0,0.0,,,512
resnet18,45,3,1,mahalanobis,0.9488873826788242,0.966215242266478,0.18132010252310296,0.9393271948096542,0.9833165019839407,0.9663035699076178,0.18014437886519152,0.9407914840793797,0.9832356205426783,0.0,0.0,16.0,0.0,,,512
resnet18,45,4,4,mahalanobis,0.9488873826788242,0.9673419621406892,0.17665247960119454,0.9411684965438782,0.9839360813918008,0.9663035699076178,0.18014437886519152,0.9407914840793797,0.9832356205426783,0.0,0.0,16.0,0.0,,,512
resnet18,45,5,8,mahalanobis,0.9488873826788242,0.9488873826788242,0.20651586051214524,0.8272246121961458,0.9769425507903279,0.9663035699076178,0.18014437886519152,0.9407914840793797,0.9832356205426783,991.0,0.0,16.0,0.0,,,512
resnet18,45,6,1,mahalanobis,0.9488873826788242,0.966215242266478,0.18132010252310296,0.9393271948096542,0.9833165019839407,0.9663035699076178,0.18014437886519152,0.9407914840793797,0.9832356205426783,0.0,0.0,16.0,0.0,,,512
resnet18,45,7,4,mahalanobis,0.9488873826788242,0.9673419621406892,0.17665247960119454,0.9411684965438782,0.9839360813918008,0.9663035699076178,0.18014437886519152,0.9407914840793797,0.9832356205426783,0.0,0.0,16.0,0.0,,,512
resnet18,45,8,8,mahalanobis,0.9488873826788242,0.9488873826788242,0.20651586051214524,0.8272246121961458,0.9769425507903279,0.9663035699076178,0.18014437886519152,0.9407914840793797,0.9832356205426783,991.0,0.0,16.0,0.0,,,512
resnet18,45,9,1,mahalanobis,0.9488873826788242,0.966215242266478,0.18132010252310296,0.9393271948096542,0.9833165019839407,0.9663035699076178,0.18014437886519152,0.9407914840793797,0.9832356205426783,0.0,0.0,16.0,0.0,,,512
resnet18,45,0,1,vim,0.7704786821541937,0.7619533103949975,0.6648599713123428,0.5204235333634061,0.8916192695863598,0.8518412324703316,0.7541209114209796,0.746433354569349,0.9023519398082132,,,,,510.0,2.0,512
resnet18,45,1,4,vim,0.7704786821541937,0.889043291973832,0.4745573400427963,0.7731547853870571,0.9490284217746306,0.8518412324703315,0.7541209114209796,0.7464333548865049,0.9023519397955273,,,,,510.0,2.0,512
resnet18,45,2,8,vim,0.7704786821541937,0.7704786821541937,0.6856585228207962,0.5782833561762842,0.8912999394797624,0.8518412322951642,0.7541209114209796,0.7464333536017967,0.902351939687644,,,,,510.0,2.0,512
resnet18,45,3,1,vim,0.7704786821541937,0.7619533103949975,0.6648599713123428,0.5204235333634061,0.8916192695863598,0.8518412324703316,0.7541209114209796,0.746433354569349,0.9023519398082132,,,,,510.0,2.0,512
resnet18,45,4,4,vim,0.7704786821541937,0.889043291973832,0.4745573400427963,0.7731547853870571,0.9490284217746306,0.8518412324703315,0.7541209114209796,0.7464333548865049,0.9023519397955273,,,,,510.0,2.0,512
resnet18,45,5,8,vim,0.7704786821541937,0.7704786821541937,0.6856585228207962,0.5782833561762842,0.8912999394797624,0.8518412322951642,0.7541209114209796,0.7464333536017967,0.902351939687644,,,,,510.0,2.0,512
resnet18,45,6,1,vim,0.7704786821541937,0.7619533103949975,0.6648599713123428,0.5204235333634061,0.8916192695863598,0.8518412324703316,0.7541209114209796,0.746433354569349,0.9023519398082132,,,,,510.0,2.0,512
resnet18,45,7,4,vim,0.7704786821541937,0.889043291973832,0.4745573400427963,0.7731547853870571,0.9490284217746306,0.8518412324703315,0.7541209114209796,0.7464333548865049,0.9023519397955273,,,,,510.0,2.0,512
resnet18,45,8,8,vim,0.7704786821541937,0.7704786821541937,0.6856585228207962,0.5782833561762842,0.8912999394797624,0.8518412322951642,0.7541209114209796,0.7464333536017967,0.902351939687644,,,,,510.0,2.0,512
resnet18,45,9,1,vim,0.7704786821541937,0.7619533103949975,0.6648599713123428,0.5204235333634061,0.8916192695863598,0.8518412324703316,0.7541209114209796,0.746433354569349,0.9023519398082132,,,,,510.0,2.0,512
resnet18,46,0,1,mahalanobis,0.9132590177303892,0.9683792336526695,0.15746466950407975,0.9332243490064116,0.9856698807383595,0.9681728892460186,0.17050344487031768,0.9431621814770871,0.9850815870679456,60.0,0.0,11.0,0.0,,,512
resnet18,46,1,4,mahalanobis,0.9132590177303892,0.9674027802655443,0.1542314294448233,0.9198558234522605,0.9853860727075834,0.9681728892460186,0.17050344487031768,0.9431621814770872,0.985081587070825,184.0,0.0,11.0,0.0,,,512
resnet18,46,2,8,mahalanobis,0.9132590177303892,0.9132590177303892,0.23345168951489642,0.6784341845467969,0.9683175588483459,0.9681728892460186,0.17050344487031768,0.9431621814770872,0.985081587070825,6542.0,0.0,11.0,0.0,,,512
resnet18,46,3,1,mahalanobis,0.9132590177303892,0.9683792336526695,0.15746466950407975,0.9332243490064116,0.9856698807383595,0.9681728892460186,0.17050344487031768,0.9431621814770871,0.9850815870679456,60.0,0.0,11.0,0.0,,,512
resnet18,46,4,4,mahalanobis,0.9132590177303892,0.9674027802655443,0.1542314294448233,0.9198558234522605,0.9853860727075834,0.9681728892460186,0.17050344487031768,0.9431621814770872,0.985081587070825,184.0,0.0,11.0,0.0,,,512
resnet18,46,5,8,mahalanobis,0.9132590177303892,0.9132590177303892,0.23345168951489642,0.6784341845467969,0.9683175588483459,0.9681728892460186,0.17050344487031768,0.9431621814770872,0.985081587070825,6542.0,0.0,11.0,0.0,,,512
resnet18,46,6,1,mahalanobis,0.9132590177303892,0.9683792336526695,0.15746466950407975,0.9332243490064116,0.9856698807383595,0.9681728892460186,0.17050344487031768,0.9431621814770871,0.9850815870679456,60.0,0.0,11.0,0.0,,,512
resnet18,46,7,4,mahalanobis,0.9132590177303892,0.9674027802655443,0.1542314294448233,0.9198558234522605,0.9853860727075834,0.9681728892460186,0.17050344487031768,0.9431621814770872,0.985081587070825,184.0,0.0,11.0,0.0,,,512
resnet18,46,8,8,mahalanobis,0.9132590177303892,0.9132590177303892,0.23345168951489642,0.6784341845467969,0.9683175588483459,0.9681728892460186,0.17050344487031768,0.9431621814770872,0.985081587070825,6542.0,0.0,11.0,0.0,,,512
resnet18,46,9,1,mahalanobis,0.9132590177303892,0.9683792336526695,0.15746466950407975,0.9332243490064116,0.9856698807383595,0.9681728892460186,0.17050344487031768,0.9431621814770871,0.9850815870679456,60.0,0.0,11.0,0.0,,,512
resnet18,46,0,1,vim,0.7904076697064611,0.7781039052018639,0.6781574058833212,0.5177350079848583,0.8837288259065351,0.8651291615817902,0.925106402991041,0.8181988821648967,0.8833296443146261,,,,,510.0,2.0,512
resnet18,46,1,4,vim,0.7904076697064611,0.8357738216887691,0.5160603851670703,0.6489913441065114,0.9293977752986393,0.8651291617569576,0.925106402991041,0.8181988830606814,0.8833296444260645,,,,,510.0,2.0,512
resnet18,46,2,8,vim,0.7904076697064611,0.7904076697064611,0.6513038775366238,0.53057231057631,0.889556572352994,0.8651291617569576,0.925106402991041,0.8181988830606814,0.8833296444390297,,,,,510.0,2.0,512
resnet18,46,3,1,vim,0.7904076697064611,0.7781039052018639,0.6781574058833212,0.5177350079848583,0.8837288259065351,0.8651291615817902,0.925106402991041,0.8181988821648967,0.8833296443146261,,,,,510.0,2.0,512
resnet18,46,4,4,vim,0.7904076697064611,0.8357738216887691,0.5160603851670703,0.6489913441065114,0.9293977752986393,0.8651291617569576,0.925106402991041,0.8181988830606814,0.8833296444260645,,,,,510.0,2.0,512
resnet18,46,5,8,vim,0.7904076697064611,0.7904076697064611,0.6513038775366238,0.53057231057631,0.889556572352994,0.8651291617569576,0.925106402991041,0.8181988830606814,0.8833296444390297,,,,,510.0,2.0,512
resnet18,46,6,1,vim,0.7904076697064611,0.7781039052018639,0.6781574058833212,0.5177350079848583,0.8837288259065351,0.8651291615817902,0.925106402991041,0.8181988821648967,0.8833296443146261,,,,,510.0,2.0,512
resnet18,46,7,4,vim,0.7904076697064611,0.8357738216887691,0.5160603851670703,0.6489913441065114,0.9293977752986393,0.8651291617569576,0.925106402991041,0.8181988830606814,0.8833296444260645,,,,,510.0,2.0,512
resnet18,46,8,8,vim,0.7904076697064611,0.7904076697064611,0.6513038775366238,0.53057231057631,0.889556572352994,0.8651291617569576,0.925106402991041,0.8181988830606814,0.8833296444390297,,,,,510.0,2.0,512
resnet18,46,9,1,vim,0.7904076697064611,0.7781039052018639,0.6781574058833212,0.5177350079848583,0.8837288259065351,0.8651291615817902,0.925106402991041,0.8181988821648967,0.8833296443146261,,,,,510.0,2.0,512
resnet50,42,0,1,mahalanobis,0.8955319391777833,0.8903410966315084,0.6024878312601406,0.8093108685963439,0.9423933685814155,0.9181810974156978,0.5192818679897477,0.864234105824771,0.9569750977534786,29.0,0.0,58.0,0.0,,,2048
resnet50,42,1,4,mahalanobis,0.8955319391777833,0.9020272662157587,0.5745056082018483,0.8352398023563399,0.9492707512956814,0.9181810974156978,0.5192818679897477,0.864234105824771,0.9569750977534786,11.0,0.0,58.0,0.0,,,2048
resnet50,42,2,8,mahalanobis,0.8955319391777833,0.8955319391777833,0.5807604580619371,0.8287103070631763,0.9448199050200377,0.9181810974156978,0.5192818679897477,0.864234105824771,0.9569750977534786,2.0,0.0,57.0,0.0,,,2048
resnet50,42,3,1,mahalanobis,0.8955319391777833,0.8903410966315084,0.6024878312601406,0.8093108685963439,0.9423933685814155,0.9181810974156978,0.5192818679897477,0.864234105824771,0.9569750977534786,29.0,0.0,58.0,0.0,,,2048
resnet50,42,4,4,mahalanobis,0.8955319391777833,0.9020272662157587,0.5745056082018483,0.8352398023563399,0.9492707512956814,0.9181810974156978,0.5192818679897477,0.864234105824771,0.9569750977534786,11.0,0.0,58.0,0.0,,,2048
resnet50,42,5,8,mahalanobis,0.8955319391777833,0.8955319391777833,0.5807604580619371,0.8287103070631763,0.9448199050200377,0.9181810974156978,0.5192818679897477,0.864234105824771,0.9569750977534786,2.0,0.0,57.0,0.0,,,2048
resnet50,42,6,1,mahalanobis,0.8955319391777833,0.8903410966315084,0.6024878312601406,0.8093108685963439,0.9423933685814155,0.9181810974156978,0.5192818679897477,0.864234105824771,0.9569750977534786,29.0,0.0,58.0,0.0,,,2048
resnet50,42,7,4,mahalanobis,0.8955319391777833,0.9020272662157587,0.5745056082018483,0.8352398023563399,0.9492707512956814,0.9181810974156978,0.5192818679897477,0.864234105824771,0.9569750977534786,11.0,0.0,58.0,0.0,,,2048
resnet50,42,8,8,mahalanobis,0.8955319391777833,0.8955319391777833,0.5807604580619371,0.8287103070631763,0.9448199050200377,0.9181810974156978,0.5192818679897477,0.864234105824771,0.9569750977534786,2.0,0.0,57.0,0.0,,,2048
resnet50,42,9,1,mahalanobis,0.8955319391777833,0.8903410966315084,0.6024878312601406,0.8093108685963439,0.9423933685814155,0.9181810974156978,0.5192818679897477,0.864234105824771,0.9569750977534786,29.0,0.0,58.0,0.0,,,2048
resnet50,42,0,1,vim,0.6395462116221866,0.7076333238397269,0.7302889928751146,0.413984531848441,0.8659869727084877,0.8807556462131763,0.44642227290897546,0.7844203266088192,0.941165529524861,,,,,2046.0,2.0,2048
resnet50,42,1,4,vim,0.6395462116221866,0.7356546934860397,0.711430385402215,0.4658061197120196,0.8776113576871472,0.8807556462131763,0.44642227290897546,0.7844203266088192,0.941165529524861,,,,,2046.0,2.0,2048
resnet50,42,2,8,vim,0.6395462116221866,0.737707185035053,0.692007430573518,0.45320426020888044,0.8813917203348836,0.8807556462131763,0.44642227290897546,0.784420326629456,0.941165529524861,,,,,2046.0,2.0,2048
resnet50,42,3,1,vim,0.6395462116221866,0.7076333238397269,0.7302889928751146,0.413984531848441,0.8659869727084877,0.8807556462131763,0.44642227290897546,0.7844203266088192,0.941165529524861,,,,,2046.0,2.0,2048
resnet50,42,4,4,vim,0.6395462116221866,0.7356546934860397,0.711430385402215,0.4658061197120196,0.8776113576871472,0.8807556462131763,0.44642227290897546,0.7844203266088192,0.941165529524861,,,,,2046.0,2.0,2048
resnet50,42,5,8,vim,0.6395462116221866,0.737707185035053,0.692007430573518,0.45320426020888044,0.8813917203348836,0.8807556462131763,0.44642227290897546,0.784420326629456,0.941165529524861,,,,,2046.0,2.0,2048
resnet50,42,6,1,vim,0.6395462116221866,0.7076333238397269,0.7302889928751146,0.413984531848441,0.8659869727084877,0.8807556462131763,0.44642227290897546,0.7844203266088192,0.941165529524861,,,,,2046.0,2.0,2048
resnet50,42,7,4,vim,0.6395462116221866,0.7356546934860397,0.711430385402215,0.4658061197120196,0.8776113576871472,0.8807556462131763,0.44642227290897546,0.7844203266088192,0.941165529524861,,,,,2046.0,2.0,2048
resnet50,42,8,8,vim,0.6395462116221866,0.737707185035053,0.692007430573518,0.45320426020888044,0.8813917203348836,0.8807556462131763,0.44642227290897546,0.784420326629456,0.941165529524861,,,,,2046.0,2.0,2048
resnet50,42,9,1,vim,0.6395462116221866,0.7076333238397269,0.7302889928751146,0.413984531848441,0.8659869727084877,0.8807556462131763,0.44642227290897546,0.7844203266088192,0.941165529524861,,,,,2046.0,2.0,2048
resnet50,43,0,1,mahalanobis,0.9641865722590932,0.9647913675216023,0.14489618360100642,0.9095548037259361,0.9867760732980182,0.9687826625911611,0.13217485362240458,0.9186407230824738,0.9883956053516505,15.0,0.0,65.0,0.0,,,2048
resnet50,43,1,4,mahalanobis,0.9641865722590932,0.6818739901073294,0.47204129141486584,0.361809914020916,0.8796933085438507,0.9687826625911609,0.13217485362240458,0.9186407230824738,0.9883956053516133,47044.0,0.0,66.0,0.0,,,2048
resnet50,43,2,8,mahalanobis,0.9641865722590932,0.9641865722590932,0.1492816328450161,0.9098254548040946,0.9864487315093547,0.9687826625911609,0.13217485362240458,0.9186407230824738,0.9883956053516352,0.0,0.0,65.0,0.0,,,2048
resnet50,43,3,1,mahalanobis,0.9641865722590932,0.9647913675216023,0.14489618360100642,0.9095548037259361,0.9867760732980182,0.9687826625911611,0.13217485362240458,0.9186407230824738,0.9883956053516505,15.0,0.0,65.0,0.0,,,2048
resnet50,43,4,4,mahalanobis,0.9641865722590932,0.6818739901073294,0.47204129141486584,0.361809914020916,0.8796933085438507,0.9687826625911609,0.13217485362240458,0.9186407230824738,0.9883956053516133,47044.0,0.0,66.0,0.0,,,2048
resnet50,43,5,8,mahalanobis,0.9641865722590932,0.9641865722590932,0.1492816328450161,0.9098254548040946,0.9864487315093547,0.9687826625911609,0.13217485362240458,0.9186407230824738,0.9883956053516352,0.0,0.0,65.0,0.0,,,2048
resnet50,43,6,1,mahalanobis,0.9641865722590932,0.9647913675216023,0.14489618360100642,0.9095548037259361,0.9867760732980182,0.9687826625911611,0.13217485362240458,0.9186407230824738,0.9883956053516505,15.0,0.0,65.0,0.0,,,2048
resnet50,43,7,4,mahalanobis,0.9641865722590932,0.6818739901073294,0.47204129141486584,0.361809914020916,0.8796933085438507,0.9687826625911609,0.13217485362240458,0.9186407230824738,0.9883956053516133,47044.0,0.0,66.0,0.0,,,2048
resnet50,43,8,8,mahalanobis,0.9641865722590932,0.9641865722590932,0.1492816328450161,0.9098254548040946,0.9864487315093547,0.9687826625911609,0.13217485362240458,0.9186407230824738,0.9883956053516352,0.0,0.0,65.0,0.0,,,2048
resnet50,43,9,1,mahalanobis,0.9641865722590932,0.9647913675216023,0.14489618360100642,0.9095548037259361,0.9867760732980182,0.9687826625911611,0.13217485362240458,0.9186407230824738,0.9883956053516505,15.0,0.0,65.0,0.0,,,2048
resnet50,43,0,1,vim,0.8270146914728757,0.8272051210444642,0.48188209843158464,0.5756126232188217,0.9296291780196669,0.913509632897314,0.4119970842053284,0.8287832972674828,0.9602120411155903,,,,,2046.0,2.0,2048
resnet50,43,1,4,vim,0.8270146914728757,0.8275954753122836,0.4808827333223599,0.576311078077688,0.9298238962099801,0.913509632897314,0.4119970842053284,0.8287832972674828,0.9602120411155903,,,,,2046.0,2.0,2048
resnet50,43,2,8,vim,0.8270146914728757,0.8270146914728757,0.48254050368001505,0.5753713855769744,0.9295217810581702,0.913509632897314,0.4119970842053284,0.8287832972674828,0.9602120411155903,,,,,2046.0,2.0,2048
resnet50,43,3,1,vim,0.8270146914728757,0.8272051210444642,0.48188209843158464,0.5756126232188217,0.9296291780196669,0.913509632897314,0.4119970842053284,0.8287832972674828,0.9602120411155903,,,,,2046.0,2.0,2048
resnet50,43,4,4,vim,0.8270146914728757,0.8275954753122836,0.4808827333223599,0.576311078077688,0.9298238962099801,0.913509632897314,0.4119970842053284,0.8287832972674828,0.9602120411155903,,,,,2046.0,2.0,2048
resnet50,43,5,8,vim,0.8270146914728757,0.8270146914728757,0.48254050368001505,0.5753713855769744,0.9295217810581702,0.913509632897314,0.4119970842053284,0.8287832972674828,0.9602120411155903,,,,,2046.0,2.0,2048
resnet50,43,6,1,vim,0.8270146914728757,0.8272051210444642,0.48188209843158464,0.5756126232188217,0.9296291780196669,0.913509632897314,0.4119970842053284,0.8287832972674828,0.9602120411155903,,,,,2046.0,2.0,2048
resnet50,43,7,4,vim,0.8270146914728757,0.8275954753122836,0.4808827333223599,0.576311078077688,0.9298238962099801,0.913509632897314,0.4119970842053284,0.8287832972674828,0.9602120411155903,,,,,2046.0,2.0,2048
resnet50,43,8,8,vim,0.8270146914728757,0.8270146914728757,0.48254050368001505,0.5753713855769744,0.9295217810581702,0.913509632897314,0.4119970842053284,0.8287832972674828,0.9602120411155903,,,,,2046.0,2.0,2048
resnet50,43,9,1,vim,0.8270146914728757,0.8272051210444642,0.48188209843158464,0.5756126232188217,0.9296291780196669,0.913509632897314,0.4119970842053284,0.8287832972674828,0.9602120411155903,,,,,2046.0,2.0,2048
resnet50,44,0,1,mahalanobis,0.9740168955063058,0.9703611442963824,0.14082817974463283,0.9251775721584637,0.987867784431712,0.9735933351028512,0.13538457920850283,0.9437843196074367,0.9890823454169583,157.0,0.0,52.0,0.0,,,2048
resnet50,44,1,4,mahalanobis,0.9740168955063058,0.9626897723434651,0.184094810355774,0.9261483446572039,0.9836138749423831,0.9735933351028512,0.13538457920850283,0.9437843196074368,0.9890823454169583,0.0,0.0,52.0,0.0,,,2048
resnet50,44,2,8,mahalanobis,0.9740168955063058,0.9740168955063058,0.13546687986455663,0.9443624101991169,0.9892366887438205,0.9735933351028512,0.13538457920850283,0.9437843196074368,0.9890823454169583,5.0,0.0,53.0,0.0,,,2048
resnet50,44,3,1,mahalanobis,0.9740168955063058,0.9703611442963824,0.14082817974463283,0.9251775721584637,0.987867784431712,0.9735933351028512,0.13538457920850283,0.9437843196074367,0.9890823454169583,157.0,0.0,52.0,0.0,,,2048
resnet50,44,4,4,mahalanobis,0.9740168955063058,0.9626897723434651,0.184094810355774,0.9261483446572039,0.9836138749423831,0.9735933351028512,0.13538457920850283,0.9437843196074368,0.9890823454169583,0.0,0.0,52.0,0.0,,,2048
resnet50,44,5,8,mahalanobis,0.9740168955063058,0.9740168955063058,0.13546687986455663,0.9443624101991169,0.9892366887438205,0.9735933351028512,0.13538457920850283,0.9437843196074368,0.9890823454169583,5.0,0.0,53.0,0.0,,,2048
resnet50,44,6,1,mahalanobis,0.9740168955063058,0.9703611442963824,0.14082817974463283,0.9251775721584637,0.987867784431712,0.9735933351028512,0.13538457920850283,0.9437843196074367,0.9890823454169583,157.0,0.0,52.0,0.0,,,2048
resnet50,44,7,4,mahalanobis,0.9740168955063058,0.9626897723434651,0.184094810355774,0.9261483446572039,0.9836138749423831,0.9735933351028512,0.13538457920850283,0.9437843196074368,0.9890823454169583,0.0,0.0,52.0,0.0,,,2048
resnet50,44,8,8,mahalanobis,0.9740168955063058,0.9740168955063058,0.13546687986455663,0.9443624101991169,0.9892366887438205,0.9735933351028512,0.13538457920850283,0.9437843196074368,0.9890823454169583,5.0,0.0,53.0,0.0,,,2048
resnet50,44,9,1,mahalanobis,0.9740168955063058,0.9703611442963824,0.14082817974463283,0.9251775721584637,0.987867784431712,0.9735933351028512,0.13538457920850283,0.9437843196074367,0.9890823454169583,157.0,0.0,52.0,0.0,,,2048
resnet50,44,0,1,vim,0.7423965253876574,0.7424650443973713,0.5586921250029393,0.41521676175965466,0.8991061224188212,0.9348854641962999,0.3013262162861241,0.8739226042678105,0.971226628028869,,,,,2046.0,2.0,2048
resnet50,44,1,4,vim,0.7423965253876574,0.7426276740251087,0.5586921250029393,0.41524461846224764,0.8991797030234493,0.9348854641962999,0.3013262162861241,0.8739226042678105,0.971226628028869,,,,,2046.0,2.0,2048
resnet50,44,2,8,vim,0.7423965253876574,0.7423965253876574,0.5589272697345216,0.41519533108016643,0.899066763349129,0.9348854641962999,0.3013262162861241,0.8739226042678105,0.9712266280241528,,,,,2046.0,2.0,2048
resnet50,44,3,1,vim,0.7423965253876574,0.7424650443973713,0.5586921250029393,0.41521676175965466,0.8991061224188212,0.9348854641962999,0.3013262162861241,0.8739226042678105,0.971226628028869,,,,,2046.0,2.0,2048
resnet50,44,4,4,vim,0.7423965253876574,0.7426276740251087,0.5586921250029393,0.41524461846224764,0.8991797030234493,0.9348854641962999,0.3013262162861241,0.8739226042678105,0.971226628028869,,,,,2046.0,2.0,2048
resnet50,44,5,8,vim,0.7423965253876574,0.7423965253876574,0.5589272697345216,0.41519533108016643,0.899066763349129,0.9348854641962999,0.3013262162861241,0.8739226042678105,0.9712266280241528,,,,,2046.0,2.0,2048
resnet50,44,6,1,vim,0.7423965253876574,0.7424650443973713,0.5586921250029393,0.41521676175965466,0.8991061224188212,0.9348854641962999,0.3013262162861241,0.8739226042678105,0.971226628028869,,,,,2046.0,2.0,2048
resnet50,44,7,4,vim,0.7423965253876574,0.7426276740251087,0.5586921250029393,0.41524461846224764,0.8991797030234493,0.9348854641962999,0.3013262162861241,0.8739226042678105,0.971226628028869,,,,,2046.0,2.0,2048
resnet50,44,8,8,vim,0.7423965253876574,0.7423965253876574,0.5589272697345216,0.41519533108016643,0.899066763349129,0.9348854641962999,0.3013262162861241,0.8739226042678105,0.9712266280241528,,,,,2046.0,2.0,2048
resnet50,44,9,1,vim,0.7423965253876574,0.7424650443973713,0.5586921250029393,0.41521676175965466,0.8991061224188212,0.9348854641962999,0.3013262162861241,0.8739226042678105,0.971226628028869,,,,,2046.0,2.0,2048
resnet50,45,0,1,mahalanobis,0.9793176883588476,0.9740601837525753,0.13390316739953442,0.9415351307611217,0.9884142657471437,0.9808588672882093,0.10360476873515649,0.9626237142235976,0.9917033434603713,183.0,0.0,48.0,0.0,,,2048
resnet50,45,1,4,mahalanobis,0.9793176883588476,0.974551870965912,0.11693747501587227,0.923057447945326,0.9893957727934477,0.9808588672882093,0.10360476873515649,0.9626237142235976,0.9917033434603713,620.0,0.0,48.0,0.0,,,2048
resnet50,45,2,8,mahalanobis,0.9793176883588476,0.9793176883588477,0.10942460084181814,0.9587934732980216,0.9910165450037363,0.9808588672882093,0.10360476873515649,0.9626237142235976,0.9917033434603713,0.0,0.0,47.0,0.0,,,2048
resnet50,45,3,1,mahalanobis,0.9793176883588476,0.9740601837525753,0.13390316739953442,0.9415351307611217,0.9884142657471437,0.9808588672882093,0.10360476873515649,0.9626237142235976,0.9917033434603713,183.0,0.0,48.0,0.0,,,2048
resnet50,45,4,4,mahalanobis,0.9793176883588476,0.974551870965912,0.11693747501587227,0.923057447945326,0.9893957727934477,0.9808588672882093,0.10360476873515649,0.9626237142235976,0.9917033434603713,620.0,0.0,48.0,0.0,,,2048
resnet50,45,5,8,mahalanobis,0.9793176883588476,0.9793176883588477,0.10942460084181814,0.9587934732980216,0.9910165450037363,0.9808588672882093,0.10360476873515649,0.9626237142235976,0.9917033434603713,0.0,0.0,47.0,0.0,,,2048
resnet50,45,6,1,mahalanobis,0.9793176883588476,0.9740601837525753,0.13390316739953442,0.9415351307611217,0.9884142657471437,0.9808588672882093,0.10360476873515649,0.9626237142235976,0.9917033434603713,183.0,0.0,48.0,0.0,,,2048
resnet50,45,7,4,mahalanobis,0.9793176883588476,0.974551870965912,0.11693747501587227,0.923057447945326,0.9893957727934477,0.9808588672882093,0.10360476873515649,0.9626237142235976,0.9917033434603713,620.0,0.0,48.0,0.0,,,2048
resnet50,45,8,8,mahalanobis,0.9793176883588476,0.9793176883588477,0.10942460084181814,0.9587934732980216,0.9910165450037363,0.9808588672882093,0.10360476873515649,0.9626237142235976,0.9917033434603713,0.0,0.0,47.0,0.0,,,2048
resnet50,45,9,1,mahalanobis,0.9793176883588476,0.9740601837525753,0.13390316739953442,0.9415351307611217,0.9884142657471437,0.9808588672882093,0.10360476873515649,0.9626237142235976,0.9917033434603713,183.0,0.0,48.0,0.0,,,2048
resnet50,45,0,1,vim,0.6521883916809438,0.6807184982853072,0.7496061325745996,0.3745531053335098,0.8536790248380062,0.9491033311642469,0.27360265243257226,0.8985091795154572,0.9781835061842173,,,,,2046.0,2.0,2048
resnet50,45,1,4,vim,0.6521883916809438,0.6837611612820157,0.7536506219578151,0.3791232738699971,0.8540285119460513,0.9491033311642469,0.27360265243257226,0.8985091795154572,0.9781835061842173,,,,,2046.0,2.0,2048
resnet50,45,2,8,vim,0.6521883916809438,0.6521883916809438,0.7867002139817058,0.3474740988485514,0.8364307854544439,0.9491033311642469,0.27360265243257226,0.8985091795154572,0.9781835061842173,,,,,2046.0,2.0,2048
resnet50,45,3,1,vim,0.6521883916809438,0.6807184982853072,0.7496061325745996,0.3745531053335098,0.8536790248380062,0.9491033311642469,0.27360265243257226,0.8985091795154572,0.9781835061842173,,,,,2046.0,2.0,2048
resnet50,45,4,4,vim,0.6521883916809438,0.6837611612820157,0.7536506219578151,0.3791232738699971,0.8540285119460513,0.9491033311642469,0.27360265243257226,0.8985091795154572,0.9781835061842173,,,,,2046.0,2.0,2048
resnet50,45,5,8,vim,0.6521883916809438,0.6521883916809438,0.7867002139817058,0.3474740988485514,0.8364307854544439,0.9491033311642469,0.27360265243257226,0.8985091795154572,0.9781835061842173,,,,,2046.0,2.0,2048
resnet50,45,6,1,vim,0.6521883916809438,0.6807184982853072,0.7496061325745996,0.3745531053335098,0.8536790248380062,0.9491033311642469,0.27360265243257226,0.8985091795154572,0.9781835061842173,,,,,2046.0,2.0,2048
resnet50,45,7,4,vim,0.6521883916809438,0.6837611612820157,0.7536506219578151,0.3791232738699971,0.8540285119460513,0.9491033311642469,0.27360265243257226,0.8985091795154572,0.9781835061842173,,,,,2046.0,2.0,2048
resnet50,45,8,8,vim,0.6521883916809438,0.6521883916809438,0.7867002139817058,0.3474740988485514,0.8364307854544439,0.9491033311642469,0.27360265243257226,0.8985091795154572,0.9781835061842173,,,,,2046.0,2.0,2048
resnet50,45,9,1,vim,0.6521883916809438,0.6807184982853072,0.7496061325745996,0.3745531053335098,0.8536790248380062,0.9491033311642469,0.27360265243257226,0.8985091795154572,0.9781835061842173,,,,,2046.0,2.0,2048
resnet50,46,0,1,mahalanobis,0.915932897800354,0.8357625936329365,0.37029416605920945,0.5276175379514453,0.9381324381097415,0.9393311151510477,0.2506877983398782,0.8712241796971061,0.9734067957082343,14386.0,0.0,51.0,0.0,,,2048
resnet50,46,1,4,mahalanobis,0.915932897800354,0.8818751838732306,0.5359653866955111,0.7811107208572953,0.9368706336214919,0.9393311151510477,0.2506877983398782,0.8712241796971061,0.9734067957082343,13.0,0.0,50.0,0.0,,,2048
resnet50,46,2,8,mahalanobis,0.915932897800354,0.9159328978003541,0.3539751216873986,0.8282316734913671,0.9589804956486246,0.9393311151510477,0.2506877983398782,0.8712241796971061,0.9734067957082343,18.0,0.0,50.0,0.0,,,2048
resnet50,46,3,1,mahalanobis,0.915932897800354,0.8357625936329365,0.37029416605920945,0.5276175379514453,0.9381324381097415,0.9393311151510477,0.2506877983398782,0.8712241796971061,0.9734067957082343,14386.0,0.0,51.0,0.0,,,2048
resnet50,46,4,4,mahalanobis,0.915932897800354,0.8818751838732306,0.5359653866955111,0.7811107208572953,0.9368706336214919,0.9393311151510477,0.2506877983398782,0.8712241796971061,0.9734067957082343,13.0,0.0,50.0,0.0,,,2048
resnet50,46,5,8,mahalanobis,0.915932897800354,0.9159328978003541,0.3539751216873986,0.8282316734913671,0.9589804956486246,0.9393311151510477,0.2506877983398782,0.8712241796971061,0.9734067957082343,18.0,0.0,50.0,0.0,,,2048
resnet50,46,6,1,mahalanobis,0.915932897800354,0.8357625936329365,0.37029416605920945,0.5276175379514453,0.9381324381097415,0.9393311151510477,0.2506877983398782,0.8712241796971061,0.9734067957082343,14386.0,0.0,51.0,0.0,,,2048
resnet50,46,7,4,mahalanobis,0.915932897800354,0.8818751838732306,0.5359653866955111,0.7811107208572953,0.9368706336214919,0.9393311151510477,0.2506877983398782,0.8712241796971061,0.9734067957082343,13.0,0.0,50.0,0.0,,,2048
resnet50,46,8,8,mahalanobis,0.915932897800354,0.9159328978003541,0.3539751216873986,0.8282316734913671,0.9589804956486246,0.9393311151510477,0.2506877983398782,0.8712241796971061,0.9734067957082343,18.0,0.0,50.0,0.0,,,2048
resnet50,46,9,1,mahalanobis,0.915932897800354,0.8357625936329365,0.37029416605920945,0.5276175379514453,0.9381324381097415,0.9393311151510477,0.2506877983398782,0.8712241796971061,0.9734067957082343,14386.0,0.0,51.0,0.0,,,2048
resnet50,46,0,1,vim,0.7322034982235082,0.7217428361013475,0.745020810308745,0.46989694766546336,0.8644991328867507,0.8229817943185389,0.752721800268065,0.7378345766073283,0.8965460343353019,,,,,2046.0,2.0,2048
resnet50,46,1,4,vim,0.7322034982235082,0.7329700765296606,0.7198250523197027,0.47757554433176386,0.8730437315675285,0.8229817943185389,0.752721800268065,0.7378345766073283,0.8965460342982965,,,,,2046.0,2.0,2048
resnet50,46,2,8,vim,0.7322034982235082,0.7322034982235082,0.7236579114444941,0.47866261969140744,0.8720240601326776,0.8229817943185389,0.752721800268065,0.7378345766073284,0.8965460343617845,,,,,2046.0,2.0,2048
resnet50,46,3,1,vim,0.7322034982235082,0.7217428361013475,0.745020810308745,0.46989694766546336,0.8644991328867507,0.8229817943185389,0.752721800268065,0.7378345766073283,0.8965460343353019,,,,,2046.0,2.0,2048
resnet50,46,4,4,vim,0.7322034982235082,0.7329700765296606,0.7198250523197027,0.47757554433176386,0.8730437315675285,0.8229817943185389,0.752721800268065,0.7378345766073283,0.8965460342982965,,,,,2046.0,2.0,2048
resnet50,46,5,8,vim,0.7322034982235082,0.7322034982235082,0.7236579114444941,0.47866261969140744,0.8720240601326776,0.8229817943185389,0.752721800268065,0.7378345766073284,0.8965460343617845,,,,,2046.0,2.0,2048
resnet50,46,6,1,vim,0.7322034982235082,0.7217428361013475,0.745020810308745,0.46989694766546336,0.8644991328867507,0.8229817943185389,0.752721800268065,0.7378345766073283,0.8965460343353019,,,,,2046.0,2.0,2048
resnet50,46,7,4,vim,0.7322034982235082,0.7329700765296606,0.7198250523197027,0.47757554433176386,0.8730437315675285,0.8229817943185389,0.752721800268065,0.7378345766073283,0.8965460342982965,,,,,2046.0,2.0,2048
resnet50,46,8,8,vim,0.7322034982235082,0.7322034982235082,0.7236579114444941,0.47866261969140744,0.8720240601326776,0.8229817943185389,0.752721800268065,0.7378345766073284,0.8965460343617845,,,,,2046.0,2.0,2048
resnet50,46,9,1,vim,0.7322034982235082,0.7217428361013475,0.745020810308745,0.46989694766546336,0.8644991328867507,0.8229817943185389,0.752721800268065,0.7378345766073283,0.8965460343353019,,,,,2046.0,2.0,2048
