category,path,size,mtime,sha256
r3_item1_inputs,/data2/cmdir/home/toandq/r3work/item1/inputs/breakhis_convnext_tiny_s42_std_r0.npz,17702003,2026-10-07T23:47:34,6d0446668e0caad01432b4bbd24b9541f8a8671e97c2ccabbf9437bdcfb5b8a8
r3_item1_inputs,/data2/cmdir/home/toandq/r3work/item1/inputs/breakhis_convnext_tiny_s42_std_r0_head.npz,37418,2026-10-07T20:50:15,2b4e56f168ca883f1233da5ec60bc80ced259d0aa391b1a4594cea056917a347
r3_item1_inputs,/data2/cmdir/home/toandq/r3work/item1/inputs/breakhis_convnext_tiny_s42_std_r1.npz,18640668,2026-10-07T23:47:35,b372065ec16c796444d1b59fa498c8d1b22f33e6a9a063755e155ae1bcc1b27e
r3_item1_inputs,/data2/cmdir/home/toandq/r3work/item1/inputs/breakhis_convnext_tiny_s42_std_r1_head.npz,37418,2026-10-07T20:50:15,2e4834977e98403ce7c7c28f00242fd6b821e154bad439cea52470f49d3cd98c
r3_item1_inputs,/data2/cmdir/home/toandq/r3work/item1/inputs/breakhis_convnext_tiny_s42_std_r2.npz,18709273,2026-10-07T23:47:35,4d708a8889f1f770cb285bc7cfc38a85aa0a3c842e3b7a324ea63faeb9094583
r3_item1_inputs,/data2/cmdir/home/toandq/r3work/item1/inputs/breakhis_convnext_tiny_s42_std_r2_head.npz,37418,2026-10-07T20:50:15,5d1afcdbadbf7602c8ce3b7845788811641f99a061393a36010e8189ee5bb7ac
r3_item1_inputs,/data2/cmdir/home/toandq/r3work/item1/inputs/breakhis_convnext_tiny_s42_std_r3.npz,19619865,2026-10-07T23:47:36,83c5eaecdb94fefe109b69d23c7cd345a9587b2c99328575ef85dc640f38e119
r3_item1_inputs,/data2/cmdir/home/toandq/r3work/item1/inputs/breakhis_convnext_tiny_s42_std_r3_head.npz,37418,2026-10-07T20:50:16,61ae27e4f710166da0ff81e8aece84008d664e8ef1e1899e7abbcc4f23ba9260
r3_item1_inputs,/data2/cmdir/home/toandq/r3work/item1/inputs/breakhis_convnext_tiny_s42_std_r4.npz,20034622,2026-10-07T23:47:36,4acf9cc78be1f9210679b98108bbb7ee91b2a4cc250f92bbe2b93b951c6e5fb2
r3_item1_inputs,/data2/cmdir/home/toandq/r3work/item1/inputs/breakhis_convnext_tiny_s42_std_r4_head.npz,37418,2026-10-07T20:50:17,636b9b7ab2985e3551e695623ca4fafecb6d78350af5e35b7e0e7ee8535bf4d5
r3_item1_inputs,/data2/cmdir/home/toandq/r3work/item1/inputs/breakhis_convnext_tiny_s43_std_r0.npz,17702003,2026-10-07T23:47:37,acf9c5b4038cb75459024f0a66490f033b25cdbb838dae3710d36a2acaa1bf42
r3_item1_inputs,/data2/cmdir/home/toandq/r3work/item1/inputs/breakhis_convnext_tiny_s43_std_r0_head.npz,37418,2026-10-07T20:50:17,6e9dfb02abd50517c0813ee11fee5cfd6864d67236a45725319e454f86b88802
r3_item1_inputs,/data2/cmdir/home/toandq/r3work/item1/inputs/breakhis_convnext_tiny_s43_std_r1.npz,18640668,2026-10-07T23:47:37,cd713dd6e8615c3da21ae02690ef552c36dec24f91813ed250e57be325f3d347
r3_item1_inputs,/data2/cmdir/home/toandq/r3work/item1/inputs/breakhis_convnext_tiny_s43_std_r1_head.npz,37418,2026-10-07T20:50:18,8eeb9ea636b44d9aa9ea7b2e14be7e9314bb1a07930ced5c35400ffbf295eb69
r3_item1_inputs,/data2/cmdir/home/toandq/r3work/item1/inputs/breakhis_convnext_tiny_s43_std_r2.npz,18709273,2026-10-07T23:47:38,9d50cd785dfde065e716f0a8c221a1e6586f594437aee46f4892a570fd8947c3
r3_item1_inputs,/data2/cmdir/home/toandq/r3work/item1/inputs/breakhis_convnext_tiny_s43_std_r2_head.npz,37418,2026-10-07T20:50:18,6f6e9781edc75553a96eeab8c8f7109899e22b4e9a9b780dc8157b5c3b4a8c71
r3_item1_inputs,/data2/cmdir/home/toandq/r3work/item1/inputs/breakhis_convnext_tiny_s43_std_r3.npz,19619865,2026-10-07T23:47:38,4ad80bf7ffb0a5c194bdf99c69f00a22b229efb2431503580001cd1cf6e70e07
r3_item1_inputs,/data2/cmdir/home/toandq/r3work/item1/inputs/breakhis_convnext_tiny_s43_std_r3_head.npz,37418,2026-10-07T20:50:18,e30645efec349e0c90b01a2b3a72da9a8087f31319e295297f591fa07eafadf5
r3_item1_inputs,/data2/cmdir/home/toandq/r3work/item1/inputs/breakhis_convnext_tiny_s43_std_r4.npz,20034622,2026-10-07T23:47:39,ad45dc24fa981dcebefed1b230fab5c94d4aecfa9d0b33c3da34a321dc156773
r3_item1_inputs,/data2/cmdir/home/toandq/r3work/item1/inputs/breakhis_convnext_tiny_s43_std_r4_head.npz,37418,2026-10-07T20:50:19,69414c232e2fbcb5baa295aec62d47043ee406e56c5618454292ca14d98f2885
r3_item1_inputs,/data2/cmdir/home/toandq/r3work/item1/inputs/breakhis_densenet121_s42_std_r0.npz,23529587,2026-10-07T23:47:39,833f6d4224dbdb7da1a71e00f964f1b411a49a2dc1c05f01ab35b95c395f5480
r3_item1_inputs,/data2/cmdir/home/toandq/r3work/item1/inputs/breakhis_densenet121_s42_std_r0_head.npz,49706,2026-10-07T20:50:20,9c536e6bfcc84d0972756ba6060044ab1f823c3a71c56a82167c14dc3a73ac7e
r3_item1_inputs,/data2/cmdir/home/toandq/r3work/item1/inputs/breakhis_densenet121_s42_std_r1.npz,24776476,2026-10-07T23:47:40,c33fc09ddc3efab32610310e7aa364730e2f2ffd65659c61e8da4ddee271707b
r3_item1_inputs,/data2/cmdir/home/toandq/r3work/item1/inputs/breakhis_densenet121_s42_std_r1_head.npz,49706,2026-10-07T20:50:20,3f5eaeef5d95dc29d7030496082b58a8c65603ab0e9aa58b6ccdf6d441c0bc7d
r3_item1_inputs,/data2/cmdir/home/toandq/r3work/item1/inputs/breakhis_densenet121_s42_std_r2.npz,24867609,2026-10-07T23:47:40,1c0b05257a4cd75d386daff4fa497404baecd93e09eb3f5d41bdba45955fc53f
r3_item1_inputs,/data2/cmdir/home/toandq/r3work/item1/inputs/breakhis_densenet121_s42_std_r2_head.npz,49706,2026-10-07T20:50:21,952a1ce240029d7896f2e2b827c40d5056fcd83663ff96689ec67e5a8063cd9c
r3_item1_inputs,/data2/cmdir/home/toandq/r3work/item1/inputs/breakhis_densenet121_s42_std_r3.npz,26077209,2026-10-07T23:47:41,d8788a396898d4eebf2dd42c99653d972cbd04e745e0be3ff78c13a4dba51f99
r3_item1_inputs,/data2/cmdir/home/toandq/r3work/item1/inputs/breakhis_densenet121_s42_std_r3_head.npz,49706,2026-10-07T20:50:22,34212e3727e6b63e8c27d89e2dea364eabafcb6d872f99ac35ef0054a83cb1d7
r3_item1_inputs,/data2/cmdir/home/toandq/r3work/item1/inputs/breakhis_densenet121_s42_std_r4.npz,26628158,2026-10-07T23:47:41,760fff5b44d66076337b0666ea73929493618bb1112ec1c39d440dcf656a2e36
r3_item1_inputs,/data2/cmdir/home/toandq/r3work/item1/inputs/breakhis_densenet121_s42_std_r4_head.npz,49706,2026-10-07T20:50:23,58ea5ea29d486ca2554c462314a6828341d4354b1da40306c5fb4dca79cc3e0d
r3_item1_inputs,/data2/cmdir/home/toandq/r3work/item1/inputs/breakhis_densenet121_s43_std_r0.npz,23529587,2026-10-07T23:47:42,33b254a7c142dcfd5cc5ae79f34c18f609a3f1e279e13777730218e478f1ce1d
r3_item1_inputs,/data2/cmdir/home/toandq/r3work/item1/inputs/breakhis_densenet121_s43_std_r0_head.npz,49706,2026-10-07T20:50:23,f5c9f6c9a07de5d65438713732ac1ac96a3afb0b1a938c43753132833b3f05a6
r3_item1_inputs,/data2/cmdir/home/toandq/r3work/item1/inputs/breakhis_densenet121_s43_std_r1.npz,24776476,2026-10-07T23:47:42,45bea4a5dc0957334034a431f64ce5067808624ca23ec5fb569eb4e73f6e6844
r3_item1_inputs,/data2/cmdir/home/toandq/r3work/item1/inputs/breakhis_densenet121_s43_std_r1_head.npz,49706,2026-10-07T20:50:24,c2d9a4d2cc71dafb06c49a8619306030ed1c139ad91c20cf27bcc4d68cb06082
r3_item1_inputs,/data2/cmdir/home/toandq/r3work/item1/inputs/breakhis_densenet121_s43_std_r2.npz,24867609,2026-10-07T23:47:43,a263df87bbf04c4ec362bba967c4ddc2442e3c53db05ec7ca8d37185306f98b6
r3_item1_inputs,/data2/cmdir/home/toandq/r3work/item1/inputs/breakhis_densenet121_s43_std_r2_head.npz,49706,2026-10-07T20:50:24,181455fdeb6a373fd4e5fe1317a1db152b9541593ba6631e92c32cf5f15cd2d2
r3_item1_inputs,/data2/cmdir/home/toandq/r3work/item1/inputs/breakhis_densenet121_s43_std_r3.npz,26077209,2026-10-07T23:47:43,d100b6131cef767d0bd9b9f0e1a6873559e322951d420f3e9cf6886aee6d7c2b
r3_item1_inputs,/data2/cmdir/home/toandq/r3work/item1/inputs/breakhis_densenet121_s43_std_r3_head.npz,49706,2026-10-07T20:50:25,e5e08f648aa41326f46bf2d388ebd77d4d6933e610f6d452cb0fe5e961a67eb4
r3_item1_inputs,/data2/cmdir/home/toandq/r3work/item1/inputs/breakhis_densenet121_s43_std_r4.npz,26628158,2026-10-07T23:47:44,2a7a3f872e206f9584aeb5cbf21d3e1c481e31a4f0315c414861c3d5c85f8d81
r3_item1_inputs,/data2/cmdir/home/toandq/r3work/item1/inputs/breakhis_densenet121_s43_std_r4_head.npz,49706,2026-10-07T20:50:25,f1cd74944d081f21e2750bdba2d3e1b2249873a654ff46f989a9dc871d30b660
r3_item1_inputs,/data2/cmdir/home/toandq/r3work/item1/inputs/breakhis_effb3_s42_std_r0.npz,35184755,2026-10-07T23:47:44,c9d9e7bb0e345f5ad614a7c092f871a84627f9267c12b7f1c39ffbfdbe14068a
r3_item1_inputs,/data2/cmdir/home/toandq/r3work/item1/inputs/breakhis_effb3_s42_std_r0_head.npz,74282,2026-10-07T20:50:26,b7a6cd2c6d46956b2e41d4fad477120850a58bdd4a4a0ed96649139f4e950f77
r3_item1_inputs,/data2/cmdir/home/toandq/r3work/item1/inputs/breakhis_effb3_s42_std_r1.npz,37048092,2026-10-07T23:47:45,75a2469dae4e4d96922e95621644fb09750498e78db8e416002bb78e6456ad24
r3_item1_inputs,/data2/cmdir/home/toandq/r3work/item1/inputs/breakhis_effb3_s42_std_r1_head.npz,74282,2026-10-07T20:50:27,0f94b0aed9a4ec6f40c6571ad3910ab07abbd6dabff3ec5d1c23bbda7b0f14d1
r3_item1_inputs,/data2/cmdir/home/toandq/r3work/item1/inputs/breakhis_effb3_s42_std_r2.npz,37184281,2026-10-07T23:47:45,cb7458cabf5f4cc57ef953a0ae0aaf9d7e8fd791e98d9d71154cf8707716978b
r3_item1_inputs,/data2/cmdir/home/toandq/r3work/item1/inputs/breakhis_effb3_s42_std_r2_head.npz,74282,2026-10-07T20:50:28,8e173c30f3f4717dda3438e6655252b856e569aadebda0f2b0ffaaf747fc63c4
r3_item1_inputs,/data2/cmdir/home/toandq/r3work/item1/inputs/breakhis_effb3_s42_std_r3.npz,38991897,2026-10-07T23:47:46,570056f4e0716fee05d0265b41eb3e62ec65021337a4b96a7ed034237c3b29a6
r3_item1_inputs,/data2/cmdir/home/toandq/r3work/item1/inputs/breakhis_effb3_s42_std_r3_head.npz,74282,2026-10-07T20:50:28,8294c711620bd9f3d588eff21c5de06fee8eb3bfb1334167a77bac6b6ed5324c
r3_item1_inputs,/data2/cmdir/home/toandq/r3work/item1/inputs/breakhis_effb3_s42_std_r4.npz,39815230,2026-10-07T23:47:46,7ad1b4f9eda7905417fe064ae8a5e980eaaf47979a5647bbc00424d67a029826
r3_item1_inputs,/data2/cmdir/home/toandq/r3work/item1/inputs/breakhis_effb3_s42_std_r4_head.npz,74282,2026-10-07T20:50:29,5af7a6fa315827df784f944c04e9b72bacc6e837967458e67c40b6e19afae7e4
r3_item1_inputs,/data2/cmdir/home/toandq/r3work/item1/inputs/breakhis_efficientnet_v2_s_s42_std_r0.npz,29357171,2026-10-07T23:47:47,d6c4496a01b7f316b5b8508d0d05d3793f05394ffe456129a3ada57c33d93e43
r3_item1_inputs,/data2/cmdir/home/toandq/r3work/item1/inputs/breakhis_efficientnet_v2_s_s42_std_r0_head.npz,61994,2026-10-07T20:50:30,d37b08114262f902a3bc3719e57752a80112132987ae0c6f5b500f291aee238a
r3_item1_inputs,/data2/cmdir/home/toandq/r3work/item1/inputs/breakhis_efficientnet_v2_s_s42_std_r1.npz,30912284,2026-10-07T23:47:48,13f4de2243bbcae98e50c1ddaf42081287ec7f6dd44553ba0fa7717ec4c5ab47
r3_item1_inputs,/data2/cmdir/home/toandq/r3work/item1/inputs/breakhis_efficientnet_v2_s_s42_std_r1_head.npz,61994,2026-10-07T20:50:30,b14ff513a64733c67d18cd32aad71d3ea0ebe4bf13f7fbe7caa26dcffc8b8896
r3_item1_inputs,/data2/cmdir/home/toandq/r3work/item1/inputs/breakhis_efficientnet_v2_s_s42_std_r2.npz,31025945,2026-10-07T23:47:48,33c3aefb2147b5ec8b7581500544535a4b4ae08cfbbc3b042c9d96f7ffe99559
r3_item1_inputs,/data2/cmdir/home/toandq/r3work/item1/inputs/breakhis_efficientnet_v2_s_s42_std_r2_head.npz,61994,2026-10-07T20:50:31,e9f25518adcb39495583082c4edf48d80ed4b21ce154c14000d6ba3897f41a5d
r3_item1_inputs,/data2/cmdir/home/toandq/r3work/item1/inputs/breakhis_efficientnet_v2_s_s42_std_r3.npz,32534553,2026-10-07T23:47:49,08e38344990c0e1ce049007f253b34a8cdf0e78cede80f12612a1e6ac178ee93
r3_item1_inputs,/data2/cmdir/home/toandq/r3work/item1/inputs/breakhis_efficientnet_v2_s_s42_std_r3_head.npz,61994,2026-10-07T20:50:31,b6c2b09a78df0d550626003f575b21b6fcc2cbcbb57837c186c9b7ae48a1ab18
r3_item1_inputs,/data2/cmdir/home/toandq/r3work/item1/inputs/breakhis_efficientnet_v2_s_s42_std_r4.npz,33221694,2026-10-07T23:47:49,1a63c45d1302346d6e20cbabb67c8ae2bde44bcfacc795766b54d52c62ee5701
r3_item1_inputs,/data2/cmdir/home/toandq/r3work/item1/inputs/breakhis_efficientnet_v2_s_s42_std_r4_head.npz,61994,2026-10-07T20:50:32,c37120501941c9beec605308e6297e9de83c4eb4df381213042a835d86737a6f
r3_item1_inputs,/data2/cmdir/home/toandq/r3work/item1/inputs/breakhis_fm_conch_v1_5_s42_std_r0.npz,17702003,2026-10-07T23:48:13,ce23b9bf8722f8a1ba32e6ad40c17d8408da4ffa4668fc92b213d639c11a1318
r3_item1_inputs,/data2/cmdir/home/toandq/r3work/item1/inputs/breakhis_fm_conch_v1_5_s42_std_r0_head.npz,37418,2026-10-07T20:52:05,e0df75118ff69dd4fa6cc6616cc1df65ea8bad10e5bae3ef443369be77d05b5b
r3_item1_inputs,/data2/cmdir/home/toandq/r3work/item1/inputs/breakhis_fm_conch_v1_5_s42_std_r1.npz,18640668,2026-10-07T23:48:14,113336b0f98363195186b7cf7fcd194a442aae2689dbf2fef07ea4a9749c4e2d
r3_item1_inputs,/data2/cmdir/home/toandq/r3work/item1/inputs/breakhis_fm_conch_v1_5_s42_std_r1_head.npz,37418,2026-10-07T20:52:05,b33d8159169f9ee849a28ea7bbec8ca55da910086fb1adc4a4a8c7ac02b19b88
r3_item1_inputs,/data2/cmdir/home/toandq/r3work/item1/inputs/breakhis_fm_conch_v1_5_s42_std_r2.npz,18709273,2026-10-07T23:48:15,eb57e5e3fb60d5bc7be7903ceb7e218fb64df09551812aea9cc7e684d0b62a62
r3_item1_inputs,/data2/cmdir/home/toandq/r3work/item1/inputs/breakhis_fm_conch_v1_5_s42_std_r2_head.npz,37418,2026-10-07T20:52:05,17183981715131fb873c7325f8245588582f6464448daf9d1afaa93431a89f83
r3_item1_inputs,/data2/cmdir/home/toandq/r3work/item1/inputs/breakhis_fm_conch_v1_5_s42_std_r3.npz,19619865,2026-10-07T23:48:16,75e98ce2454c8bd29809d9f0e3b181966377878ba01dcae78cc164a28ea9b26a
r3_item1_inputs,/data2/cmdir/home/toandq/r3work/item1/inputs/breakhis_fm_conch_v1_5_s42_std_r3_head.npz,37418,2026-10-07T20:52:05,2fafbc4a896ec621df65189981107dba546ea5da09f321b3c6faa5dab0823f84
r3_item1_inputs,/data2/cmdir/home/toandq/r3work/item1/inputs/breakhis_fm_conch_v1_5_s42_std_r4.npz,20034622,2026-10-07T23:48:16,b9b667f4204f0c9fa98f641f1bb31eec9c82af56e8b757c87beb957aa46f3610
r3_item1_inputs,/data2/cmdir/home/toandq/r3work/item1/inputs/breakhis_fm_conch_v1_5_s42_std_r4_head.npz,37418,2026-10-07T20:52:05,1a2508ff1ec3be461dcb097978c5bbb214979ed80e38e194f82c55d2fd0bde2d
r3_item1_inputs,/data2/cmdir/home/toandq/r3work/item1/inputs/breakhis_fm_dinov2_vitb14_s42_std_r0.npz,17702003,2026-10-07T23:48:17,4cd21956afcdb5fb45188f058c062767b73499ae39315abf2538a8edb8698343
r3_item1_inputs,/data2/cmdir/home/toandq/r3work/item1/inputs/breakhis_fm_dinov2_vitb14_s42_std_r0_head.npz,37418,2026-10-07T20:52:06,136d248d84c246c27c4e54ce6533905d2f16056da7dc24439193198728df75b3
r3_item1_inputs,/data2/cmdir/home/toandq/r3work/item1/inputs/breakhis_fm_dinov2_vitb14_s42_std_r1.npz,18640668,2026-10-07T23:48:17,6b3afa8bcc7ed291faa5585d4a5a786fbe6ee1d9c38b2b3d836771cd3b158078
r3_item1_inputs,/data2/cmdir/home/toandq/r3work/item1/inputs/breakhis_fm_dinov2_vitb14_s42_std_r1_head.npz,37418,2026-10-07T20:52:06,14138447c2735d82fe9477e27b63caa9d7c0cfa587e18cd5f721d71b610b82a8
r3_item1_inputs,/data2/cmdir/home/toandq/r3work/item1/inputs/breakhis_fm_dinov2_vitb14_s42_std_r2.npz,18709273,2026-10-07T23:48:18,4cb6cf0e5c3a573589f2e434314aba3314cd78ca302fef1ff288a2bb6d126881
r3_item1_inputs,/data2/cmdir/home/toandq/r3work/item1/inputs/breakhis_fm_dinov2_vitb14_s42_std_r2_head.npz,37418,2026-10-07T20:52:06,0ed4eb501a566b8637042af96fd530f2ff2693655a79546b9682d98593a7e6ab
r3_item1_inputs,/data2/cmdir/home/toandq/r3work/item1/inputs/breakhis_fm_dinov2_vitb14_s42_std_r3.npz,19619865,2026-10-07T23:48:18,4ab3b11f1e92d92770ae7693fdbc3e48f3db566d823e26cdec961227bc3766b6
r3_item1_inputs,/data2/cmdir/home/toandq/r3work/item1/inputs/breakhis_fm_dinov2_vitb14_s42_std_r3_head.npz,37418,2026-10-07T20:52:06,feda19b422df2cdbe2f559b1858e24d85ef3578bcc26be216e688dbd9ee24339
r3_item1_inputs,/data2/cmdir/home/toandq/r3work/item1/inputs/breakhis_fm_dinov2_vitb14_s42_std_r4.npz,20034622,2026-10-07T23:48:19,3acb78e9676e362f408fda2078c0186bce6dc03d19e446772f86add680642acb
r3_item1_inputs,/data2/cmdir/home/toandq/r3work/item1/inputs/breakhis_fm_dinov2_vitb14_s42_std_r4_head.npz,37418,2026-10-07T20:52:06,eaab4e8663d8f67251d0952782f7d62c685e54e2889317c747601182d1ef67ae
r3_item1_inputs,/data2/cmdir/home/toandq/r3work/item1/inputs/breakhis_fm_dinov2_vitl14_s42_std_r0.npz,23529587,2026-10-07T23:48:20,ddcdcd2666045a6ea7e661b7ecda5d005fcfd70e8f4a380d3f35e6d5ef300cf8
r3_item1_inputs,/data2/cmdir/home/toandq/r3work/item1/inputs/breakhis_fm_dinov2_vitl14_s42_std_r0_head.npz,49706,2026-10-07T20:52:06,de59b7bcd5b181b115bc3e0b2f73d5597c19ef7ef629baf1f36316dadb79c694
r3_item1_inputs,/data2/cmdir/home/toandq/r3work/item1/inputs/breakhis_fm_dinov2_vitl14_s42_std_r1.npz,24776476,2026-10-07T23:48:20,a3602272f6143ebbfb363956712d9a584cb6711ee8749d49ed8ef5e667ff10b8
r3_item1_inputs,/data2/cmdir/home/toandq/r3work/item1/inputs/breakhis_fm_dinov2_vitl14_s42_std_r1_head.npz,49706,2026-10-07T20:52:07,0f8659355ed6964db284410e5b3bed9394e5e24b9233b7fd31dfce8357ea4860
r3_item1_inputs,/data2/cmdir/home/toandq/r3work/item1/inputs/breakhis_fm_dinov2_vitl14_s42_std_r2.npz,24867609,2026-10-07T23:48:21,3ce525f431ecea018f5f433b406715465643a9da5a5962be192a0303eb28fa7a
r3_item1_inputs,/data2/cmdir/home/toandq/r3work/item1/inputs/breakhis_fm_dinov2_vitl14_s42_std_r2_head.npz,49706,2026-10-07T20:52:07,b18494dd85f8f9b03f7c9407dee81440efe3e442be7671a4dbc7e2274e2ed012
r3_item1_inputs,/data2/cmdir/home/toandq/r3work/item1/inputs/breakhis_fm_dinov2_vitl14_s42_std_r3.npz,26077209,2026-10-07T23:48:21,accd5cb1fb3b7a0e144bf5e47ba16ce9b5ab69535808d2f0141c40a6a5621f1c
r3_item1_inputs,/data2/cmdir/home/toandq/r3work/item1/inputs/breakhis_fm_dinov2_vitl14_s42_std_r3_head.npz,49706,2026-10-07T20:52:07,30a15ab5f4cd295207fef54df3285e48db84799a0740e5c77d33a5cc38342584
r3_item1_inputs,/data2/cmdir/home/toandq/r3work/item1/inputs/breakhis_fm_dinov2_vitl14_s42_std_r4.npz,26628158,2026-10-07T23:48:21,5e7fc0cfaa7ef835f3aa0c55bb19b1864aff1d26101214915d49402ea7a23004
r3_item1_inputs,/data2/cmdir/home/toandq/r3work/item1/inputs/breakhis_fm_dinov2_vitl14_s42_std_r4_head.npz,49706,2026-10-07T20:52:07,fb02a483772f5fb3575b0337fb92ecba2e52239ac77d0ef531affb75e97d53ff
r3_item1_inputs,/data2/cmdir/home/toandq/r3work/item1/inputs/breakhis_fm_uni_s42_std_r0.npz,23529587,2026-10-07T23:48:22,bd98fdcae69d2bb6e8c9f3d19f4c9b117f066180472e01f548378cf2c15b9fc7
r3_item1_inputs,/data2/cmdir/home/toandq/r3work/item1/inputs/breakhis_fm_uni_s42_std_r0_head.npz,49706,2026-10-07T20:52:07,1a9837a05cb88642b2ecc850f473be7c11fc18dada5c4a2a5db8f2b7d5a219c1
r3_item1_inputs,/data2/cmdir/home/toandq/r3work/item1/inputs/breakhis_fm_uni_s42_std_r1.npz,24776476,2026-10-07T23:48:22,1f26babea35699fd3f2043233f8e82951233a6fa9a6a2c2bad4e87b7fcf602dc
r3_item1_inputs,/data2/cmdir/home/toandq/r3work/item1/inputs/breakhis_fm_uni_s42_std_r1_head.npz,49706,2026-10-07T20:52:07,a46cdda7dcf979079719293ec3342211ddac17ec444b6a601ac5717370b1e77a
r3_item1_inputs,/data2/cmdir/home/toandq/r3work/item1/inputs/breakhis_fm_uni_s42_std_r2.npz,24867609,2026-10-07T23:48:22,5de082cd2f352fa128211db1ce44cf11818b39fc51f2d3515af428002506575a
r3_item1_inputs,/data2/cmdir/home/toandq/r3work/item1/inputs/breakhis_fm_uni_s42_std_r2_head.npz,49706,2026-10-07T20:52:08,6e498f9cc802264be65d7f6199bfada3d24f29909cc40891a74d7e1a1779c33a
r3_item1_inputs,/data2/cmdir/home/toandq/r3work/item1/inputs/breakhis_fm_uni_s42_std_r3.npz,26077209,2026-10-07T23:48:23,1cbb1337db4d183bba4e1fba66713ae29cde73d99bcbff05ee33de2f6781ba9a
r3_item1_inputs,/data2/cmdir/home/toandq/r3work/item1/inputs/breakhis_fm_uni_s42_std_r3_head.npz,49706,2026-10-07T20:52:08,abf94a62738a01b914b6ac98a86a4a4591743e859f4fe54bdd00b3ff5e27aec1
r3_item1_inputs,/data2/cmdir/home/toandq/r3work/item1/inputs/breakhis_fm_uni_s42_std_r4.npz,26628158,2026-10-07T23:48:23,c5923714c5a0ab1092812d04c55a9bdcb91509eb53cbddf23ba269ef0dc83603
r3_item1_inputs,/data2/cmdir/home/toandq/r3work/item1/inputs/breakhis_fm_uni_s42_std_r4_head.npz,49706,2026-10-07T20:52:08,5326f36132e62debc9edeb49b4b6f1cd0fb38577d76585315162b4aa1a8fae87
r3_item1_inputs,/data2/cmdir/home/toandq/r3work/item1/inputs/breakhis_fm_virchow2_s42_std_r0.npz,58495091,2026-10-07T23:48:24,b8cf6838728fa1936014943b7ec34527f4d059f74bfd2e1e6e24f35d57813cc4
r3_item1_inputs,/data2/cmdir/home/toandq/r3work/item1/inputs/breakhis_fm_virchow2_s42_std_r0_head.npz,123434,2026-10-07T20:52:08,1f157a9b377369900c0c6a64c497a05f337287bc97c9fcdd4c2ae2b690868785
r3_item1_inputs,/data2/cmdir/home/toandq/r3work/item1/inputs/breakhis_fm_virchow2_s42_std_r1.npz,61591324,2026-10-07T23:48:24,43f8e9ae09ef130e341bca0b21a791310c9e41fed76b6fec21dc31ac7dbd8fb3
r3_item1_inputs,/data2/cmdir/home/toandq/r3work/item1/inputs/breakhis_fm_virchow2_s42_std_r1_head.npz,123434,2026-10-07T20:52:09,a6c718c5f407fce2317241cbcc3edbc1ffd8e40cb43293ecc6fc2dad8460eb4a
r3_item1_inputs,/data2/cmdir/home/toandq/r3work/item1/inputs/breakhis_fm_virchow2_s42_std_r2.npz,61817625,2026-10-07T23:48:25,e16a26e33aed20c4823c716052ce0734f4bd57255f319b1276eb16c389f2e44d
r3_item1_inputs,/data2/cmdir/home/toandq/r3work/item1/inputs/breakhis_fm_virchow2_s42_std_r2_head.npz,123434,2026-10-07T20:52:09,26aceb9c958930c235b4b22b922b012118bbcc06077cacac2a52e4e6e6e5eed0
r3_item1_inputs,/data2/cmdir/home/toandq/r3work/item1/inputs/breakhis_fm_virchow2_s42_std_r3.npz,64821273,2026-10-07T23:48:25,5b713af68b9ba583aab188ff901a54044057459018391871c40c254c7572d57b
r3_item1_inputs,/data2/cmdir/home/toandq/r3work/item1/inputs/breakhis_fm_virchow2_s42_std_r3_head.npz,123434,2026-10-07T20:52:09,369b427cbac23e1f300075ab8f431bf0d63808c77b52cd0766977ee70d0aa3fc
r3_item1_inputs,/data2/cmdir/home/toandq/r3work/item1/inputs/breakhis_fm_virchow2_s42_std_r4.npz,66189374,2026-10-07T23:48:26,71018006e25e7c3bc55c00744ff578566c266e74e70ab2bdddfc62e8c11403d4
r3_item1_inputs,/data2/cmdir/home/toandq/r3work/item1/inputs/breakhis_fm_virchow2_s42_std_r4_head.npz,123434,2026-10-07T20:52:10,3fff3dc19f39ba60636386b544e9da77b561372cc355e4aac0cd39ec189c74c2
r3_item1_inputs,/data2/cmdir/home/toandq/r3work/item1/inputs/breakhis_mobilenet_v3_large_s42_std_r0.npz,22072691,2026-10-07T23:47:50,ad37d60633bab06ecdeea11e46024b72d023ed1fb5fa9c7c9b16fdc875ae3d2f
r3_item1_inputs,/data2/cmdir/home/toandq/r3work/item1/inputs/breakhis_mobilenet_v3_large_s42_std_r0_head.npz,46634,2026-10-07T20:50:32,94fd3a9d1318e6ba90ac6eae80703826b704dfdfc19b66e8858147aac584a21d
r3_item1_inputs,/data2/cmdir/home/toandq/r3work/item1/inputs/breakhis_mobilenet_v3_large_s42_std_r1.npz,23242524,2026-10-07T23:47:50,443228b6bd3ce1172bee39d788a1e6d974e8295041b23b044ec2bbcb734e01d3
r3_item1_inputs,/data2/cmdir/home/toandq/r3work/item1/inputs/breakhis_mobilenet_v3_large_s42_std_r1_head.npz,46634,2026-10-07T20:50:33,7cdfa7705ff9e422ed40bca00edbf902104002fd1b172d68bbc312520a22beb2
r3_item1_inputs,/data2/cmdir/home/toandq/r3work/item1/inputs/breakhis_mobilenet_v3_large_s42_std_r2.npz,23328025,2026-10-07T23:47:51,54f53c05cc9ede0b3126a29f1baddd477b59eb15e9536dbc2d6a1afca7e15470
r3_item1_inputs,/data2/cmdir/home/toandq/r3work/item1/inputs/breakhis_mobilenet_v3_large_s42_std_r2_head.npz,46634,2026-10-07T20:50:34,1272108a2fc15e5dcabd007668808754751427fcb07554bf005bf96322bd9a3f
r3_item1_inputs,/data2/cmdir/home/toandq/r3work/item1/inputs/breakhis_mobilenet_v3_large_s42_std_r3.npz,24462873,2026-10-07T23:47:51,ed60995bf0f487553779a8468fa001b61e5e314d7ef9f6fb788dd10f186a9fe4
r3_item1_inputs,/data2/cmdir/home/toandq/r3work/item1/inputs/breakhis_mobilenet_v3_large_s42_std_r3_head.npz,46634,2026-10-07T20:50:34,67697c52a1bca24c813dd8d6e94d2cf1d6e28557f281ba3d0a4b9fad79a4d92f
r3_item1_inputs,/data2/cmdir/home/toandq/r3work/item1/inputs/breakhis_mobilenet_v3_large_s42_std_r4.npz,24979774,2026-10-07T23:47:52,af3fe74016fdfb79e14a8278e0247b982fdc7bad67a32e97dbbfa2fce38ddf42
r3_item1_inputs,/data2/cmdir/home/toandq/r3work/item1/inputs/breakhis_mobilenet_v3_large_s42_std_r4_head.npz,46634,2026-10-07T20:50:35,f10a71c38a2fd540ca1eb3718663ca917f881d61c73acf69974f9cc121a20e44
r3_item1_inputs,/data2/cmdir/home/toandq/r3work/item1/inputs/breakhis_regnet_y_3_2gf_s42_std_r0.npz,34638419,2026-10-07T23:47:52,080f8db208da5ff237cd53ba3436bbfdc61a134e49b347f50d69d1ba0c7af9d1
r3_item1_inputs,/data2/cmdir/home/toandq/r3work/item1/inputs/breakhis_regnet_y_3_2gf_s42_std_r0_head.npz,73130,2026-10-07T20:50:36,8ac53f9c34fb8d336e64f3549f7c740d957c415110c5c0f491d714182ebdd237
r3_item1_inputs,/data2/cmdir/home/toandq/r3work/item1/inputs/breakhis_regnet_y_3_2gf_s42_std_r1.npz,36472860,2026-10-07T23:47:53,15ca132ab36c9075171df954a47cae8d7f33141837547a7be16566e6e2df24a2
r3_item1_inputs,/data2/cmdir/home/toandq/r3work/item1/inputs/breakhis_regnet_y_3_2gf_s42_std_r1_head.npz,73130,2026-10-07T20:50:36,c8c3e9a4463b7c342962895bfa2ac37699366a018b18b389009227820eb8430f
r3_item1_inputs,/data2/cmdir/home/toandq/r3work/item1/inputs/breakhis_regnet_y_3_2gf_s42_std_r2.npz,36606937,2026-10-07T23:47:53,db350f38c3af1c327df272163b269d179ba959cc3f260d130359b5716bf25ff6
r3_item1_inputs,/data2/cmdir/home/toandq/r3work/item1/inputs/breakhis_regnet_y_3_2gf_s42_std_r2_head.npz,73130,2026-10-07T20:50:37,97e7287ab24648815a4759e656d52e5ca16f31b97483a5a70d3cde781c5dfd57
r3_item1_inputs,/data2/cmdir/home/toandq/r3work/item1/inputs/breakhis_regnet_y_3_2gf_s42_std_r3.npz,38386521,2026-10-07T23:47:54,a5398aee537b23da5305e0b7d60665a313aacaa7e8d16fb67a982efbae12ce71
r3_item1_inputs,/data2/cmdir/home/toandq/r3work/item1/inputs/breakhis_regnet_y_3_2gf_s42_std_r3_head.npz,73130,2026-10-07T20:50:38,12ca78d7bcbbb246f1965c501c09efaaa521c0a739c64d568f56df3922f0bd3d
r3_item1_inputs,/data2/cmdir/home/toandq/r3work/item1/inputs/breakhis_regnet_y_3_2gf_s42_std_r4.npz,39197086,2026-10-07T23:47:54,5d66e260f6cbeed8056409c3b7bda2cb7b166aeb129c021eb4adcb103c0940fb
r3_item1_inputs,/data2/cmdir/home/toandq/r3work/item1/inputs/breakhis_regnet_y_3_2gf_s42_std_r4_head.npz,73130,2026-10-07T20:50:38,9eb4659a2d38cb1cab03b34780fcce84ea2c7cf99657b01987cf8fc32f937402
r3_item1_inputs,/data2/cmdir/home/toandq/r3work/item1/inputs/breakhis_resnet18_s42_std_r0.npz,11874419,2026-10-07T23:47:55,afa7c31e19e7920fdfcb72dc1c585f61c4eb10ebad943f180474bf7348de9f80
r3_item1_inputs,/data2/cmdir/home/toandq/r3work/item1/inputs/breakhis_resnet18_s42_std_r0_head.npz,25130,2026-10-07T20:50:38,6dda375bffac2276a47b031692d7b71ba0d78c3529a054953f2aefbd9b73bded
r3_item1_inputs,/data2/cmdir/home/toandq/r3work/item1/inputs/breakhis_resnet18_s42_std_r1.npz,12504860,2026-10-07T23:47:55,73f08bba19bee7334ec7ac252eb7c7fa2f1b5d4fea62f9bce5e0166d9d5f6939
r3_item1_inputs,/data2/cmdir/home/toandq/r3work/item1/inputs/breakhis_resnet18_s42_std_r1_head.npz,25130,2026-10-07T20:50:39,74cfe88d7dbaeec0fdbd8dcb19c4c3779c207617fb38a834f293dedaf158ba87
r3_item1_inputs,/data2/cmdir/home/toandq/r3work/item1/inputs/breakhis_resnet18_s42_std_r2.npz,12550937,2026-10-07T23:47:56,a07072ebf594e6c5d5647d2110c482c65a00bd7ad84facfa1b950c2271da86ea
r3_item1_inputs,/data2/cmdir/home/toandq/r3work/item1/inputs/breakhis_resnet18_s42_std_r2_head.npz,25130,2026-10-07T20:50:39,713413f6085fe085708cc4bcd345edcfbfca66f4e5c92c5acf23fe11f387d2d1
r3_item1_inputs,/data2/cmdir/home/toandq/r3work/item1/inputs/breakhis_resnet18_s42_std_r3.npz,13162521,2026-10-07T23:47:56,6e38c9fe9e045682dad11485c95c8d423a5c69d301a2425677f20b6db77f6cb5
r3_item1_inputs,/data2/cmdir/home/toandq/r3work/item1/inputs/breakhis_resnet18_s42_std_r3_head.npz,25130,2026-10-07T20:50:39,5f2a8e00aa7db0c39fdbb0ad1f1116a8ff12cd1753e60fcd465618e26298fa04
r3_item1_inputs,/data2/cmdir/home/toandq/r3work/item1/inputs/breakhis_resnet18_s42_std_r4.npz,13441086,2026-10-07T23:47:57,6d032f27f94c1d8405af050ad8b848cbaac1041af952bb0a05e110623b97caf6
r3_item1_inputs,/data2/cmdir/home/toandq/r3work/item1/inputs/breakhis_resnet18_s42_std_r4_head.npz,25130,2026-10-07T20:50:40,85f1d82ca72c528def2327048554ebee25995386aa4369f9081342254f44d636
r3_item1_inputs,/data2/cmdir/home/toandq/r3work/item1/inputs/breakhis_resnet18_s43_std_r0.npz,11874419,2026-10-07T23:47:57,fff937113553412905ac6c024423531525ea2f3a6a8e748ebf0d79a16d1121b1
r3_item1_inputs,/data2/cmdir/home/toandq/r3work/item1/inputs/breakhis_resnet18_s43_std_r0_head.npz,25130,2026-10-07T20:50:40,c8ab5a97459cab717956d881fef4fba4ccaec8aa4d87cca9f5bfc55a3913c940
r3_item1_inputs,/data2/cmdir/home/toandq/r3work/item1/inputs/breakhis_resnet18_s43_std_r1.npz,12504860,2026-10-07T23:47:57,60247d2f6b85f4982a73483c65c75c58a570eda9c48242196cd33bde0b9b6159
r3_item1_inputs,/data2/cmdir/home/toandq/r3work/item1/inputs/breakhis_resnet18_s43_std_r1_head.npz,25130,2026-10-07T20:50:40,6107eabf4f0883e7ac88cda99a53bbd7810c937554bdf42bc1d376337a3c3596
r3_item1_inputs,/data2/cmdir/home/toandq/r3work/item1/inputs/breakhis_resnet18_s43_std_r2.npz,12550937,2026-10-07T23:47:58,27534842e9e61bac6b16632d3b04ccdb913df9bccdbf8669bf690986a6b02d5b
r3_item1_inputs,/data2/cmdir/home/toandq/r3work/item1/inputs/breakhis_resnet18_s43_std_r2_head.npz,25130,2026-10-07T20:50:40,ecab0e8e10233e03ed8e4b4459586f73a2b71b4e935a850c38ed6ee79fa661a6
r3_item1_inputs,/data2/cmdir/home/toandq/r3work/item1/inputs/breakhis_resnet18_s43_std_r3.npz,13162521,2026-10-07T23:47:58,4d6f1860728fdc712dd6ebb13ee5a093999badf57431818659014e5724ec0fe0
r3_item1_inputs,/data2/cmdir/home/toandq/r3work/item1/inputs/breakhis_resnet18_s43_std_r3_head.npz,25130,2026-10-07T20:50:41,d939f508cca5624a9d5eb90ceeda28c626776f03883efb046ae6e90c90a14e30
r3_item1_inputs,/data2/cmdir/home/toandq/r3work/item1/inputs/breakhis_resnet18_s43_std_r4.npz,13441086,2026-10-07T23:47:59,9818c6413c3afe8483f6323414a38fb7881547cd0294ad4fe123d0be9569765d
r3_item1_inputs,/data2/cmdir/home/toandq/r3work/item1/inputs/breakhis_resnet18_s43_std_r4_head.npz,25130,2026-10-07T20:50:41,b508cb4cc01320b5ce4dc7d4db3634163772d1ebffb3e7817526a5c4c128f830
r3_item1_inputs,/data2/cmdir/home/toandq/r3work/item1/inputs/breakhis_resnet50_s42_std_r0.npz,46839923,2026-10-07T23:47:59,cf3e648d256a1b138cabb7f50c2496548c921f100e836c77ee0dfcaa0478ff64
r3_item1_inputs,/data2/cmdir/home/toandq/r3work/item1/inputs/breakhis_resnet50_s42_std_r0_head.npz,98858,2026-10-07T20:50:42,3001f1bbc12e7a96b9e2d0dd8586c2d04b4cd782a9085443adaa7a115882d75a
r3_item1_inputs,/data2/cmdir/home/toandq/r3work/item1/inputs/breakhis_resnet50_s42_std_r1.npz,49319708,2026-10-07T23:48:00,71601f5eef4fe92431a2d66fe2f368e10e53656d2cc49a6270cc849f1f3c9e68
r3_item1_inputs,/data2/cmdir/home/toandq/r3work/item1/inputs/breakhis_resnet50_s42_std_r1_head.npz,98858,2026-10-07T20:50:42,012b361c574910974e9d466861df8f95a28a6dc8430130fd8bd3c1d6094515bb
r3_item1_inputs,/data2/cmdir/home/toandq/r3work/item1/inputs/breakhis_resnet50_s42_std_r2.npz,49500953,2026-10-07T23:48:00,4a6c405dde69ab7c13c7670eb4f66c6c78495015178f923de63f14d2a89065b9
r3_item1_inputs,/data2/cmdir/home/toandq/r3work/item1/inputs/breakhis_resnet50_s42_std_r2_head.npz,98858,2026-10-07T20:50:44,ffd06d02a4dd7d2f96ad1534dbeaa1d3ea6e1a3d9c4288168e0cc58b0d0413b8
r3_item1_inputs,/data2/cmdir/home/toandq/r3work/item1/inputs/breakhis_resnet50_s42_std_r3.npz,51906585,2026-10-07T23:48:01,3c3b43c39afbdbe4582ca0bcc8c75df859729b53f0bf90a6b262dc7fb5a0969a
r3_item1_inputs,/data2/cmdir/home/toandq/r3work/item1/inputs/breakhis_resnet50_s42_std_r3_head.npz,98858,2026-10-07T20:50:46,8dc04fefa85886e204eb90457bc4a9fcfa9f75d9a264dfff5f079116ba086da5
r3_item1_inputs,/data2/cmdir/home/toandq/r3work/item1/inputs/breakhis_resnet50_s42_std_r4.npz,53002302,2026-10-07T23:48:01,b885f141df0cc7726af1a272dec071959daa33788491c0194434d97f5b04285b
r3_item1_inputs,/data2/cmdir/home/toandq/r3work/item1/inputs/breakhis_resnet50_s42_std_r4_head.npz,98858,2026-10-07T20:50:47,c5fb57fcc9531346a7dffd6ef255632628ba06ad4e2cd2e46e05546c60dc69b0
r3_item1_inputs,/data2/cmdir/home/toandq/r3work/item1/inputs/breakhis_resnet50_s43_std_r0.npz,46839923,2026-10-07T23:48:02,85145861e7efab9152d8aeb6065f4e9f18839af8d8bfed099909c536b5381beb
r3_item1_inputs,/data2/cmdir/home/toandq/r3work/item1/inputs/breakhis_resnet50_s43_std_r0_head.npz,98858,2026-10-07T20:50:48,3446366f7d9ddcf4115c1e524c7805e909ed2ed7aa803c73c1c5ec769cd197bd
r3_item1_inputs,/data2/cmdir/home/toandq/r3work/item1/inputs/breakhis_resnet50_s43_std_r1.npz,49319708,2026-10-07T23:48:03,351db72f93d79569c437628adcda7b82f4687911507ba080090c643d4e11c794
r3_item1_inputs,/data2/cmdir/home/toandq/r3work/item1/inputs/breakhis_resnet50_s43_std_r1_head.npz,98858,2026-10-07T20:50:48,860c0b7055d5cee328ae8c7bd4cde5b881f27bfe2d7efd271e993d10451145be
r3_item1_inputs,/data2/cmdir/home/toandq/r3work/item1/inputs/breakhis_resnet50_s43_std_r2.npz,49500953,2026-10-07T23:48:03,1dca76713947d1c1aced2d44034f1a7180be6da93a35cec7a5de6f4c2a014faf
r3_item1_inputs,/data2/cmdir/home/toandq/r3work/item1/inputs/breakhis_resnet50_s43_std_r2_head.npz,98858,2026-10-07T20:50:49,72e76a728944e3f0e030ee79513222a481e22de3c32dcfd2014adb44741e8ed7
r3_item1_inputs,/data2/cmdir/home/toandq/r3work/item1/inputs/breakhis_resnet50_s43_std_r3.npz,51906585,2026-10-07T23:48:04,e527ac9abbccdbb4731a1fd488a70140318155b67b9b46e4e8c452e037c44133
r3_item1_inputs,/data2/cmdir/home/toandq/r3work/item1/inputs/breakhis_resnet50_s43_std_r3_head.npz,98858,2026-10-07T20:50:50,577070de366fb0e44f10c3d70e2d138191486993be68c4cc69aef73694d64434
r3_item1_inputs,/data2/cmdir/home/toandq/r3work/item1/inputs/breakhis_resnet50_s43_std_r4.npz,53002302,2026-10-07T23:48:04,ef92c97e5ccaf975e567c5f93323387fc5ced1e1c90848362badd6240db9f8e5
r3_item1_inputs,/data2/cmdir/home/toandq/r3work/item1/inputs/breakhis_resnet50_s43_std_r4_head.npz,98858,2026-10-07T20:50:51,217254923a52896e62834f1b65d9bcf53447c888a8f047268089dae11b0a47b4
r3_item1_inputs,/data2/cmdir/home/toandq/r3work/item1/inputs/camelyon_conch_v1_5_s42.npz,1324110322,2026-10-07T23:23:37,4c1d17cf861550c066fe7199e9e385687fce0dcfe6d3da26014e4f2b3fd9328a
r3_item1_inputs,/data2/cmdir/home/toandq/r3work/item1/inputs/camelyon_conch_v1_5_s42_head.npz,12810,2026-10-07T23:24:21,0765c0f173b2930b60a9258e9d9324446991ab58c6d62fba5c0aa8ee95ef564b
r3_item1_inputs,/data2/cmdir/home/toandq/r3work/item1/inputs/camelyon_conch_v1_5_s43.npz,1324110322,2026-10-07T23:24:32,ba9e94173f5208aa63bf02a41c0b0e671be7d784c1b2874233ee2848bfb1513a
r3_item1_inputs,/data2/cmdir/home/toandq/r3work/item1/inputs/camelyon_conch_v1_5_s43_head.npz,12810,2026-10-07T23:25:18,0765c0f173b2930b60a9258e9d9324446991ab58c6d62fba5c0aa8ee95ef564b
r3_item1_inputs,/data2/cmdir/home/toandq/r3work/item1/inputs/camelyon_conch_v1_5_s44.npz,1324110322,2026-10-07T23:25:27,22741fc7a1565726770adfa7e8cfec37118fb4c5b47f8582358d5823276bda90
r3_item1_inputs,/data2/cmdir/home/toandq/r3work/item1/inputs/camelyon_conch_v1_5_s44_head.npz,12810,2026-10-07T23:26:20,0765c0f173b2930b60a9258e9d9324446991ab58c6d62fba5c0aa8ee95ef564b
r3_item1_inputs,/data2/cmdir/home/toandq/r3work/item1/inputs/camelyon_convnext_tiny_s42.npz,1324110322,2026-10-07T23:02:12,3dcec489f430008df820524f3a660fc97306198c96b2897d577e666c6db8fa69
r3_item1_inputs,/data2/cmdir/home/toandq/r3work/item1/inputs/camelyon_convnext_tiny_s42_head.npz,12810,2026-10-07T20:47:14,2454f263da6257ec6274e322ca73b1376156cecb376ac5a0fc80d822c177951b
r3_item1_inputs,/data2/cmdir/home/toandq/r3work/item1/inputs/camelyon_convnext_tiny_s43.npz,1324110322,2026-10-07T23:07:03,b2d25306ca46f629e4fc522cd2201795fa2e42c4f129478bd62ba598eedf1296
r3_item1_inputs,/data2/cmdir/home/toandq/r3work/item1/inputs/camelyon_convnext_tiny_s43_head.npz,12810,2026-10-07T20:50:14,4672bc455e157e3f492b7333c1b7fba3a2b80f37a0c3d9c460dd64c5ef1043c2
r3_item1_inputs,/data2/cmdir/home/toandq/r3work/item1/inputs/camelyon_convnext_tiny_s44.npz,1324110322,2026-10-07T23:08:45,0e745ced9062637e0dfd4712e4a26bb8ec1a2ea1f80bf5e6a00dd98170f45142
r3_item1_inputs,/data2/cmdir/home/toandq/r3work/item1/inputs/camelyon_convnext_tiny_s44_head.npz,12810,2026-10-07T20:51:16,76b751cecbf95dd8e7beda695efd823bf504db500cd4fb9309c5e53d41eac32b
r3_item1_inputs,/data2/cmdir/home/toandq/r3work/item1/inputs/camelyon_densenet121_s42.npz,1755265522,2026-10-07T23:02:34,d4b006cf913e4074e11247b9f2be56e6c2f18bba9f63ce20e3a99efa7454265a
r3_item1_inputs,/data2/cmdir/home/toandq/r3work/item1/inputs/camelyon_densenet121_s42_head.npz,16906,2026-10-07T20:47:31,77cb943165cbe36c8b03da43d1be3cbee6847b385482fc0a1ba38d97d5a9f5ba
r3_item1_inputs,/data2/cmdir/home/toandq/r3work/item1/inputs/camelyon_dinov2_vitb14_s42.npz,1324110322,2026-10-07T23:17:01,4b6ca915253c10281028d3efe458b9817c6dc2d7b3e128496f2c4b2207d41e33
r3_item1_inputs,/data2/cmdir/home/toandq/r3work/item1/inputs/camelyon_dinov2_vitb14_s42_head.npz,12810,2026-10-07T23:17:47,0b9c78766cb735e0d6b0257838c09cf55214741031a20edac1d8a597fccdd546
r3_item1_inputs,/data2/cmdir/home/toandq/r3work/item1/inputs/camelyon_dinov2_vitb14_s43.npz,1324110322,2026-10-07T23:17:57,0aebec38becb4853de063e048a3753968b93e6307229efbce026be2327923ef6
r3_item1_inputs,/data2/cmdir/home/toandq/r3work/item1/inputs/camelyon_dinov2_vitb14_s43_head.npz,12810,2026-10-07T23:18:39,0b9c78766cb735e0d6b0257838c09cf55214741031a20edac1d8a597fccdd546
r3_item1_inputs,/data2/cmdir/home/toandq/r3work/item1/inputs/camelyon_dinov2_vitb14_s44.npz,1324110322,2026-10-07T23:18:50,c00e47cb0b4e554896104fbc7d09fa97c1aac2b37ed891a0e00d9162523c4cf9
r3_item1_inputs,/data2/cmdir/home/toandq/r3work/item1/inputs/camelyon_dinov2_vitb14_s44_head.npz,12810,2026-10-07T23:19:32,0b9c78766cb735e0d6b0257838c09cf55214741031a20edac1d8a597fccdd546
r3_item1_inputs,/data2/cmdir/home/toandq/r3work/item1/inputs/camelyon_dinov2_vitl14_s42.npz,1755265522,2026-10-07T23:19:44,a1382965522ed3f30d29e4165a946c10d1778d6fc5790e00ece085b396741432
r3_item1_inputs,/data2/cmdir/home/toandq/r3work/item1/inputs/camelyon_dinov2_vitl14_s42_head.npz,16906,2026-10-07T23:20:57,12067213126e4690592ad79cd616a0b15fca547cbf155decf1f5546bdc7e160b
r3_item1_inputs,/data2/cmdir/home/toandq/r3work/item1/inputs/camelyon_dinov2_vitl14_s43.npz,1755265522,2026-10-07T23:21:11,de2eb5b3fb8b52436733bf5c50ff81c1378330de508cbd5bb31a4931020b89e9
r3_item1_inputs,/data2/cmdir/home/toandq/r3work/item1/inputs/camelyon_dinov2_vitl14_s43_head.npz,16906,2026-10-07T23:22:11,12067213126e4690592ad79cd616a0b15fca547cbf155decf1f5546bdc7e160b
r3_item1_inputs,/data2/cmdir/home/toandq/r3work/item1/inputs/camelyon_dinov2_vitl14_s44.npz,1755265522,2026-10-07T23:22:24,6a119e083cd692243856d1180726b9b73853e5d720632030cc9feba8db8dec6c
r3_item1_inputs,/data2/cmdir/home/toandq/r3work/item1/inputs/camelyon_dinov2_vitl14_s44_head.npz,16906,2026-10-07T23:23:26,12067213126e4690592ad79cd616a0b15fca547cbf155decf1f5546bdc7e160b
r3_item1_inputs,/data2/cmdir/home/toandq/r3work/item1/inputs/camelyon_effb3_s42.npz,2617576010,2026-10-07T23:03:17,c8dcdad65b4946d5a6d9f79f66ad73e0d8925f30518615bd92c4268f3913ec63
r3_item1_inputs,/data2/cmdir/home/toandq/r3work/item1/inputs/camelyon_effb3_s42_head.npz,25098,2026-10-07T20:48:04,551aa81d6e8f35a7b8b4e3de40dc779a50bf70ba1a238c6007737a0ac1585169
r3_item1_inputs,/data2/cmdir/home/toandq/r3work/item1/inputs/camelyon_efficientnet_v2_s_s42.npz,2186420810,2026-10-07T23:03:54,5c9204005f6f2f4a79d744da55a2867fce74b52ace9d37effdec01225ff50ca1
r3_item1_inputs,/data2/cmdir/home/toandq/r3work/item1/inputs/camelyon_efficientnet_v2_s_s42_head.npz,21002,2026-10-07T20:48:30,0ca070fdda17d9ff18bcb3ea31914cb0f56d95d500e13bed73e0ed140cc730c2
r3_item1_inputs,/data2/cmdir/home/toandq/r3work/item1/inputs/camelyon_mobilenet_v3_large_s42.npz,1647476722,2026-10-07T23:04:24,20427adc032920c208329eb6f74d2b71a5d4a84b557a1a959e9c5ae913c2beeb
r3_item1_inputs,/data2/cmdir/home/toandq/r3work/item1/inputs/camelyon_mobilenet_v3_large_s42_head.npz,15882,2026-10-07T20:48:49,653e466cfbd3b5e4c096ba5122bf127d9b7f986d796191366a55ac7384ecacac
r3_item1_inputs,/data2/cmdir/home/toandq/r3work/item1/inputs/camelyon_regnet_y_3_2gf_s42.npz,2577155210,2026-10-07T23:05:06,ea5acbae727a1fd95d1366d23a09bfee91225ef0564b5e7a3d8fe85245147878
r3_item1_inputs,/data2/cmdir/home/toandq/r3work/item1/inputs/camelyon_regnet_y_3_2gf_s42_head.npz,24714,2026-10-07T20:49:16,e2730ed9c0bd07fd399425a6fd223d6ee032749e479ec6511bb29425cbfe9b1d
r3_item1_inputs,/data2/cmdir/home/toandq/r3work/item1/inputs/camelyon_resnet18_s42.npz,892955122,2026-10-07T23:05:26,2b22e39761fd922b85e5bc644775d0cace10c1cf7820afa48bb00b7785806df4
r3_item1_inputs,/data2/cmdir/home/toandq/r3work/item1/inputs/camelyon_resnet18_s42_head.npz,8714,2026-10-07T20:49:25,7a54e11cf57155e1e69ea406ff440748406a075e1758c9520318fec8e6993244
r3_item1_inputs,/data2/cmdir/home/toandq/r3work/item1/inputs/camelyon_resnet50_s42.npz,3479886478,2026-10-07T23:01:47,03f0b2035a7cbd4e03d6bbaa88b7d8fe85258a8dcf78e2d48ac93c30b20660d3
r3_item1_inputs,/data2/cmdir/home/toandq/r3work/item1/inputs/camelyon_resnet50_s42_head.npz,33290,2026-10-07T20:49:57,09e9aceb892a36fdf2253fc86db5bad5512981b767138e007f44fedfcbffa080
r3_item1_inputs,/data2/cmdir/home/toandq/r3work/item1/inputs/camelyon_resnet50_s43.npz,3479886478,2026-10-07T23:06:27,b7f50ffe22b473ec6ecedb1457e69692d4bf3059c4f9604ab4151a3fe8868887
r3_item1_inputs,/data2/cmdir/home/toandq/r3work/item1/inputs/camelyon_resnet50_s43_head.npz,33290,2026-10-07T20:51:00,d7a4297ad568f6ea5747960f192f80b7221c07af960375ad1be6884b44f39baf
r3_item1_inputs,/data2/cmdir/home/toandq/r3work/item1/inputs/camelyon_resnet50_s44.npz,3479886478,2026-10-07T23:08:07,b3099d12369a2fc4bcad13dbbf2b62d21ee8d1a707424850d8d2ba12be94f8f7
r3_item1_inputs,/data2/cmdir/home/toandq/r3work/item1/inputs/camelyon_resnet50_s44_head.npz,33290,2026-10-07T20:51:53,998985b67d5f95bceeac8f43dcab133bafff70c9cf1ec72a9f2e60f8c15b4dcf
r3_item1_inputs,/data2/cmdir/home/toandq/r3work/item1/inputs/camelyon_uni_s42.npz,1755265522,2026-10-07T23:09:01,0f56175855a22b6ddd17ab94fc199014122cc3f2d3e3f62500ca054a49d9ecf4
r3_item1_inputs,/data2/cmdir/home/toandq/r3work/item1/inputs/camelyon_uni_s42_head.npz,16906,2026-10-07T23:09:19,7f819ba81ffe08d155bc0a27c4c80b4c772748eb93ec46f202e44a13ae926b68
r3_item1_inputs,/data2/cmdir/home/toandq/r3work/item1/inputs/camelyon_uni_s43.npz,1755265522,2026-10-07T23:09:34,0bff819648d37c05d2040ced51327a71171d03f7deec8be3f71df3e1ff98a8bd
r3_item1_inputs,/data2/cmdir/home/toandq/r3work/item1/inputs/camelyon_uni_s43_head.npz,16906,2026-10-07T23:09:52,7f819ba81ffe08d155bc0a27c4c80b4c772748eb93ec46f202e44a13ae926b68
r3_item1_inputs,/data2/cmdir/home/toandq/r3work/item1/inputs/camelyon_uni_s44.npz,1755265522,2026-10-07T23:10:07,213e5145d0db11d29f38f52bb493225ad2025d50907d9cc4d7e3ce535db8837c
r3_item1_inputs,/data2/cmdir/home/toandq/r3work/item1/inputs/camelyon_uni_s44_head.npz,16906,2026-10-07T23:10:24,7f819ba81ffe08d155bc0a27c4c80b4c772748eb93ec46f202e44a13ae926b68
r3_item1_inputs,/data2/cmdir/home/toandq/r3work/item1/inputs/camelyon_virchow2_s42.npz,4342196878,2026-10-07T23:10:55,ff875a9801aa3d36a3bbab1ca830f3c284120b4d83be606065ecdacc6f82ba92
r3_item1_inputs,/data2/cmdir/home/toandq/r3work/item1/inputs/camelyon_virchow2_s42_head.npz,41482,2026-10-07T23:12:29,bcfad71a7d13998731275e00dd1d6e57a55a46891e53758dd81996092960539f
r3_item1_inputs,/data2/cmdir/home/toandq/r3work/item1/inputs/camelyon_virchow2_s43.npz,4342196878,2026-10-07T23:13:04,f37cc94d7a87b3c295213ff8a88419d02481810c2ff3367613aea8cc3edbab05
r3_item1_inputs,/data2/cmdir/home/toandq/r3work/item1/inputs/camelyon_virchow2_s43_head.npz,41482,2026-10-07T23:14:33,bcfad71a7d13998731275e00dd1d6e57a55a46891e53758dd81996092960539f
r3_item1_inputs,/data2/cmdir/home/toandq/r3work/item1/inputs/camelyon_virchow2_s44.npz,4342196878,2026-10-07T23:15:14,2391f9e317f9590e0795239ec17ce04d377b96323637b09ec45e41e1037594b8
r3_item1_inputs,/data2/cmdir/home/toandq/r3work/item1/inputs/camelyon_virchow2_s44_head.npz,41482,2026-10-07T23:16:39,bcfad71a7d13998731275e00dd1d6e57a55a46891e53758dd81996092960539f
r3_item1_inputs,/data2/cmdir/home/toandq/r3work/item1/inputs/dermamnist_convnext_tiny_s42_std.npz,31111231,2026-10-07T23:46:34,abc9a953f8abdffc08579101b8d3d6f78056161fd932c3a711297b0239df7fce
r3_item1_inputs,/data2/cmdir/home/toandq/r3work/item1/inputs/dermamnist_convnext_tiny_s42_std_head.npz,43570,2026-10-07T20:49:08,391c988d8898c946d4a78d5e84709bba663594343f7ea45298bbcf01d0759880
r3_item1_inputs,/data2/cmdir/home/toandq/r3work/item1/inputs/dermamnist_convnext_tiny_s43_std.npz,31111231,2026-10-07T23:46:35,fc4df7074a398cf0c9b9eb72dae8dbdad4af8bce69f6444102bb17e468cff846
r3_item1_inputs,/data2/cmdir/home/toandq/r3work/item1/inputs/dermamnist_convnext_tiny_s43_std_head.npz,43570,2026-10-07T20:49:09,592b3276a98452be6167e00514fda8d3eceeff04222c8e3c01f0ae69731129ad
r3_item1_inputs,/data2/cmdir/home/toandq/r3work/item1/inputs/dermamnist_densenet121_s42_std.npz,41349183,2026-10-07T23:46:35,dbaf15e7c45225fe311eec0519a1f2cfc1f645fda94a52ee2ff8fa71c48cfea9
r3_item1_inputs,/data2/cmdir/home/toandq/r3work/item1/inputs/dermamnist_densenet121_s42_std_head.npz,57906,2026-10-07T20:49:10,94914e782d5c18626bd79a6841601024366be30fd7879d9b6d3838886217f57a
r3_item1_inputs,/data2/cmdir/home/toandq/r3work/item1/inputs/dermamnist_densenet121_s43_std.npz,41349183,2026-10-07T23:46:36,c60d9cbd92d742e4ce53351ad9b7aa0b81a18e6570f70e5b0e9ff52a29f3a7bf
r3_item1_inputs,/data2/cmdir/home/toandq/r3work/item1/inputs/dermamnist_densenet121_s43_std_head.npz,57906,2026-10-07T20:49:10,0c91efb962182d2fd6c536743d5894c20409b1ee3410ab88838105bb5f48f552
r3_item1_inputs,/data2/cmdir/home/toandq/r3work/item1/inputs/dermamnist_effb3_s42_std.npz,61825087,2026-10-07T23:46:36,c68feb077decdf83c4306b78e81a08039de8208c5d7cf99548aa064a96dcc3d0
r3_item1_inputs,/data2/cmdir/home/toandq/r3work/item1/inputs/dermamnist_effb3_s42_std_head.npz,86578,2026-10-07T20:49:11,ff74646d2d1c93a91ba0c1edc0906afc37980a417e9b6366fc86d79290282830
r3_item1_inputs,/data2/cmdir/home/toandq/r3work/item1/inputs/dermamnist_efficientnet_v2_s_s42_std.npz,51587135,2026-10-07T23:46:37,453b3faf9c33d6e282c6e79c3aa1baddb849519661cb3242085bd12bccdbb880
r3_item1_inputs,/data2/cmdir/home/toandq/r3work/item1/inputs/dermamnist_efficientnet_v2_s_s42_std_head.npz,72242,2026-10-07T20:49:12,66ba91558dc592cd08e1740f7440cd89582156605b8851d70b6b1ba39a2c6fae
r3_item1_inputs,/data2/cmdir/home/toandq/r3work/item1/inputs/dermamnist_fm_conch_v1_5_s42_std.npz,31111231,2026-10-07T23:48:05,061935af6560c0df3c4d66c51f829bd5302e1c9b94fe1726333ddd7e0ceb37c1
r3_item1_inputs,/data2/cmdir/home/toandq/r3work/item1/inputs/dermamnist_fm_conch_v1_5_s42_std_head.npz,43570,2026-10-07T20:51:59,9647d23d697808ade10884fa6e19bb197da662a5234cb6cc198dee896ee5dc73
r3_item1_inputs,/data2/cmdir/home/toandq/r3work/item1/inputs/dermamnist_fm_dinov2_vitb14_s42_std.npz,31111231,2026-10-07T23:48:05,6ef9d4aae436ece51f7d22fc5dc5d8cff1e2aa9da3e95daa240703abec0e051a
r3_item1_inputs,/data2/cmdir/home/toandq/r3work/item1/inputs/dermamnist_fm_dinov2_vitb14_s42_std_head.npz,43570,2026-10-07T20:51:59,284d92484668394e6a5f27247e45602df428a77a01577f5e0b26a02e43e1f95d
r3_item1_inputs,/data2/cmdir/home/toandq/r3work/item1/inputs/dermamnist_fm_dinov2_vitl14_s42_std.npz,41349183,2026-10-07T23:48:06,5e3c37df3303b888a75b5b5c433d6159a01e06115e1241cae2ea76eefdddcdd3
r3_item1_inputs,/data2/cmdir/home/toandq/r3work/item1/inputs/dermamnist_fm_dinov2_vitl14_s42_std_head.npz,57906,2026-10-07T20:52:00,db808ee004c1f9a3c7ea39e09ae3d87f6037f3ad642508acfe54e63be3ce62cf
r3_item1_inputs,/data2/cmdir/home/toandq/r3work/item1/inputs/dermamnist_fm_uni_s42_std.npz,41349183,2026-10-07T23:48:06,d03b4943843c3e3c9eb3adac401fa5ee6971ebcd82cca5124f2a747b76d4c96d
r3_item1_inputs,/data2/cmdir/home/toandq/r3work/item1/inputs/dermamnist_fm_uni_s42_std_head.npz,57906,2026-10-07T20:52:00,473273ef1bcb4a72bfab16d4d9b898dc5a4b384ce17107d6e460e403e4d2a30f
r3_item1_inputs,/data2/cmdir/home/toandq/r3work/item1/inputs/dermamnist_fm_virchow2_s42_std.npz,102776895,2026-10-07T23:48:07,15279adbfc6151a32098efc98b705731d8e579abd9c61991836fc81cb22c29a9
r3_item1_inputs,/data2/cmdir/home/toandq/r3work/item1/inputs/dermamnist_fm_virchow2_s42_std_head.npz,143922,2026-10-07T20:52:01,2be8db1fa9d292a66fbd992bf1447e20f00920b59caf6d7ce9b544174f9668e7
r3_item1_inputs,/data2/cmdir/home/toandq/r3work/item1/inputs/dermamnist_mobilenet_v3_large_s42_std.npz,38789695,2026-10-07T23:46:38,a3e73b620f9c5dd71b1ce2054809959bda1bea7217994f447feaf84b68cc03d4
r3_item1_inputs,/data2/cmdir/home/toandq/r3work/item1/inputs/dermamnist_mobilenet_v3_large_s42_std_head.npz,54322,2026-10-07T20:49:13,8458a87026563fb5128b7bcccf105b77d38bbb26391c57be6bf7b897bb8e8946
r3_item1_inputs,/data2/cmdir/home/toandq/r3work/item1/inputs/dermamnist_regnet_y_3_2gf_s42_std.npz,60865279,2026-10-07T23:46:38,74ae03aef37a4fdaf57087de36c9f1c5e82eea3e0917561dc79b5015c4845cf0
r3_item1_inputs,/data2/cmdir/home/toandq/r3work/item1/inputs/dermamnist_regnet_y_3_2gf_s42_std_head.npz,85234,2026-10-07T20:49:13,2602db951857336212901c52092cf257b7272f048d787694c232b957ebc98867
r3_item1_inputs,/data2/cmdir/home/toandq/r3work/item1/inputs/dermamnist_resnet18_s42_std.npz,20873279,2026-10-07T23:46:39,32ad0b4a2ebcd23eaf45843d99ced6645a835d57940bb40fffc06989e9b7b1bb
r3_item1_inputs,/data2/cmdir/home/toandq/r3work/item1/inputs/dermamnist_resnet18_s42_std_head.npz,29234,2026-10-07T20:49:14,d335af1276972a11fb50a5082ee35d7c3c2dd88b379f3f73e8fa3a6b325b9782
r3_item1_inputs,/data2/cmdir/home/toandq/r3work/item1/inputs/dermamnist_resnet18_s43_std.npz,20873279,2026-10-07T23:46:39,89bf94e135c26ae1b5b5087076403db231dc9ff4f976f6ef3f5b6c0cd066a0d7
r3_item1_inputs,/data2/cmdir/home/toandq/r3work/item1/inputs/dermamnist_resnet18_s43_std_head.npz,29234,2026-10-07T20:49:15,e1f2e2d46d02c4f5213c98afb8b13aed96f90100f7bf7b0d304013c82109cff5
r3_item1_inputs,/data2/cmdir/home/toandq/r3work/item1/inputs/dermamnist_resnet50_s42_std.npz,82300991,2026-10-07T23:46:40,222744bf91dfb23f695b95bce8802b1e0502aab51bb0700adde80380f8642562
r3_item1_inputs,/data2/cmdir/home/toandq/r3work/item1/inputs/dermamnist_resnet50_s42_std_head.npz,115250,2026-10-07T20:49:16,b0b3c631df3d7fd97ae108a66d6e6507a1d5c4d739dd4308660f871420099d91
r3_item1_inputs,/data2/cmdir/home/toandq/r3work/item1/inputs/dermamnist_resnet50_s43_std.npz,82300991,2026-10-07T23:46:41,36497325fe722a7a74955cb61ecd33f7ba8fb84d851c34769863e333650dfe58
r3_item1_inputs,/data2/cmdir/home/toandq/r3work/item1/inputs/dermamnist_resnet50_s43_std_head.npz,115250,2026-10-07T20:49:17,cf93bd1eb71da80d712473fd1cb9efa5d14ad0866714a6a82a909c39daa9a1f8
r3_item1_inputs,/data2/cmdir/home/toandq/r3work/item1/inputs/isic2019_convnext_tiny_s42_std.npz,68027519,2026-10-07T23:46:42,ac4992470403f4699b6f887d16fac63ebc3d90adf6b43186ecbcfdcbeef8533c
r3_item1_inputs,/data2/cmdir/home/toandq/r3work/item1/inputs/isic2019_convnext_tiny_s42_std_head.npz,37418,2026-10-07T20:49:18,43dd4615ab36ee903e3e754a6811fcf2a79d73771a49cf65c0c9179611e287a9
r3_item1_inputs,/data2/cmdir/home/toandq/r3work/item1/inputs/isic2019_convnext_tiny_s43_std.npz,68027519,2026-10-07T23:46:42,de199d04ef8a8f4166309f91cf22f0885174e088ebdc6e1798dec626af373d5b
r3_item1_inputs,/data2/cmdir/home/toandq/r3work/item1/inputs/isic2019_convnext_tiny_s43_std_head.npz,37418,2026-10-07T20:49:19,6ac7c8853b2a9ae6bff312d89747e1bfcc9ec1d3162ec9b6eacb54fb5ed35028
r3_item1_inputs,/data2/cmdir/home/toandq/r3work/item1/inputs/isic2019_densenet121_s42_std.npz,89938047,2026-10-07T23:46:43,ddbe148768e6a0e02f7e6e6e0280a9d0b1c3e83ea80be4ce124b202c8567ca1f
r3_item1_inputs,/data2/cmdir/home/toandq/r3work/item1/inputs/isic2019_densenet121_s42_std_head.npz,49706,2026-10-07T20:49:20,777c53eaef20746260ae3251af3d7174e6d69376467aab2ae6e17feabdbefd3b
r3_item1_inputs,/data2/cmdir/home/toandq/r3work/item1/inputs/isic2019_densenet121_s43_std.npz,89938047,2026-10-07T23:46:44,4124e120475ee6fcaab3bc737f1382dd4934d6b38fbfa4946129b176c8c6b9f9
r3_item1_inputs,/data2/cmdir/home/toandq/r3work/item1/inputs/isic2019_densenet121_s43_std_head.npz,49706,2026-10-07T20:49:21,2e5b8980724480b9d070c4b8c5392323b68abc00afee4277e2664687329b4489
r3_item1_inputs,/data2/cmdir/home/toandq/r3work/item1/inputs/isic2019_effb3_s42_std.npz,133759103,2026-10-07T23:46:45,08b82a7ded35ee8fe7cebb5fd70fbcc44da15a7f688ee3ea982908626c084c90
r3_item1_inputs,/data2/cmdir/home/toandq/r3work/item1/inputs/isic2019_effb3_s42_std_head.npz,74282,2026-10-07T20:49:22,55c2410f62cceb5d423aa9e45851f7200e5b784fd86a2ec31fbe1a61d10cbb4a
r3_item1_inputs,/data2/cmdir/home/toandq/r3work/item1/inputs/isic2019_efficientnet_v2_s_s42_std.npz,111848575,2026-10-07T23:46:46,f0ec077825403f63f81c40e4eab0738a80c003e1da52ec0685ca40a4b5969985
r3_item1_inputs,/data2/cmdir/home/toandq/r3work/item1/inputs/isic2019_efficientnet_v2_s_s42_std_head.npz,61994,2026-10-07T20:49:23,cda09ae7c15ce5da979a7430009157188546e8f498e82f458a95193189d63c1a
r3_item1_inputs,/data2/cmdir/home/toandq/r3work/item1/inputs/isic2019_fm_conch_v1_5_s42_std.npz,68027519,2026-10-07T23:48:07,d07856ae0906cbb55515922dce1aab57d4bf45fc0d95d1ac9eda33e401339832
r3_item1_inputs,/data2/cmdir/home/toandq/r3work/item1/inputs/isic2019_fm_conch_v1_5_s42_std_head.npz,37418,2026-10-07T20:52:01,737f25bb341396d03ea76756a64e175faf5f70251505cb550b5b3c4efea86de4
r3_item1_inputs,/data2/cmdir/home/toandq/r3work/item1/inputs/isic2019_fm_dinov2_vitb14_s42_std.npz,68027519,2026-10-07T23:48:08,728bc8eac87ced1184bcf113a99d0da2c6a91103606ee1702088134c5a8e2aa6
r3_item1_inputs,/data2/cmdir/home/toandq/r3work/item1/inputs/isic2019_fm_dinov2_vitb14_s42_std_head.npz,37418,2026-10-07T20:52:02,e95569250037fabb71478ed4e0d51a514670299d62cb1231d11bd5fe49f0f983
r3_item1_inputs,/data2/cmdir/home/toandq/r3work/item1/inputs/isic2019_fm_dinov2_vitl14_s42_std.npz,89938047,2026-10-07T23:48:08,5441a9d1b4035cebbf31e7244f02f631c6bb95ad41e73325210bffe89a7432f6
r3_item1_inputs,/data2/cmdir/home/toandq/r3work/item1/inputs/isic2019_fm_dinov2_vitl14_s42_std_head.npz,49706,2026-10-07T20:52:03,60df747a2a21ada013e4ce998db08f7cc7556fe83283ab8bc23b6804c71b2fd7
r3_item1_inputs,/data2/cmdir/home/toandq/r3work/item1/inputs/isic2019_fm_uni_s42_std.npz,89938047,2026-10-07T23:48:09,453cb6763b759cbafd9cbde709f3f6ec6a675d1f419966e045188fcecdcda030
r3_item1_inputs,/data2/cmdir/home/toandq/r3work/item1/inputs/isic2019_fm_uni_s42_std_head.npz,49706,2026-10-07T20:52:03,fb17e907130949e78aa673dbbd0b50e8ce197a7f1c85785d8b4ca41576c2e56d
r3_item1_inputs,/data2/cmdir/home/toandq/r3work/item1/inputs/isic2019_fm_virchow2_s42_std.npz,221401215,2026-10-07T23:48:12,3bff8cec6e3c25ae275f69a2407af56356bae0b2c31c8a0dfe13f35065df16a7
r3_item1_inputs,/data2/cmdir/home/toandq/r3work/item1/inputs/isic2019_fm_virchow2_s42_std_head.npz,123434,2026-10-07T20:52:04,4a361a17689367bd6059f044a1b929095012a401bab4cc7b987c309f3770a3b3
r3_item1_inputs,/data2/cmdir/home/toandq/r3work/item1/inputs/isic2019_mobilenet_v3_large_s42_std.npz,84460415,2026-10-07T23:46:47,b45432bdc0be5d8033aae00fef68f2f1b0aa5f7ec5570d808a999628af2b6994
r3_item1_inputs,/data2/cmdir/home/toandq/r3work/item1/inputs/isic2019_mobilenet_v3_large_s42_std_head.npz,46634,2026-10-07T20:49:24,1e75367866d21aa033ab3c00ffb0f482f372dd96a4a719e75b4ac91088c29a35
r3_item1_inputs,/data2/cmdir/home/toandq/r3work/item1/inputs/isic2019_regnet_y_3_2gf_s42_std.npz,131704991,2026-10-07T23:46:48,253ce354b52b7f48669aed075391c5ccf1d7b4fd46accf01f2a107fa3a698116
r3_item1_inputs,/data2/cmdir/home/toandq/r3work/item1/inputs/isic2019_regnet_y_3_2gf_s42_std_head.npz,73130,2026-10-07T20:49:25,1b7f776c11eda2c895052e256ca9e3d7d3080a1e14ac9473a508853ba109c0b9
r3_item1_inputs,/data2/cmdir/home/toandq/r3work/item1/inputs/isic2019_resnet18_s42_std.npz,46116991,2026-10-07T23:46:48,b38d9ea88e73f7fbbccbaf97a08f490d842bd6bccff00d183732f986b6cbc8cb
r3_item1_inputs,/data2/cmdir/home/toandq/r3work/item1/inputs/isic2019_resnet18_s42_std_head.npz,25130,2026-10-07T20:49:26,1aa906f2399b0d991fe0aaf7253b5986b4955004b71acdf972d5ab384ec95f5c
r3_item1_inputs,/data2/cmdir/home/toandq/r3work/item1/inputs/isic2019_resnet18_s43_std.npz,46116991,2026-10-07T23:46:49,51f29a42994f289af9aae4fe4f0225ca0f7e78355d8714fe8f0b11dd4812c6e1
r3_item1_inputs,/data2/cmdir/home/toandq/r3work/item1/inputs/isic2019_resnet18_s43_std_head.npz,25130,2026-10-07T20:49:27,3c41600ea9750291304dcd432f13273cf555b9ace8a0f3732f29df9d4c8203fc
r3_item1_inputs,/data2/cmdir/home/toandq/r3work/item1/inputs/isic2019_resnet50_s42_std.npz,177580159,2026-10-07T23:46:50,e7581f8602ce4a03c0cc95cf48da817010d0c5fbc3e32b560e01c3375e5863a4
r3_item1_inputs,/data2/cmdir/home/toandq/r3work/item1/inputs/isic2019_resnet50_s42_std_head.npz,98858,2026-10-07T20:49:28,8cf82ef57e1cd92b8b232942d7b3cb95494585c8d795bb0f5acbaac9401b982f
r3_item1_inputs,/data2/cmdir/home/toandq/r3work/item1/inputs/isic2019_resnet50_s43_std.npz,177580159,2026-10-07T23:46:51,6dd8d86e9204e2c3acfefef564e1f2977c6a410e100dc14c003158ec8ebd189a
r3_item1_inputs,/data2/cmdir/home/toandq/r3work/item1/inputs/isic2019_resnet50_s43_std_head.npz,98858,2026-10-07T20:49:30,0ec55eb78f7b97c925cfd63261b890a849cf8e17f1682461ee2a14a2411d90ad
r3_item1_inputs,/data2/cmdir/home/toandq/r3work/item1/inputs/kermany_convnext_tiny_s42_std.npz,239261750,2026-10-07T23:46:53,cbf709820836fa810e676be31b6ddcc91eb2255211e4ec1d0e07f53da51f2937
r3_item1_inputs,/data2/cmdir/home/toandq/r3work/item1/inputs/kermany_convnext_tiny_s42_std_head.npz,18962,2026-10-07T20:49:32,3a02a2f11ff2c53080c003329f1012d95760a3b7afa3a4fd71791a67a825328a
r3_item1_inputs,/data2/cmdir/home/toandq/r3work/item1/inputs/kermany_convnext_tiny_s43_std.npz,239261750,2026-10-07T23:46:55,14f9c894b626863cfb7650927d4dad9222b920e1c1c98b048f5b282ecc39bf35
r3_item1_inputs,/data2/cmdir/home/toandq/r3work/item1/inputs/kermany_convnext_tiny_s43_std_head.npz,18962,2026-10-07T20:49:36,2078862ef885c74b7ad787167483d1c60f507c5fc4ca1f95978b441ecbb11806
r3_item1_inputs,/data2/cmdir/home/toandq/r3work/item1/inputs/kermany_densenet121_s42_std.npz,318018614,2026-10-07T23:46:58,f82d8ae7de66891313c7adf003550fa5455ed41c83c5b44298749df130f4e60c
r3_item1_inputs,/data2/cmdir/home/toandq/r3work/item1/inputs/kermany_densenet121_s42_std_head.npz,25106,2026-10-07T20:49:38,b20df428d502d61eb9afffc5d9c7a03d071095b550ef60ac40bbf972fc002b67
r3_item1_inputs,/data2/cmdir/home/toandq/r3work/item1/inputs/kermany_densenet121_s43_std.npz,318018614,2026-10-07T23:47:01,b6c3342125e24064fe0fabeb901bf081af263c1a18ce1fb5bca07f6f72daa100
r3_item1_inputs,/data2/cmdir/home/toandq/r3work/item1/inputs/kermany_densenet121_s43_std_head.npz,25106,2026-10-07T20:49:41,f60d868d1063789ac2db79acee6ac4e349f1d8f0669c2a8ab05f8216ec65149e
r3_item1_inputs,/data2/cmdir/home/toandq/r3work/item1/inputs/kermany_effb3_s42_std.npz,475532342,2026-10-07T23:47:05,6ce5261b0925b73809b56d342a2550157a9c3aa47a87d24dac7f4f4bdd0d1c41
r3_item1_inputs,/data2/cmdir/home/toandq/r3work/item1/inputs/kermany_effb3_s42_std_head.npz,37394,2026-10-07T20:49:48,eebfa0011d52af417dba738771b94d0fbde455799d9775dfc8cfda3e379e4702
r3_item1_inputs,/data2/cmdir/home/toandq/r3work/item1/inputs/kermany_efficientnet_v2_s_s42_std.npz,396775478,2026-10-07T23:47:08,0d07c6d87506dae057f828af233970ed3073425c5dd8bcac9938b453ca6a5497
r3_item1_inputs,/data2/cmdir/home/toandq/r3work/item1/inputs/kermany_efficientnet_v2_s_s42_std_head.npz,31250,2026-10-07T20:49:51,ae0860d8233249824fd66aafaaa2cc9eb11f4686234043728aa6c3d79d068bc2
r3_item1_inputs,/data2/cmdir/home/toandq/r3work/item1/inputs/kermany_mobilenet_v3_large_s42_std.npz,298329398,2026-10-07T23:47:21,0a69166e46ec5073c9afe8893d2fa134fe2b1da5dbcfa946a7bc80ec1f63ca6b
r3_item1_inputs,/data2/cmdir/home/toandq/r3work/item1/inputs/kermany_mobilenet_v3_large_s42_std_head.npz,23570,2026-10-07T20:49:55,1a9544af8d3b89000918a1f5ac8b2d522e0a00c1d2c4bef049cfa0a1ce731fd1
r3_item1_inputs,/data2/cmdir/home/toandq/r3work/item1/inputs/kermany_regnet_y_3_2gf_s42_std.npz,468148886,2026-10-07T23:47:24,7a7e57689d3b7128f48d38b0f727309abd214848490448e7e6103a45434ba1ac
r3_item1_inputs,/data2/cmdir/home/toandq/r3work/item1/inputs/kermany_regnet_y_3_2gf_s42_std_head.npz,36818,2026-10-07T20:50:00,003c072606d8147e10806fd3776b39d360ae5d36e6fe9114343e942ec6b23015
r3_item1_inputs,/data2/cmdir/home/toandq/r3work/item1/inputs/kermany_resnet18_s42_std.npz,160504886,2026-10-07T23:47:25,df56eeceae303c083adac8b9b4ddb61d41f71414445993159ff01786d15b00a7
r3_item1_inputs,/data2/cmdir/home/toandq/r3work/item1/inputs/kermany_resnet18_s42_std_head.npz,12818,2026-10-07T20:50:02,84fcb805ea82c904b74e961cd03917ab4b06c7e5febfa19f6fb1a9d5e3b48400
r3_item1_inputs,/data2/cmdir/home/toandq/r3work/item1/inputs/kermany_resnet18_s43_std.npz,160504886,2026-10-07T23:47:27,3f0e484b83cf0a72d7ecd402e97833d1936d82ac1d9fba7ffc8021fefaf7fbda
r3_item1_inputs,/data2/cmdir/home/toandq/r3work/item1/inputs/kermany_resnet18_s43_std_head.npz,12818,2026-10-07T20:50:04,aa7dfd273f01f8d74d30371d4b3da432fd1a4e1681b332da79a4e76a456132fd
r3_item1_inputs,/data2/cmdir/home/toandq/r3work/item1/inputs/kermany_resnet50_s42_std.npz,633046070,2026-10-07T23:47:30,618bdb5f91c600bee6833d3f2db32b5e0de87a150dfa9f883df86b50258b875f
r3_item1_inputs,/data2/cmdir/home/toandq/r3work/item1/inputs/kermany_resnet50_s42_std_head.npz,49682,2026-10-07T20:50:07,591b840e667703c0524acfabdb6cd0c11f4da0def27da3d1264903efa4cc1334
r3_item1_inputs,/data2/cmdir/home/toandq/r3work/item1/inputs/kermany_resnet50_s43_std.npz,633046070,2026-10-07T23:47:34,036cb819fbb9a28040150d45d3ecb57bb8a71a1c2599d40801728112a7f1aaf4
r3_item1_inputs,/data2/cmdir/home/toandq/r3work/item1/inputs/kermany_resnet50_s43_std_head.npz,49682,2026-10-07T20:50:14,94bd3b8c974bae4165c1f9ddb8055bb2d34ee5b5637c33704799d1233589f905
r3_item1_paper_ci,/data2/cmdir/home/toandq/DST-Skin/results/r3/1/paper_ci_v2.csv,98269,2026-10-08T23:23:48,9081635939edddf771f48875d368017c17f645d081ba2837ddf3a89b6613f7a2
r3_item1_paper_ci,/data2/cmdir/home/toandq/r3work/item1/out_v2/breakhis_convnext_tiny_s42_std_r0/paper_ci.csv,1069,2026-10-08T21:23:24,9472ac72e83d08f00834550f0345b1032a87d9c51139ed5f95ea7754f5cbac3b
r3_item1_paper_ci,/data2/cmdir/home/toandq/r3work/item1/out_v2/breakhis_convnext_tiny_s42_std_r1/paper_ci.csv,1069,2026-10-08T21:23:52,1491f3132f6f715c9d1144811fd848ecef115f4e93ebe9a0f05928688a40936d
r3_item1_paper_ci,/data2/cmdir/home/toandq/r3work/item1/out_v2/breakhis_convnext_tiny_s42_std_r2/paper_ci.csv,1071,2026-10-08T21:24:20,7247c632d20a41ec3175a6119f180a2b8c445bb5234342d166d64d5a38d94bee
r3_item1_paper_ci,/data2/cmdir/home/toandq/r3work/item1/out_v2/breakhis_convnext_tiny_s42_std_r3/paper_ci.csv,1074,2026-10-08T21:24:50,b35698b99c3c0f6b74dc062ceb588893ed99999fc89cdb9fa3f7feaf65770ad5
r3_item1_paper_ci,/data2/cmdir/home/toandq/r3work/item1/out_v2/breakhis_convnext_tiny_s42_std_r4/paper_ci.csv,1067,2026-10-08T21:24:52,564b2a3f084c60ff990e5da2b0a5de5b551333b8f62e4e53167e370832f6b942
r3_item1_paper_ci,/data2/cmdir/home/toandq/r3work/item1/out_v2/breakhis_convnext_tiny_s43_std_r0/paper_ci.csv,1077,2026-10-08T21:25:18,3b92f825b3fa3e39b9040e52fff04f45c93efe31e536d1c349f3ac623769b91d
r3_item1_paper_ci,/data2/cmdir/home/toandq/r3work/item1/out_v2/breakhis_convnext_tiny_s43_std_r1/paper_ci.csv,1066,2026-10-08T21:25:21,6f93348f2a3373b01f72600b88b6d537bd0bfb2e0b0431fed156b5b93ceb8049
r3_item1_paper_ci,/data2/cmdir/home/toandq/r3work/item1/out_v2/breakhis_convnext_tiny_s43_std_r2/paper_ci.csv,1065,2026-10-08T21:25:47,4890990d9d633b8a5c06dc6078b6887ccbd27d5716d6c6bfe09fd7edeba09812
r3_item1_paper_ci,/data2/cmdir/home/toandq/r3work/item1/out_v2/breakhis_convnext_tiny_s43_std_r3/paper_ci.csv,1070,2026-10-08T21:25:49,efbe0aed565fe24265834efacadd4a94de8537090b7cb50b61d7f28042c56516
r3_item1_paper_ci,/data2/cmdir/home/toandq/r3work/item1/out_v2/breakhis_convnext_tiny_s43_std_r4/paper_ci.csv,1065,2026-10-08T21:26:18,bcce8db40a85af87bce7e0d58b68ee3e51021b200e1216ba4d77568cdcce7055
r3_item1_paper_ci,/data2/cmdir/home/toandq/r3work/item1/out_v2/breakhis_densenet121_s42_std_r0/paper_ci.csv,1062,2026-10-08T21:26:31,12b7943fe661fe893638090ea392dfed098e6472be0f0122c65c0cf5671fd2fd
r3_item1_paper_ci,/data2/cmdir/home/toandq/r3work/item1/out_v2/breakhis_densenet121_s42_std_r1/paper_ci.csv,1057,2026-10-08T21:27:03,fbcd6d9e3507d3de90a4b6c0c9f37c4df288a8cf2c7dfb023b085d79d6d3ce22
r3_item1_paper_ci,/data2/cmdir/home/toandq/r3work/item1/out_v2/breakhis_densenet121_s42_std_r2/paper_ci.csv,1057,2026-10-08T21:27:16,8d564578f1e8e5a858c01b47448451623cf4f4c2cb233e639edebfbf85b2b6be
r3_item1_paper_ci,/data2/cmdir/home/toandq/r3work/item1/out_v2/breakhis_densenet121_s42_std_r3/paper_ci.csv,1058,2026-10-08T21:27:47,c17efefded5055f2c32a9494264c880cc8742041a8de15e59ad9cb625e98464a
r3_item1_paper_ci,/data2/cmdir/home/toandq/r3work/item1/out_v2/breakhis_densenet121_s42_std_r4/paper_ci.csv,1060,2026-10-08T21:28:05,65e56bcb27a47fdb8d32b32eb1cfb266661707946f4600eafbd44d5bf98f3cd8
r3_item1_paper_ci,/data2/cmdir/home/toandq/r3work/item1/out_v2/breakhis_densenet121_s43_std_r0/paper_ci.csv,1058,2026-10-08T21:28:28,ce75e8d66453d81e08b2d0608f8ebee427bc402fe53848fd7058bc4cf44332b9
r3_item1_paper_ci,/data2/cmdir/home/toandq/r3work/item1/out_v2/breakhis_densenet121_s43_std_r1/paper_ci.csv,1060,2026-10-08T21:28:49,c1a2eab6b24cb594216116ed2c3bf85c5fd002a279f38fa9de5e4d349ac8517c
r3_item1_paper_ci,/data2/cmdir/home/toandq/r3work/item1/out_v2/breakhis_densenet121_s43_std_r2/paper_ci.csv,1062,2026-10-08T21:29:09,012a6532bebc9caf922ff3946a357a3901f3729b9bea031f9465d94384d6d739
r3_item1_paper_ci,/data2/cmdir/home/toandq/r3work/item1/out_v2/breakhis_densenet121_s43_std_r3/paper_ci.csv,1064,2026-10-08T21:29:12,96c53887dffc5034cf001119bc13fda3d52dd8d9b40dd6612e866cef6cece39b
r3_item1_paper_ci,/data2/cmdir/home/toandq/r3work/item1/out_v2/breakhis_densenet121_s43_std_r4/paper_ci.csv,1059,2026-10-08T21:29:29,75debe7787a87474b99be5e9599968cd1ceae031cfc34e7c48b657c54ff157b0
r3_item1_paper_ci,/data2/cmdir/home/toandq/r3work/item1/out_v2/breakhis_effb3_s42_std_r0/paper_ci.csv,1053,2026-10-08T21:30:30,62a11806564fea1969ce5f02e77d5018d483faa165284058cba95f86817374f0
r3_item1_paper_ci,/data2/cmdir/home/toandq/r3work/item1/out_v2/breakhis_effb3_s42_std_r1/paper_ci.csv,1047,2026-10-08T21:30:50,58824c50555436f58b72e82f5559f7296ca5f93f9282b1e64c2d0a97c9cc6c5b
r3_item1_paper_ci,/data2/cmdir/home/toandq/r3work/item1/out_v2/breakhis_effb3_s42_std_r2/paper_ci.csv,1049,2026-10-08T21:30:52,7e1b035bbc678aea50185f578832ba588385a3cc1160f45c0e2898b35b1e6646
r3_item1_paper_ci,/data2/cmdir/home/toandq/r3work/item1/out_v2/breakhis_effb3_s42_std_r3/paper_ci.csv,1048,2026-10-08T21:31:15,234758b19d52a58536ca04f8c50cf08d8d30e8d5b440df725eb4bd334987c565
r3_item1_paper_ci,/data2/cmdir/home/toandq/r3work/item1/out_v2/breakhis_effb3_s42_std_r4/paper_ci.csv,1051,2026-10-08T21:32:17,d617c7d0806acb75b83f5e5e29c3d8f2797cabea8a68d84001e95aa7b354b9cf
r3_item1_paper_ci,/data2/cmdir/home/toandq/r3work/item1/out_v2/breakhis_efficientnet_v2_s_s42_std_r0/paper_ci.csv,1091,2026-10-08T21:31:54,2099d4d542353a48d4ccc0d05b19c8cd07f0e4665f4e6ba8a90ccb030b324645
r3_item1_paper_ci,/data2/cmdir/home/toandq/r3work/item1/out_v2/breakhis_efficientnet_v2_s_s42_std_r1/paper_ci.csv,1081,2026-10-08T21:31:58,c8a7cc7cb7ad8fd58ac1fbb861a977f248f8e90571c156fc89613ee89bc45ec7
r3_item1_paper_ci,/data2/cmdir/home/toandq/r3work/item1/out_v2/breakhis_efficientnet_v2_s_s42_std_r2/paper_ci.csv,1085,2026-10-08T21:32:25,e92f66fa83d4d9c3647df662f9ae65156580d56a0cb8166177e10a2a411c276e
r3_item1_paper_ci,/data2/cmdir/home/toandq/r3work/item1/out_v2/breakhis_efficientnet_v2_s_s42_std_r3/paper_ci.csv,1094,2026-10-08T21:33:03,26244648ab6ef56da740ee668618bdcc805fe58c83528b0e49d971901cb97bef
r3_item1_paper_ci,/data2/cmdir/home/toandq/r3work/item1/out_v2/breakhis_efficientnet_v2_s_s42_std_r4/paper_ci.csv,1082,2026-10-08T21:33:08,2dfbcb74e8beb2c1ba4b1904dbafe5337735961dccdb354d721abaf96027fd76
r3_item1_paper_ci,/data2/cmdir/home/toandq/r3work/item1/out_v2/breakhis_fm_conch_v1_5_s42_std_r0/paper_ci.csv,1071,2026-10-08T22:06:29,acae50e5df57aba59b5156883ed48564e75f20b06f3bd14d132c0b9829173f32
r3_item1_paper_ci,/data2/cmdir/home/toandq/r3work/item1/out_v2/breakhis_fm_conch_v1_5_s42_std_r1/paper_ci.csv,1064,2026-10-08T22:06:32,11e3e4f4657e2c007e4c9bc702b8e45dea58d8e6237ddba13ce5f7049000924c
r3_item1_paper_ci,/data2/cmdir/home/toandq/r3work/item1/out_v2/breakhis_fm_conch_v1_5_s42_std_r2/paper_ci.csv,1066,2026-10-08T22:06:32,7ad63d47db4741525906fee51bdd87c04aec545fa8f1034d0f0b8cf82b5abcae
r3_item1_paper_ci,/data2/cmdir/home/toandq/r3work/item1/out_v2/breakhis_fm_conch_v1_5_s42_std_r3/paper_ci.csv,1073,2026-10-08T22:06:33,569d0b8647d3dc80890dbbaf7543c8f48bfdaab08790b4edbd82ab3e1fa7b4e9
r3_item1_paper_ci,/data2/cmdir/home/toandq/r3work/item1/out_v2/breakhis_fm_conch_v1_5_s42_std_r4/paper_ci.csv,1065,2026-10-08T22:07:06,4af28b32fbe66f566474d2a8e3d01a56a3c43a67c01f86a9bfe8a00ed4d150c7
r3_item1_paper_ci,/data2/cmdir/home/toandq/r3work/item1/out_v2/breakhis_fm_dinov2_vitb14_s42_std_r0/paper_ci.csv,1080,2026-10-08T22:07:03,efc47c12f76969b2cf4d478a3c4f7a6f1f1cac7e8ef53d55ca40c2291e896531
r3_item1_paper_ci,/data2/cmdir/home/toandq/r3work/item1/out_v2/breakhis_fm_dinov2_vitb14_s42_std_r1/paper_ci.csv,1073,2026-10-08T22:07:09,ffdc4a62d13e7e19853d9e8e1a42828f0d75b939b03ebb09f164cc94a95524ce
r3_item1_paper_ci,/data2/cmdir/home/toandq/r3work/item1/out_v2/breakhis_fm_dinov2_vitb14_s42_std_r2/paper_ci.csv,1079,2026-10-08T22:07:34,5dd69bc40db96dc4cd28f792a63c1602f0862e8fa24a6f2e7ee1461ffa56aa75
r3_item1_paper_ci,/data2/cmdir/home/toandq/r3work/item1/out_v2/breakhis_fm_dinov2_vitb14_s42_std_r3/paper_ci.csv,1077,2026-10-08T22:07:38,a27d5d111bb65aad11ca2792c58e5dbef69da281d21cccd828bdbe71761a51c3
r3_item1_paper_ci,/data2/cmdir/home/toandq/r3work/item1/out_v2/breakhis_fm_dinov2_vitb14_s42_std_r4/paper_ci.csv,1083,2026-10-08T22:07:39,86d8ced6d7f6dcab84ea454e6d1bbf13e55f9494d37d011b9786dce6a1364f5c
r3_item1_paper_ci,/data2/cmdir/home/toandq/r3work/item1/out_v2/breakhis_fm_dinov2_vitl14_s42_std_r0/paper_ci.csv,1077,2026-10-08T22:08:25,d1dd3924e82127eb65518501c88cd6b1110d3441bdbeac6c4e79ad8c924eca82
r3_item1_paper_ci,/data2/cmdir/home/toandq/r3work/item1/out_v2/breakhis_fm_dinov2_vitl14_s42_std_r1/paper_ci.csv,1076,2026-10-08T22:08:35,ec62258e9ff08786413e8814643ca4eebed78f8b0ad49ae7821f5247d9a6afd2
r3_item1_paper_ci,/data2/cmdir/home/toandq/r3work/item1/out_v2/breakhis_fm_dinov2_vitl14_s42_std_r2/paper_ci.csv,1078,2026-10-08T22:08:34,30a22236a0e1e5e551f306e4356b525e5322e9ca90962ad081080eb88b786900
r3_item1_paper_ci,/data2/cmdir/home/toandq/r3work/item1/out_v2/breakhis_fm_dinov2_vitl14_s42_std_r3/paper_ci.csv,1081,2026-10-08T22:08:38,70978b5f64d1b9e22c1cf0f911dfdc059b410e0940c25ffbcff29a53a09b342d
r3_item1_paper_ci,/data2/cmdir/home/toandq/r3work/item1/out_v2/breakhis_fm_dinov2_vitl14_s42_std_r4/paper_ci.csv,1078,2026-10-08T22:08:53,1ea82c17a59c9606d3a6fe1196aa2e64951d5265eb90928f83a01d7a4117e522
r3_item1_paper_ci,/data2/cmdir/home/toandq/r3work/item1/out_v2/breakhis_fm_uni_s42_std_r0/paper_ci.csv,1051,2026-10-08T22:08:46,d9cd0f6a2526a40cc37f14fac4488d8f4238e77ad619394e84fa480cc5a22a1e
r3_item1_paper_ci,/data2/cmdir/home/toandq/r3work/item1/out_v2/breakhis_fm_uni_s42_std_r1/paper_ci.csv,1049,2026-10-08T22:08:48,9f59b0aee831fc36781bcdecf5128cd5c6c2c9f712f64892dc30f4642829d71d
r3_item1_paper_ci,/data2/cmdir/home/toandq/r3work/item1/out_v2/breakhis_fm_uni_s42_std_r2/paper_ci.csv,1048,2026-10-08T22:08:51,327f229700bdb8b00c23b08c0b835ac49d993efc84886430eb0ae7995b6c93b7
r3_item1_paper_ci,/data2/cmdir/home/toandq/r3work/item1/out_v2/breakhis_fm_uni_s42_std_r3/paper_ci.csv,1050,2026-10-08T22:09:19,1e7ea4938f4c31fa373201852e258eba7fdadc70ee465da39cb6149e4d11aac1
r3_item1_paper_ci,/data2/cmdir/home/toandq/r3work/item1/out_v2/breakhis_fm_uni_s42_std_r4/paper_ci.csv,1051,2026-10-08T22:09:30,eebf1891fc88f2153056e0f422b6e30622fbfe02a96dcb7fa248adc77b00799d
r3_item1_paper_ci,/data2/cmdir/home/toandq/r3work/item1/out_v2/breakhis_fm_virchow2_s42_std_r0/paper_ci.csv,1060,2026-10-08T22:15:39,51eb3bc855f0fe8f9d0538143708debb7e7fdcec0f2ad3787d396f9f433b79af
r3_item1_paper_ci,/data2/cmdir/home/toandq/r3work/item1/out_v2/breakhis_fm_virchow2_s42_std_r1/paper_ci.csv,1059,2026-10-08T22:16:12,07a5a645043cb112eba6c044ed105e82cb671b3c0955a800fe7f9e1e8b0942c6
r3_item1_paper_ci,/data2/cmdir/home/toandq/r3work/item1/out_v2/breakhis_fm_virchow2_s42_std_r2/paper_ci.csv,1056,2026-10-08T22:15:44,df8939f6dc85f1bcad4d317e59f9ec226dc7c43b5865b3e05c42ea1adb49b715
r3_item1_paper_ci,/data2/cmdir/home/toandq/r3work/item1/out_v2/breakhis_fm_virchow2_s42_std_r3/paper_ci.csv,1059,2026-10-08T22:16:31,e683090a41e31d59c95b347994288dcf0f8571180c7980c355ba481595fae1d5
r3_item1_paper_ci,/data2/cmdir/home/toandq/r3work/item1/out_v2/breakhis_fm_virchow2_s42_std_r4/paper_ci.csv,1065,2026-10-08T22:15:38,e567d66fbda48f1b007f0bbf09d0512e6c936228d9b1bf0aab656696d4f1a517
r3_item1_paper_ci,/data2/cmdir/home/toandq/r3work/item1/out_v2/breakhis_mobilenet_v3_large_s42_std_r0/paper_ci.csv,1070,2026-10-08T21:32:55,be0f27672eaf7cec82f7c36e102f3f664cfa56de8f13cbcc73dade24ef85a8f5
r3_item1_paper_ci,/data2/cmdir/home/toandq/r3work/item1/out_v2/breakhis_mobilenet_v3_large_s42_std_r1/paper_ci.csv,1073,2026-10-08T21:33:04,7a0fa2fda0724dace721cb659a378b87f43a703a522ecec25af20c4add442b47
r3_item1_paper_ci,/data2/cmdir/home/toandq/r3work/item1/out_v2/breakhis_mobilenet_v3_large_s42_std_r2/paper_ci.csv,1074,2026-10-08T21:33:34,1abf518a9e06e12f42c1a75f462f831b573ffc9a58533c545030dc68ed1b9c47
r3_item1_paper_ci,/data2/cmdir/home/toandq/r3work/item1/out_v2/breakhis_mobilenet_v3_large_s42_std_r3/paper_ci.csv,1078,2026-10-08T21:33:42,46b4935d2ae05f22ddd63a34a4a3072e4e2248f9b0a6564b081b0874f59bc0e0
r3_item1_paper_ci,/data2/cmdir/home/toandq/r3work/item1/out_v2/breakhis_mobilenet_v3_large_s42_std_r4/paper_ci.csv,1077,2026-10-08T21:33:45,c5d5808b41148960d383fec8fc014c0ab4df3525594730fc6c6c18cc69a71afc
r3_item1_paper_ci,/data2/cmdir/home/toandq/r3work/item1/out_v2/breakhis_regnet_y_3_2gf_s42_std_r0/paper_ci.csv,1064,2026-10-08T21:34:36,a959b92c7750bb28ed70c86cfc5c1f985553f679551b0b8de6d93b2a0fba6dc2
r3_item1_paper_ci,/data2/cmdir/home/toandq/r3work/item1/out_v2/breakhis_regnet_y_3_2gf_s42_std_r1/paper_ci.csv,1063,2026-10-08T21:35:05,aa769eda4710c89a823caf1cd38eca14142cf9c27a54343d0ac84e1553836eb0
r3_item1_paper_ci,/data2/cmdir/home/toandq/r3work/item1/out_v2/breakhis_regnet_y_3_2gf_s42_std_r2/paper_ci.csv,1067,2026-10-08T21:35:15,794947560f15144d5e7eb9267c8ccaa01aa85d3a6d354670348788ad5e2c986c
r3_item1_paper_ci,/data2/cmdir/home/toandq/r3work/item1/out_v2/breakhis_regnet_y_3_2gf_s42_std_r3/paper_ci.csv,1065,2026-10-08T21:35:23,3973d7724462df9187b0f956568b5322645728f44be066ca6fe1ea5344a04f01
r3_item1_paper_ci,/data2/cmdir/home/toandq/r3work/item1/out_v2/breakhis_regnet_y_3_2gf_s42_std_r4/paper_ci.csv,1062,2026-10-08T21:36:12,05a771c53f4e76b35c58ce44a593aeab8c4e9cc24068845e58794b9449ccb785
r3_item1_paper_ci,/data2/cmdir/home/toandq/r3work/item1/out_v2/breakhis_resnet18_s42_std_r0/paper_ci.csv,1056,2026-10-08T21:35:22,4e698f99efeac65945b42f3dc639a31e22f76dc43b302bbd5f7787ae11f30c09
r3_item1_paper_ci,/data2/cmdir/home/toandq/r3work/item1/out_v2/breakhis_resnet18_s42_std_r1/paper_ci.csv,1053,2026-10-08T21:35:33,abf35c6b533d211d87d18d43fdc61897b0caa370363fc52059750d3e6a442241
r3_item1_paper_ci,/data2/cmdir/home/toandq/r3work/item1/out_v2/breakhis_resnet18_s42_std_r2/paper_ci.csv,1055,2026-10-08T21:35:39,23a62252f67c44bfb69b1943f9f867f58d95de8d006239dbddccba6ae24e9913
r3_item1_paper_ci,/data2/cmdir/home/toandq/r3work/item1/out_v2/breakhis_resnet18_s42_std_r3/paper_ci.csv,1054,2026-10-08T21:35:43,ba00670c67d0873d657a3ff698c4e01d8e3dc356db7ee833f1cce94ff6cc7118
r3_item1_paper_ci,/data2/cmdir/home/toandq/r3work/item1/out_v2/breakhis_resnet18_s42_std_r4/paper_ci.csv,1058,2026-10-08T21:35:51,a8a23a2e75a1ff73deb38b28c53150a8691c446bf0c8737e372918417977384a
r3_item1_paper_ci,/data2/cmdir/home/toandq/r3work/item1/out_v2/breakhis_resnet18_s43_std_r0/paper_ci.csv,1053,2026-10-08T21:35:56,50fd17449557ab0a0cee4bc425f8f96dcf75d4ff8cf8c074de5dd9aa98e91785
r3_item1_paper_ci,/data2/cmdir/home/toandq/r3work/item1/out_v2/breakhis_resnet18_s43_std_r1/paper_ci.csv,1058,2026-10-08T21:36:02,664c63db673c0dacc1514fd338ee2a748ddad2b39d77f19b26ef7161445e8133
r3_item1_paper_ci,/data2/cmdir/home/toandq/r3work/item1/out_v2/breakhis_resnet18_s43_std_r2/paper_ci.csv,1052,2026-10-08T21:36:11,d94400c44c2c2825135d218f78464162da790d820023436ee2dc82c33c17383c
r3_item1_paper_ci,/data2/cmdir/home/toandq/r3work/item1/out_v2/breakhis_resnet18_s43_std_r3/paper_ci.csv,1059,2026-10-08T21:36:16,fcceb9458945cf1ecf8488e56da4ed24e6ad72e10707aa3f658590fd537585cd
r3_item1_paper_ci,/data2/cmdir/home/toandq/r3work/item1/out_v2/breakhis_resnet18_s43_std_r4/paper_ci.csv,1054,2026-10-08T21:36:21,0a39142f72b49873b4f78414526d8f1c864442655624eb65fc574ad099f91075
r3_item1_paper_ci,/data2/cmdir/home/toandq/r3work/item1/out_v2/breakhis_resnet50_s42_std_r0/paper_ci.csv,1054,2026-10-08T21:40:12,1517c25569444a0114eeaf8d8ee61c721da1ab05b54ef75d2dac96bfc75a4491
r3_item1_paper_ci,/data2/cmdir/home/toandq/r3work/item1/out_v2/breakhis_resnet50_s42_std_r1/paper_ci.csv,1053,2026-10-08T21:40:19,cee95ce0b86fcab3847c4e40a93fb56ff8f0f65f8a767566d90e614de14e3818
r3_item1_paper_ci,/data2/cmdir/home/toandq/r3work/item1/out_v2/breakhis_resnet50_s42_std_r2/paper_ci.csv,1052,2026-10-08T21:40:26,9c070d3566edcad1b305a334f83cea3de61531fba598867c25af87775dcfae9a
r3_item1_paper_ci,/data2/cmdir/home/toandq/r3work/item1/out_v2/breakhis_resnet50_s42_std_r3/paper_ci.csv,1059,2026-10-08T21:40:44,3d43c14229eea12f4465cb29064f5a8976e297cb406f8014f85a5ba1c43b0f6d
r3_item1_paper_ci,/data2/cmdir/home/toandq/r3work/item1/out_v2/breakhis_resnet50_s42_std_r4/paper_ci.csv,1051,2026-10-08T21:44:56,64ee7bdc1fa974ab1edfad6b98dee53bdba01eedcdb0c8e383ae5f1c402dbef1
r3_item1_paper_ci,/data2/cmdir/home/toandq/r3work/item1/out_v2/breakhis_resnet50_s43_std_r0/paper_ci.csv,1054,2026-10-08T21:44:29,4ab53a9f8abc180410a5dfaaaf32f480ee79700eac52830cbdc8753487046aa9
r3_item1_paper_ci,/data2/cmdir/home/toandq/r3work/item1/out_v2/breakhis_resnet50_s43_std_r1/paper_ci.csv,1057,2026-10-08T21:47:44,39ae3cf1729ae3bd32a2f8179a1db590ec56be0c6fbfe5e6ad5e6201643bb25a
r3_item1_paper_ci,/data2/cmdir/home/toandq/r3work/item1/out_v2/breakhis_resnet50_s43_std_r2/paper_ci.csv,1048,2026-10-08T21:47:50,b8b7ec39fe71b3b7bb063ab91a8159547f818fe256f58ddef2458953e7e1e6bd
r3_item1_paper_ci,/data2/cmdir/home/toandq/r3work/item1/out_v2/breakhis_resnet50_s43_std_r3/paper_ci.csv,1054,2026-10-08T21:58:52,6b7621c6affb125ba78ca5c678a2370d7747f005104b3a5212456f391f925bf3
r3_item1_paper_ci,/data2/cmdir/home/toandq/r3work/item1/out_v2/breakhis_resnet50_s43_std_r4/paper_ci.csv,1053,2026-10-08T21:58:59,fe74801f7c60c9a19f36404c6968c563d7c013ec01699e4296667e683665789b
r3_item1_paper_ci,/data2/cmdir/home/toandq/r3work/item1/out_v2/camelyon_conch_v1_5_s42_knnmc/paper_ci.csv,704,2026-10-08T03:04:35,a22e2ab97809c93760cd083d8c4c737ceb367cfa02fee332e97e94f7dfc57c62
r3_item1_paper_ci,/data2/cmdir/home/toandq/r3work/item1/out_v2/camelyon_conch_v1_5_s42_maha/paper_ci.csv,710,2026-10-08T11:09:19,b2e1db3a61c3cb1892437e28caeff83b54ce89e1400fa87215f3a1cf775751a6
r3_item1_paper_ci,/data2/cmdir/home/toandq/r3work/item1/out_v2/camelyon_conch_v1_5_s43_knnmc/paper_ci.csv,715,2026-10-08T03:06:59,25bcf766172ebf65cd2519481b8cc1e608ad189010a753939d55a2c2deec8271
r3_item1_paper_ci,/data2/cmdir/home/toandq/r3work/item1/out_v2/camelyon_conch_v1_5_s43_maha/paper_ci.csv,715,2026-10-08T11:17:42,713ee83a8810dd90f307d4db9309e7952b4f39b6b94b96635861cd1e68970331
r3_item1_paper_ci,/data2/cmdir/home/toandq/r3work/item1/out_v2/camelyon_conch_v1_5_s44_knnmc/paper_ci.csv,716,2026-10-08T03:08:47,997ab009fddf41b7915f6fc5333a844d74a6a866065cb7320ec3de6edb7b0551
r3_item1_paper_ci,/data2/cmdir/home/toandq/r3work/item1/out_v2/camelyon_conch_v1_5_s44_maha/paper_ci.csv,711,2026-10-08T11:21:19,17b8a83b070a6988f43ee6668480fe40f240913511b04cf154b59ee3ff2e6073
r3_item1_paper_ci,/data2/cmdir/home/toandq/r3work/item1/out_v2/camelyon_convnext_tiny_s42_knnmc/paper_ci.csv,714,2026-10-08T01:39:16,745d3fe86c119f046f6dac3191350cb414a1c204a2a1296e897c181a9893254e
r3_item1_paper_ci,/data2/cmdir/home/toandq/r3work/item1/out_v2/camelyon_convnext_tiny_s42_maha/paper_ci.csv,717,2026-10-08T04:32:26,3a71d995aac622455cfffb4e811dd88b05cb3d5735a6371460f606e85c4098bf
r3_item1_paper_ci,/data2/cmdir/home/toandq/r3work/item1/out_v2/camelyon_convnext_tiny_s43_knnmc/paper_ci.csv,709,2026-10-08T02:05:27,45ce8cb4582c69c52598e404b77b65e791bd68a5502360f87f8a845137c99796
r3_item1_paper_ci,/data2/cmdir/home/toandq/r3work/item1/out_v2/camelyon_convnext_tiny_s43_maha/paper_ci.csv,716,2026-10-08T07:33:30,fbf5836a5d7982c0bdbf6479058ae285f366d9b00cb2c6857e6c6c4a384de76e
r3_item1_paper_ci,/data2/cmdir/home/toandq/r3work/item1/out_v2/camelyon_convnext_tiny_s44_knnmc/paper_ci.csv,715,2026-10-08T02:14:09,f111085719671ff8f46c3836adc719d48bbfadf9e2327251b2bbe96f843b21d0
r3_item1_paper_ci,/data2/cmdir/home/toandq/r3work/item1/out_v2/camelyon_convnext_tiny_s44_maha/paper_ci.csv,716,2026-10-08T07:44:12,84c71455a30e7f879e2952abcf6713d4e71362fe51f2702624c054a0cf2f240a
r3_item1_paper_ci,/data2/cmdir/home/toandq/r3work/item1/out_v2/camelyon_densenet121_s42_knnmc/paper_ci.csv,709,2026-10-08T01:44:26,acc4e0e2f15dd2c6cbd6ed7db6324854bc81eb45266cb17783a5222cd119bcff
r3_item1_paper_ci,/data2/cmdir/home/toandq/r3work/item1/out_v2/camelyon_densenet121_s42_maha/paper_ci.csv,712,2026-10-08T04:49:08,b9a143724a8b51cd1b53570fc48354c4b67423e77cd4805fb696155ff4b3bc73
r3_item1_paper_ci,/data2/cmdir/home/toandq/r3work/item1/out_v2/camelyon_dinov2_vitb14_s42_knnmc/paper_ci.csv,708,2026-10-08T02:48:19,96755320cdd4273964e1b536cfc3616916688cbdb67e6eb13728fa210068a880
r3_item1_paper_ci,/data2/cmdir/home/toandq/r3work/item1/out_v2/camelyon_dinov2_vitb14_s42_maha/paper_ci.csv,706,2026-10-08T10:13:58,02e112fa130844d027bf5e917f9fbbe34d249960d1669cb89c3094cfe2fa8dd6
r3_item1_paper_ci,/data2/cmdir/home/toandq/r3work/item1/out_v2/camelyon_dinov2_vitb14_s43_knnmc/paper_ci.csv,706,2026-10-08T02:52:28,a8761b8c2763e2bcc7e31e22b462973979961c4e45c334305b80e32c4de64357
r3_item1_paper_ci,/data2/cmdir/home/toandq/r3work/item1/out_v2/camelyon_dinov2_vitb14_s43_maha/paper_ci.csv,713,2026-10-08T10:26:13,ada5936536071747456f280763ff96afaeaf8d925b21bf4ac5b195d19f110045
r3_item1_paper_ci,/data2/cmdir/home/toandq/r3work/item1/out_v2/camelyon_dinov2_vitb14_s44_knnmc/paper_ci.csv,712,2026-10-08T02:55:16,a91e333dfa4ec846cf5c51ab05296ef0c89a1918485e4f1d934c7af44c049db7
r3_item1_paper_ci,/data2/cmdir/home/toandq/r3work/item1/out_v2/camelyon_dinov2_vitb14_s44_maha/paper_ci.csv,712,2026-10-08T10:35:58,7e5f4780841c7578bb8f039487eba8017f08bda2d9c0c19ed7f9670b599224ba
r3_item1_paper_ci,/data2/cmdir/home/toandq/r3work/item1/out_v2/camelyon_dinov2_vitl14_s42_knnmc/paper_ci.csv,708,2026-10-08T02:57:33,c3374d49fc8502286e35908f44314324cc4da0dd4b1111287099dd77f363b910
r3_item1_paper_ci,/data2/cmdir/home/toandq/r3work/item1/out_v2/camelyon_dinov2_vitl14_s42_maha/paper_ci.csv,709,2026-10-08T10:59:53,a6c8cda414aee2ad6ca6807744a1d218b425dd8c026b973d3c3d3d060a3a9758
r3_item1_paper_ci,/data2/cmdir/home/toandq/r3work/item1/out_v2/camelyon_dinov2_vitl14_s43_knnmc/paper_ci.csv,713,2026-10-08T03:00:19,e83643a5be3474d5b30efa6e253e00e1ccb08d2bfc7b573661f300224911adce
r3_item1_paper_ci,/data2/cmdir/home/toandq/r3work/item1/out_v2/camelyon_dinov2_vitl14_s43_maha/paper_ci.csv,714,2026-10-08T11:14:22,1950fb01ee5d73385f6ae1c07e59b9305c23e7422f4d31b28ef65e3ab9a7e4f5
r3_item1_paper_ci,/data2/cmdir/home/toandq/r3work/item1/out_v2/camelyon_dinov2_vitl14_s44_knnmc/paper_ci.csv,711,2026-10-08T03:02:36,d4cefa3358153d752f8c4fe30e013f54342f2e0e14029df2e5e5662547bd751d
r3_item1_paper_ci,/data2/cmdir/home/toandq/r3work/item1/out_v2/camelyon_dinov2_vitl14_s44_maha/paper_ci.csv,713,2026-10-08T11:18:58,2af6aa1dafaf4431eab1b7d5dd2c9d0d7874eea8ff68b58aef2eddd0851666e1
r3_item1_paper_ci,/data2/cmdir/home/toandq/r3work/item1/out_v2/camelyon_effb3_s42_knnmc/paper_ci.csv,701,2026-10-08T01:51:44,ddd9bc2eae15cec0a049339f1cb6348cd784c56527499f03dbe3408274b55452
r3_item1_paper_ci,/data2/cmdir/home/toandq/r3work/item1/out_v2/camelyon_effb3_s42_maha/paper_ci.csv,701,2026-10-08T05:17:45,fed2b990f9cbcbdc7230a4d07778ece490cb7c9e0e8f5b4b1f04db2d4fda88aa
r3_item1_paper_ci,/data2/cmdir/home/toandq/r3work/item1/out_v2/camelyon_efficientnet_v2_s_s42_knnmc/paper_ci.csv,711,2026-10-08T01:53:06,19072817e6d5ba8da8a818b7e9c63810edaac5411fa4e7dc1bcbb741d69c438f
r3_item1_paper_ci,/data2/cmdir/home/toandq/r3work/item1/out_v2/camelyon_efficientnet_v2_s_s42_maha/paper_ci.csv,718,2026-10-08T05:38:01,9ba1b3f6ea693607ed69a4ea5482105ccc3bd78a20b8def50331247d573b944f
r3_item1_paper_ci,/data2/cmdir/home/toandq/r3work/item1/out_v2/camelyon_mobilenet_v3_large_s42_knnmc/paper_ci.csv,714,2026-10-08T01:56:40,fe9335db44e16279a2680c549f59fe63f40e890d46a32f9ce12bf9063a62ef51
r3_item1_paper_ci,/data2/cmdir/home/toandq/r3work/item1/out_v2/camelyon_mobilenet_v3_large_s42_maha/paper_ci.csv,719,2026-10-08T05:45:14,5dd468f278fa565cd5a81d07a174b716e875ed7b7c66fcf2a37c8526d5ddb176
r3_item1_paper_ci,/data2/cmdir/home/toandq/r3work/item1/out_v2/camelyon_regnet_y_3_2gf_s42_knnmc/paper_ci.csv,707,2026-10-08T02:00:18,bb30b3ebf7653011f09cdabd3b98abf7980be193cc2173aa9b684fe7d0df867b
r3_item1_paper_ci,/data2/cmdir/home/toandq/r3work/item1/out_v2/camelyon_regnet_y_3_2gf_s42_maha/paper_ci.csv,713,2026-10-08T06:07:27,43c7f7c7d2c802a283abb77fe4e0a69d3335b23b7b42f19a2c25c2351cee3ce5
r3_item1_paper_ci,/data2/cmdir/home/toandq/r3work/item1/out_v2/camelyon_resnet18_s42_knnmc/paper_ci.csv,709,2026-10-08T02:00:01,fe75c8ad87c19915dc676cdea1d898cc57e278f15a538567be5df7ef4cfaff72
r3_item1_paper_ci,/data2/cmdir/home/toandq/r3work/item1/out_v2/camelyon_resnet18_s42_maha/paper_ci.csv,711,2026-10-08T06:11:54,6b1f12d6f6303221b22a913df4b698298b752c74c7b6392f8c1f18828a84c7ba
r3_item1_paper_ci,/data2/cmdir/home/toandq/r3work/item1/out_v2/camelyon_resnet50_s42_knnmc/paper_ci.csv,698,2026-10-08T01:21:25,15534513c3647d24dec1e13836eddb7a39b8e6be40a6e4059ca8d3b6900cd7f5
r3_item1_paper_ci,/data2/cmdir/home/toandq/r3work/item1/out_v2/camelyon_resnet50_s42_maha/paper_ci.csv,701,2026-10-08T04:26:27,f950c8da53c9e13269b23f9bac9dee569993cc176d7c38bd7b4b258c9dfe78b2
r3_item1_paper_ci,/data2/cmdir/home/toandq/r3work/item1/out_v2/camelyon_resnet50_s43_knnmc/paper_ci.csv,712,2026-10-08T02:09:38,88fc1653a870b1ac5fa79e3432d56bf37174c7127703a802cf5096aff1a16aca
r3_item1_paper_ci,/data2/cmdir/home/toandq/r3work/item1/out_v2/camelyon_resnet50_s43_maha/paper_ci.csv,712,2026-10-08T07:27:22,94e4b978e9927e6b0aace87d247eef3291f3fea74ee221babf6c4695a1946aed
r3_item1_paper_ci,/data2/cmdir/home/toandq/r3work/item1/out_v2/camelyon_resnet50_s44_knnmc/paper_ci.csv,709,2026-10-08T02:16:48,e2b5a1b2c1de2f487007de3c8d55a852919f393a5cf252095fe8fd0d34e62f8c
r3_item1_paper_ci,/data2/cmdir/home/toandq/r3work/item1/out_v2/camelyon_resnet50_s44_maha/paper_ci.csv,709,2026-10-08T09:03:14,153832620b332b323be6f83b893710f47e500f9bbf6453c046fd7904255dc9b9
r3_item1_paper_ci,/data2/cmdir/home/toandq/r3work/item1/out_v2/camelyon_uni_s42_knnmc/paper_ci.csv,709,2026-10-08T02:20:12,9e9e50458dede52104233aeeaf9203472ae15f022063983452be4437b49e58d8
r3_item1_paper_ci,/data2/cmdir/home/toandq/r3work/item1/out_v2/camelyon_uni_s42_maha/paper_ci.csv,708,2026-10-08T07:59:22,95815d4fb8e4f7e192db9cb1e01c4b639ae0e59721bcfc03206afbcb85ccae7f
r3_item1_paper_ci,/data2/cmdir/home/toandq/r3work/item1/out_v2/camelyon_uni_s43_knnmc/paper_ci.csv,707,2026-10-08T02:22:19,7f16974ef0f866e501488b7a97e1609e159e619607bb1bdf18cd6a046d0e44bf
r3_item1_paper_ci,/data2/cmdir/home/toandq/r3work/item1/out_v2/camelyon_uni_s43_maha/paper_ci.csv,712,2026-10-08T08:13:25,752e0d4fa89a568f45fda11a8b377aaef3b48cfe39c3ca01c21298b93777a8da
r3_item1_paper_ci,/data2/cmdir/home/toandq/r3work/item1/out_v2/camelyon_uni_s44_knnmc/paper_ci.csv,705,2026-10-08T02:25:42,a6b1281b4316290bcc0913d43581f4916b5fdadd3e3e649746e638c07ef4a4d0
r3_item1_paper_ci,/data2/cmdir/home/toandq/r3work/item1/out_v2/camelyon_uni_s44_maha/paper_ci.csv,713,2026-10-08T08:17:02,b19fb9d04ef11d9880a0d7ffd4c36da034d1d9936067fee49809935d95d04a90
r3_item1_paper_ci,/data2/cmdir/home/toandq/r3work/item1/out_v2/camelyon_virchow2_s42_knnmc/paper_ci.csv,705,2026-10-08T02:40:17,7f14663328e68ba0a22dc42d471103565347d6327bb1487f3fc74d0756d8f605
r3_item1_paper_ci,/data2/cmdir/home/toandq/r3work/item1/out_v2/camelyon_virchow2_s42_maha/paper_ci.csv,703,2026-10-08T09:49:47,37f5c4b76ab6592e1722a7836fc774c638f219630e4a0c1a7083c9098030edea
r3_item1_paper_ci,/data2/cmdir/home/toandq/r3work/item1/out_v2/camelyon_virchow2_s43_knnmc/paper_ci.csv,715,2026-10-08T02:44:07,d1b5abb7ecf16219fb2c3816a4a71ed8cf9d014b13929db7ce33788503e4a1e3
r3_item1_paper_ci,/data2/cmdir/home/toandq/r3work/item1/out_v2/camelyon_virchow2_s43_maha/paper_ci.csv,707,2026-10-08T11:01:27,eb515aa5731e7954d3ac87561b265371c40ec3a2c5ce9a99a81d5d0b32d7e142
r3_item1_paper_ci,/data2/cmdir/home/toandq/r3work/item1/out_v2/camelyon_virchow2_s44_knnmc/paper_ci.csv,710,2026-10-08T02:51:05,43c88d6f8312b56799768d8c5e1e8ac437fb4d2dbc99553dc34054385e5a738c
r3_item1_paper_ci,/data2/cmdir/home/toandq/r3work/item1/out_v2/camelyon_virchow2_s44_maha/paper_ci.csv,709,2026-10-08T10:49:30,7bd7259eda44fa090da35f463f9088af6d903ace18895d66e94c29d4b5a6e93f
r3_item1_paper_ci,/data2/cmdir/home/toandq/r3work/item1/out_v2/dermamnist_convnext_tiny_s42_std/paper_ci.csv,1090,2026-10-08T21:19:28,15da766977cccd8f630705985885d5cffdc5e3364b558863c2d978439cd9229e
r3_item1_paper_ci,/data2/cmdir/home/toandq/r3work/item1/out_v2/dermamnist_convnext_tiny_s43_std/paper_ci.csv,1088,2026-10-08T21:20:15,d5ccef966db3d386fc81d6dfee29c9e38adac288578630a254d23bd37b1d3382
r3_item1_paper_ci,/data2/cmdir/home/toandq/r3work/item1/out_v2/dermamnist_densenet121_s42_std/paper_ci.csv,1084,2026-10-08T21:20:48,0668a62587ff0f7f9157a527d380e95a752fa55f8e9cb3499f7a1e6a469c85bf
r3_item1_paper_ci,/data2/cmdir/home/toandq/r3work/item1/out_v2/dermamnist_densenet121_s43_std/paper_ci.csv,1082,2026-10-08T21:21:28,be8fe004160a9a710afa261499d09f7a099eab1ae38b8c82d5811ba410955afc
r3_item1_paper_ci,/data2/cmdir/home/toandq/r3work/item1/out_v2/dermamnist_effb3_s42_std/paper_ci.csv,1069,2026-10-08T21:22:52,e0257c30b478f18523bb2cb679abeae4070a63211443d8901b7c5cc6231ffd8d
r3_item1_paper_ci,/data2/cmdir/home/toandq/r3work/item1/out_v2/dermamnist_efficientnet_v2_s_s42_std/paper_ci.csv,1096,2026-10-08T21:22:26,1ab08c72df9119c615bedf292d0ec30d731b0dc54543f02526d5e719553a9468
r3_item1_paper_ci,/data2/cmdir/home/toandq/r3work/item1/out_v2/dermamnist_fm_conch_v1_5_s42_std/paper_ci.csv,1094,2026-10-08T22:03:48,08df6b8d6e9138ebeffe68df84d29e073d848899967ea7c24f1e7f73e2ab9d74
r3_item1_paper_ci,/data2/cmdir/home/toandq/r3work/item1/out_v2/dermamnist_fm_dinov2_vitb14_s42_std/paper_ci.csv,1093,2026-10-08T22:03:48,014a9d9f13d44f0b980be20ea601213e72da4b25315ee24a7d8f79b7ff2657ee
r3_item1_paper_ci,/data2/cmdir/home/toandq/r3work/item1/out_v2/dermamnist_fm_dinov2_vitl14_s42_std/paper_ci.csv,1090,2026-10-08T22:04:17,d5730e4c57a96e4f98d0f0b21e70d95a2239d2d20616b9a2f32ef8e33a952418
r3_item1_paper_ci,/data2/cmdir/home/toandq/r3work/item1/out_v2/dermamnist_fm_uni_s42_std/paper_ci.csv,1075,2026-10-08T22:04:20,40158d5733a05030afd496e3bf5fcf16619bd65f7ef80389d918da2d32772c2e
r3_item1_paper_ci,/data2/cmdir/home/toandq/r3work/item1/out_v2/dermamnist_fm_virchow2_s42_std/paper_ci.csv,1088,2026-10-08T22:13:02,863974b6e66ccdbf8592d75adcc7affdf6e579a8bda150dabdea1ab94aa5e115
r3_item1_paper_ci,/data2/cmdir/home/toandq/r3work/item1/out_v2/dermamnist_mobilenet_v3_large_s42_std/paper_ci.csv,1092,2026-10-08T21:22:27,e126d0ea92d749afddbdec649bf3fe606099b46e38d7aeb19b06c0ec441c77be
r3_item1_paper_ci,/data2/cmdir/home/toandq/r3work/item1/out_v2/dermamnist_regnet_y_3_2gf_s42_std/paper_ci.csv,1085,2026-10-08T21:24:21,9f82922d886d59df2117b9a8685b137807bd2ec3c58c70736d7b90818d9f5ba9
r3_item1_paper_ci,/data2/cmdir/home/toandq/r3work/item1/out_v2/dermamnist_resnet18_s42_std/paper_ci.csv,1086,2026-10-08T21:22:57,110031177eb85f54971d0bdedb39f4d813a03d5a34136e3eb9478e127484c888
r3_item1_paper_ci,/data2/cmdir/home/toandq/r3work/item1/out_v2/dermamnist_resnet18_s43_std/paper_ci.csv,1069,2026-10-08T21:22:57,dc8599abe71290a0d4681be8a1c333b3afb996578df800fd4e213ef1db380261
r3_item1_paper_ci,/data2/cmdir/home/toandq/r3work/item1/out_v2/dermamnist_resnet50_s42_std/paper_ci.csv,1083,2026-10-08T21:28:26,1da36201257e560de248dcb386b81848a944a232c76da41716552a9df0b7bebb
r3_item1_paper_ci,/data2/cmdir/home/toandq/r3work/item1/out_v2/dermamnist_resnet50_s43_std/paper_ci.csv,1075,2026-10-08T21:28:43,214986a30ab213e5584cffa53cfd1596a8f17e75cdb90558ae4ecf58eeeb701c
r3_item1_paper_ci,/data2/cmdir/home/toandq/r3work/item1/out_v2/isic2019_convnext_tiny_s42_std/paper_ci.csv,1084,2026-10-08T20:59:28,53c1b076c5018388e9f38c03b19616cccaea80c420f6be5429a56ad2948514ce
r3_item1_paper_ci,/data2/cmdir/home/toandq/r3work/item1/out_v2/isic2019_convnext_tiny_s42_std_seentracka/paper_ci.csv,1085,2026-10-08T22:45:04,0d2012c45cf590a1460f2177082531157b037f29813919ce7d58a6cb8307108b
r3_item1_paper_ci,/data2/cmdir/home/toandq/r3work/item1/out_v2/isic2019_convnext_tiny_s43_std/paper_ci.csv,1083,2026-10-08T20:59:23,c29c6688db0ac7ffdba61c019816a2e69ca0807a9de73b0ba8ef8d8370759415
r3_item1_paper_ci,/data2/cmdir/home/toandq/r3work/item1/out_v2/isic2019_convnext_tiny_s43_std_seentracka/paper_ci.csv,1084,2026-10-08T22:45:04,1e3d617f5783cf8e8d66f1d4f35984f2a559cfb3cd45ecc7d550448f43616fe4
r3_item1_paper_ci,/data2/cmdir/home/toandq/r3work/item1/out_v2/isic2019_densenet121_s42_std/paper_ci.csv,1081,2026-10-08T21:02:08,9f97b2036b99547c4e753177c4de0aceeddd3c50bd4e64deaccd0dd9f4949ffb
r3_item1_paper_ci,/data2/cmdir/home/toandq/r3work/item1/out_v2/isic2019_densenet121_s42_std_seentracka/paper_ci.csv,1084,2026-10-08T22:46:10,e2eb82104de902645889583384b91354da41973610d715f461ba62220865365f
r3_item1_paper_ci,/data2/cmdir/home/toandq/r3work/item1/out_v2/isic2019_densenet121_s43_std/paper_ci.csv,1079,2026-10-08T21:02:12,207679d73cfbd6761fffdc8f71b7f98846eedd930d9fdeae12ee8f870faab7a7
r3_item1_paper_ci,/data2/cmdir/home/toandq/r3work/item1/out_v2/isic2019_densenet121_s43_std_seentracka/paper_ci.csv,1081,2026-10-08T22:47:55,86a29847001302ccef38379c23cd69dedd7c494266185596a80f3353591ccb3f
r3_item1_paper_ci,/data2/cmdir/home/toandq/r3work/item1/out_v2/isic2019_effb3_s42_std/paper_ci.csv,1070,2026-10-08T21:06:54,2368a10ddfd87b8607de8ac475cbf6f19de0ee8d746ff7b8b957a8d5675b3c34
r3_item1_paper_ci,/data2/cmdir/home/toandq/r3work/item1/out_v2/isic2019_effb3_s42_std_seentracka/paper_ci.csv,1070,2026-10-08T22:51:10,4eaf19738d21962a3f884c912db807d031e461fa7fbff9d0ec4ab794a44a15d2
r3_item1_paper_ci,/data2/cmdir/home/toandq/r3work/item1/out_v2/isic2019_efficientnet_v2_s_s42_std/paper_ci.csv,1095,2026-10-08T21:05:48,ad5b212325c07bcde12ec91aeb1ef9f8228141e7267037c0f3b1bee8fca5df11
r3_item1_paper_ci,/data2/cmdir/home/toandq/r3work/item1/out_v2/isic2019_efficientnet_v2_s_s42_std_seentracka/paper_ci.csv,1102,2026-10-08T22:51:29,c93cf355ed9b9c88fd96c2f3ca97b85dcd2ffa7ba03bcb20f2a328d3e36358b9
r3_item1_paper_ci,/data2/cmdir/home/toandq/r3work/item1/out_v2/isic2019_fm_conch_v1_5_s42_std/paper_ci.csv,1088,2026-10-08T22:05:21,c1f52346bf57a4e9df99cd2b20388b81566600f5e2b00e7a82b140ae5c236f91
r3_item1_paper_ci,/data2/cmdir/home/toandq/r3work/item1/out_v2/isic2019_fm_conch_v1_5_s42_std_seentracka/paper_ci.csv,1094,2026-10-08T22:55:17,e44421d9a1842a59c7fb91405498a5bc9083e7abb0cf35244525b31d507eb02d
r3_item1_paper_ci,/data2/cmdir/home/toandq/r3work/item1/out_v2/isic2019_fm_dinov2_vitb14_s42_std/paper_ci.csv,1095,2026-10-08T22:05:31,43dcbe78080d04fe39c082b490d0eaac928d317259c2fbab99d6f71f991588e3
r3_item1_paper_ci,/data2/cmdir/home/toandq/r3work/item1/out_v2/isic2019_fm_dinov2_vitb14_s42_std_seentracka/paper_ci.csv,1100,2026-10-08T22:55:32,df05b352a5a32b85c2cf9b51981c30a00b025ddd39a382eac0479a3411c8b0af
r3_item1_paper_ci,/data2/cmdir/home/toandq/r3work/item1/out_v2/isic2019_fm_dinov2_vitl14_s42_std/paper_ci.csv,1095,2026-10-08T22:06:39,bd65ce7703ef28283484fd431aed149c314ef5cd664aad6d88abcd94cb5532eb
r3_item1_paper_ci,/data2/cmdir/home/toandq/r3work/item1/out_v2/isic2019_fm_dinov2_vitl14_s42_std_seentracka/paper_ci.csv,1101,2026-10-08T23:01:11,3fecefac1a8aee6966cd939f3c18f63f766fc773bba33a0d0fa6a647da633755
r3_item1_paper_ci,/data2/cmdir/home/toandq/r3work/item1/out_v2/isic2019_fm_uni_s42_std/paper_ci.csv,1071,2026-10-08T22:07:41,9fb3e03d9db7fedb96df6d1f713d23dbf7f1352267bf11a4921e8fc7e217cdd5
r3_item1_paper_ci,/data2/cmdir/home/toandq/r3work/item1/out_v2/isic2019_fm_uni_s42_std_seentracka/paper_ci.csv,1078,2026-10-08T23:01:05,2d34265ab3adf5c2dde6b92f32e9b2bcf8ccb02fbe5943d8c828ce53eca34061
r3_item1_paper_ci,/data2/cmdir/home/toandq/r3work/item1/out_v2/isic2019_fm_virchow2_s42_std/paper_ci.csv,1078,2026-10-08T22:19:40,871bb00fc960a77d306d9ac8af1c67d200ec4e5137c956fd46084513aabfc840
r3_item1_paper_ci,/data2/cmdir/home/toandq/r3work/item1/out_v2/isic2019_fm_virchow2_s42_std_seentracka/paper_ci.csv,1083,2026-10-08T23:16:24,2f7922804b56944c7bd46a5d33a4252db8ba0e6e2e70235a9be4504dd2719696
r3_item1_paper_ci,/data2/cmdir/home/toandq/r3work/item1/out_v2/isic2019_mobilenet_v3_large_s42_std/paper_ci.csv,1094,2026-10-08T21:07:52,fdd5bac04c621fec9025ec9b951222d663385512d6fd5a5bb0900c735949143a
r3_item1_paper_ci,/data2/cmdir/home/toandq/r3work/item1/out_v2/isic2019_mobilenet_v3_large_s42_std_seentracka/paper_ci.csv,1100,2026-10-08T22:49:46,731a7b88aaf98c104bbdf944df9437fc8d4e59485901513e834293b7465dc3f3
r3_item1_paper_ci,/data2/cmdir/home/toandq/r3work/item1/out_v2/isic2019_regnet_y_3_2gf_s42_std/paper_ci.csv,1081,2026-10-08T21:11:08,9076110704bd839486d8fad1f676a25000fb31ee00f3aed5148af8734e0717f6
r3_item1_paper_ci,/data2/cmdir/home/toandq/r3work/item1/out_v2/isic2019_regnet_y_3_2gf_s42_std_seentracka/paper_ci.csv,1085,2026-10-08T22:52:37,7525e3d02b0a6c926849ac7748ef849d8e51169bf4ca3d4adeb9bd888ac7d154
r3_item1_paper_ci,/data2/cmdir/home/toandq/r3work/item1/out_v2/isic2019_resnet18_s42_std/paper_ci.csv,1076,2026-10-08T21:08:58,d18c582d16b33fa2b8235df7ad004721aaf9b5d662e5ae2f234add73f8f21eb2
r3_item1_paper_ci,/data2/cmdir/home/toandq/r3work/item1/out_v2/isic2019_resnet18_s42_std_seentracka/paper_ci.csv,1079,2026-10-08T22:52:52,a48bd04778592e6015045ee17be8fc0b0908c69401b713b73574c44b260e8257
r3_item1_paper_ci,/data2/cmdir/home/toandq/r3work/item1/out_v2/isic2019_resnet18_s43_std/paper_ci.csv,1072,2026-10-08T21:10:05,cf7cf67bf0fc597fc898b2c0ec591a241a31d2b845889923b6aa134ab53ae1ce
r3_item1_paper_ci,/data2/cmdir/home/toandq/r3work/item1/out_v2/isic2019_resnet18_s43_std_seentracka/paper_ci.csv,1078,2026-10-08T22:53:49,e9b6ab6104702fd516d826277c08542f336b5974ca83ade52d7f281dc8269aa6
r3_item1_paper_ci,/data2/cmdir/home/toandq/r3work/item1/out_v2/isic2019_resnet50_s42_std/paper_ci.csv,1072,2026-10-08T21:19:35,d66014ac7d4703448d250b13c5a05b3090e9f5c67100a3351b123f1b9420735c
r3_item1_paper_ci,/data2/cmdir/home/toandq/r3work/item1/out_v2/isic2019_resnet50_s42_std_seentracka/paper_ci.csv,1075,2026-10-08T23:02:33,114017b478c5336bf4c3894850445c8748735ca30b32e45140e136eb669c2f17
r3_item1_paper_ci,/data2/cmdir/home/toandq/r3work/item1/out_v2/isic2019_resnet50_s43_std/paper_ci.csv,1074,2026-10-08T21:20:27,7aea900cfe8f2b477e94ce42b45d4cdaac44c04b2cbdf4f3c148bfb9cd3a2114
r3_item1_paper_ci,/data2/cmdir/home/toandq/r3work/item1/out_v2/isic2019_resnet50_s43_std_seentracka/paper_ci.csv,1076,2026-10-08T23:04:04,eb63da885371eef92bf7d06526270618873ded25e94ec8eb657a15eb6882499d
r3_item1_paper_ci,/data2/cmdir/home/toandq/r3work/item1/out_v2/kermany_convnext_tiny_s42_std/paper_ci.csv,1070,2026-10-08T18:46:37,5f7fae8cf1bb7ab958a4df319c822c32725cf7f08a4b4b6f884c613488962627
r3_item1_paper_ci,/data2/cmdir/home/toandq/r3work/item1/out_v2/kermany_convnext_tiny_s42_std_seentracka/paper_ci.csv,1073,2026-10-08T22:21:02,7441ae4af1d206eae76e2205985e4e7b347de42576fac78ca2d29c0267b2ab59
r3_item1_paper_ci,/data2/cmdir/home/toandq/r3work/item1/out_v2/kermany_convnext_tiny_s43_std/paper_ci.csv,1072,2026-10-08T18:46:38,237c49e13a646b457f41e45d7fc516e95cd8e79c5a2ce9003edfaba4454b897d
r3_item1_paper_ci,/data2/cmdir/home/toandq/r3work/item1/out_v2/kermany_convnext_tiny_s43_std_seentracka/paper_ci.csv,1071,2026-10-08T22:20:57,6cfb537e3a3b49b47695a91b06a88dc3ce868ae54c8f24f2954cc70f11e4b2b8
r3_item1_paper_ci,/data2/cmdir/home/toandq/r3work/item1/out_v2/kermany_densenet121_s42_std/paper_ci.csv,1068,2026-10-08T19:04:12,6f9fe2361ba423d493ed6cae78d9713d1095f5eb402cea1800c308e977aee922
r3_item1_paper_ci,/data2/cmdir/home/toandq/r3work/item1/out_v2/kermany_densenet121_s42_std_seentracka/paper_ci.csv,1066,2026-10-08T22:25:50,b5d2387ee3aa784fe99f97945f9bd40b97a33fbe5fb75557547315004a2246b6
r3_item1_paper_ci,/data2/cmdir/home/toandq/r3work/item1/out_v2/kermany_densenet121_s43_std/paper_ci.csv,1072,2026-10-08T19:04:18,bff7e3786c8f664dc680f5fd169b4a613eae44a74f95a711ac1b11893de35fd0
r3_item1_paper_ci,/data2/cmdir/home/toandq/r3work/item1/out_v2/kermany_densenet121_s43_std_seentracka/paper_ci.csv,1080,2026-10-08T22:31:50,31eee5b5e658a1cbe965a326a8916e6aeecb601c092dba8963b6fc34841e42cc
r3_item1_paper_ci,/data2/cmdir/home/toandq/r3work/item1/out_v2/kermany_effb3_s42_std/paper_ci.csv,1066,2026-10-08T20:09:34,d6979caa289ae7eb8cba62e9d9b8a712c3232aa200f88a2b0fe275f612461f3d
r3_item1_paper_ci,/data2/cmdir/home/toandq/r3work/item1/out_v2/kermany_effb3_s42_std_seentracka/paper_ci.csv,1065,2026-10-08T22:41:51,5e06b201c488ae6669fc2a6e875ac5c14e5db75e7c3e5fed453437133c15675f
r3_item1_paper_ci,/data2/cmdir/home/toandq/r3work/item1/out_v2/kermany_efficientnet_v2_s_s42_std/paper_ci.csv,1089,2026-10-08T20:04:14,af3c1a10092fa2620552863e562fd8c7a2be65a809b92135def5fcd56f29833b
r3_item1_paper_ci,/data2/cmdir/home/toandq/r3work/item1/out_v2/kermany_efficientnet_v2_s_s42_std_seentracka/paper_ci.csv,1087,2026-10-08T22:38:08,dcdb965889e0be71edaf8fb455b21746a05e0558e2260cfcbfcc2e42cd931a8b
r3_item1_paper_ci,/data2/cmdir/home/toandq/r3work/item1/out_v2/kermany_mobilenet_v3_large_s42_std/paper_ci.csv,1082,2026-10-08T20:19:36,01cb8f0bc3236d089bf2af6ae1ea6d1eb0f3559ec26aa1fd02cd30a219a66df1
r3_item1_paper_ci,/data2/cmdir/home/toandq/r3work/item1/out_v2/kermany_mobilenet_v3_large_s42_std_seentracka/paper_ci.csv,1083,2026-10-08T22:36:29,2a6613dc463c0f52ece60476b7b58bb54a675eb50c164ba39f5736cb30092a9d
r3_item1_paper_ci,/data2/cmdir/home/toandq/r3work/item1/out_v2/kermany_regnet_y_3_2gf_s42_std/paper_ci.csv,1076,2026-10-08T20:36:21,a0909895d85ef48e779e74f85593a286626a1316d86b9d287c19b11cc054ed67
r3_item1_paper_ci,/data2/cmdir/home/toandq/r3work/item1/out_v2/kermany_regnet_y_3_2gf_s42_std_seentracka/paper_ci.csv,1074,2026-10-08T22:45:12,db25aeb1a69a83d3c39a77c217756e53f31966c4d4077df7e95e2568507a5347
r3_item1_paper_ci,/data2/cmdir/home/toandq/r3work/item1/out_v2/kermany_resnet18_s42_std/paper_ci.csv,1069,2026-10-08T20:29:17,50db11b9d61f1b35d2eb6c4669f74ff9534eedd84525d0e6fd2f329a6870d385
r3_item1_paper_ci,/data2/cmdir/home/toandq/r3work/item1/out_v2/kermany_resnet18_s42_std_seentracka/paper_ci.csv,1070,2026-10-08T22:34:58,450a2d94eda2d8fd337c25440a26e8159b98f5cd0410abe77a26a24ff3dd7d19
r3_item1_paper_ci,/data2/cmdir/home/toandq/r3work/item1/out_v2/kermany_resnet18_s43_std/paper_ci.csv,1071,2026-10-08T20:39:56,72fb11a739a3540b4d6bbae966fc39f3cb0ed6457d23fdfd27b1222f89e1a771
r3_item1_paper_ci,/data2/cmdir/home/toandq/r3work/item1/out_v2/kermany_resnet18_s43_std_seentracka/paper_ci.csv,1065,2026-10-08T22:41:32,8f98691effe7ea15b277c5f2c3641890b2c2a562f7ead6dbf9bc0a1996e6dab6
r3_item1_paper_ci,/data2/cmdir/home/toandq/r3work/item1/out_v2/kermany_resnet50_s42_std/paper_ci.csv,1071,2026-10-08T21:18:39,bd22cc1ab67e6f299fff621e5233c2a0b91b0a3bc9428f8881d01b99bf7dcd15
r3_item1_paper_ci,/data2/cmdir/home/toandq/r3work/item1/out_v2/kermany_resnet50_s42_std_seentracka/paper_ci.csv,1069,2026-10-08T23:23:08,f33b440d42b0b2b64c0e5447b5c5727972b769f0461f005e070e5367cbb9bda9
r3_item1_paper_ci,/data2/cmdir/home/toandq/r3work/item1/out_v2/kermany_resnet50_s43_std/paper_ci.csv,1068,2026-10-08T21:22:02,ec63c2f5f87bb484f908682eae5e7874d899e3244b3706faca658badf9e8a8c4
r3_item1_paper_ci,/data2/cmdir/home/toandq/r3work/item1/out_v2/kermany_resnet50_s43_std_seentracka/paper_ci.csv,1068,2026-10-08T23:22:17,9e0391b74ab85a7a6a9c73bd548a7377138445efc719d77f935922888ceb4338
foundation_gate_feats,/data2/cmdir/home/toandq/DST-Skin/outputs/rigor_pack/foundation_gate/feats/camelyon_conch_v1_5.npz,1303573824,2026-10-07T15:10:43,4076dfe76946fd6d87bb1c1554f0505a44a6558da059ea3d1311556a590a7b06
foundation_gate_feats,/data2/cmdir/home/toandq/DST-Skin/outputs/rigor_pack/foundation_gate/feats/camelyon_conch_v1_5_smoke.npz,37155024,2026-10-07T11:27:43,358aec203e8874012caef4f4518114e97e3b8f9638b65a2b3e2e92ea2643bf5d
foundation_gate_feats,/data2/cmdir/home/toandq/DST-Skin/outputs/rigor_pack/foundation_gate/feats/camelyon_dinov2_vitb14.npz,1303573824,2026-10-07T11:55:10,cab6f07a63fae7545526e7b69560b3fb81de59eb887939b83117dd656824f19c
foundation_gate_feats,/data2/cmdir/home/toandq/DST-Skin/outputs/rigor_pack/foundation_gate/feats/camelyon_dinov2_vitb14_smoke.npz,37155024,2026-10-07T11:16:53,922c4aabaebeae03f152be606c7b71b6cbfd37c69873141012324c58c930211e
foundation_gate_feats,/data2/cmdir/home/toandq/DST-Skin/outputs/rigor_pack/foundation_gate/feats/camelyon_dinov2_vitl14.npz,1734729024,2026-10-07T14:29:17,447970a109580b525e2f54ffb4a06d227a5dd9b4bfd50637763483a9d8da6c10
foundation_gate_feats,/data2/cmdir/home/toandq/DST-Skin/outputs/rigor_pack/foundation_gate/feats/camelyon_uni.npz,1734729024,2026-10-07T12:18:34,db31c55c06603cdcc1704a79721b3739649c02eddf7a9f109b2a575e2b4b39c7
foundation_gate_feats,/data2/cmdir/home/toandq/DST-Skin/outputs/rigor_pack/foundation_gate/feats/camelyon_uni_smoke.npz,49443024,2026-10-07T11:20:02,7221974fc4e53f9c4a9db8633830af77141e8e1a59b5e58a6bc4ab4f007ed9a0
foundation_gate_feats,/data2/cmdir/home/toandq/DST-Skin/outputs/rigor_pack/foundation_gate/feats/camelyon_virchow2.npz,4321660452,2026-10-07T14:14:18,4c80ec4d8e9981fd55d4e6835561d01e750c7e9defb8a26dc5a173a7f708b379
cnn_feature_caches,/data2/cmdir/home/toandq/DST-Skin/outputs/features/camelyon17/frac1/matched_adam/seed42/convnext_tiny_features.pt,2040984050,2026-09-18T15:07:01,4d1cb88c70f7b54b0e15074628ee36bdf8b79e89568cd9dcdb0eaba8632a0b6f
cnn_feature_caches,/data2/cmdir/home/toandq/DST-Skin/outputs/features/camelyon17/frac1/matched_adam/seed42/efficientnet_v2_s_224_features.pt,3269020770,2026-09-18T13:38:44,03d056f905a9199b4ae6654df8e746a00939bd15c0655037e77e8472e2d25d24
cnn_feature_caches,/data2/cmdir/home/toandq/DST-Skin/outputs/features/camelyon17/frac1/matched_adam/seed42/mobilenet_v3_large_features.pt,2453039056,2026-09-18T13:22:15,abda751fd2052b93c0894836df5c1a4edc5765f23beec16355d13526218bf146
cnn_feature_caches,/data2/cmdir/home/toandq/DST-Skin/outputs/features/camelyon17/frac1/matched_adam/seed42/regnet_y_3_2gf_features.pt,3085928888,2026-09-18T14:08:23,585f218d10ae36663c4ab004cda126b5bb62b31629eb92df9f86dd4133bcddcd
cnn_feature_caches,/data2/cmdir/home/toandq/DST-Skin/outputs/features/camelyon17/frac1/matched_adam/seed43/convnext_tiny_features.pt,2014572722,2026-10-05T00:39:22,c0e81f488ca8e53748ac260295124d93340bccf73960ff3fbfae25c23c27b9f1
cnn_feature_caches,/data2/cmdir/home/toandq/DST-Skin/outputs/features/camelyon17/frac1/matched_adam/seed43/efficientnet_v2_s_224_features.pt,3270005794,2026-10-05T00:39:38,d409a3eda8a5305bf0be08fae6ba4694fd1bde5daa3f544e190f886221cb9b6d
cnn_feature_caches,/data2/cmdir/home/toandq/DST-Skin/outputs/features/camelyon17/frac1/matched_adam/seed43/mobilenet_v3_large_features.pt,2473131664,2026-10-05T00:39:26,c4f8cfecaaf4fdf6a3b03cc62ec37521b69e355f495ff989b705722d32098dfb
cnn_feature_caches,/data2/cmdir/home/toandq/DST-Skin/outputs/features/camelyon17/frac1/matched_adam/seed43/regnet_y_3_2gf_features.pt,3068656568,2026-10-05T00:39:35,37f3fd9055bc455f00e59c0daee1bd0ed00267c659e2a1e35d8c0e5644bcbcac
cnn_feature_caches,/data2/cmdir/home/toandq/DST-Skin/outputs/features/camelyon17/frac1/matched_adam/seed44/convnext_tiny_features.pt,2038693554,2026-10-05T16:37:34,63fa01af3e29d0fdaf6c9bfb8c7b9515981893e6411c39004a0a52181fc3552a
cnn_feature_caches,/data2/cmdir/home/toandq/DST-Skin/outputs/features/camelyon17/frac1/matched_adam/seed44/efficientnet_v2_s_224_features.pt,3252911842,2026-10-05T06:10:41,7bd04c24058f95ff2fca5cd3bc9eb23869e5bdbe159c153f32df1efdfb53f82d
cnn_feature_caches,/data2/cmdir/home/toandq/DST-Skin/outputs/features/camelyon17/frac1/matched_adam/seed44/mobilenet_v3_large_features.pt,2463849360,2026-10-05T15:10:14,b553164837059f7cc2b62ae5f81198c174e5b86c6e9ccfadd83f5d839286b707
cnn_feature_caches,/data2/cmdir/home/toandq/DST-Skin/outputs/features/camelyon17/frac1/matched_adam/seed44/regnet_y_3_2gf_features.pt,3077729720,2026-10-05T14:25:36,da36bfc9cdf7db4ce18661a8f30e478bef272dca6170aea9e6822a8b1900d2fa
cnn_feature_caches,/data2/cmdir/home/toandq/DST-Skin/outputs/features/camelyon17/frac1/matched_adam/seed45/convnext_tiny_features.pt,1975105586,2026-10-05T19:07:20,31dd00ed2b2a617c10683603f10ad2519096ff6429263d6fe428524c12c9350b
cnn_feature_caches,/data2/cmdir/home/toandq/DST-Skin/outputs/features/camelyon17/frac1/matched_adam/seed45/efficientnet_v2_s_224_features.pt,3268443746,2026-10-05T09:39:06,00c52f0ab14e4fcc8f6566f98ebb0ba15c46681986c5f6bb0581984305184fff
cnn_feature_caches,/data2/cmdir/home/toandq/DST-Skin/outputs/features/camelyon17/frac1/matched_adam/seed45/mobilenet_v3_large_features.pt,2467503184,2026-10-05T16:58:00,678369138f6e43c01033c8fb0e1bb1086d2ca5c1784da6f37303e833c1d60d4e
cnn_feature_caches,/data2/cmdir/home/toandq/DST-Skin/outputs/features/camelyon17/frac1/matched_adam/seed45/regnet_y_3_2gf_features.pt,3078482936,2026-10-05T10:04:52,1c7b3069010852f595fcbe55a102e2db56042b18298254b84cfc7da0e6320499
cnn_feature_caches,/data2/cmdir/home/toandq/DST-Skin/outputs/features/camelyon17/frac1/matched_adam/seed46/convnext_tiny_features.pt,1968761586,2026-10-05T12:07:16,131b95cc8e1babce0a5984109597c5cde78050cfd5ad75d086a413e177e34eee
cnn_feature_caches,/data2/cmdir/home/toandq/DST-Skin/outputs/features/camelyon17/frac1/matched_adam/seed46/efficientnet_v2_s_224_features.pt,3257333218,2026-10-05T12:37:59,a9ea5094d51b12fdc617afc9fec5c5d82a19bfeb183d4665b8dc36d5169e0e1b
cnn_feature_caches,/data2/cmdir/home/toandq/DST-Skin/outputs/features/camelyon17/frac1/matched_adam/seed46/mobilenet_v3_large_features.pt,2454320656,2026-10-05T10:29:44,0a748faa94095ac9a36f515e2935412287a06444df35fa0af9ee706eafdd548b
cnn_feature_caches,/data2/cmdir/home/toandq/DST-Skin/outputs/features/camelyon17/frac1/matched_adam/seed46/regnet_y_3_2gf_features.pt,3060302456,2026-10-05T12:29:58,46d110c344d9d32fe1c7a414f6b1b126ebfaa31af9842910d417640c5657eb75
cnn_feature_caches,/data2/cmdir/home/toandq/DST-Skin/outputs/features/camelyon17/frac1/matched_adamw/seed42/resnet18_features.pt,1132556436,2026-09-18T15:43:18,10045a5c380c228a903f90f7c859194a2a8612512badfb7083ba44cdc56bc798
cnn_feature_caches,/data2/cmdir/home/toandq/DST-Skin/outputs/features/camelyon17/frac1/matched_adamw/seed42/resnet50_features.pt,4600367020,2026-09-18T15:55:49,d6657b791c9c19887f722bf304d228b321f127315ed154e01b1e655dbbbf70e4
cnn_feature_caches,/data2/cmdir/home/toandq/DST-Skin/outputs/features/camelyon17/frac1/matched_adamw/seed43/resnet18_features.pt,1131050260,2026-10-05T13:31:40,fd7db32658ce07e218d19ec449512a7461a00c723cf7e4d3030af9465162127e
cnn_feature_caches,/data2/cmdir/home/toandq/DST-Skin/outputs/features/camelyon17/frac1/matched_adamw/seed43/resnet50_features.pt,4613973484,2026-10-05T14:30:35,ddd5154270f91081a7a650d5e7b4b00c0ea300a623232f2f2c0c93e8b9f94ad3
cnn_feature_caches,/data2/cmdir/home/toandq/DST-Skin/outputs/features/camelyon17/frac1/matched_adamw/seed44/resnet18_features.pt,1133164372,2026-10-05T07:11:39,9ebc9f18535f420cdca41372076dae106efe2e7a4fd098be87eeda1e927fc1ac
cnn_feature_caches,/data2/cmdir/home/toandq/DST-Skin/outputs/features/camelyon17/frac1/matched_adamw/seed44/resnet50_features.pt,4611043308,2026-10-05T16:56:33,f1e69d44c4950765f8c46c94fa4c76526a5058a18f80ddbfcfdceb13514839b2
cnn_feature_caches,/data2/cmdir/home/toandq/DST-Skin/outputs/features/camelyon17/frac1/matched_adamw/seed45/resnet18_features.pt,1135939092,2026-10-05T08:32:47,790f8626c2ddeaf67d0d440b9d33c304e6ddbf25afdf4edc4a77a74f58b469c5
cnn_feature_caches,/data2/cmdir/home/toandq/DST-Skin/outputs/features/camelyon17/frac1/matched_adamw/seed45/resnet50_features.pt,4594363052,2026-10-05T09:05:09,20a52551c39112875af27d421d2521c813bb5ebe9fbe1e2ceed9b433ddb2b18f
cnn_feature_caches,/data2/cmdir/home/toandq/DST-Skin/outputs/features/camelyon17/frac1/matched_adamw/seed46/resnet18_features.pt,1123336276,2026-10-05T11:47:07,0e960b07916e59d5266a5a2907ac119187f9ee913805aaf4e483781158a83165
cnn_feature_caches,/data2/cmdir/home/toandq/DST-Skin/outputs/features/camelyon17/frac1/matched_adamw/seed46/resnet50_features.pt,4583828524,2026-10-05T13:18:21,46dd47df1d811a49dc64402037306ad5fa113ce4f292502646ae36a0340e6042
cnn_feature_caches,/data2/cmdir/home/toandq/DST-Skin/outputs/features/camelyon17/frac1/seed42/convnext_tiny_features.pt,1945993906,2026-09-17T23:18:09,f139ec0061f4e4ded1606a83fe59d179c9e42b643fb4d2d16439fdaeaf25ad62
cnn_feature_caches,/data2/cmdir/home/toandq/DST-Skin/outputs/features/camelyon17/frac1/seed42/densenet121_features.pt,2073867878,2026-09-17T23:06:24,f921a89487b88c4e04ce3c54bc07e4b8ae6117ab5c9558c021501f9ec1a11930
cnn_feature_caches,/data2/cmdir/home/toandq/DST-Skin/outputs/features/camelyon17/frac1/seed42/densenet121_supcon_features.pt,2105998288,2026-09-18T06:49:24,209fbc8e7acd97e87eec798519b8007db5183961618001d0eef12e3d7a6faf36
cnn_feature_caches,/data2/cmdir/home/toandq/DST-Skin/outputs/features/camelyon17/frac1/seed42/effb3_224_features.pt,3937033690,2026-09-17T16:14:45,4c0e8f7fd8eddd2eed8d4f6aa876b8c3eb58ef3d3791fa7c184d3f6bdeec1bba
cnn_feature_caches,/data2/cmdir/home/toandq/DST-Skin/outputs/features/camelyon17/frac1/seed42/effb3_features.pt,3921532034,2026-09-17T09:37:17,1169b453b6f6191fd6ce92bbe492a407b45834e11b2373f979b485136962ac69
cnn_feature_caches,/data2/cmdir/home/toandq/DST-Skin/outputs/features/camelyon17/frac1/seed42/efficientnet_v2_s_224_features.pt,3179172194,2026-09-18T04:24:55,f9add57903f84fe85887ad5b753d14a47655406272a6633f32d1bc8acfbf6e13
cnn_feature_caches,/data2/cmdir/home/toandq/DST-Skin/outputs/features/camelyon17/frac1/seed42/efficientnet_v2_s_features.pt,3154878282,2026-09-18T00:07:55,d2001f9284b124caec65951ec59bf59d965ba6c80ba8bf3c29a4e50e1de9ab85
cnn_feature_caches,/data2/cmdir/home/toandq/DST-Skin/outputs/features/camelyon17/frac1/seed42/mobilenet_v3_large_features.pt,2403130448,2026-09-17T23:29:50,8c580c20df0c917609e56126d3db7dcce885c7575519c4485ede111b54f4be6f
cnn_feature_caches,/data2/cmdir/home/toandq/DST-Skin/outputs/features/camelyon17/frac1/seed42/regnet_y_3_2gf_features.pt,3489186744,2026-09-17T23:41:46,cd56deeec85d536be6eb4e5f59849f7b44120248d3e8ea42772800d353c4e6ce
cnn_feature_caches,/data2/cmdir/home/toandq/DST-Skin/outputs/features/camelyon17/frac1/seed42/resnet18_features.pt,1106257940,2026-09-17T09:08:43,1eb7726838776e95fcbe191a92f09d09ee11db010dd629cf22b63d82bd086090
cnn_feature_caches,/data2/cmdir/home/toandq/DST-Skin/outputs/features/camelyon17/frac1/seed42/resnet18_supcon_features.pt,1129579198,2026-09-18T03:39:58,3aff217e20b13818afbbc366380fd14b2a80a0a2ca92a548be58aa47df3f1cc8
cnn_feature_caches,/data2/cmdir/home/toandq/DST-Skin/outputs/features/camelyon17/frac1/seed42/resnet50_features.pt,4197735060,2026-09-17T09:20:54,b7ab21fbdedc8753fc70753fcdc2d82ff1437abd5327cbc2276569dbe0d12dd0
cnn_feature_caches,/data2/cmdir/home/toandq/DST-Skin/outputs/features/camelyon17/frac1/seed42/rigor_indexed/convnext_tiny_features.pt,1958185010,2026-10-05T04:25:21,731f9699dd3107f599df40072ab6a42fb3313e5e4a9d980dd7869e00c09f1b09
cnn_feature_caches,/data2/cmdir/home/toandq/DST-Skin/outputs/features/camelyon17/frac1/seed42/rigor_indexed/densenet121_features.pt,2086054630,2026-10-05T04:20:48,1dcddcfab3383877ef63e20b57c63a6f9bfbbaa72a29e25fbf028a863d00364c
cnn_feature_caches,/data2/cmdir/home/toandq/DST-Skin/outputs/features/camelyon17/frac1/seed42/rigor_indexed/effb3_features.pt,3934129346,2026-10-05T12:42:10,360593d1b93df8d8c47799c7af40f0737b13b43f441838528d69cbbc3dee4973
cnn_feature_caches,/data2/cmdir/home/toandq/DST-Skin/outputs/features/camelyon17/frac1/seed42/rigor_indexed/efficientnet_v2_s_224_features.pt,3191327842,2026-10-05T12:50:19,8824c1ef380afffc8b0d37bc25b345d7c3d70e2cbc1e6f5a5ed4cb86d0f88477
cnn_feature_caches,/data2/cmdir/home/toandq/DST-Skin/outputs/features/camelyon17/frac1/seed42/rigor_indexed/mobilenet_v3_large_features.pt,2415387856,2026-10-05T04:22:34,7fe029b5389b4bb6723180046cb397754bd1fd0ec245378c8b90c6e777ab3c6e
cnn_feature_caches,/data2/cmdir/home/toandq/DST-Skin/outputs/features/camelyon17/frac1/seed42/rigor_indexed/regnet_y_3_2gf_features.pt,3501391928,2026-10-05T04:24:17,d2029ae92176d3bdc552292e641e16b8fcc69c642646d8623af11d11064f9617
cnn_feature_caches,/data2/cmdir/home/toandq/DST-Skin/outputs/features/camelyon17/frac1/seed42/rigor_indexed/resnet18_features.pt,1118461460,2026-10-05T04:17:55,198e72a67914dcb70af793f3456b02fc666497eb6b133cd12d517fcc8ed27302
cnn_feature_caches,/data2/cmdir/home/toandq/DST-Skin/outputs/features/camelyon17/frac1/seed42/rigor_indexed/resnet50_features.pt,4210096148,2026-10-05T04:18:43,a26ecf1eb9b4668f763fb313721777c89a954af2c05e2b9b27b7518b6abfb579
cnn_feature_caches,/data2/cmdir/home/toandq/DST-Skin/outputs/features/camelyon17/frac1/seed42/shift_type/convnext_tiny_F_ood.pt,45908896,2026-09-19T09:58:57,65f8e687771b1bfafc7410dfa0224758440edea40d18b3f4dd45c6c301d0d746
cnn_feature_caches,/data2/cmdir/home/toandq/DST-Skin/outputs/features/camelyon17/frac1/seed42/shift_type/convnext_tiny_T_ood.pt,10731616,2026-09-19T09:53:59,cc4d54d448345377aea248a55a15eae9f5c9ebb79bdd426564a7d143a30392f1
cnn_feature_caches,/data2/cmdir/home/toandq/DST-Skin/outputs/features/camelyon17/frac1/seed42/shift_type/densenet121_F_ood.pt,48532052,2026-09-19T09:47:02,f55c4d31acd61c63ea6f7adaf394058dee53bc087883f6de415dcf245f72f322
cnn_feature_caches,/data2/cmdir/home/toandq/DST-Skin/outputs/features/camelyon17/frac1/seed42/shift_type/densenet121_T_ood.pt,11381140,2026-09-19T09:40:52,08a0148fdba2aabc641ffdeb861e3f83b4bfc2d582e92a9c4f8c90ec2b5d1361
cnn_feature_caches,/data2/cmdir/home/toandq/DST-Skin/outputs/features/camelyon17/frac1/seed42/shift_type/effb3_F_ood.pt,91718768,2026-09-19T10:37:31,1b2a1f8b6c0aaebc671c3db03433769ff4385548fe32bdd754c71c5dd495783d
cnn_feature_caches,/data2/cmdir/home/toandq/DST-Skin/outputs/features/camelyon17/frac1/seed42/shift_type/effb3_T_ood.pt,21876464,2026-09-19T10:30:39,b9ecb3b7702e8fda6ccb85e6d251f674bc0740a8cda7538e79bb6d3f6d5ec921
cnn_feature_caches,/data2/cmdir/home/toandq/DST-Skin/outputs/features/camelyon17/frac1/seed42/shift_type/efficientnet_v2_s_224_F_ood.pt,75759120,2026-09-19T10:51:00,64b81cb19a599a9b56f0e206ed1a4daeb37a65f54674135c8eabf53dc1cbcf85
cnn_feature_caches,/data2/cmdir/home/toandq/DST-Skin/outputs/features/camelyon17/frac1/seed42/shift_type/efficientnet_v2_s_224_T_ood.pt,17710544,2026-09-19T10:45:01,3074cfb899b84406555f9d3ab3ca1d248fa7d0bd1089de85188a38a5e991a1d2
cnn_feature_caches,/data2/cmdir/home/toandq/DST-Skin/outputs/features/camelyon17/frac1/seed42/shift_type/mobilenet_v3_large_F_ood.pt,58120382,2026-09-19T10:09:27,12c882f7ee1e075b489db4127f829e8dea5c29f18d5a696ee2fb5efd43187124
cnn_feature_caches,/data2/cmdir/home/toandq/DST-Skin/outputs/features/camelyon17/frac1/seed42/shift_type/mobilenet_v3_large_T_ood.pt,13546622,2026-09-19T10:04:04,30034849e023a85b103ce5543d3bac4ea71186c93d2d18a16b9d350736d20702
cnn_feature_caches,/data2/cmdir/home/toandq/DST-Skin/outputs/features/camelyon17/frac1/seed42/shift_type/regnet_y_3_2gf_F_ood.pt,81951270,2026-09-19T10:23:45,ce4707d7f1ffb975d925a0e5fddf022eae80de1900648664efdef1edce67e7c4
cnn_feature_caches,/data2/cmdir/home/toandq/DST-Skin/outputs/features/camelyon17/frac1/seed42/shift_type/regnet_y_3_2gf_T_ood.pt,19216230,2026-09-19T10:16:50,43b9d4f5f862e06eed0174c55046a8704b7246231f5b51bd3de34d965f66394c
cnn_feature_caches,/data2/cmdir/home/toandq/DST-Skin/outputs/features/camelyon17/frac1/seed42/shift_type/resnet18_F_ood.pt,25700354,2026-09-19T09:14:12,d66bf8fe8d1556883c8dc194969d13ce69c2f2a48542f9c0698ca8d77556ed26
cnn_feature_caches,/data2/cmdir/home/toandq/DST-Skin/outputs/features/camelyon17/frac1/seed42/shift_type/resnet18_T_ood.pt,6161538,2026-09-19T09:09:03,a8822079951d8a40010102155999b8de4f2ddb6c50ce0ac858f05d5466d2ddb1
cnn_feature_caches,/data2/cmdir/home/toandq/DST-Skin/outputs/features/camelyon17/frac1/seed42/shift_type/resnet50_F_ood.pt,93856706,2026-09-19T09:28:14,fe925f8a52baa93c00dba13d49f87c3bd6dd27ecda2a54a44379fda8df06e954
cnn_feature_caches,/data2/cmdir/home/toandq/DST-Skin/outputs/features/camelyon17/frac1/seed42/shift_type/resnet50_T_ood.pt,23460866,2026-09-19T09:19:37,f53210e796029a7eb6d5fb02341207c3795e3372a2c27e1f95b5d467f65ace22
cnn_feature_caches,/data2/cmdir/home/toandq/DST-Skin/outputs/features/camelyon17/frac1/seed42/shift_type/vit_b_16_F_ood.pt,46064258,2026-09-19T11:02:59,d326935735f95e25b5bca1e98695c32ca83840b31d1c4e7f1d4b5e38e5ee9d7a
cnn_feature_caches,/data2/cmdir/home/toandq/DST-Skin/outputs/features/camelyon17/frac1/seed42/shift_type/vit_b_16_T_ood.pt,10702786,2026-09-19T10:58:02,7308bc6dbaa87d5d5a884cf6181348b730d54d07154955170a37acabd0906c25
cnn_feature_caches,/data2/cmdir/home/toandq/DST-Skin/outputs/features/camelyon17/frac1/seed42/vit_b_16_features.pt,1944351188,2026-09-18T09:16:28,54a90da1f3a598d3e3fd102b09c37cbc22ef2002fafec7f4baf19f54f12650e9
cnn_feature_caches,/data2/cmdir/home/toandq/DST-Skin/outputs/features/camelyon17/frac1/seed43/convnext_tiny_features.pt,1942942962,2026-09-19T12:26:40,5ddfadf3716215f37a9f3416c300df1b359d72990b8ae4738fcab54aae2b6623
cnn_feature_caches,/data2/cmdir/home/toandq/DST-Skin/outputs/features/camelyon17/frac1/seed43/densenet121_features.pt,2066462822,2026-09-18T13:18:49,ee535f16f3cb3e3489df8b82c311105dfc306b1fb03b837dd2c1bab822ab8ab9
cnn_feature_caches,/data2/cmdir/home/toandq/DST-Skin/outputs/features/camelyon17/frac1/seed43/effb3_features.pt,3924088450,2026-09-18T15:06:23,01cbf0882b91422f2c2aef7c7b3fd20b74b08fad456e52aceaa161ed41ab3698
cnn_feature_caches,/data2/cmdir/home/toandq/DST-Skin/outputs/features/camelyon17/frac1/seed43/efficientnet_v2_s_224_features.pt,3165303266,2026-09-19T11:42:14,b46ef40a76d7d9dfd767494a123d35ec452a311c95dcb92442d8d57f07bf93ec
cnn_feature_caches,/data2/cmdir/home/toandq/DST-Skin/outputs/features/camelyon17/frac1/seed43/mobilenet_v3_large_features.pt,2398096976,2026-09-19T10:26:32,97bda5cb55492da1a492a991eee3f7847e942c15c978adc61688814424361e56
cnn_feature_caches,/data2/cmdir/home/toandq/DST-Skin/outputs/features/camelyon17/frac1/seed43/regnet_y_3_2gf_features.pt,3489229240,2026-09-19T11:33:38,0bfc3479e3d115d91529447e9b34c041425bca0671aaa17987c31fb4a4b849ed
cnn_feature_caches,/data2/cmdir/home/toandq/DST-Skin/outputs/features/camelyon17/frac1/seed43/resnet18_features.pt,1103305684,2026-09-18T13:00:59,40e70c779e324f52507e8856d7c8032c8d099bd501c3623b241b1f634ec85664
cnn_feature_caches,/data2/cmdir/home/toandq/DST-Skin/outputs/features/camelyon17/frac1/seed43/resnet50_features.pt,4202208468,2026-09-18T13:01:32,79378d6522493ca294bed6054cb9947d1df4c6fee026ebf9d1e542caafa25bd7
cnn_feature_caches,/data2/cmdir/home/toandq/DST-Skin/outputs/features/camelyon17/frac1/seed43/rigor_indexed/convnext_tiny_features.pt,1955146482,2026-10-07T12:15:57,e8963efe2b609a045e6b020b4319fbd5161bfab4503201dc08faaa03b7227843
cnn_feature_caches,/data2/cmdir/home/toandq/DST-Skin/outputs/features/camelyon17/frac1/seed43/rigor_indexed/resnet50_features.pt,4214367764,2026-10-07T12:02:11,7387f2a2507c1aa264b5baaf0355e41fcee0bfc6a6e0b81794055ae243d3fef4
cnn_feature_caches,/data2/cmdir/home/toandq/DST-Skin/outputs/features/camelyon17/frac1/seed43/vit_b_16_features.pt,1949754772,2026-10-04T13:31:20,84b803fc655d81b63eba996e3f9c9e1ffef8114b4cb32a017744e265390ccc56
cnn_feature_caches,/data2/cmdir/home/toandq/DST-Skin/outputs/features/camelyon17/frac1/seed44/convnext_tiny_features.pt,1946265714,2026-09-19T16:01:39,717b9d34a92e2d2f92483248eca37e3cc930375bdf35480739a9c2cdec11002f
cnn_feature_caches,/data2/cmdir/home/toandq/DST-Skin/outputs/features/camelyon17/frac1/seed44/densenet121_features.pt,2052842086,2026-09-18T15:54:18,c23cfce7d1326756d4389f1889ad78b9828e075f6305e98bd77a825cc4375de6
cnn_feature_caches,/data2/cmdir/home/toandq/DST-Skin/outputs/features/camelyon17/frac1/seed44/effb3_features.pt,3923235458,2026-09-18T19:56:58,aef9f128cdc614a47b95782a9347d95e18b1c48b575f7f25c3c8fba03b8df6e0
cnn_feature_caches,/data2/cmdir/home/toandq/DST-Skin/outputs/features/camelyon17/frac1/seed44/efficientnet_v2_s_224_features.pt,3174543074,2026-09-19T14:37:57,5c52b3f2e2702bc667bba4541b541caabbec0b7520fff4dd8c8285ae20de39cf
cnn_feature_caches,/data2/cmdir/home/toandq/DST-Skin/outputs/features/camelyon17/frac1/seed44/mobilenet_v3_large_features.pt,2404080592,2026-09-19T12:06:49,9bb124242ed5020aa10e7269962fd8a1325c63e41eb6531efb927c783b629297
cnn_feature_caches,/data2/cmdir/home/toandq/DST-Skin/outputs/features/camelyon17/frac1/seed44/regnet_y_3_2gf_features.pt,3489326200,2026-09-19T14:22:42,7b661b5c2974c420a306e15a2b87e4779d57b1a02f5c002877e0cabb5bac4123
cnn_feature_caches,/data2/cmdir/home/toandq/DST-Skin/outputs/features/camelyon17/frac1/seed44/resnet18_features.pt,1101771476,2026-09-18T15:23:58,c0e3cbf50000982e159aeeb960ac963fc51db13160df3c98f1ee0e65ad29a56a
cnn_feature_caches,/data2/cmdir/home/toandq/DST-Skin/outputs/features/camelyon17/frac1/seed44/resnet50_features.pt,4192677972,2026-09-18T15:48:52,9be9463311cbe9cecdbc3234497b9617b00e93c33f4c7ef54e0494245e1d4de4
cnn_feature_caches,/data2/cmdir/home/toandq/DST-Skin/outputs/features/camelyon17/frac1/seed44/rigor_indexed/convnext_tiny_features.pt,1958470066,2026-10-07T12:23:35,91b0458c5f8bc10ff833ad8ba3754731894aa222d9f9f25239dcf41f0c62cb82
cnn_feature_caches,/data2/cmdir/home/toandq/DST-Skin/outputs/features/camelyon17/frac1/seed44/rigor_indexed/resnet50_features.pt,4204811860,2026-10-07T12:08:02,460105db00909efb48178dc4b006ed0ea9dbfdf99d677b462e24ebe2d47bfc09
cnn_feature_caches,/data2/cmdir/home/toandq/DST-Skin/outputs/features/camelyon17/frac1/seed44/vit_b_16_features.pt,1945759956,2026-10-04T13:31:22,f1d7ad344e5304a07e4fb614aa690d3c92a25867cfa59b080d1a0be4c08b674a
cnn_feature_caches,/data2/cmdir/home/toandq/DST-Skin/outputs/features/camelyon17/frac1/seed45/convnext_tiny_features.pt,1947375986,2026-09-19T19:37:12,06a130b348f08bd78c17d04616fd87d55a455c5ce46c303d31c4948c403c99b5
cnn_feature_caches,/data2/cmdir/home/toandq/DST-Skin/outputs/features/camelyon17/frac1/seed45/densenet121_features.pt,2087630694,2026-09-18T18:23:16,ec6f2644d41e0ec633c3b8afa24a7274f90f52f620c423470063830e4e6fc333
cnn_feature_caches,/data2/cmdir/home/toandq/DST-Skin/outputs/features/camelyon17/frac1/seed45/effb3_features.pt,3930677954,2026-09-19T01:49:38,58f7b9039eabc352444de3071248b7f374106acc38c9bd979aea7f1db035f6be
cnn_feature_caches,/data2/cmdir/home/toandq/DST-Skin/outputs/features/camelyon17/frac1/seed45/efficientnet_v2_s_224_features.pt,3170711394,2026-09-19T17:32:17,b31f550cf6fdd109bd2ea16d2700ee9ee3dae485a57c3bf839eb9153c1917bb5
cnn_feature_caches,/data2/cmdir/home/toandq/DST-Skin/outputs/features/camelyon17/frac1/seed45/mobilenet_v3_large_features.pt,2401878864,2026-09-19T13:45:09,01a39b6c5080f8372d2250bfa85cbe8c1c37f01fa703420f0848aa2b983a74c1
cnn_feature_caches,/data2/cmdir/home/toandq/DST-Skin/outputs/features/camelyon17/frac1/seed45/regnet_y_3_2gf_features.pt,3491413176,2026-09-19T17:10:19,7e0ab44f172ce4e4fd402c3e28445d64e19b85f4e290268deeda3bfc3d8ff551
cnn_feature_caches,/data2/cmdir/home/toandq/DST-Skin/outputs/features/camelyon17/frac1/seed45/resnet18_features.pt,1110418900,2026-09-18T17:06:17,a1c49ee0ae3eacb2bf7cb53c79c36a2ffebac2e127b6a11f2b37d321daa5b8e0
cnn_feature_caches,/data2/cmdir/home/toandq/DST-Skin/outputs/features/camelyon17/frac1/seed45/resnet50_features.pt,4190245652,2026-09-18T18:09:59,ede34fb2386b57c0bafae220cbd45f838098d8982d2e21aa65f987140bb139b7
cnn_feature_caches,/data2/cmdir/home/toandq/DST-Skin/outputs/features/camelyon17/frac1/seed45/vit_b_16_features.pt,1946618516,2026-10-04T13:31:20,18253fc88a32c62eaa32ffdae7f596488155bec01ab53c2806ccc5ade899bd5c
cnn_feature_caches,/data2/cmdir/home/toandq/DST-Skin/outputs/features/camelyon17/frac1/seed46/convnext_tiny_features.pt,1944703090,2026-09-19T23:15:48,751ec1156f140f68df9e14b88afb16b271cc73837d56e3d3da56a0e0b71603fb
cnn_feature_caches,/data2/cmdir/home/toandq/DST-Skin/outputs/features/camelyon17/frac1/seed46/densenet121_features.pt,2059418918,2026-09-18T20:48:04,b5a8806bb4dad1f0899a3946d2c1e4d0d25ef8c4374ea00759ad9c4c660dcd0f
cnn_feature_caches,/data2/cmdir/home/toandq/DST-Skin/outputs/features/camelyon17/frac1/seed46/effb3_features.pt,3914674370,2026-09-19T05:43:54,ba68a8496dd14b31c80f29c626acfe7ee7fb02d5b1a72159993f54c7797e5eed
cnn_feature_caches,/data2/cmdir/home/toandq/DST-Skin/outputs/features/camelyon17/frac1/seed46/efficientnet_v2_s_224_features.pt,3168869666,2026-09-19T20:32:24,2552925fede568e37f465f5e7190607cc5a39123fe0c7cfe7528e756d5135ff0
cnn_feature_caches,/data2/cmdir/home/toandq/DST-Skin/outputs/features/camelyon17/frac1/seed46/mobilenet_v3_large_features.pt,2401361104,2026-09-19T15:25:59,40f8d19edff8543ae94355b2bda34a76862e196ebeb7e1da73453579b67bd623
cnn_feature_caches,/data2/cmdir/home/toandq/DST-Skin/outputs/features/camelyon17/frac1/seed46/regnet_y_3_2gf_features.pt,3492382584,2026-09-19T20:02:02,a7833b0576247109710e0d983192f700e727e5cb073c627cfbcdd3b8f4795279
cnn_feature_caches,/data2/cmdir/home/toandq/DST-Skin/outputs/features/camelyon17/frac1/seed46/resnet18_features.pt,1104863444,2026-09-18T18:42:40,afd123dd6fffa0b3eaf658ff63f9a1146fc67a5e236fa13c78db8d9d6f9cc1a9
cnn_feature_caches,/data2/cmdir/home/toandq/DST-Skin/outputs/features/camelyon17/frac1/seed46/resnet50_features.pt,4207294036,2026-09-18T20:06:22,21e2f9812313deb469630e485deffd76de9b006386bb0d67e17ff77c0136aa4e
cnn_feature_caches,/data2/cmdir/home/toandq/DST-Skin/outputs/features/camelyon17/frac1/seed46/vit_b_16_features.pt,1945122580,2026-10-04T13:51:32,08566a69ecf4731350659016a36452ff66e10e6df32851cf75b44734fd668fea
cnn_feature_caches,/data2/cmdir/home/toandq/DST-Skin/outputs/features/camelyon17/frac1/stain_cov/seed42/densenet121_features.pt,2084299686,2026-09-18T18:30:44,189638b6273feee213911c28bb7c11929103bc3fb29969aa4d244687a13f6a1a
cnn_feature_caches,/data2/cmdir/home/toandq/DST-Skin/outputs/features/camelyon17/frac1/stain_cov/seed42/densenet121_hospital1_ood.pt,173201640,2026-09-18T19:01:15,92b5b3b021d313be869ecdb50504bdf7f1622016ed5309daa64b8030f633381e
cnn_feature_caches,/data2/cmdir/home/toandq/DST-Skin/outputs/features/camelyon17/frac1/stain_cov/seed42/resnet18_features.pt,1111041108,2026-09-18T16:53:02,cdf0c4e1747290f91941c06705b2923e1dd80234e6736800f46a6940e18c00e4
cnn_feature_caches,/data2/cmdir/home/toandq/DST-Skin/outputs/features/camelyon17/frac1/stain_cov/seed42/resnet18_hospital1_ood.pt,92983708,2026-09-18T17:11:51,0e40becdfc031c27f48025bdd3a800f2182a015bdd5cc61bb4f81fd7762ec1fc
cnn_feature_caches,/data2/cmdir/home/toandq/DST-Skin/outputs/features/camelyon17/frac1/stain_cov/seed42/resnet50_features.pt,4208852116,2026-09-18T17:55:34,9f010432280b081c1a8ea1df576a1563cf4c9e1be88f2026928ed2c1aee6e194
cnn_feature_caches,/data2/cmdir/home/toandq/DST-Skin/outputs/features/camelyon17/frac1/stain_cov/seed42/resnet50_hospital1_ood.pt,347792092,2026-09-18T18:26:08,63adea9e768e755dfa51af3a49702982b3975e81ca891a7fad16b6f50bf27cfd
cnn_feature_caches,/data2/cmdir/home/toandq/DST-Skin/outputs/features/camelyon17/seed42/effb3_features.pt,1247263042,2026-09-17T03:18:08,4842a39209061a3ad539a20d6fd98626e1f3e9f88bd128544c327b7689f52ef4
cnn_feature_caches,/data2/cmdir/home/toandq/DST-Skin/outputs/features/camelyon17/seed42/resnet18_features.pt,370108372,2026-09-17T03:10:39,39a962c84c10106af5de63883c4f82439be4fce4250cf8a99b70e43e7c1dc2da
cnn_feature_caches,/data2/cmdir/home/toandq/DST-Skin/outputs/features/camelyon17/seed42/resnet50_features.pt,1486133844,2026-09-17T03:13:57,ad7b461076db8fa05e364206773eb5a4e483eaca2a409a20fc7133fb22b9afff
miccai_scores,/data2/cmdir/home/toandq/DST-Skin/outputs/rigor_pack/miccai_campaign/scores/camelyon_conch_v1_5.npz,20179252,2026-10-07T17:48:32,0b4c8c5b01cebf53f3951978c01fd0bd80da9f07f25a5fa13af9045aa186ed56
miccai_scores,/data2/cmdir/home/toandq/DST-Skin/outputs/rigor_pack/miccai_campaign/scores/camelyon_conch_v1_5_s43.npz,20179252,2026-10-07T16:10:29,1bb861a1df9601a14063d1fdcadb7b4b6cf6a7309878560005709c95cc2f5ee1
miccai_scores,/data2/cmdir/home/toandq/DST-Skin/outputs/rigor_pack/miccai_campaign/scores/camelyon_conch_v1_5_s44.npz,20179252,2026-10-07T17:08:43,ac94ea8f070c24fd80a82cd71ba4f3728ddb685c16a4e0621c9df7eccbffc822
miccai_scores,/data2/cmdir/home/toandq/DST-Skin/outputs/rigor_pack/miccai_campaign/scores/camelyon_convnext_tiny.npz,20179252,2026-10-07T12:50:38,a84d9bea1c57da1543386077604bc0cd9dc8290e2ecb83d6f61167c8f9d45c15
miccai_scores,/data2/cmdir/home/toandq/DST-Skin/outputs/rigor_pack/miccai_campaign/scores/camelyon_convnext_tiny_s43.npz,20179252,2026-10-07T16:25:48,5ea0184a6ec3305e809af8027cebd81c9216ee0a435c4821bde91cde107d23d4
miccai_scores,/data2/cmdir/home/toandq/DST-Skin/outputs/rigor_pack/miccai_campaign/scores/camelyon_convnext_tiny_s44.npz,20179252,2026-10-07T16:39:51,c4faec945be4f0fdcbb7c28308e3a2da313569332a294d0a557558c54275ee45
miccai_scores,/data2/cmdir/home/toandq/DST-Skin/outputs/rigor_pack/miccai_campaign/scores/camelyon_dinov2_vitb14.npz,20179252,2026-10-07T12:52:49,19d4a5d82bf7c9b554e8b3566fd768bf84726276f396aa6c07698f2ff04b2d86
miccai_scores,/data2/cmdir/home/toandq/DST-Skin/outputs/rigor_pack/miccai_campaign/scores/camelyon_dinov2_vitb14_s43.npz,20179252,2026-10-07T14:52:43,42284b8c07d4a72f85e4c200b3a5280b7ffbd7ea02d91e78415a98c55713a8cb
miccai_scores,/data2/cmdir/home/toandq/DST-Skin/outputs/rigor_pack/miccai_campaign/scores/camelyon_dinov2_vitb14_s44.npz,20179252,2026-10-07T15:53:27,ca9a245a13296c6f30b0b96f1e03a5b00ceb60dc9f024123e83dd8ca96ed1369
miccai_scores,/data2/cmdir/home/toandq/DST-Skin/outputs/rigor_pack/miccai_campaign/scores/camelyon_dinov2_vitb14_smoke.npz,1531316,2026-10-07T11:21:52,33a5146f9fae42718b01621da25d94f41e6ce91e591bfc389b850afcbefb019d
miccai_scores,/data2/cmdir/home/toandq/DST-Skin/outputs/rigor_pack/miccai_campaign/scores/camelyon_dinov2_vitl14.npz,20179252,2026-10-07T17:50:54,9e4f26aaa616b97ea9e5ea7a811501a012c747fb5ade6e8a7277e1d52f460d2e
miccai_scores,/data2/cmdir/home/toandq/DST-Skin/outputs/rigor_pack/miccai_campaign/scores/camelyon_dinov2_vitl14_s43.npz,20179252,2026-10-07T18:48:22,b4d03dd01dc6b1d44cc96961b5803112e9733f48c932aa175a92240dc92e34e2
miccai_scores,/data2/cmdir/home/toandq/DST-Skin/outputs/rigor_pack/miccai_campaign/scores/camelyon_dinov2_vitl14_s44.npz,20179252,2026-10-07T17:40:21,c3cd6d0288be6153bf4d3157d8e2f42dbb63179e193e2a8c9008a3194a4275dc
miccai_scores,/data2/cmdir/home/toandq/DST-Skin/outputs/rigor_pack/miccai_campaign/scores/camelyon_resnet50.npz,20179252,2026-10-07T13:45:39,13bad0a6277a67d06658c7d3839514e54ff01da7e0d663d408aa2398e3ff00d3
miccai_scores,/data2/cmdir/home/toandq/DST-Skin/outputs/rigor_pack/miccai_campaign/scores/camelyon_resnet50_s43.npz,20179252,2026-10-07T15:05:29,91e90c9b958a844350e16808604ef4bd4946248c37be04d71d5689b3af4ddf0c
miccai_scores,/data2/cmdir/home/toandq/DST-Skin/outputs/rigor_pack/miccai_campaign/scores/camelyon_resnet50_s44.npz,20179252,2026-10-07T15:28:25,b89b449e12b5defb89c952f53dd7246cc542eef3fcca24c1595aca269feb098f
miccai_scores,/data2/cmdir/home/toandq/DST-Skin/outputs/rigor_pack/miccai_campaign/scores/camelyon_uni.npz,20179252,2026-10-07T15:12:38,a03d8b789e655cf9bfdce093645d716ccf52c5da28b362b0f9de466f95a85ac5
miccai_scores,/data2/cmdir/home/toandq/DST-Skin/outputs/rigor_pack/miccai_campaign/scores/camelyon_uni_s43.npz,20179252,2026-10-07T18:54:21,d1062ee96408c66828e7eb0996a7d2dea5dc9b9d42933664da35482437761cdf
miccai_scores,/data2/cmdir/home/toandq/DST-Skin/outputs/rigor_pack/miccai_campaign/scores/camelyon_uni_s44.npz,20179252,2026-10-07T16:31:34,24fa0015bd609d80f5b1ca29935c219294659fcf99e68c97f4276932fee029fa
miccai_scores,/data2/cmdir/home/toandq/DST-Skin/outputs/rigor_pack/miccai_campaign/scores/camelyon_virchow2.npz,20179252,2026-10-07T19:18:13,3a1a2361dcc80dd7ca5d49e37712cc85beea7f5dec6aecd45624cd0f4cdf46fb
miccai_scores,/data2/cmdir/home/toandq/DST-Skin/outputs/rigor_pack/miccai_campaign/scores/camelyon_virchow2_s43.npz,20179252,2026-10-07T18:28:50,7beda1f44a16e8e4b268bbdef7b7f3a7b817cacb4c493d7b1d7fb7326cf2a267
miccai_scores,/data2/cmdir/home/toandq/DST-Skin/outputs/rigor_pack/miccai_campaign/scores/camelyon_virchow2_s44.npz,20179252,2026-10-07T19:01:05,f1cd8958543dbb7a30fc44dcde44116a215008568b6a4d843ba792e31ece9d19
slide_identity,/data2/cmdir/home/toandq/DST-Skin/outputs/reports/rigor_pack/miccai_campaign/trackA_foundation/slide_identity.csv,2647,2026-10-07T19:19:07,be8ac5121bbdcd530d93602dca5e164ad96d0af02e1b4a92b17646922cf0a849
r3_item3_whitening,/data2/cmdir/home/toandq/DST-Skin/outputs/rigor_pack/r3/item3/conch_v1_5.json,528,2026-10-07T23:00:34,aaa849b7c4c4ab10f36ac6e267087711751823f1d17b10d9e32aa74b401b38ec
r3_item3_whitening,/data2/cmdir/home/toandq/DST-Skin/outputs/rigor_pack/r3/item3/convnext_tiny.json,528,2026-10-07T22:58:30,508f5b35ac978bad56d0193807846acd18767a6c4e65800ade1d808d745a8eee
r3_item3_whitening,/data2/cmdir/home/toandq/DST-Skin/outputs/rigor_pack/r3/item3/densenet121.json,525,2026-10-07T22:58:46,5e88e0f33f707c112015eb44573c6183b0505047f5380772c9758ecdbf68fcaf
r3_item3_whitening,/data2/cmdir/home/toandq/DST-Skin/outputs/rigor_pack/r3/item3/dinov2_vitb14.json,531,2026-10-07T23:00:15,3d86a440e35296916990d388be426523689e90b7ce68abc6e4655ae5b1873e35
r3_item3_whitening,/data2/cmdir/home/toandq/DST-Skin/outputs/rigor_pack/r3/item3/dinov2_vitl14.json,533,2026-10-07T23:01:13,80d2cbb76c17714d4e3738458d5cd5bd5baa665390e20c909a977cce3fc73741
r3_item3_whitening,/data2/cmdir/home/toandq/DST-Skin/outputs/rigor_pack/r3/item3/effb3.json,523,2026-10-07T23:00:26,e2692a8096b0522e2c1657a0ce4c83f4e422333dcc8b6180ce2dd10ea0ec290a
r3_item3_whitening,/data2/cmdir/home/toandq/DST-Skin/outputs/rigor_pack/r3/item3/efficientnet_v2_s.json,535,2026-10-07T23:00:12,320fd849b212abb3f60dfad3c85596790f04063e7c4561ea744de42730ca8b44
r3_item3_whitening,/data2/cmdir/home/toandq/DST-Skin/outputs/rigor_pack/r3/item3/mobilenet_v3_large.json,536,2026-10-07T22:58:58,cdfc45ec8d86d6138ddb0550f1434cc369397cf677b701208a2912a26ff328bb
r3_item3_whitening,/data2/cmdir/home/toandq/DST-Skin/outputs/rigor_pack/r3/item3/regnet_y_3_2gf.json,535,2026-10-07T22:59:55,e7433b13c5cf917527bfc45230dbd613ced856831081f3aa788157376b1b4e9b
r3_item3_whitening,/data2/cmdir/home/toandq/DST-Skin/outputs/rigor_pack/r3/item3/resnet18.json,523,2026-10-07T22:58:17,ced91cd53c670c06d793d00d80dabf23703b9149b644245a48b3fc34e03ef3a1
r3_item3_whitening,/data2/cmdir/home/toandq/DST-Skin/outputs/rigor_pack/r3/item3/resnet50.json,524,2026-10-07T23:01:31,060d1294128f63a9b25e6cb69f674d79a122b17896ae4f535513c01e9384259d
r3_item3_whitening,/data2/cmdir/home/toandq/DST-Skin/outputs/rigor_pack/r3/item3/uni.json,520,2026-10-07T23:01:04,f467a87357401381d51ff8a6873052ab00059071440a108c754780faf51431e5
r3_item3_whitening,/data2/cmdir/home/toandq/DST-Skin/outputs/rigor_pack/r3/item3/virchow2.json,527,2026-10-07T23:03:16,6bdb31acae3d7c4de5e889eb35978bf1d11d438a454251e1dede8a70f73f3b68
r3_item6_dose,/data2/cmdir/home/toandq/DST-Skin/results/r3/6/dose.csv,13715,2026-10-08T19:34:18,7dea094f3ca6b77b6473ca4fb508604372b94aa1d68e261cfbb27a70e9b71a19
paper3_caches,/data2/cmdir/home/toandq/Downloads/paper-3-v2/e2_distances/runA_grl_s42_z.npz,1700040,2026-09-22T21:27:32,e69d7aa47bb3563efc426bc4ed05846904cb8308a7c42ee13f7547f0c904e18a
paper3_caches,/data2/cmdir/home/toandq/Downloads/paper-3-v2/e2_distances/runA_grl_s52_z.npz,1700040,2026-09-22T21:27:32,cc0a0dff77f29a03dfbf46f2bb7df27ab04852c2c484dafeb2d5ff568f61a9a7
paper3_caches,/data2/cmdir/home/toandq/Downloads/paper-3-v2/e2_distances/runA_grl_s62_z.npz,1700040,2026-09-22T21:27:32,86e4798c4b6c7798bc8c850dda19e41e0d6d9b29841ecc816ee78e0b2c730478
paper3_caches,/data2/cmdir/home/toandq/Downloads/paper-3-v2/e2_distances/runA_grl_s72_z.npz,1700040,2026-09-22T21:27:32,fbc19d56bf7ce7b7818403d5d1404df2e7680f207bec1479a978612ee8a8a0a1
paper3_caches,/data2/cmdir/home/toandq/Downloads/paper-3-v2/e2_distances/runA_grl_s82_z.npz,1700040,2026-09-22T21:27:32,03f3d8d4ba7bf6f996929d549004ba77125090c5b31b9caf15569398771b2491
paper3_caches,/data2/cmdir/home/toandq/Downloads/paper-3-v2/e2_distances/runB_orth1_s42_z.npz,1700056,2026-09-22T21:27:32,e853c95ff220b1bda0dfe0bb3aadf873c428afc86266e08f33cc94e9418153db
paper3_caches,/data2/cmdir/home/toandq/Downloads/paper-3-v2/e2_distances/runB_orth1_s52_z.npz,1700056,2026-09-22T21:27:32,8477620ffa2d4bba99fb97f3ba97b5b2f4666dd1ce24fd2bf29b40432d952c70
paper3_caches,/data2/cmdir/home/toandq/Downloads/paper-3-v2/e2_distances/runB_orth1_s62_z.npz,1700056,2026-09-22T21:27:32,12632f3a5bb9ac46d6515e6c2b97566effaf3af46721de05a664ec9601ebf3ac
paper3_caches,/data2/cmdir/home/toandq/Downloads/paper-3-v2/e2_distances/runB_orth1_s72_z.npz,1700056,2026-09-22T21:27:32,4aee9a94928763457f30c7c01eee002b152894ddf743248bcc81811fe3c02907
paper3_caches,/data2/cmdir/home/toandq/Downloads/paper-3-v2/e2_distances/runB_orth1_s82_z.npz,1700056,2026-09-22T21:27:32,b23e1c24c4c5b591122a02b7616ee3dc4be29ff35f4b1e824c92d2663d4b5625
paper3_caches,/data2/cmdir/home/toandq/Downloads/paper-3-v2/e2_distances/runB_s42_z.npz,1700008,2026-09-22T21:27:32,e3a7d10cd31afa1667e917fdfef7790c88559fe457987329073c78e6ef6b99cc
paper3_caches,/data2/cmdir/home/toandq/Downloads/paper-3-v2/e2_distances/runB_s52_z.npz,1700008,2026-09-22T21:27:32,0debd3be6c93cceed532237dd38ef79b6c4d7bbe1f17bcfc48d0938a8073ecb3
paper3_caches,/data2/cmdir/home/toandq/Downloads/paper-3-v2/e2_distances/runB_s62_z.npz,1700008,2026-09-22T21:27:32,e65e68f6b3e1ae2e486554099bb320f44507c818224094611f0bfe85fa969d24
paper3_caches,/data2/cmdir/home/toandq/Downloads/paper-3-v2/e2_distances/runB_s72_z.npz,1700036,2026-09-22T21:27:32,f00cd33d89d4afe23943788ad801662a555ea4b85ba089fe787315ea14753edd
paper3_caches,/data2/cmdir/home/toandq/Downloads/paper-3-v2/e2_distances/runB_s82_z.npz,1700036,2026-09-22T21:27:32,1c292fc71c9c9c1369d8915998b67b4266bfebb8a617c0017985fe9d0e8638d6
paper3_caches,/data2/cmdir/home/toandq/Downloads/paper-3-v3/e2_distances/runA_grl_s42_z.npz,1700068,2026-09-24T00:17:36,db7bbe1f8a668be04dc27841a6d1bfb720581898696a3224da5752dd3875ee3a
paper3_caches,/data2/cmdir/home/toandq/Downloads/paper-3-v3/e2_distances/runA_grl_s52_z.npz,1700068,2026-09-24T00:17:36,4abe3ae35bfa0ebebb5fb8abc07c73b4fce7b78964ea94556cc53ef535751df4
paper3_caches,/data2/cmdir/home/toandq/Downloads/paper-3-v3/e2_distances/runA_grl_s62_z.npz,1700068,2026-09-24T00:17:36,b5aaf27aed157d3acfa0bcdb77bc2d688ce1ad0a2d0b1d9339ac8c294f19df99
paper3_caches,/data2/cmdir/home/toandq/Downloads/paper-3-v3/e2_distances/runA_grl_s72_z.npz,1700068,2026-09-24T00:17:36,eca94a60e13b413b2021489a5472b6e2a9a27e00b2762f4db5036f376be9ed9a
paper3_caches,/data2/cmdir/home/toandq/Downloads/paper-3-v3/e2_distances/runA_grl_s82_z.npz,1700068,2026-09-24T00:17:36,c94aed7d962cdeb56837023a9bd94b1865176b7a365e92fc41e142745e03c3ff
paper3_caches,/data2/cmdir/home/toandq/Downloads/paper-3-v3/e2_distances/runB_orth1_s42_z.npz,1700084,2026-09-24T00:17:36,77df5524f307d006cc2d665fc67b74ad2039a179462b3651a4554ebd4364e9c7
paper3_caches,/data2/cmdir/home/toandq/Downloads/paper-3-v3/e2_distances/runB_orth1_s52_z.npz,1700084,2026-09-24T00:17:36,3c6f95264133e4c3c4de6a337df038a0bb6eed14655bb548e41c9dc4947f66fd
paper3_caches,/data2/cmdir/home/toandq/Downloads/paper-3-v3/e2_distances/runB_orth1_s62_z.npz,1700084,2026-09-24T00:17:36,63055ebef4da1b2efc2bc422b78a47115e4f8b07e64fc29f442abc8cf8850e69
paper3_caches,/data2/cmdir/home/toandq/Downloads/paper-3-v3/e2_distances/runB_orth1_s72_z.npz,1700084,2026-09-24T00:17:36,f066428fa209509cf6bdbad2e4723930dfd301feab0399807776159c4f999f9c
paper3_caches,/data2/cmdir/home/toandq/Downloads/paper-3-v3/e2_distances/runB_orth1_s82_z.npz,1700084,2026-09-24T00:17:36,d7429d0ed3b506dd4fb299b2015a58bf7bcaab40fa037a92b2e5959e2dfdda8f
paper3_caches,/data2/cmdir/home/toandq/Downloads/paper-3-v3/e2_distances/runB_s42_z.npz,1700036,2026-09-24T00:17:36,7a49a803fa573b6f8594c5c80856b9fdb52375c561eb91bf89edf52a723ee5cc
paper3_caches,/data2/cmdir/home/toandq/Downloads/paper-3-v3/e2_distances/runB_s52_z.npz,1700036,2026-09-24T00:17:36,a07d9938fc0c982566b2cf9e1465d6d63371dd242dae68b225566c842e558725
paper3_caches,/data2/cmdir/home/toandq/Downloads/paper-3-v3/e2_distances/runB_s62_z.npz,1700036,2026-09-24T00:17:36,6a7134aac549a0ccf658e9535f1ab75cf9c25b23ecbd939fb3ac3366e2d55552
paper3_caches,/data2/cmdir/home/toandq/Downloads/paper-3-v3/e2_distances/runB_s72_z.npz,1700036,2026-09-24T00:17:36,f00cd33d89d4afe23943788ad801662a555ea4b85ba089fe787315ea14753edd
paper3_caches,/data2/cmdir/home/toandq/Downloads/paper-3-v3/e2_distances/runB_s82_z.npz,1700036,2026-09-24T00:17:36,1c292fc71c9c9c1369d8915998b67b4266bfebb8a617c0017985fe9d0e8638d6
paper3_caches,/data2/cmdir/home/toandq/Downloads/runB_s52_z.npz,1700008,2026-09-22T10:21:08,0debd3be6c93cceed532237dd38ef79b6c4d7bbe1f17bcfc48d0938a8073ecb3
paper3_caches,/data2/cmdir/home/toandq/Downloads/runB_s72_z.npz,1700036,2026-09-22T15:51:33,f00cd33d89d4afe23943788ad801662a555ea4b85ba089fe787315ea14753edd
paper3_caches,/data2/cmdir/home/toandq/Downloads/runB_s82_z.npz,1700036,2026-09-22T15:51:33,1c292fc71c9c9c1369d8915998b67b4266bfebb8a617c0017985fe9d0e8638d6
retrain_arm,/data2/cmdir/home/toandq/DST-Skin/decisions/precommit_isbi_patch2_2026-10-06.md,6717,2026-10-06T02:43:46,9547f773d0890912ad45e9d01d0d9ae529158ce202e6f53b2ac08dd3f0932426
retrain_arm,/data2/cmdir/home/toandq/DST-Skin/logs/isbi_patch_isbi-disjoint_63168.out,28334,2026-10-05T21:52:58,6699775530898176a1b16ee91356c2bc0498ac8c78bcd2e5f198e7e5207fcdf3
retrain_arm,/data2/cmdir/home/toandq/DST-Skin/logs/isbi_patch_isbi-leak_63169.out,5230,2026-10-05T22:00:24,4a397a1bc91e52ae8abf3cde4ec9208df1abb8387189fe39a0de4238b006ef8a
retrain_arm,/data2/cmdir/home/toandq/DST-Skin/logs/isbi_patch_isbi-leaksmoke_63166.out,81,2026-10-05T21:51:17,ceda5f5220b4d117f552e2ca82af2500892ed759333ca637e531ebf0accd6ca4
retrain_arm,/data2/cmdir/home/toandq/DST-Skin/logs/isbi_patch_isbi-leaksmoke_63167.out,724,2026-10-05T21:52:10,f3a7eb50d0987633e37552123a81734c35280cbe23408921a7a380218d4eae74
retrain_arm,/data2/cmdir/home/toandq/DST-Skin/logs/isbi_patch_isbi-retrain_63170.out,903,2026-10-05T21:55:40,824a654cfcefc59234e0731ee1ed7ead62f1494d6eff42df3197d98ec81b244c
retrain_arm,/data2/cmdir/home/toandq/DST-Skin/logs/isbi_patch_isbi-retrain_63174.out,1771,2026-10-05T22:17:14,f3172e02c70e6a3609cb50c08f026cda97babf6589dd9fd9e42145bca1c9a259
retrain_arm,/data2/cmdir/home/toandq/DST-Skin/logs/isbi_patch_isbi-retrain_63179.out,1732,2026-10-06T02:09:53,691d1cf323731e1ca011b85f0457c66214a44d68301d9f7652956a61c517cb26
retrain_arm,/data2/cmdir/home/toandq/DST-Skin/logs/isbi_patch_isbi-retrain_63180.out,1729,2026-10-05T22:42:16,f0b3581ff35f9d7919f25f4a60ce31363e75a6a423a94357fe40dcf2d4ba44bc
retrain_arm,/data2/cmdir/home/toandq/DST-Skin/logs/isbi_patch_isbi-retrain_63181.out,1740,2026-10-05T22:59:30,7cbe65a8f77746c71142264ec079b0a8069ba4d3b7e878d1795277fd8f7ad37c
retrain_arm,/data2/cmdir/home/toandq/DST-Skin/logs/isbi_patch_isbi-retrain_63184.out,1735,2026-10-06T00:40:28,88303254e1522aacbf0d567b67127fb02d1f1b8a5394e65e709bd14ec1ea6774
retrain_arm,/data2/cmdir/home/toandq/DST-Skin/logs/isbi_patch_isbi-retrain_63205.out,1736,2026-10-06T01:12:28,a0e6e49972342dbe03bc76789058b49aad5a216b289485485fb56d0d012e0b6f
retrain_arm,/data2/cmdir/home/toandq/DST-Skin/logs/isbi_patch_isbi2-retrain_63213.out,70117,2026-10-06T03:20:45,90ae2ac83abdbc70a6e5e4de7137df45bdb93f813a973cb81d21f41a4c034f16
retrain_arm,/data2/cmdir/home/toandq/DST-Skin/logs/isbi_patch_isbi2-retrain_63223.out,74380,2026-10-06T05:16:07,2fef89511f9c8d63e924e4dc99a65e56da46a0edb2a7ca0db15b762f6e67702d
retrain_arm,/data2/cmdir/home/toandq/DST-Skin/logs/isbi_patch_isbi2-retrain_63224.out,59963,2026-10-06T03:17:41,23b0f8d8147b6da1661b447c62286bd09be6607f87184a2e52ec9c17a80c2521
retrain_arm,/data2/cmdir/home/toandq/DST-Skin/logs/isbi_patch_isbi2-retrain_63225.out,167893,2026-10-06T04:33:42,556fbf574a4547bd0685c28c2759bf2e40a8e21bc01ca1c8928dca21f1bdadc3
retrain_arm,/data2/cmdir/home/toandq/DST-Skin/logs/isbi_patch_isbi2-retrain_63226.out,138310,2026-10-06T04:08:46,770bfe9408d8a847fdb87ce14181a63f02b76630540357d4ae247cd4aa568b23
retrain_arm,/data2/cmdir/home/toandq/DST-Skin/logs/isbi_patch_isbi2-retrain_63237.out,74306,2026-10-06T06:35:59,9dca51d2ab0b6ec1106d55118e503cdc5f90d29c0677c77c8010e31c93481c6f
retrain_arm,/data2/cmdir/home/toandq/DST-Skin/logs/isbi_patch_isbi2-retrain_63240.out,87244,2026-10-06T04:12:45,7f81482ad2e18096ea24c16d545a4c07af8f7a61e9913bfceea85ecfa00a322a
retrain_arm,/data2/cmdir/home/toandq/DST-Skin/logs/isbi_patch_isbi2-retrain_63241.out,74391,2026-10-06T04:00:20,35a47ac84216d17354c3a2d5f53d2d5c0f7b71a65bb7d79d225ebd4a75c4d860
retrain_arm,/data2/cmdir/home/toandq/DST-Skin/logs/isbi_patch_isbi2-retrain_63243.out,70692,2026-10-06T04:36:46,6a51ed70c1944caeb29bb7a50bfa45be4ef6cbf6c3dae0178db2ad8b15a8ff69
retrain_arm,/data2/cmdir/home/toandq/DST-Skin/logs/isbi_patch_isbi2-retrain_63245.out,60353,2026-10-06T04:36:50,a77a3d98c338e4591a6941dc692e712b15a459a0e141d6799dcb73f992780b1d
retrain_arm,/data2/cmdir/home/toandq/DST-Skin/logs/isbi_patch_isbi2-retrain_63246.out,171243,2026-10-06T05:57:07,fd028e934a0f85b230da3ed5d45ae6d31c4cda331de88cd2c674738976090236
retrain_arm,/data2/cmdir/home/toandq/DST-Skin/logs/isbi_patch_isbi2-retrain_63247.out,128988,2026-10-06T05:52:30,e531ae7877ffe4f946dacfe5627f74e536ae8d76214e1420623413946280eb7b
retrain_arm,/data2/cmdir/home/toandq/DST-Skin/logs/isbi_patch_isbi2-retrain_63248.out,87007,2026-10-06T05:28:22,5f12bbd637baf0532ee233f9e64145f62881385c69e9851910d4c3462d9b787d
retrain_arm,/data2/cmdir/home/toandq/DST-Skin/logs/isbi_patch_isbi2-retrain_63250.out,70111,2026-10-06T05:52:05,eae179a42fb23c3ff61e2439bb55ba823ffa41748b58658d89e4a575a99109e1
retrain_arm,/data2/cmdir/home/toandq/DST-Skin/logs/isbi_patch_isbi2-retrain_63251.out,59964,2026-10-06T05:56:34,e16231daf823dfc4aefea3cfbf7d52dd95335041d9f471370217f25fcb1358ac
retrain_arm,/data2/cmdir/home/toandq/DST-Skin/logs/isbi_patch_isbi2-retrain_63252.out,170233,2026-10-06T07:36:06,3a2e1177a26768b79248c9ffe739646e002fcd27a2b8e4bdc4ff6d1ec45e2fc7
retrain_arm,/data2/cmdir/home/toandq/DST-Skin/logs/isbi_patch_isbi2-retrain_63253.out,144117,2026-10-06T07:11:23,53ec54535342954335145e7b086f333e388457eb294aeae72a59f5f3a8356c79
retrain_arm,/data2/cmdir/home/toandq/DST-Skin/logs/isbi_patch_isbi2-retrain_63254.out,87023,2026-10-06T06:47:57,efd7650d92407d1313289d0c661b614b69065fca0f7c1c826104185dc18950df
retrain_arm,/data2/cmdir/home/toandq/DST-Skin/logs/isbi_patch_isbi2-score_63238.out,814,2026-10-06T03:35:41,ba2eb51353f9d917a3334a0f23ed518bf51c2a219c2c00dee9e83f5a3290d536
retrain_arm,/data2/cmdir/home/toandq/DST-Skin/logs/isbi_patch_isbi2-score_63270.out,816,2026-10-06T10:23:49,4d7131022c4d347d2c53959cebd4b707de8c6c44489ad20443b7cfd6317c1422
retrain_arm,/data2/cmdir/home/toandq/DST-Skin/logs/isbi_patch_isbi2-score_63271.out,815,2026-10-06T10:15:28,085cf8a88864993456cd184ae667fba5cdd3bd46cb6e5db3b851f7961e9323f4
retrain_arm,/data2/cmdir/home/toandq/DST-Skin/logs/isbi_patch_isbi2-score_63272.out,817,2026-10-06T10:12:18,e360d1cd51a13cdb610adadaa3c213d49747f83826a170c8471648d14119f8e8
retrain_arm,/data2/cmdir/home/toandq/DST-Skin/logs/isbi_patch_isbi2-score_63273.out,818,2026-10-06T10:10:05,242ab651ddc7697c97df1358b8aba605c79a88dcaf698822461cb537e95d917b
retrain_arm,/data2/cmdir/home/toandq/DST-Skin/logs/isbi_patch_isbi2-score_63274.out,814,2026-10-06T10:14:49,3941cafe1ffe4b379126610eddc1ee6b71afffa206bef8afb95b38d9a7f41aad
retrain_arm,/data2/cmdir/home/toandq/DST-Skin/logs/isbi_patch_isbi2-score_63275.out,817,2026-10-06T10:11:45,f35891f94466dd79b7927a2ba4cc6ada175b63175f44660629cf87364b6fa6e5
retrain_arm,/data2/cmdir/home/toandq/DST-Skin/logs/isbi_patch_isbi2-score_63276.out,818,2026-10-06T10:19:59,01380980c568872767de1d10f17e0aff488af3ccca673ac065a680bef9e79c9d
retrain_arm,/data2/cmdir/home/toandq/DST-Skin/logs/isbi_patch_isbi2-score_63277.out,814,2026-10-06T10:15:36,b0b27a1ed5a871aeadb5f80ee893b76c5b54f847876a1634c7a87d578c91c3fc
retrain_arm,/data2/cmdir/home/toandq/DST-Skin/logs/isbi_patch_isbi2-score_63278.out,818,2026-10-06T10:11:04,15fccdfcf4aa9befe06d74d68f7dc23eae90d71811470fc5c858c15adc85b6fd
retrain_arm,/data2/cmdir/home/toandq/DST-Skin/logs/isbi_patch_isbi2-score_63279.out,818,2026-10-06T10:10:00,cc1612cf185374f9b475d0169df24e4b6197186901531851dc8e5dbd5ee4edad
retrain_arm,/data2/cmdir/home/toandq/DST-Skin/logs/isbi_patch_isbi2-score_63280.out,816,2026-10-06T10:13:05,ab96b53624f4ad11fa8aacf0e6dd0963f138698388ac406fb9d7e4070141e1ca
retrain_arm,/data2/cmdir/home/toandq/DST-Skin/logs/isbi_patch_isbi2-score_63281.out,816,2026-10-06T10:09:47,166c964953bdf7fc83bebb07a2b58754836deb846e9b5f879266537e97dfe367
retrain_arm,/data2/cmdir/home/toandq/DST-Skin/logs/isbi_patch_isbi2-score_63282.out,817,2026-10-06T10:16:54,a0f64d807628625d280a0783aa63f6d96dbb584691df733c43ffc72bf2ec753f
retrain_arm,/data2/cmdir/home/toandq/DST-Skin/logs/isbi_patch_isbi2-score_63287.out,815,2026-10-06T10:24:29,f82f10e5e76de8725c3aeb5e9209513f722daabe6a14a0214acdb63d2aed9828
retrain_arm,/data2/cmdir/home/toandq/DST-Skin/logs/isbi_patch_isbi2-score_63288.out,814,2026-10-06T10:22:06,755c3bec399a16a430961bd4f86d63f8f7e11a1039c411aaffa68aac66ac6172
retrain_arm,/data2/cmdir/home/toandq/DST-Skin/logs/isbi_patch_isbi2-score_63289.out,818,2026-10-06T10:20:16,2f99ee90bc50a2743f00bdbf969d26d7bdd13dca012a8c993a937d12c22ee9d0
retrain_arm,/data2/cmdir/home/toandq/DST-Skin/logs/isbi_patch_isbi2-score_63290.out,817,2026-10-06T10:24:39,17cb4df8a5604788595bbef2819d8304367c33cad9a4bcbf1e868158ac3240d3
retrain_arm,/data2/cmdir/home/toandq/DST-Skin/logs/r3_8_p2d_r3-8-p2d-fm_64825_0.out,1737,2026-10-08T21:55:27,98c7fda7b268d1e47bd2221c00403ff644aaebbc5dbca2ed7b524b47998e0608
retrain_arm,/data2/cmdir/home/toandq/DST-Skin/logs/r3_8_p2d_r3-8-p2d-fm_64825_1.out,1224,2026-10-08T22:03:40,58f89251d84dc161adc094dc46686376daaefd032bc52a7b912e3e13f4e20f52
retrain_arm,/data2/cmdir/home/toandq/DST-Skin/logs/r3_8_p2d_r3-8-p2d-fm_64825_2.out,1404,2026-10-08T22:05:00,db4cacc8b8f5a0b13b7728eb467dc939e957f3c6f789e90a33029cee41e2608a
retrain_arm,/data2/cmdir/home/toandq/DST-Skin/logs/r3_8_p2d_r3-8-p2d-fm_64825_3.out,893,2026-10-08T22:06:04,1ffd1273aee1779ebc3f14681a64e1a5fabbc3f16d09f9f9b0bb94e50b29aaaf
retrain_arm,/data2/cmdir/home/toandq/DST-Skin/logs/r3_8_p2d_r3-8-p2d-score_64826_0.out,318,2026-10-08T22:55:16,4feced03f33b7146b2ad48cfdee6d40c01d3cd614f9700f80f1d2e163380bd6a
retrain_arm,/data2/cmdir/home/toandq/DST-Skin/logs/r3_8_p2d_r3-8-p2d-score_64826_1.out,315,2026-10-08T22:43:20,6e810388317eacf42e0e48636e6db7243c35e28f915beb288f01a51b841f1209
retrain_arm,/data2/cmdir/home/toandq/DST-Skin/logs/r3_8_p2d_r3-8-p2d-score_64826_10.out,932,2026-10-08T23:03:33,10628153bba6b4a29d36ff9ddf7d275b866ba03d8d04d2e0b55e2a1422be9863
retrain_arm,/data2/cmdir/home/toandq/DST-Skin/logs/r3_8_p2d_r3-8-p2d-score_64826_11.out,315,2026-10-08T23:06:20,68bc30738186f39ff497650954c29b1a2b695db4ef4443c1905746fc959e0f7d
retrain_arm,/data2/cmdir/home/toandq/DST-Skin/logs/r3_8_p2d_r3-8-p2d-score_64826_12.out,451,2026-10-08T23:28:26,bb36489c3a2a548ab5550e0b85266d3aed64b2282be5dc74b3acba0c2c27e1a3
retrain_arm,/data2/cmdir/home/toandq/DST-Skin/logs/r3_8_p2d_r3-8-p2d-score_64826_13.out,449,2026-10-08T23:12:50,354160a0d6454286558f8b4adb615baa2a2589a6bc26e072de9f95ca49f1cedd
retrain_arm,/data2/cmdir/home/toandq/DST-Skin/logs/r3_8_p2d_r3-8-p2d-score_64826_14.out,453,2026-10-08T23:33:32,769aa18a7d066bf08030fd033c1f8e568f3eae336ebe01ffc6d1e70028a73c02
retrain_arm,/data2/cmdir/home/toandq/DST-Skin/logs/r3_8_p2d_r3-8-p2d-score_64826_15.out,449,2026-10-08T23:17:32,8f9f168b0320cdaaf653dc2ddc3efd2d61681c99b0b3a07c69046bb4b7d2513b
retrain_arm,/data2/cmdir/home/toandq/DST-Skin/logs/r3_8_p2d_r3-8-p2d-score_64826_16.out,462,2026-10-08T23:19:54,52f8045c3d40bd6be883364a3b9dac94aaaf0f7ace7e3b44d7d7b35041fdf5da
retrain_arm,/data2/cmdir/home/toandq/DST-Skin/logs/r3_8_p2d_r3-8-p2d-score_64826_17.out,456,2026-10-08T23:24:59,86e5fded0beb5ba66e10355a750a0f3094b37a74d846569a0eeaf10d2de8c49e
retrain_arm,/data2/cmdir/home/toandq/DST-Skin/logs/r3_8_p2d_r3-8-p2d-score_64826_18.out,457,2026-10-08T23:23:11,0a1e5af5935f7450610a8761e5f385382bd1023d6f54d9026e480596b866a44b
retrain_arm,/data2/cmdir/home/toandq/DST-Skin/logs/r3_8_p2d_r3-8-p2d-score_64826_19.out,458,2026-10-08T23:32:32,3614981521adee04c3cff34cb78c41f86ed6ce0c0df34f4f4c142b354e72efc4
retrain_arm,/data2/cmdir/home/toandq/DST-Skin/logs/r3_8_p2d_r3-8-p2d-score_64826_2.out,318,2026-10-08T23:00:02,9ef93f0f4f4d69b8ed1cc4309c40d18130926fab062f7d08428b206870306ce7
retrain_arm,/data2/cmdir/home/toandq/DST-Skin/logs/r3_8_p2d_r3-8-p2d-score_64826_20.out,453,2026-10-08T23:30:00,6c560bae948fbe6fab727163775e933e0c05d13d4078973db4cbcfa1fc36ca5b
retrain_arm,/data2/cmdir/home/toandq/DST-Skin/logs/r3_8_p2d_r3-8-p2d-score_64826_21.out,456,2026-10-08T23:37:49,6a7e06e4ca95c8d4ba90c0cb4e3813606ce36af023e766ddb10e5c87b605877b
retrain_arm,/data2/cmdir/home/toandq/DST-Skin/logs/r3_8_p2d_r3-8-p2d-score_64826_22.out,443,2026-10-08T23:35:34,be9cc411c2f6017cbd3cb74f03fd891997aa719892d43c940f14bf412582255c
retrain_arm,/data2/cmdir/home/toandq/DST-Skin/logs/r3_8_p2d_r3-8-p2d-score_64826_23.out,449,2026-10-08T23:41:23,a160d9afa0f7c2287b474f10413c8a557ef6c70e82a7a75a87be28980844d7db
retrain_arm,/data2/cmdir/home/toandq/DST-Skin/logs/r3_8_p2d_r3-8-p2d-score_64826_24.out,350,2026-10-08T23:41:54,7e23622cc17304f61b72a58a610cb342757f301cc23ec56642b2ac8d84df7926
retrain_arm,/data2/cmdir/home/toandq/DST-Skin/logs/r3_8_p2d_r3-8-p2d-score_64826_25.out,343,2026-10-08T23:38:38,833183e28d824b0faf862d7618f5cc79149c7257bcd78346a159f3a42973bde5
retrain_arm,/data2/cmdir/home/toandq/DST-Skin/logs/r3_8_p2d_r3-8-p2d-score_64826_26.out,350,2026-10-08T23:45:19,8e1f807359afbf7d1b66368596f0bb08c3830e80fad35dfe375fb57a62667a7e
retrain_arm,/data2/cmdir/home/toandq/DST-Skin/logs/r3_8_p2d_r3-8-p2d-score_64826_27.out,341,2026-10-08T23:41:13,a793bc5bbc5f5bd5de4609016231860faaecb0e2ccc4bd3e33c5d835d9587f7e
retrain_arm,/data2/cmdir/home/toandq/DST-Skin/logs/r3_8_p2d_r3-8-p2d-score_64826_28.out,347,2026-10-08T23:42:41,2e9acafada400d99057d2fa47421cc0ae194644548bede23847b3305bed00d55
retrain_arm,/data2/cmdir/home/toandq/DST-Skin/logs/r3_8_p2d_r3-8-p2d-score_64826_29.out,347,2026-10-08T23:42:03,de540a1edd25b200ceecbb63c39c4fa2a0979f9bef8270b8f744a04fb58deba8
retrain_arm,/data2/cmdir/home/toandq/DST-Skin/logs/r3_8_p2d_r3-8-p2d-score_64826_3.out,315,2026-10-08T22:48:30,c9db3c1c007c0c9f396b5b2ec8217233d326ec588a1d719a21aad93c3cee1b68
retrain_arm,/data2/cmdir/home/toandq/DST-Skin/logs/r3_8_p2d_r3-8-p2d-score_64826_30.out,347,2026-10-08T23:43:25,f7374ad58b38589a3fdcf791fca629c80df174977cb98a03c34043663edce5c2
retrain_arm,/data2/cmdir/home/toandq/DST-Skin/logs/r3_8_p2d_r3-8-p2d-score_64826_31.out,346,2026-10-08T23:42:42,006b9ff385883d367df477bbe28e98cc2b5e01c3adb79d3fd99f5c83d3001aca
retrain_arm,/data2/cmdir/home/toandq/DST-Skin/logs/r3_8_p2d_r3-8-p2d-score_64826_32.out,343,2026-10-08T23:44:09,ea7b931ab48efe9cea19480a6dafc020491ebf12e9b92651686117723533e4a2
retrain_arm,/data2/cmdir/home/toandq/DST-Skin/logs/r3_8_p2d_r3-8-p2d-score_64826_33.out,345,2026-10-08T23:43:20,9e3c39883855100a8406a16c4222a478d05d8d938200845442387bd918f3da87
retrain_arm,/data2/cmdir/home/toandq/DST-Skin/logs/r3_8_p2d_r3-8-p2d-score_64826_34.out,339,2026-10-08T23:44:22,34caea5b5184dea9fa886821c937fb87e5b33790fe66b34809b12e22dd34b777
retrain_arm,/data2/cmdir/home/toandq/DST-Skin/logs/r3_8_p2d_r3-8-p2d-score_64826_35.out,336,2026-10-08T23:44:01,32e5b299dc65466da16b39ce5f1a03428765910236d604010e2a0b6607e1a9e5
retrain_arm,/data2/cmdir/home/toandq/DST-Skin/logs/r3_8_p2d_r3-8-p2d-score_64826_4.out,319,2026-10-08T22:47:41,88af0ec164c8db52666a11f81bff5f831c71ffd79013ccdcc0d725c35df238a0
retrain_arm,/data2/cmdir/home/toandq/DST-Skin/logs/r3_8_p2d_r3-8-p2d-score_64826_5.out,322,2026-10-08T22:54:56,464f8e041cf176f4a75af32204243218f48028da49c3107b95e1052eca905c93
retrain_arm,/data2/cmdir/home/toandq/DST-Skin/logs/r3_8_p2d_r3-8-p2d-score_64826_6.out,315,2026-10-08T22:53:46,7ffea9cd72165a7cf820ee775ab8067edebae0b4103897228624ee1693ec76f3
retrain_arm,/data2/cmdir/home/toandq/DST-Skin/logs/r3_8_p2d_r3-8-p2d-score_64826_7.out,322,2026-10-08T23:01:34,877cabc2bdb62fef97b21c6ac562b64b6066e0510f00f924e0e7a152aa8c4a4f
retrain_arm,/data2/cmdir/home/toandq/DST-Skin/logs/r3_8_p2d_r3-8-p2d-score_64826_8.out,315,2026-10-08T22:58:14,d8a97ba41ea6209c9a6a572ba881278ec56112f155a7a1cbe4e938dcc8e1c135
retrain_arm,/data2/cmdir/home/toandq/DST-Skin/logs/r3_8_p2d_r3-8-p2d-score_64826_9.out,317,2026-10-08T23:00:37,04d3a4793c5ed73490edeea48c7db7641951e7a0bc327b07a422c4b235034782
retrain_arm,/data2/cmdir/home/toandq/DST-Skin/logs/r3_8_p2d_r3-8-p2d-train_64824_0.out,12044,2026-10-08T21:54:13,63bf036a67e3c50d43072db268d234118e68cc04affb02d747d99664b93830af
retrain_arm,/data2/cmdir/home/toandq/DST-Skin/logs/r3_8_p2d_r3-8-p2d-train_64824_1.out,11976,2026-10-08T21:57:04,8ea8285df745ee3308fa89573320d6d1d7a39c80316e420b44bae4772158f115
retrain_arm,/data2/cmdir/home/toandq/DST-Skin/logs/r3_8_p2d_r3-8-p2d-train_64824_10.out,5750,2026-10-08T22:29:47,0cc19d533eb8c4e8b719af7b4527c42e8365be26957df6a2de296375c728f13d
retrain_arm,/data2/cmdir/home/toandq/DST-Skin/logs/r3_8_p2d_r3-8-p2d-train_64824_11.out,5708,2026-10-08T22:33:12,fc23c5a864b3fd2fba5d520af91be84092d429accdaea1f964c88d737cdb2b7c
retrain_arm,/data2/cmdir/home/toandq/DST-Skin/logs/r3_8_p2d_r3-8-p2d-train_64824_2.out,21695,2026-10-08T22:08:36,aa701a26d4d5bb9f5952e96cf5c16c5ef73d7a9c3cdeba02e5583fab67bc563e
retrain_arm,/data2/cmdir/home/toandq/DST-Skin/logs/r3_8_p2d_r3-8-p2d-train_64824_3.out,21855,2026-10-08T22:13:50,36bb335ac2d693dceea8cbfc08663a52fda4e24067453135cba3c0fdc3214522
retrain_arm,/data2/cmdir/home/toandq/DST-Skin/logs/r3_8_p2d_r3-8-p2d-train_64824_4.out,11714,2026-10-08T22:06:01,441120b7e561d7d5f41aada04be48384328e45a1b42f5cfd9858d19edbf2eaf7
retrain_arm,/data2/cmdir/home/toandq/DST-Skin/logs/r3_8_p2d_r3-8-p2d-train_64824_5.out,12645,2026-10-08T22:17:28,7a2600e881e0284c51a4add9d4870a4d8cac5e9af68072d20ce86980c1fd5308
retrain_arm,/data2/cmdir/home/toandq/DST-Skin/logs/r3_8_p2d_r3-8-p2d-train_64824_6.out,21434,2026-10-08T22:28:09,65cd17c05d31ca836e44e53beb57aa2bb549fe0b7b045d6c5e1335cbf1772195
retrain_arm,/data2/cmdir/home/toandq/DST-Skin/logs/r3_8_p2d_r3-8-p2d-train_64824_7.out,21365,2026-10-08T22:34:19,1aeb388a3b5908a592bbf1d859882445a0adffecae4273217e04f798e901baf5
retrain_arm,/data2/cmdir/home/toandq/DST-Skin/logs/r3_8_p2d_r3-8-p2d-train_64824_8.out,5181,2026-10-08T22:22:36,a2c007f6e5763cefc3d7db55639218abf61d4e85dd4f7688618db7e8b20cac79
retrain_arm,/data2/cmdir/home/toandq/DST-Skin/logs/r3_8_p2d_r3-8-p2d-train_64824_9.out,5185,2026-10-08T22:25:10,fe85913b304f308ac0a1c91942fa24f664712ee853edfa90cc7ff3ac17f02775
retrain_arm,/data2/cmdir/home/toandq/DST-Skin/logs/r3_8_p2d_smoke_64823.out,8404,2026-10-08T21:43:48,accdc539849424a5cf4a7ac6d5b7e7323114ea14b318d8d80646f0ac10e3976d
retrain_arm,/data2/cmdir/home/toandq/DST-Skin/logs/r3_p2d_pilot_64821.out,7282,2026-10-08T19:41:08,b18d829cc6fa446f6c6038d7f93f179e4d0feba1e17aabb34d004ea21a7fadef
retrain_arm,/data2/cmdir/home/toandq/DST-Skin/scripts/r3/item5_b_isbi_patch2.py,4426,2026-10-07T22:44:46,4f4ada65a19dac44cfec04af75ad7fa1d268bf278ac5219fc06d3a20a162c4d3
retrain_arm,/data2/cmdir/home/toandq/r3work/p2d_brain_p0.log,2032,2026-10-08T18:01:17,51866b23de5a7f28f55a6c178621a7c0beb5526b293eb15b63c1489871f7d98d
retrain_arm,/data2/cmdir/home/toandq/r3work/p2d_finalize.log,0,2026-10-08T19:27:04,e3b0c44298fc1c149afbf4c8996fb92427ae41e4649b934ca495991b7852b855
retrain_arm,/data2/cmdir/home/toandq/r3work/p2d_kvasir_p0.log,2956,2026-10-08T18:22:14,18a21e6a961cf93b02e8f6732fcc3a73aae76cc78e2dc58b4f81e6ed0d65081c
retrain_arm,/data2/cmdir/home/toandq/r3work/p2d_kvasir_p0b.log,2457,2026-10-08T18:22:33,a309469d28227eb422d48c25a28525dd0f3c75f3bed193a51999c5ab268768d3
retrain_arm,/data2/cmdir/home/toandq/r3work/p2d_kvasir_p0c.log,2457,2026-10-08T18:26:29,a309469d28227eb422d48c25a28525dd0f3c75f3bed193a51999c5ab268768d3
retrain_arm,/data2/cmdir/home/toandq/r3work/p2d_priority.log,1079,2026-10-08T23:50:41,22d416efec23049f2e6c995b56777b9b36e1ba0f0add7fcd7da350f47f629b62
camelyon_metadata,/data2/cmdir/home/toandq/DST-Skin/data/raw/wilds/camelyon17_v1.0/metadata.csv,15052571,2020-11-21T13:32:00,a6e3528cf47b59396817749cf40c664730814bbf107fa42ed37951280484ab58
