cell_id,dataset,backbone,family,seed,fold,N,G,d,gsize_min,gsize_median,gsize_max,id_acc,rho_cos,rho_cos_raw,pr,twonn,twonn_m,x1,x2,x3,d_over_N,T_unseen,T_seen,T_m_eval,T_m_fit,n_seen,n_unseen,n_ood,delta_k50,delta_mts_k50,r_nn_k50,mts_clipped_k50
breakhis_convnext_tiny_s42_std_r0,breakhis,convnext_tiny,CNN,42,0,1831,27,768,24,61.0,126,0.9390363815142576,0.5317217087376769,0.5249838626320833,13.53017629554935,16.451243069745665,1829,1.9558525897366097,14.735504240335946,2.156670268787883,0.4194429273620972,13.919964520154728,5.49157185922842,504,1831,513,504,1013,0.05712444569798958,0.18845573046875008,0.505692007797271,False
breakhis_convnext_tiny_s42_std_r0,breakhis,convnext_tiny,CNN,42,1,1830,29,768,28,59.0,152,0.9390363815142576,0.55407249151119,0.5485607983727434,13.05521480714252,15.484989198729977,1830,2.0019747698129633,15.354907301978503,2.1803290554015056,0.419672131147541,18.138751166769087,4.3725551449480164,513,1830,504,513,1013,0.09799417651290676,0.1763466210937501,0.496031746031746,False
breakhis_convnext_tiny_s42_std_r1,breakhis,convnext_tiny,CNN,42,0,1938,30,768,25,55.0,183,0.9029574861367837,0.5680694635319472,0.5628095279273299,13.851633062824904,15.253045543779953,1868,2.114228552543372,15.742802769051648,2.218603674762179,0.39628482972136225,16.763385737673328,3.9509736258577637,543,1938,539,543,1013,0.07504621506262366,0.2042102109374997,0.4953246753246754,False
breakhis_convnext_tiny_s42_std_r1,breakhis,convnext_tiny,CNN,42,1,1959,26,768,32,74.0,153,0.9029574861367837,0.5600940327750747,0.550319009852408,13.053615780798332,17.487212964346625,1959,2.023607864217565,15.521781148521239,2.3421852693471643,0.39203675344563554,21.838548567600533,2.9833033907357334,539,1959,543,539,1013,0.1633864805077867,0.21441723828125003,0.4771270718232045,False
breakhis_convnext_tiny_s42_std_r2,breakhis,convnext_tiny,CNN,42,0,1951,29,768,31,58.0,156,0.9080036798528058,0.5715120996164857,0.5623844432660734,13.458274915347921,15.674313853488298,1951,2.0966219447651215,15.838207898817899,2.2626620805548185,0.3936442849820605,15.828849844283322,3.053025935746739,529,1951,558,529,1013,0.10485228572118632,0.17853487499999998,0.5197491039426523,False
breakhis_convnext_tiny_s42_std_r2,breakhis,convnext_tiny,CNN,42,1,1963,28,768,29,61.5,182,0.9080036798528058,0.5316730755774335,0.518393419744598,15.967421923186569,15.577372215135465,1899,2.1245260882876593,14.734156478664358,2.0984168573961357,0.391237901171676,15.643967162694574,1.744262110681283,558,1963,529,558,1013,0.07061108543718875,0.17960762109374995,0.5504725897920606,False
breakhis_convnext_tiny_s42_std_r3,breakhis,convnext_tiny,CNN,42,0,2086,29,768,27,65.0,183,0.9252823631624674,0.5481267413598903,0.5395845920480459,15.114696915902734,14.262465496336972,2004,2.1309865663027745,15.19013384035992,2.0700378850730763,0.3681687440076702,14.370928369389212,1.3554982618062863,591,2086,560,591,1013,0.06418717656684991,0.20519635937500003,0.5646071428571429,False
breakhis_convnext_tiny_s42_std_r3,breakhis,convnext_tiny,CNN,42,1,2056,29,768,33,64.0,135,0.9252823631624674,0.5272768374558108,0.5210503351785627,13.517678648201224,17.32948970644299,2056,1.938606893575928,14.61232435404321,2.1949851227366675,0.3735408560311284,13.126450420457287,2.326263645569186,560,2056,591,560,1013,0.09231208335630048,0.17735934374999984,0.44998307952622674,False
breakhis_convnext_tiny_s42_std_r4,breakhis,convnext_tiny,CNN,42,0,2132,33,768,29,57.0,167,0.9067796610169492,0.5714919028385219,0.5636490623503083,14.349115599668016,13.851149844746242,2066,2.1648242724517406,15.83764818928858,2.1269290123618005,0.3602251407129456,18.83497594229961,2.0635030100854337,622,2132,558,622,1013,0.09030253900483087,0.19777463281250007,0.5067383512544803,False
breakhis_convnext_tiny_s42_std_r4,breakhis,convnext_tiny,CNN,42,1,2114,28,768,28,71.0,150,0.9067796610169492,0.5818204634694045,0.5701204984369735,13.723773770302323,15.881169684067117,2114,2.155389521069054,16.12388165779649,2.31862350907712,0.3632923368022706,15.876618040805722,2.7940788192423742,558,2114,622,558,1013,0.0808606919756314,0.22850795312500005,0.5410289389067524,False
breakhis_convnext_tiny_s43_std_r0,breakhis,convnext_tiny,CNN,43,0,1831,27,768,24,61.0,126,0.9360865290068829,0.5396066214054946,0.531942058960309,13.680582792888094,16.80396922693779,1829,1.9958576800778902,14.954017349998406,2.211990253006063,0.4194429273620972,13.431177612780782,5.319831074774436,504,1831,513,504,1013,0.05558503860836683,0.18113423046874988,0.4989083820662768,False
breakhis_convnext_tiny_s43_std_r0,breakhis,convnext_tiny,CNN,43,1,1830,29,768,28,59.0,152,0.9360865290068829,0.557764543393624,0.5505467405294342,13.23595052705604,15.14829742700912,1830,2.0292169003436835,15.4572244450914,2.1708649907904887,0.419672131147541,16.910106079702697,4.057781609917406,513,1830,504,513,1013,0.08912654703557177,0.17351106249999992,0.4871825396825397,False
breakhis_convnext_tiny_s43_std_r1,breakhis,convnext_tiny,CNN,43,0,1938,30,768,25,55.0,183,0.9020332717190388,0.5773147928623983,0.5697308486381749,13.243186105142353,14.819990178375784,1876,2.100917153078343,15.999016851180416,2.2224737683004268,0.39628482972136225,16.836514277095738,3.8535214371731388,543,1938,539,543,1013,0.08031966859240713,0.20721083984375022,0.487569573283859,False
breakhis_convnext_tiny_s43_std_r1,breakhis,convnext_tiny,CNN,43,1,1959,26,768,32,74.0,153,0.9020332717190388,0.5609129119202978,0.5542428710746028,11.734737096445885,16.646881989671723,1959,1.9214634132383013,15.544474593077796,2.2885578120408576,0.39203675344563554,21.06158031511282,3.547042024953319,539,1959,543,539,1013,0.1562199360762787,0.19868176171875007,0.4802578268876612,False
breakhis_convnext_tiny_s43_std_r2,breakhis,convnext_tiny,CNN,43,0,1951,29,768,31,58.0,156,0.9043238270469182,0.5675417053236083,0.5578349808599268,13.433994743304334,14.865701775823778,1951,2.080177371846179,15.728177104556375,2.1882175096300935,0.3936442849820605,16.39985771390421,3.7242949033204495,529,1951,558,529,1013,0.12779676952428554,0.1905095351562499,0.5053046594982078,False
breakhis_convnext_tiny_s43_std_r2,breakhis,convnext_tiny,CNN,43,1,1963,28,768,29,61.5,182,0.9043238270469182,0.5257302068053485,0.518295108341729,16.158023083334598,15.456358300845437,1887,2.11328000065567,14.569462868168909,2.0668859796683012,0.391237901171676,15.385765529386978,2.2823014673332453,558,1963,529,558,1013,0.06968844619916692,0.1827102890625001,0.5334593572778827,False
breakhis_convnext_tiny_s43_std_r3,breakhis,convnext_tiny,CNN,43,0,2086,29,768,27,65.0,183,0.9113814074717637,0.5413910915535016,0.5321370990181364,14.946875983059218,14.265295940803831,2006,2.093082375746189,15.003470037373415,2.0448031154438215,0.3681687440076702,14.617467875675088,1.5244162416713989,591,2086,560,591,1013,0.07411214639944208,0.1837965117187501,0.5605714285714286,False
breakhis_convnext_tiny_s43_std_r3,breakhis,convnext_tiny,CNN,43,1,2056,29,768,33,64.0,135,0.9113814074717637,0.5133534460411856,0.5024666930504857,13.319728344472848,16.14679504570338,2056,1.8735451584713148,14.226468012542425,2.062811994786198,0.3735408560311284,12.6980462100281,2.12763179991586,560,2056,591,560,1013,0.10063120096230271,0.14791507421874983,0.4374957698815567,False
breakhis_convnext_tiny_s43_std_r4,breakhis,convnext_tiny,CNN,43,0,2132,33,768,29,57.0,167,0.9144067796610169,0.5530379639709619,0.5450503591826088,14.891215531765122,14.378546047557096,2068,2.1341258179018414,15.326237633794436,2.0970676044314764,0.3602251407129456,19.873480939282896,1.5273041047538423,622,2132,558,622,1013,0.12202951597993728,0.2026306093750001,0.507168458781362,False
breakhis_convnext_tiny_s43_std_r4,breakhis,convnext_tiny,CNN,43,1,2114,28,768,28,71.0,150,0.9144067796610169,0.5471114349085556,0.5313122074067549,15.876998142064073,15.425684333295044,2114,2.1800175448270953,15.161996842616496,2.148809976980295,0.3632923368022706,14.275489255599064,2.206208193530329,558,2114,622,558,1013,0.0662033254674218,0.21703490234374978,0.5313504823151125,False
breakhis_densenet121_s42_std_r0,breakhis,densenet121,CNN,42,0,1831,27,1024,24,61.0,126,0.9223205506391348,0.4083745205834194,0.5130161145129701,13.560936561760327,13.866867503969804,1829,1.5038463975575806,13.06798465866942,1.5207149680033427,0.5592572364827962,20.77243776220892,3.2117401123721496,504,1831,513,504,1013,0.12538403566226086,0.09090058593749983,0.49189083820662766,False
breakhis_densenet121_s42_std_r0,breakhis,densenet121,CNN,42,1,1830,29,1024,28,59.0,152,0.9223205506391348,0.4210149856612581,0.5286198983334461,12.799873105603552,13.105690569873824,1830,1.5062615376641528,13.47247954116026,1.5241492944859947,0.5595628415300546,24.557905069950895,4.1818540006228675,513,1830,504,513,1013,0.1863472916689003,0.08981673828125003,0.4692857142857143,False
breakhis_densenet121_s42_std_r1,breakhis,densenet121,CNN,42,0,1938,30,1024,25,55.0,183,0.8844731977818854,0.42766926922815296,0.5325978104489726,13.857434767823644,11.662483428768663,1868,1.5920234702139129,13.685416615300895,1.4605067361755435,0.5283797729618163,27.278759595610698,2.024863356701045,543,1938,539,543,1013,0.22734943518506218,0.10160716015625004,0.47194805194805195,False
breakhis_densenet121_s42_std_r1,breakhis,densenet121,CNN,42,1,1959,26,1024,32,74.0,153,0.8844731977818854,0.38561335530009205,0.49420653517263236,15.679996829915591,13.733477958774314,1959,1.5269508289585272,12.339627369602946,1.429033251253986,0.5227156712608474,26.493698347176753,1.7559257478645036,539,1959,543,539,1013,0.2619832169732402,0.10354249609374999,0.4881031307550644,False
breakhis_densenet121_s42_std_r2,breakhis,densenet121,CNN,42,0,1951,29,1024,31,58.0,156,0.8978840846366145,0.4206743584904219,0.5226840688946602,14.559376900906267,13.085481344688267,1951,1.605156698722222,13.4615794716935,1.5217415275016286,0.5248590466427473,24.062894058130514,2.1775116307613693,529,1951,558,529,1013,0.22055374500392722,0.11153521093749996,0.5047670250896057,False
breakhis_densenet121_s42_std_r2,breakhis,densenet121,CNN,42,1,1963,28,1024,29,61.5,182,0.8978840846366145,0.3979292597852231,0.48675302833797596,16.529789736077447,12.443556985567058,1895,1.6178547884943844,12.733736313127139,1.403712426437878,0.521650534895568,22.574153387225515,1.1639753735881648,558,1963,529,558,1013,0.1543601527133196,0.10867296484374989,0.5085444234404537,False
breakhis_densenet121_s42_std_r3,breakhis,densenet121,CNN,42,0,2086,29,1024,27,65.0,183,0.9113814074717637,0.4506801703802014,0.5524317046767555,14.37374355235828,11.751187642612349,2010,1.7086511212818907,14.421765452166445,1.5449318635109714,0.49089165867689355,23.784282369861824,1.8235670266165886,591,2086,560,591,1013,0.08671122995928449,0.11667225390625002,0.5531785714285715,False
breakhis_densenet121_s42_std_r3,breakhis,densenet121,CNN,42,1,2056,29,1024,33,64.0,135,0.9113814074717637,0.43089580065594585,0.5277351414389,12.253240952163967,14.11146805367274,2056,1.5083347909132137,13.788665620990267,1.6186701580641518,0.4980544747081712,19.440673462246863,3.6190105312535623,560,2056,591,560,1013,0.17008771455726268,0.08755868359375008,0.4370896785109983,False
breakhis_densenet121_s42_std_r4,breakhis,densenet121,CNN,42,0,2132,33,1024,29,57.0,167,0.9,0.43574751134608003,0.5366462328798555,14.275282702188495,11.859616177396836,2062,1.6463693571319558,13.943920363074561,1.5006182792308131,0.4803001876172608,26.290639351170366,0.6226064560200961,622,2132,558,622,1013,0.20804482091691945,0.10587442578124995,0.48767025089605737,False
breakhis_densenet121_s42_std_r4,breakhis,densenet121,CNN,42,1,2114,28,1024,28,71.0,150,0.9,0.4244953321397988,0.5301956533059455,14.514791365536619,12.793961809195714,2114,1.617254312336936,13.583850628473561,1.518362411990411,0.48438978240302744,21.80879007863281,2.858094405464464,558,2114,622,558,1013,0.1539851867749248,0.11836704687499999,0.50016077170418,False
breakhis_densenet121_s43_std_r0,breakhis,densenet121,CNN,43,0,1831,27,1024,24,61.0,126,0.9105211406096362,0.401682117759114,0.473020154537796,14.802652170513777,13.034124140120149,1829,1.5454404145625553,12.853827768291648,1.4501850530496658,0.5592572364827962,19.882621536855947,3.1629637185359756,504,1831,513,504,1013,0.1274314584310947,0.10034335546875006,0.4681091617933723,False
breakhis_densenet121_s43_std_r0,breakhis,densenet121,CNN,43,1,1830,29,1024,28,59.0,152,0.9105211406096362,0.4218922754608403,0.49729251003290253,13.692023481803497,11.759187718519824,1830,1.5611167786374485,13.50055281474689,1.4467391549714668,0.5595628415300546,25.63559430995735,3.1725720641930195,513,1830,504,513,1013,0.1908679577082445,0.09804878515624993,0.4586904761904762,False
breakhis_densenet121_s43_std_r1,breakhis,densenet121,CNN,43,0,1938,30,1024,25,55.0,183,0.9066543438077634,0.45181193164206085,0.5448808783130896,13.316341936235295,11.405472921894797,1876,1.6487323712779922,14.457981812545947,1.5258587927790799,0.5283797729618163,24.726701541956256,1.9901183176264907,543,1938,539,543,1013,0.20752892013091895,0.10975201171874999,0.4921706864564007,False
breakhis_densenet121_s43_std_r1,breakhis,densenet121,CNN,43,1,1959,26,1024,32,74.0,153,0.9066543438077634,0.4136240146686353,0.519958515285873,14.179830224903155,13.685961548413449,1959,1.557547360370618,13.23596846939633,1.5301831078191552,0.5227156712608474,27.64251000157231,1.67557165081739,539,1959,543,539,1013,0.2481495010886014,0.10154804296874997,0.5196685082872929,False
breakhis_densenet121_s43_std_r2,breakhis,densenet121,CNN,43,0,1951,29,1024,31,58.0,156,0.8978840846366145,0.44115568705792874,0.5432446229748997,14.46608491599016,13.291639306725246,1951,1.677905073561369,14.11698198585372,1.6083521942426062,0.5248590466427473,22.157869174497797,2.247708093851387,529,1951,558,529,1013,0.20583511637838192,0.10748512109375008,0.513978494623656,False
breakhis_densenet121_s43_std_r2,breakhis,densenet121,CNN,43,1,1963,28,1024,29,61.5,182,0.8978840846366145,0.4213523086301168,0.5089093628104312,15.583588576504434,12.500791467263827,1899,1.663332658584803,13.483273876163738,1.4897525348797263,0.521650534895568,23.148159231346646,1.3467284181166763,558,1963,529,558,1013,0.16814254097508852,0.11792178515625007,0.5203024574669187,False
breakhis_densenet121_s43_std_r3,breakhis,densenet121,CNN,43,0,2086,29,1024,27,65.0,183,0.9157254561251086,0.4666180263288743,0.5575913516799962,14.038810602435738,11.350908078624249,2012,1.748343124179335,14.931776842523977,1.5720878663233853,0.49089165867689355,22.224001661028225,1.2648844302614441,591,2086,560,591,1013,0.0771291973978121,0.12783891406250003,0.5567142857142857,False
breakhis_densenet121_s43_std_r3,breakhis,densenet121,CNN,43,1,2056,29,1024,33,64.0,135,0.9157254561251086,0.4383650679540392,0.5346096538872012,11.84842671006521,13.50932241648459,2056,1.5089202345142478,14.027682174529254,1.6112121291272037,0.4980544747081712,18.475612172613918,3.040924932476322,560,2056,591,560,1013,0.17367828932125062,0.09391431250000015,0.444906937394247,False
breakhis_densenet121_s43_std_r4,breakhis,densenet121,CNN,43,0,2132,33,1024,29,57.0,167,0.8974576271186441,0.44425340943691843,0.5346228324867673,14.654365083830621,12.26718480106839,2066,1.7006473745391117,14.21610910198139,1.555977180297371,0.4803001876172608,25.49355770199968,0.6854717034416083,622,2132,558,622,1013,0.20861275840857219,0.1163397421875001,0.49014336917562723,False
breakhis_densenet121_s43_std_r4,breakhis,densenet121,CNN,43,1,2114,28,1024,28,71.0,150,0.8974576271186441,0.44342603154771926,0.5390129053828124,14.472067003518417,12.502097925760632,2114,1.6868888486470137,14.189633009527016,1.5678793245277876,0.48438978240302744,22.0568671900165,2.5908932551992785,558,2114,622,558,1013,0.1562261962146443,0.1156708125,0.5152733118971061,False
breakhis_effb3_s42_std_r0,breakhis,effb3,CNN,42,0,1831,27,1536,24,61.0,126,0.9528023598820059,0.5018758047842379,0.5298027282071995,14.615919568050613,14.306997784339218,1829,1.918709965595665,19.669434175520692,1.8983247673153227,0.8388858547241944,17.215150086475834,4.8042852891572645,504,1831,513,504,1013,0.07017945901278366,0.15575691796875002,0.5140350877192983,False
breakhis_effb3_s42_std_r0,breakhis,effb3,CNN,42,1,1830,29,1536,28,59.0,152,0.9528023598820059,0.5156908918967498,0.551558272780532,13.354893486905267,13.870877950587603,1830,1.884558725829503,20.210872802364754,1.920619952240764,0.839344262295082,20.607999647564302,4.039339551409769,513,1830,504,513,1013,0.1347401629003957,0.14259266015624983,0.4984126984126984,False
breakhis_effb3_s42_std_r1,breakhis,effb3,CNN,42,0,1938,30,1536,25,55.0,183,0.9085027726432532,0.49427870684324293,0.5314261024462281,15.303644572624085,12.64835917814782,1878,1.9336120198677735,19.37168995981851,1.7578790757441471,0.7925696594427245,25.477396498174674,2.8589110033771803,543,1938,539,543,1013,0.14081973618340238,0.15658771484375,0.48345083487940627,False
breakhis_effb3_s42_std_r1,breakhis,effb3,CNN,42,1,1959,26,1536,32,74.0,153,0.9085027726432532,0.4901706326396592,0.5174049805854348,16.004260002780548,15.055073030031247,1959,1.9609435292193067,19.210686989830183,1.9019045669961454,0.7840735068912711,24.074010912343347,2.7123423836813383,539,1959,543,539,1013,0.17344544193456246,0.19275360156249988,0.5348066298342541,False
breakhis_effb3_s42_std_r2,breakhis,effb3,CNN,42,0,1951,29,1536,31,58.0,156,0.9135234590616376,0.5284216496262695,0.563049079650487,14.998404139509809,14.206782443322252,1951,2.0464593779685814,20.709814569985813,1.9917208396059236,0.787288569964121,22.61298778634169,4.234234376392513,529,1951,558,529,1013,0.17065036851158322,0.1913995703125,0.535089605734767,False
breakhis_effb3_s42_std_r2,breakhis,effb3,CNN,42,1,1963,28,1536,29,61.5,182,0.9135234590616376,0.49145529029441826,0.5116186522942396,16.911028640627887,14.089099235631057,1895,2.0210126270522513,19.261035081803307,1.8446994931805534,0.782475802343352,19.683142069377624,1.8371223746715633,558,1963,529,558,1013,0.09584429391105054,0.17547019140624986,0.5427221172022685,False
breakhis_effb3_s42_std_r3,breakhis,effb3,CNN,42,0,2086,29,1536,27,65.0,183,0.9365768896611643,0.5322794586141371,0.5635159154612217,14.839588296645863,11.414444683090235,2026,2.0504568415425406,20.861009186712188,1.7983205219502831,0.7363374880153404,19.778220302308085,2.5357496188268653,591,2086,560,591,1013,0.07251020454182655,0.18020304687499977,0.5633571428571429,False
breakhis_effb3_s42_std_r3,breakhis,effb3,CNN,42,1,2056,29,1536,33,64.0,135,0.9365768896611643,0.5255783137071066,0.5591692427732342,13.222791134785558,14.997201079151305,2056,1.9111686205754153,20.59837901527739,2.035366135245958,0.7470817120622568,17.039934065478835,3.1159069230791396,560,2056,591,560,1013,0.12032415616564063,0.1538037031249999,0.4751269035532994,False
breakhis_effb3_s42_std_r4,breakhis,effb3,CNN,42,0,2132,33,1536,29,57.0,167,0.9144067796610169,0.5271569647357008,0.5619269720886338,15.246156950492239,12.41135770733159,2072,2.058354351470845,20.660249247309,1.8571611712040221,0.7204502814258912,24.38607356081945,2.1767577481319784,622,2132,558,622,1013,0.12034378717170502,0.18711909375000024,0.5139068100358423,False
breakhis_effb3_s42_std_r4,breakhis,effb3,CNN,42,1,2114,28,1536,28,71.0,150,0.9144067796610169,0.5346830502960486,0.5645410301740496,15.224010936033558,14.306287645711725,2114,2.086224112257394,20.955210357443086,2.0223666430135485,0.7265846736045412,18.478403182748945,3.8580130063163582,558,2114,622,558,1013,0.1130642495101396,0.2096744140625002,0.5336012861736334,False
breakhis_efficientnet_v2_s_s42_std_r0,breakhis,efficientnet_v2_s,CNN,42,0,1831,27,1280,24,61.0,126,0.9262536873156342,0.6138631163542718,0.6332206175657482,7.910108052922222,16.269417229035273,1829,1.726484754932446,21.962234512768237,2.476039326316638,0.6990715456034954,13.860895500653623,7.660941342501963,504,1831,513,504,1013,0.02540940895619548,0.11979308203124983,0.4207797270955166,False
breakhis_efficientnet_v2_s_s42_std_r0,breakhis,efficientnet_v2_s,CNN,42,1,1830,29,1280,28,59.0,152,0.9262536873156342,0.6340589239017516,0.6520303512397064,8.465956516997123,14.809882095345626,1830,1.8448779323784785,22.684781689354924,2.440087610474805,0.6994535519125683,17.622557333272855,7.333236265865688,513,1830,504,513,1013,0.07856171771976828,0.13219760156250004,0.4350396825396825,False
breakhis_efficientnet_v2_s_s42_std_r1,breakhis,efficientnet_v2_s,CNN,42,0,1938,30,1280,25,55.0,183,0.8946395563770795,0.5900572823092249,0.6137450590850357,10.754535800521305,15.250943255484842,1880,1.935040278684497,21.110531101795377,2.304318609955819,0.6604747162022704,19.26095044409769,5.249045066835886,543,1938,539,543,1013,0.08889095691913984,0.17642449999999998,0.43836734693877555,False
breakhis_efficientnet_v2_s_s42_std_r1,breakhis,efficientnet_v2_s,CNN,42,1,1959,26,1280,32,74.0,153,0.8946395563770795,0.564774302150919,0.5851353221690113,10.27636694120087,16.546934285471615,1959,1.810484159100568,20.205979704871368,2.297384563742738,0.6533945890760592,18.921874136487403,5.170228412643502,539,1959,543,539,1013,0.10960372910039085,0.15088724609375004,0.43539594843462254,False
breakhis_efficientnet_v2_s_s42_std_r2,breakhis,efficientnet_v2_s,CNN,42,0,1951,29,1280,31,58.0,156,0.8886844526218951,0.5794263916232917,0.6035369709666059,10.60649286668137,15.479459693535768,1951,1.8870533329264494,20.73018879403352,2.279691979779787,0.6560738083034341,17.95012947823433,6.062448783303945,529,1951,558,529,1013,0.10105974875219281,0.15907573828124988,0.47512544802867385,False
breakhis_efficientnet_v2_s_s42_std_r2,breakhis,efficientnet_v2_s,CNN,42,1,1963,28,1280,29,61.5,182,0.8886844526218951,0.5605940303434045,0.5754911436210782,12.29404230779234,14.430026349422942,1907,1.9656030637497426,20.056421754054917,2.1295215081000247,0.65206316861946,17.459823294917545,2.872988817694275,558,1963,529,558,1013,0.07164366404281652,0.15063354296874998,0.4852173913043479,False
breakhis_efficientnet_v2_s_s42_std_r3,breakhis,efficientnet_v2_s,CNN,42,0,2086,29,1280,27,65.0,183,0.9244135534317984,0.6618320877134414,0.6809719100573168,8.442392203199185,13.131381636790206,2026,1.923005743356618,23.678424605085734,2.398297368919857,0.613614573346117,14.967988926329195,4.453739318586517,591,2086,560,591,1013,0.044926646727662445,0.1499768789062501,0.5096428571428571,False
breakhis_efficientnet_v2_s_s42_std_r3,breakhis,efficientnet_v2_s,CNN,42,1,2056,29,1280,33,64.0,135,0.9244135534317984,0.636201708155574,0.6611365877801498,6.926258637707342,17.04736432545643,2056,1.6743420454352902,22.761444269397533,2.626778495293133,0.622568093385214,13.559365368048946,6.68951184722361,560,2056,591,560,1013,0.05899038269954926,0.1141930781249999,0.40067681895093066,False
breakhis_efficientnet_v2_s_s42_std_r4,breakhis,efficientnet_v2_s,CNN,42,0,2132,33,1280,29,57.0,167,0.9076271186440678,0.6265018678769969,0.6522688318495384,9.535940861914519,14.441576841435662,2076,1.9346577378423493,22.41441223365691,2.3808370804505965,0.600375234521576,20.513314481685928,4.6103403813054475,622,2132,558,622,1013,0.0935371716965484,0.17515331640624987,0.44795698924731187,False
breakhis_efficientnet_v2_s_s42_std_r4,breakhis,efficientnet_v2_s,CNN,42,1,2114,28,1280,28,71.0,150,0.9076271186440678,0.6225319007355858,0.6441648911083235,9.218976343027055,15.642739262335157,2114,1.8901791199790068,22.27237837131074,2.4621698805588266,0.6054872280037843,14.230448805576891,7.184670809178664,558,2114,622,558,1013,0.05301472358606285,0.15135753906250005,0.47118971061093246,False
breakhis_fm_conch_v1_5_s42_std_r0,breakhis,fm_conch_v1_5,FM,42,0,1831,27,768,24,61.0,126,0.8977384464110127,0.2592885427574835,0.25651621548166315,17.80730145666977,13.279358443228217,1831,1.0941639011365685,7.185614878023306,0.9448695944990373,0.4194429273620972,11.87916758384638,-0.2763034432406177,504,1831,513,504,1013,0.046801288072655045,0.03987287109375004,0.3567641325536063,False
breakhis_fm_conch_v1_5_s42_std_r0,breakhis,fm_conch_v1_5,FM,42,1,1830,29,768,28,59.0,152,0.8977384464110127,0.2611050088548577,0.2585546986974596,17.471471941524214,12.41597761908437,1830,1.0913899508967524,7.235954263157362,0.9200377847793891,0.419672131147541,15.810173442159547,-1.01244804012065,513,1830,504,513,1013,0.10256284701003349,0.033871851562500055,0.324563492063492,False
breakhis_fm_conch_v1_5_s42_std_r1,breakhis,fm_conch_v1_5,FM,42,0,1938,30,768,25,55.0,183,0.8567467652495379,0.2446982333318804,0.2385152250829885,19.619049525244087,11.778743817465132,1868,1.0838515813861658,6.781276362450575,0.8398086082180145,0.39628482972136225,14.537825091407761,0.9141105699960367,543,1938,539,543,1013,0.024821631463308513,0.03961836328125001,0.3246753246753247,False
breakhis_fm_conch_v1_5_s42_std_r1,breakhis,fm_conch_v1_5,FM,42,1,1959,26,768,32,74.0,153,0.8567467652495379,0.2519657568845902,0.25050465999859184,16.553942096504638,12.91762337566583,1959,1.025161383197,6.982679883066526,0.9055925302268468,0.39203675344563554,21.151070780344444,-0.12344932141592094,539,1959,543,539,1013,0.1691321215361884,0.03804062109374995,0.3466666666666667,False
breakhis_fm_conch_v1_5_s42_std_r2,breakhis,fm_conch_v1_5,FM,42,0,1951,29,768,31,58.0,156,0.8647654093836247,0.27772881750987316,0.2777569080376505,17.542747287435443,12.356237121131292,1951,1.1632411274100685,7.696646762450002,0.9762567778215262,0.3936442849820605,16.62217967001635,-0.8087438526214276,529,1951,558,529,1013,0.12053000272898717,0.04425100781250024,0.3496774193548387,False
breakhis_fm_conch_v1_5_s42_std_r2,breakhis,fm_conch_v1_5,FM,42,1,1963,28,768,29,61.5,182,0.8647654093836247,0.23902530939741942,0.23260812743127435,18.58226680649608,11.724832849878252,1889,1.0303700696416511,6.624063682739217,0.8184595472529862,0.391237901171676,17.415893727054268,-0.09361428489594899,558,1963,529,558,1013,0.06107165982018703,0.04250664843749996,0.35198487712665405,False
breakhis_fm_conch_v1_5_s42_std_r3,breakhis,fm_conch_v1_5,FM,42,0,2086,29,768,27,65.0,183,0.8853171155516942,0.2660179887512966,0.262007280276211,18.38873083416281,11.309140911614424,2014,1.1407405600289342,7.372106755912509,0.8945936544922147,0.3681687440076702,14.768972403902534,0.6494098089638387,591,2086,560,591,1013,0.01118038022029788,0.04389912500000004,0.3792857142857143,False
breakhis_fm_conch_v1_5_s42_std_r3,breakhis,fm_conch_v1_5,FM,42,1,2056,29,768,33,64.0,135,0.8853171155516942,0.26431908485998645,0.26314719231435535,17.04390095795954,12.879631577025382,2056,1.0912217732842684,7.325025350201698,0.9485937133069388,0.3735408560311284,16.32075206910616,0.05594029377289522,560,2056,591,560,1013,0.10785944791674873,0.036265066406249935,0.3399661590524534,False
breakhis_fm_conch_v1_5_s42_std_r4,breakhis,fm_conch_v1_5,FM,42,0,2132,33,768,29,57.0,167,0.8737288135593221,0.25919559558598615,0.25647572548435493,18.634389714883408,11.083115823971465,2068,1.1188843631217633,7.183039050448055,0.8628961938856237,0.3602251407129456,16.18198228634134,-1.1882625129226114,622,2132,558,622,1013,0.04837654465032515,0.03878214062499996,0.32326164874551977,False
breakhis_fm_conch_v1_5_s42_std_r4,breakhis,fm_conch_v1_5,FM,42,1,2114,28,768,28,71.0,150,0.8737288135593221,0.2571527195705341,0.2536953484959765,18.210128581085698,13.095262596683671,2114,1.0973562154023595,7.126425209610826,0.9305682429316423,0.3632923368022706,15.012445101346257,-1.4794470623385263,558,2114,622,558,1013,0.08840960175237833,0.04054114062500003,0.3633118971061093,False
breakhis_fm_dinov2_vitb14_s42_std_r0,breakhis,fm_dinov2_vitb14,FM,42,0,1831,27,768,24,61.0,126,0.8495575221238938,0.1640170936822897,0.16166616520168164,16.608859689518262,16.24358206570383,1829,0.6684347510546488,4.545375033080161,0.6610434640236907,0.4194429273620972,4.511435858131537,-1.7650655158634934,504,1831,513,504,1013,-0.00647080847891357,0.01622426953124989,0.24113060428849903,False
breakhis_fm_dinov2_vitb14_s42_std_r0,breakhis,fm_dinov2_vitb14,FM,42,1,1830,29,768,28,59.0,152,0.8495575221238938,0.16054157716959308,0.15785708232400886,17.541002979252386,15.955425109454817,1830,0.6723799218491096,4.449058694159598,0.6412711693907629,0.419672131147541,9.56006219317395,0.47079373193637813,513,1830,504,513,1013,0.0727993615716378,0.018119144531250075,0.21313492063492062,False
breakhis_fm_dinov2_vitb14_s42_std_r1,breakhis,fm_dinov2_vitb14,FM,42,0,1938,30,768,25,55.0,183,0.822550831792976,0.1642382713067598,0.16181563507248942,18.905696261375994,14.776518897978951,1864,0.7141191893849758,4.551504487209435,0.631335822129373,0.39628482972136225,8.510580841917973,1.5477759928373667,543,1938,539,543,1013,0.002787779881302077,0.02019529687499999,0.22749536178107607,False
breakhis_fm_dinov2_vitb14_s42_std_r1,breakhis,fm_dinov2_vitb14,FM,42,1,1959,26,768,32,74.0,153,0.822550831792976,0.16134980368292193,0.1596676415957069,15.818354621432205,16.906043337400966,1959,0.6417252015779058,4.471456924321355,0.6634213294734311,0.39203675344563554,10.071104701434788,0.16713850571762578,539,1959,543,539,1013,0.09299156611639714,0.02001371875000002,0.24622467771639042,False
breakhis_fm_dinov2_vitb14_s42_std_r2,breakhis,fm_dinov2_vitb14,FM,42,0,1951,29,768,31,58.0,156,0.812327506899724,0.16129326571538763,0.15822465728166235,18.446681900937996,16.181468951070578,1951,0.6927481338930503,4.4698900982041385,0.6488214621344283,0.3936442849820605,7.745026853528191,-0.7650115757210392,529,1951,558,529,1013,0.06609611365439116,0.01706434374999999,0.2170609318996416,False
breakhis_fm_dinov2_vitb14_s42_std_r2,breakhis,fm_dinov2_vitb14,FM,42,1,1963,28,768,29,61.5,182,0.812327506899724,0.16076892051518407,0.15813767374877064,15.951164088206161,15.246200988372717,1899,0.6420935199355692,4.4553590177648195,0.6277444996152765,0.391237901171676,9.458677305485182,1.458430118551887,558,1963,529,558,1013,0.014853225258995462,0.016214898437500125,0.24302457466918714,False
breakhis_fm_dinov2_vitb14_s42_std_r3,breakhis,fm_dinov2_vitb14,FM,42,0,2086,29,768,27,65.0,183,0.8479582971329279,0.1663887721980692,0.1636864368015336,18.565777219497644,13.925076240323655,2004,0.7169363235498268,4.611100916096955,0.6209016412903222,0.3681687440076702,11.025265678848921,0.5949154958601172,591,2086,560,591,1013,0.03018423057659181,0.016313421874999956,0.24710714285714283,False
breakhis_fm_dinov2_vitb14_s42_std_r3,breakhis,fm_dinov2_vitb14,FM,42,1,2056,29,768,33,64.0,135,0.8479582971329279,0.16794170189748892,0.16824818152212007,15.586346500746494,16.75203361027567,2056,0.6630262353200944,4.654136966336597,0.6873727605858505,0.3735408560311284,5.120417755575048,-1.4613230955059668,560,2056,591,560,1013,0.03951212494759326,0.020449476562499846,0.23631133671742807,False
breakhis_fm_dinov2_vitb14_s42_std_r4,breakhis,fm_dinov2_vitb14,FM,42,0,2132,33,768,29,57.0,167,0.7966101694915254,0.1631116007001424,0.16208432745657997,18.439862411553545,13.434898709873748,2068,0.7004283046700536,4.5202812754645425,0.5978635106174803,0.3602251407129456,8.147558899582487,-1.0891704483284919,622,2132,558,622,1013,0.022743262776087847,0.01567712499999996,0.23229390681003584,False
breakhis_fm_dinov2_vitb14_s42_std_r4,breakhis,fm_dinov2_vitb14,FM,42,1,2114,28,768,28,71.0,150,0.7966101694915254,0.15086585488379806,0.1470877535070455,17.00176230864134,17.1244924421054,2114,0.6220680958895344,4.180917212576824,0.6243093110658869,0.3632923368022706,5.746288932581759,-1.7941749036653116,558,2114,622,558,1013,0.04590305855386623,0.012738402343750121,0.23141479099678455,False
breakhis_fm_dinov2_vitl14_s42_std_r0,breakhis,fm_dinov2_vitl14,FM,42,0,1831,27,1024,24,61.0,126,0.8947885939036382,0.15520956251198692,0.14981110072759696,14.482702662642557,15.75532848762316,1829,0.590667780803583,4.9667060003835815,0.6160730427147824,0.5592572364827962,4.5232749024550865,-1.281408796800232,504,1831,513,504,1013,0.01128407148176469,0.01505036718750008,0.24417153996101362,False
breakhis_fm_dinov2_vitl14_s42_std_r0,breakhis,fm_dinov2_vitl14,FM,42,1,1830,29,1024,28,59.0,152,0.8947885939036382,0.15345906684876967,0.14798257152305894,15.79722110873074,15.310358479711862,1830,0.6099340817787712,4.9106901391606295,0.6004615911673296,0.5595628415300546,9.034172812407489,1.3746862761593697,513,1830,504,513,1013,0.07097234008570841,0.013749917968750025,0.22575396825396823,False
breakhis_fm_dinov2_vitl14_s42_std_r1,breakhis,fm_dinov2_vitl14,FM,42,0,1938,30,1024,25,55.0,183,0.8576709796672828,0.16885304095358264,0.165042961347465,15.677557922783253,13.824785589580825,1874,0.6685718602296276,5.4032973105146445,0.6278242531692723,0.5283797729618163,6.844742990196383,1.8805107022639898,543,1938,539,543,1013,0.0007709511991260687,0.015813023437500018,0.2346196660482375,False
breakhis_fm_dinov2_vitl14_s42_std_r1,breakhis,fm_dinov2_vitl14,FM,42,1,1959,26,1024,32,74.0,153,0.8576709796672828,0.1528418529535306,0.14886473408329104,14.1609046855012,15.48868989690068,1959,0.5751588331470938,4.890939294512979,0.6015193970809402,0.5227156712608474,10.224159294328423,0.27360789772257704,539,1959,543,539,1013,0.10753944387972736,0.016001851562500002,0.24593001841620626,False
breakhis_fm_dinov2_vitl14_s42_std_r2,breakhis,fm_dinov2_vitl14,FM,42,0,1951,29,1024,31,58.0,156,0.8574057037718491,0.15616011434679636,0.15073688625677162,15.973817731959016,15.604964820865748,1951,0.6241291698884919,4.9971236590974835,0.6168811721138877,0.5248590466427473,6.944370347871867,-0.5490423393336442,529,1951,558,529,1013,0.09275560098672675,0.017965011718749868,0.23526881720430107,False
breakhis_fm_dinov2_vitl14_s42_std_r2,breakhis,fm_dinov2_vitl14,FM,42,1,1963,28,1024,29,61.5,182,0.8574057037718491,0.16397090566080555,0.16053350822930357,12.914168690902669,14.937929594561805,1889,0.5892505857978405,5.247068981145778,0.6337412841258819,0.521650534895568,7.049690560920283,1.5513722075188634,558,1963,529,558,1013,0.00013327230451021244,0.014579839843749887,0.25603024574669186,False
breakhis_fm_dinov2_vitl14_s42_std_r3,breakhis,fm_dinov2_vitl14,FM,42,0,2086,29,1024,27,65.0,183,0.8835794960903562,0.16431041936593865,0.1585688707804418,15.549523546701167,13.784675841016456,1998,0.6479233736250994,5.257933419710037,0.6100471224942315,0.49089165867689355,8.787907928989135,1.1775961102443566,591,2086,560,591,1013,0.02061385753633993,0.013745304687500015,0.25242857142857145,False
breakhis_fm_dinov2_vitl14_s42_std_r3,breakhis,fm_dinov2_vitl14,FM,42,1,2056,29,1024,33,64.0,135,0.8835794960903562,0.1689664765702568,0.16707378176832455,13.911565441684342,16.129813820560457,2056,0.6302147295877345,5.406927250248217,0.6786021404608669,0.4980544747081712,5.055685776571074,-1.6894300507472848,560,2056,591,560,1013,0.05953480389454857,0.011677667968749916,0.24409475465313032,False
breakhis_fm_dinov2_vitl14_s42_std_r4,breakhis,fm_dinov2_vitl14,FM,42,0,2132,33,1024,29,57.0,167,0.8533898305084746,0.16211934914717294,0.15811991406939663,15.748992329619083,13.595620401225789,2064,0.643370638716837,5.187819172709534,0.5977703456977598,0.4803001876172608,7.325137117504963,-0.4923091704381623,622,2132,558,622,1013,0.027088701335268528,0.013818828125000127,0.23788530465949823,False
breakhis_fm_dinov2_vitl14_s42_std_r4,breakhis,fm_dinov2_vitl14,FM,42,1,2114,28,1024,28,71.0,150,0.8533898305084746,0.14948757803157153,0.143474495285128,14.725421374206908,16.484605432997352,2114,0.5736393977438928,4.783602497010289,0.6069380763465791,0.48438978240302744,5.7934666264824175,-1.5413288142305592,558,2114,622,558,1013,0.04905583406905245,0.01090066406250001,0.2384244372990354,False
breakhis_fm_uni_s42_std_r0,breakhis,fm_uni,FM,42,0,1831,27,1024,24,61.0,126,0.960668633235005,0.19062051426561244,0.19178115925974415,51.48617774849947,12.569139930646077,1831,1.3677759486874252,6.099856456499598,0.6758065823391725,0.5592572364827962,30.615846951841764,0.5515441020838598,504,1831,513,504,1013,0.11531797850444914,0.06770599218749984,0.43980506822612087,False
breakhis_fm_uni_s42_std_r0,breakhis,fm_uni,FM,42,1,1830,29,1024,28,59.0,152,0.960668633235005,0.1884326936095297,0.1886216438069751,45.33928432785365,11.848814294001688,1830,1.2688012172379548,6.02984619550495,0.648625028446753,0.5595628415300546,37.35240012356924,-0.32611209985415507,513,1830,504,513,1013,0.18630684696824873,0.050605738281250034,0.36460317460317454,False
breakhis_fm_uni_s42_std_r1,breakhis,fm_uni,FM,42,0,1938,30,1024,25,55.0,183,0.9121996303142329,0.19883789859554396,0.20187641623303754,52.726365180954794,10.85696351229286,1862,1.4438200926400786,6.362812755057407,0.6551690206213632,0.5283797729618163,39.4490866078856,0.956988469207705,543,1938,539,543,1013,0.1618392995393333,0.07506698437500003,0.422708719851577,False
breakhis_fm_uni_s42_std_r1,breakhis,fm_uni,FM,42,1,1959,26,1024,32,74.0,153,0.9121996303142329,0.17641333514081992,0.17429640963918025,45.234361126992304,12.090582206868678,1959,1.1864942583670033,5.645226724506237,0.6134158841002595,0.5227156712608474,40.92645538555582,-0.898929406757426,539,1959,543,539,1013,0.27503354581956274,0.0585817109375002,0.412670349907919,False
breakhis_fm_uni_s42_std_r2,breakhis,fm_uni,FM,42,0,1951,29,1024,31,58.0,156,0.9190432382704692,0.19091802092605725,0.19074719868426637,48.13975213120548,12.516069496005008,1951,1.324642999546136,6.109376669633832,0.6754308714356696,0.5248590466427473,33.94973831929909,-1.3472692543578217,529,1951,558,529,1013,0.20005630672094998,0.06390830468750008,0.40584229390681004,False
breakhis_fm_uni_s42_std_r2,breakhis,fm_uni,FM,42,1,1963,28,1024,29,61.5,182,0.9190432382704692,0.18536062419736316,0.18551320402230254,52.088737736934625,11.455864632360704,1897,1.3377944808883009,5.931539974315621,0.6273810834024227,0.521650534895568,37.12848355757936,0.031217698227687687,558,1963,529,558,1013,0.1684845087926513,0.06541186718749992,0.4254442344045369,False
breakhis_fm_uni_s42_std_r3,breakhis,fm_uni,FM,42,0,2086,29,1024,27,65.0,183,0.9374456993918332,0.19640931582054305,0.19690923836363594,51.64856493683028,10.407814048767186,2014,1.4115335734873142,6.285098106257378,0.6336389198369844,0.49089165867689355,33.876808905405284,-1.1450030075172453,591,2086,560,591,1013,0.11992789351197308,0.0731520039062501,0.4555357142857143,False
breakhis_fm_uni_s42_std_r3,breakhis,fm_uni,FM,42,1,2056,29,1024,33,64.0,135,0.9374456993918332,0.1914203248183045,0.19262955739429533,46.47150907132708,13.14666184770849,2056,1.3049126360862597,6.125450394185744,0.6940580488678582,0.4980544747081712,30.504477188976615,-1.4330177310460994,560,2056,591,560,1013,0.18123364714118917,0.058303691406250024,0.40013536379018616,False
breakhis_fm_uni_s42_std_r4,breakhis,fm_uni,FM,42,0,2132,33,1024,29,57.0,167,0.9177966101694915,0.1947048481882285,0.1959957229729976,52.01674303605141,10.208755918063618,2072,1.40426264613956,6.230555142023312,0.6221042608132236,0.4803001876172608,38.085943421056506,-0.34032133946817594,622,2132,558,622,1013,0.15592339292319624,0.0603289374999999,0.4181362007168459,False
breakhis_fm_uni_s42_std_r4,breakhis,fm_uni,FM,42,1,2114,28,1024,28,71.0,150,0.9177966101694915,0.18447060064787074,0.1842376836651337,53.57656425941185,12.294988681309421,2114,1.3502512617776226,5.903059220731864,0.646831599885825,0.48438978240302744,33.801168056943965,-1.3173123680867096,558,2114,622,558,1013,0.1795114797835471,0.0684230898437499,0.44279742765273317,False
breakhis_fm_virchow2_s42_std_r0,breakhis,fm_virchow2,FM,42,0,1831,27,2560,24,61.0,126,0.9813176007866273,0.2086601533637067,0.21250752517761262,15.749842210638262,9.679791345599153,1831,0.8280901634045551,10.557461464789721,0.6491910445536786,1.3981430912069908,22.33942678831518,0.765577251206515,504,1831,513,504,1013,0.1099852914616255,0.026844999999999897,0.336374269005848,False
breakhis_fm_virchow2_s42_std_r0,breakhis,fm_virchow2,FM,42,1,1830,29,2560,28,59.0,152,0.9813176007866273,0.23364194216504217,0.24646880804235316,16.057021565007133,9.126186685467898,1830,0.9362316162029425,11.821451106989846,0.7058224729616349,1.3989071038251366,25.308268965120792,0.13199559247124323,513,1830,504,513,1013,0.10886294242791361,0.029383296875000187,0.3156349206349206,False
breakhis_fm_virchow2_s42_std_r1,breakhis,fm_virchow2,FM,42,0,1938,30,2560,25,55.0,183,0.9353049907578558,0.21830602738606233,0.2203132678829267,19.89676608331516,8.730965362483055,1870,0.9737713074681023,11.045508375728822,0.6450551684088783,1.3209494324045408,26.669198137972273,1.493762161715456,543,1938,539,543,1013,0.061618433031577546,0.03143493359375016,0.3429313543599258,False
breakhis_fm_virchow2_s42_std_r1,breakhis,fm_virchow2,FM,42,1,1959,26,2560,32,74.0,153,0.9353049907578558,0.22316911207382673,0.2320148930477336,15.242875594418182,9.435444553379666,1959,0.8712996469546347,11.29156316081081,0.6855123272896428,1.3067891781521184,31.58948892319922,-0.9368117514305343,539,1959,543,539,1013,0.2231759918376912,0.022193109375000075,0.3330018416206261,False
breakhis_fm_virchow2_s42_std_r2,breakhis,fm_virchow2,FM,42,0,1951,29,2560,31,58.0,156,0.9337626494940202,0.24019726250485612,0.24901721151942124,15.986534428531726,9.830161751759979,1951,0.9603846657436514,12.153126996043303,0.7530926092693007,1.3121476166068682,25.275223486967345,-1.1818835649733364,529,1951,558,529,1013,0.1516117688511185,0.02892864453124988,0.34301075268817205,False
breakhis_fm_virchow2_s42_std_r2,breakhis,fm_virchow2,FM,42,1,1963,28,2560,29,61.5,182,0.9337626494940202,0.20975822402256894,0.21423100870679612,17.734368824062027,9.088274776491154,1899,0.8833379020425665,10.613019933810625,0.632353201752614,1.30412633723892,27.112664481258463,-0.8535460540392623,558,1963,529,558,1013,0.109251372033208,0.03145257031249993,0.34124763705103967,False
breakhis_fm_virchow2_s42_std_r3,breakhis,fm_virchow2,FM,42,0,2086,29,2560,27,65.0,183,0.946133796698523,0.23240545293409864,0.23973219573068183,17.94623164219998,8.354113696164802,2018,0.9845390543721011,11.758889150637023,0.6717327219145361,1.227229146692234,25.459932448272042,0.6526179976217674,591,2086,560,591,1013,0.04749541612887909,0.03188494921874996,0.3638928571428572,False
breakhis_fm_virchow2_s42_std_r3,breakhis,fm_virchow2,FM,42,1,2056,29,2560,33,64.0,135,0.946133796698523,0.22781645485061308,0.23320924702381685,15.831730100999305,9.730021141584233,2056,0.9064613224673107,11.526702172685631,0.7106274532025719,1.245136186770428,23.844041430619882,-2.0934169618628453,560,2056,591,560,1013,0.15752718586344638,0.02947638281249998,0.32714043993231817,False
breakhis_fm_virchow2_s42_std_r4,breakhis,fm_virchow2,FM,42,0,2132,33,2560,29,57.0,167,0.9364406779661016,0.2242696419075612,0.22503680083576028,19.80249727517693,8.149952969190608,2080,0.9979998378262749,11.347246055331889,0.6402477204882142,1.200750469043152,28.489634249936923,-0.18440971084237076,622,2132,558,622,1013,0.09150785890899094,0.027873679687499875,0.32892473118279575,False
breakhis_fm_virchow2_s42_std_r4,breakhis,fm_virchow2,FM,42,1,2114,28,2560,28,71.0,150,0.9364406779661016,0.21700968116328634,0.22178950746219428,16.77304101003498,9.778513254385226,2114,0.8887610498439836,10.97991786852677,0.6786026062407078,1.2109744560075686,24.692477241774863,-0.8256780950663134,558,2114,622,558,1013,0.12522038153362613,0.027790101562499947,0.36871382636655947,False
breakhis_mobilenet_v3_large_s42_std_r0,breakhis,mobilenet_v3_large,CNN,42,0,1831,27,960,24,61.0,126,0.8967551622418879,0.41753364363050866,0.43926196183168487,16.001403971093346,14.713417742779484,1831,1.6702078485604235,12.936806786098101,1.6015786036785962,0.5243036592026216,16.45619510654318,3.0224551718030988,504,1831,513,504,1013,0.10613569131779765,0.11206488671875015,0.43204678362573096,False
breakhis_mobilenet_v3_large_s42_std_r0,breakhis,mobilenet_v3_large,CNN,42,1,1830,29,960,28,59.0,152,0.8967551622418879,0.4243604462059772,0.4496834491102999,15.363978461360979,13.876939137022662,1830,1.6633618718691714,13.148327527559184,1.5808175150796804,0.5245901639344263,19.12321990179341,2.0263990130202916,513,1830,504,513,1013,0.12454129455480323,0.10580356640624988,0.44908730158730165,False
breakhis_mobilenet_v3_large_s42_std_r1,breakhis,mobilenet_v3_large,CNN,42,0,1938,30,960,25,55.0,183,0.8733826247689463,0.4187827452050782,0.44543316437637703,16.67010257770453,13.30190158898926,1866,1.7098496175467035,12.975508782866335,1.5273748835554066,0.4953560371517028,26.22159613963205,2.1907313037701543,543,1938,539,543,1013,0.1858977880399479,0.12041474609374997,0.4269758812615956,False
breakhis_mobilenet_v3_large_s42_std_r1,breakhis,mobilenet_v3_large,CNN,42,1,1959,26,960,32,74.0,153,0.8733826247689463,0.39763572319457485,0.41271745925082215,19.08776492900761,14.669209425887518,1959,1.7372524507423301,12.320292270317847,1.5229608822552896,0.4900459418070444,25.725281084075288,1.6995071955399985,539,1959,543,539,1013,0.21973067075371677,0.13865789453124988,0.46972375690607737,False
breakhis_mobilenet_v3_large_s42_std_r2,breakhis,mobilenet_v3_large,CNN,42,0,1951,29,960,31,58.0,156,0.8647654093836247,0.4370334427579204,0.4586678262092755,17.54506855506704,13.801095023033126,1951,1.8305947232539412,13.540985964296945,1.6235715945677394,0.4920553562275756,22.54818675660436,1.2803640237867435,529,1951,558,529,1013,0.1883044859375429,0.15162984765624998,0.47057347670250893,False
breakhis_mobilenet_v3_large_s42_std_r2,breakhis,mobilenet_v3_large,CNN,42,1,1963,28,960,29,61.5,182,0.8647654093836247,0.39399792534213524,0.4063996092776714,19.847662482310703,13.503415491684871,1893,1.7552889464778922,12.207579226322904,1.4478239297411821,0.489047376464595,19.612073176563232,0.5410781041368791,558,1963,529,558,1013,0.12477789816462925,0.12235073828124998,0.4690737240075614,False
breakhis_mobilenet_v3_large_s42_std_r3,breakhis,mobilenet_v3_large,CNN,42,0,2086,29,960,27,65.0,183,0.894005212858384,0.4297606057716679,0.4508728491946128,17.192119265836055,12.475500806866298,2022,1.7819327542247414,13.315645352077448,1.5179434673502175,0.46021093000958774,15.902047037849188,0.3787655325701755,591,2086,560,591,1013,0.03549378385556301,0.13254589453124987,0.4970357142857143,False
breakhis_mobilenet_v3_large_s42_std_r3,breakhis,mobilenet_v3_large,CNN,42,1,2056,29,960,33,64.0,135,0.894005212858384,0.4308108228133972,0.45742543847777906,14.349729898117756,14.824030933795934,2056,1.6319560864658986,13.348185136977614,1.6587073205353517,0.4669260700389105,17.617283305609803,1.6112976039152809,560,2056,591,560,1013,0.17119047141809607,0.1060368945312502,0.4219289340101523,False
breakhis_mobilenet_v3_large_s42_std_r4,breakhis,mobilenet_v3_large,CNN,42,0,2132,33,960,29,57.0,167,0.8872881355932203,0.4297671982830309,0.4522852751028147,17.8363071809199,12.867693069690981,2060,1.8150380620513022,13.315849613571196,1.541642277533,0.450281425891182,23.71836884475477,1.0409431517872576,622,2132,558,622,1013,0.17310768876438398,0.13384287109375004,0.4297849462365591,False
breakhis_mobilenet_v3_large_s42_std_r4,breakhis,mobilenet_v3_large,CNN,42,1,2114,28,960,28,71.0,150,0.8872881355932203,0.4254636357110208,0.4435666662647251,18.605336445713917,14.102871070978503,2114,1.8351907471724453,13.182508604205143,1.5977771822689915,0.45411542100283825,19.700119020705056,2.2634099530335283,558,2114,622,558,1013,0.13717120506403657,0.15606144140625,0.4790996784565916,False
breakhis_regnet_y_3_2gf_s42_std_r0,breakhis,regnet_y_3_2gf,CNN,42,0,1831,27,1512,24,61.0,126,0.928220255653884,0.353971662936424,0.3819676371342128,23.73476969189751,14.95002536857524,1829,1.7244912976309175,13.763991372451153,1.3686407322964622,0.8257782632441288,22.759549255225274,1.815778767969537,504,1831,513,504,1013,0.1816938488043076,0.12699424609374999,0.4707602339181286,False
breakhis_regnet_y_3_2gf_s42_std_r0,breakhis,regnet_y_3_2gf,CNN,42,1,1830,29,1512,28,59.0,152,0.928220255653884,0.36018350510691693,0.38379659898935237,24.87563685084119,14.173654956714053,1830,1.796432585471067,14.005535402649553,1.35601579455576,0.8262295081967214,28.226815754804363,2.239885865106033,513,1830,504,513,1013,0.1871358087002083,0.12384599609375002,0.4629365079365079,False
breakhis_regnet_y_3_2gf_s42_std_r1,breakhis,regnet_y_3_2gf,CNN,42,0,1938,30,1512,25,55.0,183,0.890018484288355,0.3855736521933373,0.41961467924920504,21.142454780973363,13.604002252972519,1868,1.7729033243189956,14.992817160018708,1.4221345802424812,0.7801857585139319,28.793297619176254,1.5805902743774614,543,1938,539,543,1013,0.26221709979426355,0.13180244921875,0.4638589981447125,False
breakhis_regnet_y_3_2gf_s42_std_r1,breakhis,regnet_y_3_2gf,CNN,42,1,1959,26,1512,32,74.0,153,0.890018484288355,0.35783061690520185,0.37440011932847195,26.878056135052688,15.540000192172405,1959,1.8551388715664463,13.9140446526836,1.4105971663592736,0.7718223583460949,29.721255044599815,0.9826904639871461,539,1959,543,539,1013,0.29139715391839516,0.1582571640625,0.48044198895027623,False
breakhis_regnet_y_3_2gf_s42_std_r2,breakhis,regnet_y_3_2gf,CNN,42,0,1951,29,1512,31,58.0,156,0.8923643054277829,0.40290425796381607,0.42865597831080704,25.299777629298966,14.719151233031178,1951,2.0265634659725413,15.666708132887532,1.5457641860490858,0.7749871860584315,26.37584987017855,2.236860218362134,529,1951,558,529,1013,0.23575800438290007,0.17401487890625023,0.5083870967741936,False
breakhis_regnet_y_3_2gf_s42_std_r2,breakhis,regnet_y_3_2gf,CNN,42,1,1963,28,1512,29,61.5,182,0.8923643054277829,0.3595876615831346,0.3841282609742571,25.96272146967749,14.82214500218076,1891,1.832229573211835,13.982366358402798,1.3843959187054558,0.7702496179317372,26.375853094141576,0.09166325575793476,558,1963,529,558,1013,0.1957286539093258,0.13844401171874998,0.5158790170132325,False
breakhis_regnet_y_3_2gf_s42_std_r3,breakhis,regnet_y_3_2gf,CNN,42,0,2086,29,1512,27,65.0,183,0.9122502172024327,0.405675657931649,0.4340484645725815,23.141770148630357,13.09586501003968,2014,1.9515390103226284,15.77447248026614,1.4680675665704557,0.7248322147651006,24.414337943207258,0.9072660862033513,591,2086,560,591,1013,0.10207468190296753,0.14984532812500007,0.5389642857142858,False
breakhis_regnet_y_3_2gf_s42_std_r3,breakhis,regnet_y_3_2gf,CNN,42,1,2056,29,1512,33,64.0,135,0.9122502172024327,0.3718146589754771,0.39998784117640795,21.944558569952378,15.986936266394727,2056,1.7417664970093059,14.457806356122084,1.4866513509601604,0.7354085603112841,21.461982011391267,1.4049080907069977,560,2056,591,560,1013,0.20603625553327654,0.1224577695312502,0.44433164128595604,False
breakhis_regnet_y_3_2gf_s42_std_r4,breakhis,regnet_y_3_2gf,CNN,42,0,2132,33,1512,29,57.0,167,0.8957627118644068,0.3941266682498766,0.41876300374403774,24.653887789862296,12.676628836932979,2078,1.9569445924686404,15.325396435529209,1.4032585898255878,0.7091932457786116,28.7164921264528,0.43454384289294257,622,2132,558,622,1013,0.26437108539669457,0.1556666601562498,0.49043010752688176,False
breakhis_regnet_y_3_2gf_s42_std_r4,breakhis,regnet_y_3_2gf,CNN,42,1,2114,28,1512,28,71.0,150,0.8957627118644068,0.38817695016128073,0.40844516996530844,26.026723369178594,14.620070141318962,2114,1.98033877752025,15.09404495456431,1.4842411622017773,0.7152317880794702,26.369763815048994,1.2659517354351768,558,2114,622,558,1013,0.211362055975587,0.18058100390624998,0.5128295819935692,False
breakhis_resnet18_s42_std_r0,breakhis,resnet18,CNN,42,0,1831,27,512,24,61.0,126,0.9085545722713865,0.5087035524330236,0.5158875070097311,11.615224469438452,13.175663131730738,1829,1.733718462438906,11.510647409250478,1.8465072267301776,0.2796286182413981,17.979289960640724,3.262477248801843,504,1831,513,504,1013,0.13227915269142476,0.13889764843750008,0.4602729044834308,False
breakhis_resnet18_s42_std_r0,breakhis,resnet18,CNN,42,1,1830,29,512,28,59.0,152,0.9085545722713865,0.5135422974316516,0.519616701809742,11.740795887472542,12.348507660517095,1830,1.7596447116577376,11.620135710081273,1.8046104063461506,0.2797814207650273,21.95217680965845,3.6646941671445674,513,1830,504,513,1013,0.14927864110204214,0.1359060742187499,0.4470238095238095,False
breakhis_resnet18_s42_std_r1,breakhis,resnet18,CNN,42,0,1938,30,512,25,55.0,183,0.8826247689463955,0.5350510495805619,0.552398023677803,10.484029002390574,11.80704789796902,1860,1.7324444863210597,12.106823214060642,1.838509519243216,0.26418988648090813,25.91034312818861,2.125924041845089,543,1938,539,543,1013,0.2550039993854462,0.12736756249999998,0.4552133580705009,False
breakhis_resnet18_s42_std_r1,breakhis,resnet18,CNN,42,1,1959,26,512,32,74.0,153,0.8826247689463955,0.501371325050785,0.5016313704699991,13.8409803052191,13.851371960614113,1959,1.8652752042893255,11.344738042748634,1.8659752869383197,0.2613578356304237,21.984127403311117,2.298169045079346,539,1959,543,539,1013,0.18087469726345862,0.18885174218750012,0.4893554327808472,False
breakhis_resnet18_s42_std_r2,breakhis,resnet18,CNN,42,0,1951,29,512,31,58.0,156,0.8638454461821528,0.5186949029815089,0.522203828525133,13.235851560762047,12.481597972837475,1951,1.8870696259392068,11.736725864483946,1.8325130469759165,0.26242952332137365,21.015218529386082,2.549209084642098,529,1951,558,529,1013,0.1694015865179782,0.15487593750000006,0.4748387096774194,False
breakhis_resnet18_s42_std_r2,breakhis,resnet18,CNN,42,1,1963,28,512,29,61.5,182,0.8638454461821528,0.4888114883962223,0.49109592888862896,13.144180528249482,12.541232186433449,1901,1.7721813510235824,11.060541381339462,1.7310575586108752,0.260825267447784,21.205652185191948,1.5487689824665907,558,1963,529,558,1013,0.16236223643120162,0.13468280468750005,0.47595463137996225,False
breakhis_resnet18_s42_std_r3,breakhis,resnet18,CNN,42,0,2086,29,512,27,65.0,183,0.9009556907037359,0.5411005823353826,0.5472602740799979,11.577951956057209,10.91733723973921,2022,1.8411699278176341,12.243708514346844,1.7878717587883755,0.24544582933844677,19.131608852120596,0.9342037430843254,591,2086,560,591,1013,0.09135240841742864,0.172326078125,0.5233214285714286,False
breakhis_resnet18_s42_std_r3,breakhis,resnet18,CNN,42,1,2056,29,512,33,64.0,135,0.9009556907037359,0.5205164634348189,0.5278392546997691,10.44263484695781,13.85626763342342,2056,1.682052382255751,11.777943072448004,1.9375708941405951,0.2490272373540856,16.683916150256792,1.5432536536438701,560,2056,591,560,1013,0.14639540040388654,0.11892016406249994,0.4353976311336718,False
breakhis_resnet18_s42_std_r4,breakhis,resnet18,CNN,42,0,2132,33,512,29,57.0,167,0.8754237288135593,0.5283795593589968,0.5354053672669652,11.936707169737431,11.982406560096624,2068,1.8255270742377299,11.95586462281941,1.829018228773903,0.2401500938086304,23.86934678687885,1.0727681736726504,622,2132,558,622,1013,0.17088441030584928,0.14613738281250005,0.46218637992831535,False
breakhis_resnet18_s42_std_r4,breakhis,resnet18,CNN,42,1,2114,28,512,28,71.0,150,0.8754237288135593,0.5246289984074679,0.5268432277395467,13.036240722761887,13.197957163361787,2114,1.8942115389194638,11.870999116192865,1.9059243094795615,0.24219489120151372,18.296200397574967,1.2071635677954855,558,2114,622,558,1013,0.13525873927183207,0.18533759765625002,0.4838263665594855,False
breakhis_resnet18_s43_std_r0,breakhis,resnet18,CNN,43,0,1831,27,512,24,61.0,126,0.8967551622418879,0.5053975462885071,0.5140460035874013,10.761107063665087,12.678387593683661,1831,1.6579124971434736,11.435841029620654,1.7995550695107063,0.2796286182413981,18.41180826906334,2.820044154981461,504,1831,513,504,1013,0.14005797096668393,0.12858796874999978,0.4483820662768031,False
breakhis_resnet18_s43_std_r0,breakhis,resnet18,CNN,43,1,1830,29,512,28,59.0,152,0.8967551622418879,0.5072421465572594,0.5145660139650235,11.037084641032843,12.771517106426737,1830,1.6851653406679397,11.47757956909628,1.8127444178786198,0.2797814207650273,21.723071824683203,3.835225122865048,513,1830,504,513,1013,0.12910790329998523,0.12421091015624985,0.4345238095238095,False
breakhis_resnet18_s43_std_r1,breakhis,resnet18,CNN,43,0,1938,30,512,25,55.0,183,0.8807763401109058,0.5270109955454654,0.5365749316505446,11.731899657988492,12.583750764960953,1858,1.8051107240538817,11.924897558722304,1.8694968185712166,0.26418988648090813,26.69138988774365,2.0105078184931906,543,1938,539,543,1013,0.2552703867310898,0.15860756640625018,0.4506122448979592,False
breakhis_resnet18_s43_std_r1,breakhis,resnet18,CNN,43,1,1959,26,512,32,74.0,153,0.8807763401109058,0.49494505928377397,0.4912119370328363,14.798483138139472,14.058539149936037,1959,1.9039940826382686,11.1993282474987,1.855782566816662,0.2613578356304237,22.456068439870972,2.28233897682846,539,1959,543,539,1013,0.21543182341907047,0.19251169140625002,0.4915653775322284,False
breakhis_resnet18_s43_std_r2,breakhis,resnet18,CNN,43,0,1951,29,512,31,58.0,156,0.8702851885924563,0.5194302793756244,0.5199781158545296,13.367033591334181,13.088937426528695,1951,1.8990866562843107,11.753365532804061,1.87922792908532,0.26242952332137365,20.14816437034195,1.4948354764052987,529,1951,558,529,1013,0.19878631205445063,0.16081473437500005,0.4691756272401434,False
breakhis_resnet18_s43_std_r2,breakhis,resnet18,CNN,43,1,1963,28,512,29,61.5,182,0.8702851885924563,0.49565481447250304,0.4918303076229581,13.66507164847598,12.056298448109704,1901,1.8322523422882746,11.215388174120545,1.7210216120355124,0.260825267447784,19.718223294368972,0.37728172159292844,558,1963,529,558,1013,0.14938716042893363,0.15809730078125006,0.48457466918714565,False
breakhis_resnet18_s43_std_r3,breakhis,resnet18,CNN,43,0,2086,29,512,27,65.0,183,0.9026933101650738,0.5526602705428048,0.5574366733581639,11.516387213344634,11.918702180940985,2008,1.8754970035145004,12.505274399782696,1.907975216928033,0.24544582933844677,20.275018378609417,2.389236711689735,591,2086,560,591,1013,0.09466705609288573,0.17521937500000007,0.5048928571428571,False
breakhis_resnet18_s43_std_r3,breakhis,resnet18,CNN,43,1,2056,29,512,33,64.0,135,0.9026933101650738,0.5352547301359378,0.5404792450072751,10.159835564876857,14.010509047135985,2056,1.706097526883439,12.111431978921509,2.003491348351152,0.2490272373540856,17.364418813590596,2.315085021060321,560,2056,591,560,1013,0.14532883608091185,0.13308287890624992,0.42081218274111676,False
breakhis_resnet18_s43_std_r4,breakhis,resnet18,CNN,43,0,2132,33,512,29,57.0,167,0.8796610169491526,0.5341522932426075,0.5402538037327699,11.89965321757049,12.119736085032022,2078,1.8426050194699932,12.086486679622178,1.8595663498065658,0.2401500938086304,23.683516810922477,1.4627736680455556,622,2132,558,622,1013,0.18999513146052077,0.16092390625000014,0.45673835125448026,False
breakhis_resnet18_s43_std_r4,breakhis,resnet18,CNN,43,1,2114,28,512,28,71.0,150,0.8796610169491526,0.5320169376051027,0.5339444653606054,12.743271195283823,12.957266043483342,2114,1.899179097588415,12.038169097173393,1.915058949282514,0.24219489120151372,18.88119140512632,1.675380038545521,558,2114,622,558,1013,0.13281587993273536,0.19084213671875006,0.4946302250803858,False
breakhis_resnet50_s42_std_r0,breakhis,resnet50,CNN,42,0,1831,27,2048,24,61.0,126,0.9213372664700098,0.611334570377137,0.6169081831008504,8.788072970338105,10.895988944323765,1829,1.8122820235201276,27.66584449839605,2.0179587406488793,1.1185144729655925,17.320283237440353,4.327119224033023,504,1831,513,504,1013,0.10606868437959005,0.1653913671874998,0.4887719298245614,False
breakhis_resnet50_s42_std_r0,breakhis,resnet50,CNN,42,1,1830,29,2048,28,59.0,152,0.9213372664700098,0.6298651504606536,0.6369027035749966,8.647276392819812,10.606608826959732,1830,1.8521973154055709,28.504442823924048,2.051331534135583,1.1191256830601093,22.58699359113663,4.923731116499748,513,1830,504,513,1013,0.17380448626227196,0.170330296875,0.47448412698412695,False
breakhis_resnet50_s42_std_r1,breakhis,resnet50,CNN,42,0,1938,30,2048,25,55.0,183,0.8927911275415896,0.6405254156951787,0.6461127209575479,9.523547417883385,9.95954916106458,1866,1.976677146804406,28.986871357465162,2.021418363979287,1.0567595459236325,23.731616483275154,4.234669014654153,543,1938,539,543,1013,0.22595432088595546,0.23781646484374996,0.4866790352504638,False
breakhis_resnet50_s42_std_r1,breakhis,resnet50,CNN,42,1,1959,26,2048,32,74.0,153,0.8927911275415896,0.6062735266431858,0.6059526831992618,10.416109947936802,11.393268489904788,1959,1.9566871036143705,27.436807804369902,2.0464105724166433,1.0454313425216948,24.68790108333494,4.3480277667717795,539,1959,543,539,1013,0.21709973692449347,0.20968218359375002,0.5003683241252304,False
breakhis_resnet50_s42_std_r2,breakhis,resnet50,CNN,42,0,1951,29,2048,31,58.0,156,0.8859245630174793,0.6079492898433438,0.6102257265653295,11.944533319655271,11.080522466914482,1951,2.101125282666212,27.512644189809556,2.0237062586617216,1.0497180932854946,21.54899060661554,2.7085197381880217,529,1951,558,529,1013,0.20290465400826252,0.22946719531249982,0.5159139784946236,False
breakhis_resnet50_s42_std_r2,breakhis,resnet50,CNN,42,1,1963,28,2048,29,61.5,182,0.8859245630174793,0.5882605829554466,0.5853847604354603,11.672991229578551,10.599315753448824,1893,2.009836960700797,26.621635028003066,1.9151758819481568,1.043301069791136,21.409004504386125,2.3919028014361987,558,1963,529,558,1013,0.17378301511080063,0.20724033203125014,0.5216257088846881,False
breakhis_resnet50_s42_std_r3,breakhis,resnet50,CNN,42,0,2086,29,2048,27,65.0,183,0.9096437880104257,0.6221765839938159,0.6284794501340688,9.338919774403012,8.666205531448245,2012,1.901349629676921,28.156498024800566,1.8315895393505879,0.9817833173537871,20.511611457781644,2.451681021744087,591,2086,560,591,1013,0.09746954088032755,0.18079235937500004,0.5408571428571428,False
breakhis_resnet50_s42_std_r3,breakhis,resnet50,CNN,42,1,2056,29,2048,33,64.0,135,0.9096437880104257,0.5893541686124985,0.5970470044939253,8.147837156954262,11.256005169289612,2056,1.6822770879352502,26.671125065373285,1.977281493918929,0.9961089494163424,16.327567301896153,1.764983980534425,560,2056,591,560,1013,0.16938173039822413,0.12700955859374996,0.42690355329949237,False
breakhis_resnet50_s42_std_r4,breakhis,resnet50,CNN,42,0,2132,33,2048,29,57.0,167,0.9177966101694915,0.6278108590634408,0.630679045081856,9.876078961797035,10.036328114650079,2066,1.972972809550022,28.411476207763897,1.988915117822701,0.9606003752345216,24.64843057626119,0.984097777143543,622,2132,558,622,1013,0.20701624766543503,0.20192778124999994,0.4953046594982079,False
breakhis_resnet50_s42_std_r4,breakhis,resnet50,CNN,42,1,2114,28,2048,28,71.0,150,0.9177966101694915,0.6337739657607456,0.6358471429762093,10.126245807263958,10.669759674222044,2114,2.016780473781467,28.6813356114505,2.0701971862176425,0.9687795648060549,21.22525218464228,3.9191800333158304,558,2114,622,558,1013,0.16091526426096225,0.22364552734374998,0.5260450160771705,False
breakhis_resnet50_s43_std_r0,breakhis,resnet50,CNN,43,0,1831,27,2048,24,61.0,126,0.9262536873156342,0.6052324538209345,0.6116062079493234,9.644836397354167,10.924625799175255,1831,1.8796181947875248,27.389694226621234,2.0004398287311997,1.1185144729655925,18.830523180823825,4.312086620343697,504,1831,513,504,1013,0.11401388603679874,0.18251615624999995,0.5040545808966862,False
breakhis_resnet50_s43_std_r0,breakhis,resnet50,CNN,43,1,1830,29,2048,28,59.0,152,0.9262536873156342,0.6190922627929663,0.6239027164941648,9.823056221357705,10.17369206071436,1830,1.9403438177476378,28.016917580865957,1.9746706467141777,1.1191256830601093,23.15721563642425,4.431410902645598,513,1830,504,513,1013,0.19123185692651068,0.1834423046875,0.49674603174603177,False
breakhis_resnet50_s43_std_r1,breakhis,resnet50,CNN,43,0,1938,30,2048,25,55.0,183,0.8927911275415896,0.6290765777234197,0.6407609726245069,9.696757424121808,10.286423331402196,1870,1.9589203648579425,28.468756095606807,2.017602987177733,1.0567595459236325,25.53593707062892,3.366340328594403,543,1938,539,543,1013,0.2289179159431779,0.22114121093749994,0.48909090909090913,False
breakhis_resnet50_s43_std_r1,breakhis,resnet50,CNN,43,1,1959,26,2048,32,74.0,153,0.8927911275415896,0.5922975495836122,0.5920074294524045,11.278828142146219,11.084724718040995,1959,1.9891701136804798,26.804327282607847,1.9719794824398074,1.0454313425216948,23.674823939291187,3.4051537300349155,539,1959,543,539,1013,0.21141568820947632,0.22953164453125008,0.5173112338858195,False
breakhis_resnet50_s43_std_r2,breakhis,resnet50,CNN,43,0,1951,29,2048,31,58.0,156,0.8942042318307267,0.6249349226686547,0.6284686014487761,10.891821647876805,10.90734611839119,1951,2.0624577241658724,28.281326183634974,2.063927045093408,1.0497180932854946,23.25544131652313,3.7453924551349576,529,1951,558,529,1013,0.2230790296037214,0.22252429687499997,0.5208960573476703,False
breakhis_resnet50_s43_std_r2,breakhis,resnet50,CNN,43,1,1963,28,2048,29,61.5,182,0.8942042318307267,0.6010699360483076,0.5980001715222205,11.578863576780012,10.47439289316529,1901,2.045304504210607,27.20132017581586,1.945312763770166,1.043301069791136,21.65644927884261,2.848729393194646,558,1963,529,558,1013,0.16597703574824652,0.21776068359375,0.5372022684310018,False
breakhis_resnet50_s43_std_r3,breakhis,resnet50,CNN,43,0,2086,29,2048,27,65.0,183,0.9105125977410947,0.654261139863579,0.6586111959491469,9.932077761840167,9.580562276313447,2014,2.061917010561869,29.608479274520125,2.0251007060366715,0.9817833173537871,19.705731997347325,2.6053812623942645,591,2086,560,591,1013,0.07500435181413678,0.21807413671874987,0.5675357142857143,False
breakhis_resnet50_s43_std_r3,breakhis,resnet50,CNN,43,1,2056,29,2048,33,64.0,135,0.9105125977410947,0.628533846388754,0.6353934589466834,8.560656071802967,11.463977367786066,2056,1.8390019680668503,28.444194879152114,2.128121058827269,0.9961089494163424,18.300507045558906,4.203109945921523,560,2056,591,560,1013,0.16009645636457737,0.18620429296874996,0.4502876480541455,False
breakhis_resnet50_s43_std_r4,breakhis,resnet50,CNN,43,0,2132,33,2048,29,57.0,167,0.8949152542372881,0.6389155560899511,0.6425103007578781,9.691960907672723,9.67480651285613,2092,1.9890664365704473,28.91401742827382,1.9873053717567917,0.9606003752345216,25.273861108130777,1.7496031805977244,622,2132,558,622,1013,0.19852002452370476,0.2192873203125001,0.5056272401433691,False
breakhis_resnet50_s43_std_r4,breakhis,resnet50,CNN,43,1,2114,28,2048,28,71.0,150,0.8949152542372881,0.6434065153653103,0.6441957264361011,9.908764337938578,10.547542370221093,2114,2.0253272416472092,29.117255044762725,2.089590060173541,0.9687795648060549,22.34481425300038,3.9543200144377755,558,2114,622,558,1013,0.1569725925903931,0.23317714843749993,0.5318327974276528,False
camelyon_conch_v1_5_s42,camelyon,conch_v1_5,FM,42,0,97099,15,768,1430,6265.0,14607,0.9872765196662694,0.27256637506716375,0.2895412164033101,12.254445611306325,17.048166906685612,20000,0.9541554004840528,7.5535809608192395,1.1254109144572937,0.007909453238447358,59.41680644530122,1.080259877160749,5000,20000,11021,22539,85054,0.1703450511657807,0.04975360156249997,0.687307866799746,False
camelyon_conch_v1_5_s42,camelyon,conch_v1_5,FM,42,1,205337,15,768,3084,7103.0,55149,0.9872765196662694,0.36477964801291685,0.3891570861514754,8.524022187824976,18.503589540690534,20000,1.0650080382988356,10.109070142807415,1.5691287977766917,0.003740192951099899,54.311477740892585,0.6803129371593714,5000,20000,22539,11021,85054,0.13064163087739245,0.0450799648437501,0.7842273392785838,False
camelyon_conch_v1_5_s43,camelyon,conch_v1_5,FM,43,0,145378,15,768,1430,6265.0,51632,0.9872765196662694,0.27819110808950437,0.2919209346684294,9.594349781748768,16.938823417285946,20000,0.8616899309547527,7.70945813479851,1.1449456322915035,0.005282780063008158,69.2841335354323,2.7466438185537267,5000,20000,16225,17335,85054,0.32734938950281045,0.047459457031249874,0.7027118644067796,False
camelyon_conch_v1_5_s43,camelyon,conch_v1_5,FM,43,1,157058,15,768,3084,6601.0,55149,0.9872765196662694,0.3695096165381114,0.3903766841255585,8.710494113370201,18.361811945570793,20000,1.0905539151796495,10.240150875668832,1.5833740137852441,0.004889913280444167,49.26759122082248,1.4158449722630846,5000,20000,17335,16225,85054,0.053986925525227214,0.0321216054687502,0.8085826362849726,False
camelyon_conch_v1_5_s44,camelyon,conch_v1_5,FM,44,0,186847,15,768,1430,6601.0,55149,0.9872765196662694,0.37974419960523803,0.3998576895750052,8.393969161837283,18.221657508375447,20000,1.10020808892854,10.523779961533592,1.6210077405930976,0.004110314856540378,44.86522302242683,1.5092781862484295,5000,20000,20577,12983,85054,0.09103098077332017,0.0388829023437498,0.8156368761238276,False
camelyon_conch_v1_5_s44,camelyon,conch_v1_5,FM,44,1,115589,15,768,3137,6598.0,17621,0.9872765196662694,0.28167865489358546,0.29878910781933743,11.671852030434803,17.132442467792625,20000,0.962329556621069,7.806107866933596,1.1659061125912218,0.006644230852416753,53.970853784660726,1.3454644863649907,5000,20000,12983,20577,85054,0.19908975585975275,0.05925123437500002,0.7062435492567203,False
camelyon_convnext_tiny_s42,camelyon,convnext_tiny,CNN,42,0,97099,15,768,1430,6265.0,14607,0.9969308700834326,0.367494178263963,0.4386591805456459,2.431925588059082,18.846977519677857,20000,0.5730936608736261,10.184297411823328,1.595406362816862,0.007909453238447358,22.052384177967816,1.0568802657598693,5000,20000,11021,22539,85054,0.03153775780389534,0.012317597656249957,0.7541620542600489,False
camelyon_convnext_tiny_s42,camelyon,convnext_tiny,CNN,42,1,205337,15,768,3084,7103.0,55149,0.9969308700834326,0.40012435691905496,0.4445477452002846,1.9367382405142033,19.59487727697277,20000,0.5568400361627418,11.08857144847403,1.7711945331321939,0.003740192951099899,52.934862840753766,1.40523742360637,5000,20000,22539,11021,85054,0.07669422120199687,0.006019996093750035,0.8583912329739563,False
camelyon_convnext_tiny_s43,camelyon,convnext_tiny,CNN,43,0,145378,15,768,1430,6265.0,51632,0.9966328963051252,0.42216731578463423,0.4816836773398492,1.8018983181547248,18.71329252926995,20000,0.5666954779630285,11.699443843743374,1.8262478197980185,0.005282780063008158,43.78885467453711,1.3733536668226318,5000,20000,16225,17335,85054,0.07910097689675533,0.012897121093750186,0.7929134052388289,False
camelyon_convnext_tiny_s43,camelyon,convnext_tiny,CNN,43,1,157058,15,768,3084,6601.0,55149,0.9966328963051252,0.4430590112387816,0.49613930816172547,1.8805250029791236,20.923658206144715,20000,0.6075767269635161,12.278411491468798,2.026657603991942,0.004889913280444167,30.33719715671092,0.9141805429793787,5000,20000,17335,16225,85054,0.06251855704643516,0.016180902343750025,0.8439573117969427,False
camelyon_convnext_tiny_s44,camelyon,convnext_tiny,CNN,44,0,186847,15,768,1430,6601.0,55149,0.9966328963051252,0.4326337810054237,0.4882243340680692,1.939842176606354,20.217200105778684,20000,0.602564616873294,11.989499036352335,1.9452746708459523,0.004110314856540378,30.952189417225867,-1.373584015244173,5000,20000,20577,12983,85054,0.0557471695671774,0.009776628906250195,0.8610497157019974,False
camelyon_convnext_tiny_s44,camelyon,convnext_tiny,CNN,44,1,115589,15,768,3137,6598.0,17621,0.9966328963051252,0.37644534728939016,0.44347912539023415,1.9716350779602707,18.355593384601868,20000,0.5285854469263183,10.432359484450155,1.6128209201366115,0.006644230852416753,35.910785732125596,0.7844341224865576,5000,20000,12983,20577,85054,0.0989313539545057,0.009092425781249691,0.7899961488099823,False
camelyon_densenet121_s42,camelyon,densenet121,CNN,42,0,97099,15,1024,1430,6265.0,14607,0.9963647199046484,0.3654173745553564,0.4801027955037944,2.0514582863077777,12.165832166263801,20000,0.5233841160163943,11.693355985771404,1.2745594678453909,0.010545937651263144,57.18549396847613,2.3799454890139353,5000,20000,11021,22539,85054,0.1535639260542767,0.01566550000000022,0.6782941656836947,False
camelyon_densenet121_s42,camelyon,densenet121,CNN,42,1,205337,15,1024,3084,7103.0,55149,0.9963647199046484,0.36183125558207957,0.4686914512588144,1.8794239578231553,13.123111262957535,20000,0.4960420099331061,11.578600178626546,1.3107639386773304,0.004986923934799866,41.53171634362594,1.750964875007393,5000,20000,22539,11021,85054,0.032583250496421745,0.002528429687500222,0.8006903589334045,False
camelyon_dinov2_vitb14_s42,camelyon,dinov2_vitb14,FM,42,0,97099,15,768,1430,6265.0,14607,0.9717222884386174,0.13245055638332398,0.13203751890122872,12.899735989893983,20.524395561883264,20000,0.4757120998711201,3.6705774903469344,0.6000521207918902,0.007909453238447358,3.9152477621984385,1.6348718023938988,5000,20000,11021,22539,85054,-0.0069786409294455565,0.017847878906249837,0.6012757463025133,False
camelyon_dinov2_vitb14_s42,camelyon,dinov2_vitb14,FM,42,1,205337,15,768,3084,7103.0,55149,0.9717222884386174,0.19219781877930897,0.1874375508234548,13.863069127081022,21.307689022455737,20000,0.715612880650114,5.326342195674861,0.8871899826860346,0.003740192951099899,37.74625936157624,-0.27385812000871174,5000,20000,22539,11021,85054,0.23161899595873348,0.04176618749999994,0.7337051333244599,False
camelyon_dinov2_vitb14_s43,camelyon,dinov2_vitb14,FM,43,0,145378,15,768,1430,6265.0,51632,0.9717222884386174,0.12986316508602838,0.11844393788538887,14.618822441713288,19.00480125774187,20000,0.49652621079240467,3.598873599371294,0.5661319296843061,0.005282780063008158,25.440634049200845,-0.5389572793019077,5000,20000,16225,17335,85054,0.14143048894599797,0.022642785156250178,0.6466600924499228,False
camelyon_dinov2_vitb14_s43,camelyon,dinov2_vitb14,FM,43,1,157058,15,768,3084,6601.0,55149,0.9717222884386174,0.19466098177664043,0.19138670644780853,12.732659980675141,21.817697870621302,20000,0.6946059197156678,5.394603371014089,0.909250128520941,0.004889913280444167,23.85808984311802,1.6339846645627956,5000,20000,17335,16225,85054,0.12285663151859716,0.0346319062499999,0.7379128929910587,False
camelyon_dinov2_vitb14_s44,camelyon,dinov2_vitb14,FM,44,0,186847,15,768,1430,6601.0,55149,0.9717222884386174,0.20303952649960427,0.19712622595951712,13.305240075188442,21.108037792732624,20000,0.7406140549097289,5.626796413472673,0.932834336352821,0.004110314856540378,29.32644268677721,1.3725998246117048,5000,20000,20577,12983,85054,0.16454366013588406,0.03484624609374998,0.7650969529085874,False
camelyon_dinov2_vitb14_s44,camelyon,dinov2_vitb14,FM,44,1,115589,15,768,3137,6598.0,17621,0.9717222884386174,0.13242311438770893,0.1286164758887116,13.627360186397976,19.249610005988643,20000,0.48884329761923967,3.669816995456273,0.5809981709747789,0.006644230852416753,10.230576024040728,1.4642265500639302,5000,20000,12983,20577,85054,0.03867852158483609,0.01560996484374999,0.6352306862820611,False
camelyon_dinov2_vitl14_s42,camelyon,dinov2_vitl14,FM,42,0,97099,15,1024,1430,6265.0,14607,0.9764600715137068,0.11971212558672953,0.1156187010655394,10.10050552345094,19.42258571763601,20000,0.3804606077890606,3.830788018775345,0.5275840598463776,0.010545937651263144,-2.3678054453163693,0.14237262993917668,5000,20000,11021,22539,85054,-0.011070349809723101,0.008152859374999766,0.6171218582705744,False
camelyon_dinov2_vitl14_s42,camelyon,dinov2_vitl14,FM,42,1,205337,15,1024,3084,7103.0,55149,0.9764600715137068,0.1690882728649421,0.15434064603451825,12.812231412568993,20.406826479784808,20000,0.6052375648211689,5.410824731678147,0.7638379362377192,0.004986923934799866,28.426153775194646,1.0380229873167812,5000,20000,22539,11021,85054,0.2255908058937447,0.028775867187499804,0.746195483384356,False
camelyon_dinov2_vitl14_s43,camelyon,dinov2_vitl14,FM,43,0,145378,15,1024,1430,6265.0,51632,0.9764600715137068,0.11775556264094192,0.10288909174261396,11.692672423939362,18.48452322136017,20000,0.4026598461919592,3.7681780045101414,0.5062739229706976,0.007043706750677544,17.663653152283498,-0.4042184894708326,5000,20000,16225,17335,85054,0.15386091777292066,0.02033103515625001,0.6562699537750385,False
camelyon_dinov2_vitl14_s43,camelyon,dinov2_vitl14,FM,43,1,157058,15,1024,3084,6601.0,55149,0.9764600715137068,0.1824223961403727,0.1700668939325538,11.250817355728934,21.409045418921902,20000,0.6118855442892719,5.837516676491926,0.844066779321511,0.006519884373925556,14.325235638433737,3.115692211827982,5000,20000,17335,16225,85054,0.09782030208812798,0.02187642187499983,0.7496083068935679,False
camelyon_dinov2_vitl14_s44,camelyon,dinov2_vitl14,FM,44,0,186847,15,1024,1430,6601.0,55149,0.9764600715137068,0.18333737428984775,0.1664210582444713,12.394459867390038,20.234132568097777,20000,0.6454532768845525,5.866795977275128,0.8246948883710236,0.005480419808720504,21.75511735733272,1.1753772130134152,5000,20000,20577,12983,85054,0.15804746020693416,0.03203557031249993,0.7733790154055499,False
camelyon_dinov2_vitl14_s44,camelyon,dinov2_vitl14,FM,44,1,115589,15,1024,3137,6598.0,17621,0.9764600715137068,0.12042489297355614,0.11415935623246753,10.526894374242817,18.549082337480783,20000,0.39072068320038017,3.8535965751537966,0.5186537036797707,0.008858974469889003,4.02851239548164,1.1216563973727878,5000,20000,12983,20577,85054,0.03133298600176826,0.015496011718750147,0.6461742278364013,False
camelyon_effb3_s42,camelyon,effb3,CNN,42,0,97099,15,1536,1430,6265.0,14607,0.9962753277711561,0.5503001756700043,0.5041166444017999,1.8062607869845488,9.75075436733051,20000,0.7395880379730768,21.567274172087306,1.71837822025921,0.015818906476894715,48.63750863419851,3.8903202097645475,5000,20000,11021,22539,85054,0.20049685974808917,0.03560996093750013,0.5515905997640868,False
camelyon_effb3_s42,camelyon,effb3,CNN,42,1,205337,15,1536,3084,7103.0,55149,0.9962753277711561,0.5358036760413076,0.4886023761272894,1.6366429959311006,10.097103295045862,20000,0.6854608687063651,20.99912973773926,1.702566518025073,0.007480385902199798,29.897327693957156,5.086127342620111,5000,20000,22539,11021,85054,0.07204147072294897,0.00962955468749993,0.7101592794711389,False
camelyon_efficientnet_v2_s_s42,camelyon,efficientnet_v2_s,CNN,42,0,97099,15,1280,1430,6265.0,14607,0.9962753277711561,0.47457427672841546,0.4775071009659425,1.7837390952925944,20.09597119044733,20000,0.6338257224029893,16.978885490200536,2.127446729197651,0.01318242206407893,28.704213430736015,2.9118286296743863,5000,20000,11021,22539,85054,0.10867315565267388,0.026443832031250114,0.6639560838399421,False
camelyon_efficientnet_v2_s_s42,camelyon,efficientnet_v2_s,CNN,42,1,205337,15,1280,3084,7103.0,55149,0.9962753277711561,0.45316424188368143,0.4316983314366487,1.7161466450737972,20.817087952417026,20000,0.5936532247057411,16.212896797185106,2.067595707909898,0.006233654918499832,18.557693249895546,0.23424851420993786,5000,20000,22539,11021,85054,0.06404345766421382,0.013092371093750055,0.7813851546208793,False
camelyon_mobilenet_v3_large_s42,camelyon,mobilenet_v3_large,CNN,42,0,97099,15,960,1430,6265.0,14607,0.9965137067938021,0.38192199948913913,0.36150917602292376,5.923038097717595,19.94756155505193,20000,0.9294947441537852,11.833420348573387,1.705766505371786,0.009886816548059197,50.196743343385755,5.39785830774851,5000,20000,11021,22539,85054,0.12355413316501984,0.04815897265625002,0.7261609654296344,False
camelyon_mobilenet_v3_large_s42,camelyon,mobilenet_v3_large,CNN,42,1,205337,15,960,3084,7103.0,55149,0.9965137067938021,0.36238809675842,0.3446080045613036,4.522130809036862,22.131916363479903,20000,0.7706292418911728,11.228184508873301,1.7048392454198755,0.004675241188874874,38.32215457524372,2.0846406724347286,5000,20000,22539,11021,85054,0.05867562879365962,0.021697968750000185,0.829102444651493,False
camelyon_regnet_y_3_2gf_s42,camelyon,regnet_y_3_2gf,CNN,42,0,97099,15,1512,1430,6265.0,14607,0.9964839094159714,0.29129737361353464,0.2853791015145377,15.35227186003864,22.07709438498269,20000,1.1413606488936914,11.326936467099323,1.3686976643875264,0.015571736063193236,90.49747502313511,2.2567455088702895,5000,20000,11021,22539,85054,0.1754591670060005,0.07746227734374989,0.7821831049813992,False
camelyon_regnet_y_3_2gf_s42,camelyon,regnet_y_3_2gf,CNN,42,1,205337,15,1512,3084,7103.0,55149,0.9964839094159714,0.31364979199984705,0.31134276605514155,11.723994642971167,25.323474179331747,20000,1.07394690197259,12.196097832363414,1.5783621126087117,0.007363504872477927,76.2530395233535,1.1408866638303117,5000,20000,22539,11021,85054,0.06907327107906869,0.03230263671874989,0.8728568259461378,False
camelyon_resnet18_s42,camelyon,resnet18,CNN,42,0,97099,15,512,1430,6265.0,14607,0.9953814064362336,0.525552585553528,0.5590292757300157,1.2346288660912785,12.219060007412441,20000,0.5839617352108376,11.891897507680731,1.8371096389389518,0.005272968825631572,28.779679357813286,2.619516419959405,5000,20000,11021,22539,85054,0.2030087907850313,0.003416156250000024,0.6800145177388622,False
camelyon_resnet18_s42,camelyon,resnet18,CNN,42,1,205337,15,512,3084,7103.0,55149,0.9953814064362336,0.47693856367606946,0.5282431187463115,1.4255144056796414,12.951786008071558,20000,0.569440359326911,10.791887762711063,1.7164346361166505,0.002493461967399933,21.224588130960353,-0.7798684426187483,5000,20000,22539,11021,85054,0.06853648912545529,-0.00023120703125001363,0.8069648165402192,False
camelyon_resnet50_s42,camelyon,resnet50,CNN,42,0,97099,15,2048,1430,6265.0,14607,0.9953516090584028,0.5273241355735628,0.5371182599611533,1.4596622342155245,11.025932828987923,20000,0.6370944697580563,23.863966217433642,1.7509966717821241,0.021091875302526288,44.85489786864146,2.8841158278219754,5000,20000,11021,22539,85054,0.33486459293176385,0.017025132812499955,0.644123037836857,False
camelyon_resnet50_s42,camelyon,resnet50,CNN,42,1,205337,15,2048,3084,7103.0,55149,0.9953516090584028,0.5016655360487198,0.5103371255263142,1.4758564706728587,11.716105944958517,20000,0.6094475398784963,22.702790555368587,1.7171408164855007,0.009973847869599732,18.511974893795095,0.5374890914160726,5000,20000,22539,11021,85054,0.0718257829413318,0.00731210546874983,0.7679364656817073,False
camelyon_resnet50_s43,camelyon,resnet50,CNN,43,0,145378,15,2048,1430,6265.0,51632,0.9951728247914183,0.5450210924107936,0.5478484042901393,1.269363125512179,11.895439799066889,20000,0.6140535534479344,24.664839061335815,1.8797650109596327,0.014087413501355088,39.90043175879642,1.2080819063096395,5000,20000,16225,17335,85054,0.19197804908765448,0.009202078124999957,0.6703137134052388,False
camelyon_resnet50_s43,camelyon,resnet50,CNN,43,1,157058,15,2048,3084,6601.0,55149,0.9951728247914183,0.5553712975250924,0.5753681935677859,1.367674306688643,12.021673122682884,20000,0.6494934491605445,25.13323587560733,1.9255991629477331,0.013039768747851113,43.64441273319109,2.309664316962251,5000,20000,17335,16225,85054,0.07177392797552085,0.0040619843750000495,0.7540501874819728,False
camelyon_resnet50_s44,camelyon,resnet50,CNN,44,0,186847,15,2048,1430,6601.0,55149,0.9953516090584028,0.5710283489572001,0.572527457671512,1.4360020150775608,11.736669416633173,20000,0.6842821231131954,25.841793139033243,1.9562759037548678,0.010960839617441008,19.6086514028301,2.347748347946464,5000,20000,20577,12983,85054,0.028846425357864414,0.0007799414062499288,0.7981212032852214,False
camelyon_resnet50_s44,camelyon,resnet50,CNN,44,1,115589,15,2048,3137,6598.0,17621,0.9953516090584028,0.4886447428064879,0.49860604423892974,1.3553302972861223,11.204858617282675,20000,0.568873631864909,22.11353671869594,1.635672760145527,0.017717948939778006,30.15505405806214,1.244610816513816,5000,20000,12983,20577,85054,0.15147825101980816,0.0020593710937499843,0.6814357236386042,False
camelyon_uni_s42,camelyon,uni,FM,42,0,97099,15,1024,1430,6265.0,14607,0.9943682955899881,0.25040107894773234,0.26283122443542206,30.818797595988215,13.461507793488291,20000,1.3900935913992774,8.012834526327435,0.9187197430444707,0.010545937651263144,109.96671165016058,0.6826984602257659,5000,20000,11021,22539,85054,0.11630673548276671,0.06726126953125022,0.8532692133200254,False
camelyon_uni_s42,camelyon,uni,FM,42,1,205337,15,1024,3084,7103.0,55149,0.9943682955899881,0.2840636569084469,0.2975625773241839,21.45212819608519,13.63359563821692,20000,1.3156817951051112,9.090037021070302,1.0488681025992426,0.004986923934799866,108.21523522355736,0.6364134834800496,5000,20000,22539,11021,85054,0.07028137726798056,0.03595009374999991,0.9161444607125429,False
camelyon_uni_s43,camelyon,uni,FM,43,0,145378,15,1024,1430,6265.0,51632,0.9943682955899881,0.2438123704451732,0.2434748481847243,26.963551838798573,11.450612816798595,20000,1.2660308455243936,7.8019958542455425,0.8250306859541618,0.007043706750677544,119.75189040201309,1.1543550550881074,5000,20000,16225,17335,85054,0.21212446470785684,0.08668902734374995,0.8845325115562404,False
camelyon_uni_s43,camelyon,uni,FM,43,1,157058,15,1024,3084,6601.0,55149,0.9943682955899881,0.2848673225533166,0.28806722215856306,25.473579331882647,14.81729373087426,20000,1.4377640491600403,9.115754321706131,1.0965465650510184,0.006519884373925556,123.6493957574391,-0.7347739970993517,5000,20000,17335,16225,85054,0.014451055084778841,0.012553281249999992,0.9145809056821461,False
camelyon_uni_s44,camelyon,uni,FM,44,0,186847,15,1024,1430,6601.0,55149,0.9943682955899881,0.29155445421454096,0.3018002275402417,20.55163257380998,13.832612514256168,20000,1.3217302942073073,9.32974253486531,1.0843557492874205,0.005480419808720504,100.78175119846323,-1.0677590593862691,5000,20000,20577,12983,85054,0.055488497896653,0.029251707031249907,0.9225057102590272,False
camelyon_uni_s44,camelyon,uni,FM,44,1,115589,15,1024,3137,6598.0,17621,0.9943682955899881,0.25595152259289566,0.26723165593488873,31.632589062885554,12.331603138538703,20000,1.4395444753893718,8.190448722972661,0.8988091546845316,0.008858974469889003,94.82126218026244,1.2548920056487824,5000,20000,12983,20577,85054,0.15458035560999894,0.0880146015625003,0.87075868443349,False
camelyon_virchow2_s42,camelyon,virchow2,FM,42,0,97099,15,2560,1430,6265.0,14607,0.9948152562574494,0.2419767913289495,0.27325754872267305,10.491312513016297,11.334083144853853,20000,0.7837699807874674,12.243164823980203,0.8146422132940773,0.02636484412815786,69.5707070545337,1.1125431316349117,5000,20000,11021,22539,85054,0.09404055739322525,0.023684054687500122,0.7863424371654114,False
camelyon_virchow2_s42,camelyon,virchow2,FM,42,1,205337,15,2560,3084,7103.0,55149,0.9948152562574494,0.29052087905739943,0.3102350775157541,9.94689498836895,12.078820351686476,20000,0.9162650393031544,14.699322970491101,1.0096936165918202,0.012467309836999663,72.45007460585809,0.810322103304256,5000,20000,22539,11021,85054,0.1300920611476295,0.03471010937500019,0.851793779670793,False
camelyon_virchow2_s43,camelyon,virchow2,FM,43,0,145378,15,2560,1430,6265.0,51632,0.9948152562574494,0.23558755495667805,0.2508031876849056,10.721374923357557,10.18464961924002,20000,0.7713963624261476,11.919892192851094,0.7518399368333847,0.017609266876693862,90.78428454020298,1.515939459186592,5000,20000,16225,17335,85054,0.26546938990215596,0.036204718749999976,0.8016394453004623,False
camelyon_virchow2_s43,camelyon,virchow2,FM,43,1,157058,15,2560,3084,6601.0,55149,0.9948152562574494,0.2791061055981062,0.29985438172313883,9.791341157463615,12.88123136633355,20000,0.8733542308033978,14.121776040791808,1.0017238810630524,0.01629971093481389,63.49831035178996,2.3518274352416983,5000,20000,17335,16225,85054,0.03951491385904837,0.020545683593749975,0.8667262763195848,False
camelyon_virchow2_s44,camelyon,virchow2,FM,44,0,186847,15,2560,1430,6601.0,55149,0.9948152562574494,0.3051520112017843,0.32368933953459156,9.548556171571905,11.97064781662136,20000,0.942942238886981,15.439606207661658,1.0557839693866673,0.01370104952180126,64.09475209332669,0.15897964898128486,5000,20000,20577,12983,85054,0.09037842376957328,0.031760082031250025,0.8732915390970503,False
camelyon_virchow2_s44,camelyon,virchow2,FM,44,1,115589,15,2560,3137,6598.0,17621,0.9948152562574494,0.23847737625067333,0.26424644295218114,11.375748023104329,10.934590566083253,20000,0.8043353697939254,12.066106869969177,0.7885848837502106,0.022147436174722507,64.91194450960627,1.7745428994541614,5000,20000,12983,20577,85054,0.1432693425026702,0.030085812499999975,0.7897358083647846,False
dermamnist_convnext_tiny_s42_std,dermamnist,convnext_tiny,CNN,42,0,3514,2838,768,1,1.0,5,0.9235209235209235,0.703533103660596,0.6855836085711013,15.36905249516025,9.542935401027039,3514,2.7580877813532045,19.49688128554838,2.173329271247158,0.21855435401252135,23.684580032114074,6.087668814757589,337,3514,356,337,2298,0.006661711782647739,0.003852175781249967,0.023202247191011233,False
dermamnist_convnext_tiny_s42_std,dermamnist,convnext_tiny,CNN,42,1,3493,2840,768,1,1.0,6,0.9235209235209235,0.7041628371384491,0.6874205460282528,15.067173428908776,10.261315761470378,3493,2.733310656912862,19.51433297161028,2.2556651357249553,0.21986830804466076,22.91460279593471,6.210766526055895,356,3493,337,356,2298,0.0034833809641164892,0.005340859374999951,0.02225519287833828,False
dermamnist_convnext_tiny_s43_std,dermamnist,convnext_tiny,CNN,43,0,3514,2838,768,1,1.0,5,0.9177489177489178,0.7189049798426019,0.7085017138303025,14.378542518777312,9.117339426912618,3512,2.726019291823935,19.922879214426658,2.1707287268974187,0.21855435401252135,22.0211647509463,4.6119219563820355,337,3514,356,337,2298,0.0007467546024736427,0.004661109374999972,0.02359550561797753,False
dermamnist_convnext_tiny_s43_std,dermamnist,convnext_tiny,CNN,43,1,3493,2840,768,1,1.0,6,0.9177489177489178,0.7228428916554992,0.7130719814641684,14.362860404934189,9.116532365712624,3493,2.73945634673395,20.03200982779728,2.1825226208123283,0.21986830804466076,22.59876277182131,4.86011768808464,356,3493,337,356,2298,0.01057977134032173,0.007190910156249841,0.023620178041543025,False
dermamnist_densenet121_s42_std,dermamnist,densenet121,CNN,42,0,3514,2838,1024,1,1.0,5,0.8744588744588745,0.6763695279464601,0.7494935296208137,14.42305236980842,11.33029044724654,3512,2.5686954922519556,21.643824894286723,2.276693433007316,0.29140580535002847,15.925790621919331,0.5205047090975434,337,3514,356,337,2298,0.0019716777837079924,0.006714253906250023,0.02202247191011236,False
dermamnist_densenet121_s42_std,dermamnist,densenet121,CNN,42,1,3493,2840,1024,1,1.0,6,0.8744588744588745,0.6802368236339477,0.7534706657401551,14.332155859860762,11.732567665490867,3493,2.575229266729804,21.767578356286325,2.3300040286683688,0.29315774405954764,15.912775908698896,-0.12639583039544153,356,3493,337,356,2298,0.01033638701946027,0.007300499999999821,0.021543026706231455,False
dermamnist_densenet121_s43_std,dermamnist,densenet121,CNN,43,0,3514,2838,1024,1,1.0,5,0.8715728715728716,0.686499868123312,0.7571120929087793,13.489679181677218,10.964929919309974,3514,2.521397214638669,21.967995779945984,2.2732300495289337,0.29140580535002847,15.356338421423462,0.8939829177913692,337,3514,356,337,2298,0.007013403939886587,0.005655984374999923,0.02140449438202247,False
dermamnist_densenet121_s43_std,dermamnist,densenet121,CNN,43,1,3493,2840,1024,1,1.0,6,0.8715728715728716,0.6489340976190803,0.753735506060033,13.428851397256905,12.263472193483805,3493,2.37804477973431,20.76589112381057,2.272517936429264,0.29315774405954764,15.67610708994109,0.3783902109801124,356,3493,337,356,2298,0.0031436367644471774,0.002696851562500102,0.021543026706231455,False
dermamnist_effb3_s42_std,dermamnist,effb3,CNN,42,0,3514,2838,1536,1,1.0,5,0.8816738816738817,0.7337513312202013,0.7453537806300554,15.621061346731137,10.848431878571237,3512,2.9000412222101324,28.757061753238165,2.4167536618038112,0.4371087080250427,11.139481286864907,-1.6958056446495433,337,3514,356,337,2298,0.001705442177877492,0.006812183593750132,0.022022471910112362,False
dermamnist_effb3_s42_std,dermamnist,effb3,CNN,42,1,3493,2840,1536,1,1.0,6,0.8816738816738817,0.734100389663582,0.7462623657986334,15.26994281384264,11.603459971225332,3493,2.8686275162380137,28.77074199446525,2.5006286854717756,0.4397366160893215,11.884516228884056,-2.5004192897460658,356,3493,337,356,2298,0.013811777288213811,0.0059732070312499275,0.02201780415430267,False
dermamnist_efficientnet_v2_s_s42_std,dermamnist,efficientnet_v2_s,CNN,42,0,3514,2838,1280,1,1.0,5,0.898989898989899,0.8103083356533318,0.8163854558225797,8.518278503242499,11.662340592913521,3514,2.364973202373558,28.990472340089063,2.7672166801169293,0.36425725668753556,12.99745301340009,3.8038471089677164,337,3514,356,337,2298,0.0003879495293898083,0.0053524804687499206,0.02056179775280899,False
dermamnist_efficientnet_v2_s_s42_std,dermamnist,efficientnet_v2_s,CNN,42,1,3493,2840,1280,1,1.0,6,0.898989898989899,0.8145863132644351,0.8213080181301946,8.305645892964318,11.904736269446376,3493,2.3475984515523822,29.143525920003448,2.8105867733606478,0.3664471800744346,12.886260373054121,3.6353857919422405,356,3493,337,356,2298,0.00781333311976451,0.004634621093750013,0.02041543026706232,False
dermamnist_fm_conch_v1_5_s42_std,dermamnist,fm_conch_v1_5,FM,42,0,3514,2838,768,1,1.0,5,0.7316017316017316,0.5910813622115794,0.5998712523342099,18.466073212388952,14.91264594217025,3512,2.5400048276873815,16.38052721211965,2.282572701406439,0.21855435401252135,9.124715911041902,-0.697252004058281,337,3514,356,337,2298,-0.008697623440247382,0.0040841367187500754,0.018258426966292134,False
dermamnist_fm_conch_v1_5_s42_std,dermamnist,fm_conch_v1_5,FM,42,1,3493,2840,768,1,1.0,6,0.7316017316017316,0.571765154788575,0.5805966265963891,18.124461927313764,14.985005733516916,3493,2.4341663007963916,15.845220769460727,2.2133298504623125,0.21986830804466076,8.70560659392269,-1.2369817431363905,356,3493,337,356,2298,0.014984548759085281,0.003688242187499857,0.0170919881305638,False
dermamnist_fm_dinov2_vitb14_s42_std,dermamnist,fm_dinov2_vitb14,FM,42,0,3514,2838,768,1,1.0,5,0.7171717171717171,0.5828758134832894,0.5975794259687468,18.277357726479412,15.186038527829583,3512,2.491912224327435,16.153128375297563,2.2714243818709487,0.21855435401252135,8.493997152088365,-1.4829541995397855,337,3514,356,337,2298,-0.008640905100078977,0.005367855468750071,0.019101123595505618,False
dermamnist_fm_dinov2_vitb14_s42_std,dermamnist,fm_dinov2_vitb14,FM,42,1,3493,2840,768,1,1.0,6,0.7171717171717171,0.5615324370387984,0.5747389247111163,18.347747345319277,16.378043995840613,3493,2.405283233715307,15.561643376786728,2.2725103252755687,0.21986830804466076,9.088426437851249,-1.231416809775299,356,3493,337,356,2298,0.024187229123406984,0.00342051953125011,0.017329376854599406,False
dermamnist_fm_dinov2_vitl14_s42_std,dermamnist,fm_dinov2_vitl14,FM,42,0,3514,2838,1024,1,1.0,5,0.6782106782106783,0.5779209435918718,0.5921703323825502,20.976812265677612,14.250196768027267,3512,2.6469039321091534,18.4934701949399,2.181618782445407,0.29140580535002847,6.645274272014145,-1.6073377947876175,337,3514,356,337,2298,-0.0071832071231474615,0.005733332031250038,0.019606741573033708,False
dermamnist_fm_dinov2_vitl14_s42_std,dermamnist,fm_dinov2_vitl14,FM,42,1,3493,2840,1024,1,1.0,6,0.6782106782106783,0.5635236065808624,0.5767800892603754,21.19643212603528,16.153940153901388,3493,2.594439191755146,18.032755410587598,2.2649120825808366,0.29315774405954764,8.279482132405372,-2.6838504603336495,356,3493,337,356,2298,0.020571644407774037,0.006171632812499994,0.017566765578635016,False
dermamnist_fm_uni_s42_std,dermamnist,fm_uni,FM,42,0,3514,2838,1024,1,1.0,5,0.7200577200577201,0.5878175093968289,0.5956647509764128,36.85415997212998,12.577890215458936,3512,3.5685006207371663,18.810160300698524,2.084713689149887,0.29140580535002847,14.692706277523857,-3.1929994787758376,337,3514,356,337,2298,-0.0007812455340246993,0.0030194843750001032,0.02039325842696629,False
dermamnist_fm_uni_s42_std,dermamnist,fm_uni,FM,42,1,3493,2840,1024,1,1.0,6,0.7200577200577201,0.5696676927635798,0.5785113732951486,35.94332882202965,12.439291864562867,3493,3.415314785375533,18.229366168434552,2.0091826498362315,0.29315774405954764,14.643867699192317,-2.040821130073751,356,3493,337,356,2298,0.006366092326097417,0.0030329531250000707,0.019821958456973297,False
dermamnist_fm_virchow2_s42_std,dermamnist,fm_virchow2,FM,42,0,3514,2838,2560,1,1.0,5,0.7388167388167388,0.5749882284766329,0.5689063695513331,20.906837788695746,13.944808418811014,3514,2.629075926186912,29.092358876343173,2.1471640624362713,0.7285145133750711,13.532826469826029,1.9215192671843293,337,3514,356,337,2298,0.0065132727372388954,0.0017742773437499082,0.018202247191011236,False
dermamnist_fm_virchow2_s42_std,dermamnist,fm_virchow2,FM,42,1,3493,2840,2560,1,1.0,6,0.7388167388167388,0.5437103649474776,0.5407334784904587,20.827884250510266,14.39206271966588,3493,2.4813623590114147,27.50981025080648,2.0626670626301484,0.7328943601488692,13.334252759970319,3.445629234080197,356,3493,337,356,2298,-0.002003640565160003,0.0024274414062500638,0.01691394658753709,False
dermamnist_mobilenet_v3_large_s42_std,dermamnist,mobilenet_v3_large,CNN,42,0,3514,2838,960,1,1.0,5,0.8268398268398268,0.67560255237784,0.6883878468172593,20.08933258011645,12.125569643043221,3512,3.028126653897189,20.932779472116785,2.35256892856361,0.2731929425156517,12.882597316039101,-2.4944123223733463,337,3514,356,337,2298,-0.002568128966094374,0.01115386328125001,0.02151685393258427,False
dermamnist_mobilenet_v3_large_s42_std,dermamnist,mobilenet_v3_large,CNN,42,1,3493,2840,960,1,1.0,6,0.8268398268398268,0.6636890596842898,0.6775578630803879,19.862625656503045,13.19111358154083,3493,2.9578965960416004,20.56365340173852,2.4104903026385243,0.27483538505582594,12.57409156487475,-2.922856157052482,356,3493,337,356,2298,0.028012813520717827,0.011082835937499924,0.021246290801186948,False
dermamnist_regnet_y_3_2gf_s42_std,dermamnist,regnet_y_3_2gf,CNN,42,0,3514,2838,1512,1,1.0,5,0.8672438672438673,0.6641873990551029,0.6741436908278582,31.606530103465307,10.039810659676649,3512,3.734040652625028,25.82655785055641,2.104521627391877,0.4302788844621514,16.986468030134127,-4.310802590649722,337,3514,356,337,2298,0.022575720235504915,0.010625578125000201,0.022303370786516855,False
dermamnist_regnet_y_3_2gf_s42_std,dermamnist,regnet_y_3_2gf,CNN,42,1,3493,2840,1512,1,1.0,6,0.8672438672438673,0.6549205232560509,0.6642059514765657,30.82080477430127,11.607272678601708,3493,3.635888759193767,25.466220535728365,2.2312780527003913,0.43286573146292584,16.7801388943243,-4.000648103514508,356,3493,337,356,2298,0.00030869909680408814,0.010460253906249939,0.02195845697329377,False
dermamnist_resnet18_s42_std,dermamnist,resnet18,CNN,42,0,3514,2838,512,1,1.0,5,0.8383838383838383,0.7376875858294393,0.7488476158701727,12.98466439525714,11.062336661401531,3512,2.6582011381247668,16.691964618788155,2.4535556376337033,0.14570290267501423,14.659159746069303,1.2430896498348092,337,3514,356,337,2298,0.0015277643692723775,0.009534847656250012,0.02151685393258427,False
dermamnist_resnet18_s42_std,dermamnist,resnet18,CNN,42,1,3493,2840,512,1,1.0,6,0.8383838383838383,0.7314720202979822,0.7425135611536158,12.781181582265514,11.871814617100625,3493,2.6150694124144973,16.55132242562967,2.52032339985806,0.14657887202977382,17.1534747204304,0.9689367711566435,356,3493,337,356,2298,0.011413640119161017,0.008055332031249862,0.021543026706231455,False
dermamnist_resnet18_s43_std,dermamnist,resnet18,CNN,43,0,3514,2838,512,1,1.0,5,0.8398268398268398,0.730712729441533,0.7431238885844591,13.64635187340776,10.974950995420281,3512,2.6993236253387294,16.534141634798047,2.4207390048833832,0.14570290267501423,16.039376190544925,1.2279146759227046,337,3514,356,337,2298,0.0006191356167033479,0.009231585937500175,0.021629213483146066,False
dermamnist_resnet18_s43_std,dermamnist,resnet18,CNN,43,1,3493,2840,512,1,1.0,6,0.8398268398268398,0.7300217691453541,0.7420375763379445,13.478703416625907,11.83319804832642,3493,2.680154743684417,16.518506988047367,2.5112322352839045,0.14657887202977382,17.314307479877815,1.0238072125695306,356,3493,337,356,2298,0.019446777210011534,0.007684214843749926,0.021186943620178044,False
dermamnist_resnet50_s42_std,dermamnist,resnet50,CNN,42,0,3514,2838,2048,1,1.0,5,0.847041847041847,0.8024596231487848,0.8119614944723602,9.036606702108068,10.71912100942726,3514,2.412269801198504,36.315177034042065,2.6272583221039234,0.5828116107000569,10.46726881057401,1.6198057749216241,337,3514,356,337,2298,-0.00660337934377897,0.005577328125000225,0.019775280898876403,False
dermamnist_resnet50_s42_std,dermamnist,resnet50,CNN,42,1,3493,2840,2048,1,1.0,6,0.847041847041847,0.7957266367989144,0.8055044760323081,8.908240251227852,11.130394349710093,3493,2.3749794538224447,36.01047685448175,2.654722752904258,0.5863154881190953,10.94293177301092,1.5158797146906617,356,3493,337,356,2298,0.016024333005812852,0.005404371093749583,0.01958456973293769,False
dermamnist_resnet50_s43_std,dermamnist,resnet50,CNN,43,0,3514,2838,2048,1,1.0,5,0.8715728715728716,0.8236173995559064,0.8346696019257035,8.650206464698398,10.876027832275824,3514,2.4223603519681354,37.27266869306955,2.716193264898586,0.5828116107000569,11.662737860004203,4.1897258188149324,337,3514,356,337,2298,-0.015802204007160703,0.006477363281250037,0.020337078651685395,False
dermamnist_resnet50_s43_std,dermamnist,resnet50,CNN,43,1,3493,2840,2048,1,1.0,6,0.8715728715728716,0.8205996003941329,0.8314109996472814,8.573241770710364,11.589285796181802,3493,2.402723725333457,37.1360986929704,2.7935705106696385,0.5863154881190953,13.039956670722315,2.205039972389824,356,3493,337,356,2298,0.02839027684933859,0.005896039062500136,0.02047477744807122,False
isic2019_convnext_tiny_s42_std,isic2019,convnext_tiny,CNN,42,0,8936,5525,768,1,1.0,24,0.8636213174445548,0.6493870313129781,0.6285366108369838,28.576834633972037,6.721048748385195,8920,3.4714480629556386,17.996341312166393,1.6835349391508867,0.08594449418084155,39.720579783987425,-2.4028681568835975,1421,8936,1483,1421,492,0.003185810534144351,0.017279374999999986,0.04548887390424815,False
isic2019_convnext_tiny_s42_std,isic2019,convnext_tiny,CNN,42,1,8948,5516,768,1,1.0,19,0.8636213174445548,0.6498415502962843,0.629994616654084,28.050853010102305,6.318739393806189,8930,3.441759442039587,18.008937311719848,1.6335133881982997,0.08582923558337059,41.021741345224754,-1.7871994152728083,1483,8948,1421,1483,492,0.037563029365352496,0.015744914062500115,0.04776917663617171,False
isic2019_convnext_tiny_s43_std,isic2019,convnext_tiny,CNN,43,0,8936,5525,768,1,1.0,24,0.8722277391592188,0.64386490999007,0.617779352189939,26.409459403085556,7.0542983801519545,8920,3.3088304426835182,17.843307797017008,1.7101006410442492,0.08594449418084155,40.97022370457555,-0.8381697672352616,1421,8936,1483,1421,492,0.006671615448373247,0.014880242187499948,0.04600134861766689,False
isic2019_convnext_tiny_s43_std,isic2019,convnext_tiny,CNN,43,1,8948,5516,768,1,1.0,19,0.8722277391592188,0.6487646495864864,0.6235203574373884,25.959117371873866,6.477393599037804,8942,3.305461770659151,17.979093363814613,1.6511530136737362,0.08582923558337059,42.98602809197858,-0.8202023336728406,1483,8948,1421,1483,492,0.032572597901177835,0.01472076562500002,0.04819141449683323,False
isic2019_densenet121_s42_std,isic2019,densenet121,CNN,42,0,8936,5525,1024,1,1.0,24,0.8149619331347236,0.6141988913262166,0.67941733956826,18.124801825958443,7.963749387241763,8924,2.614843261353749,19.654364522438932,1.73327638696556,0.11459265890778872,33.449942828210006,-8.187464076317264,1421,8936,1483,1421,492,0.022692967330737668,0.005689382812499977,0.04283209710047202,False
isic2019_densenet121_s42_std,isic2019,densenet121,CNN,42,1,8948,5516,1024,1,1.0,19,0.8149619331347236,0.611914526922101,0.6783271786069991,18.095328077761035,7.1582674351430295,8934,2.602998958080863,19.581264861507233,1.637173564227158,0.11443898077782745,36.643279091185256,-6.893493846896571,1483,8948,1421,1483,492,0.02627449926937442,0.006156390624999952,0.04441942294159043,False
isic2019_densenet121_s43_std,isic2019,densenet121,CNN,43,0,8936,5525,1024,1,1.0,24,0.8037073816617014,0.6174437058281352,0.6878166311524233,17.91451020354588,7.592402798404534,8922,2.613363596433705,19.758198586500328,1.7013238418052985,0.11459265890778872,32.65558667595449,-8.623974414657871,1421,8936,1483,1421,492,0.020124096544198,0.0074223593750001315,0.043277140930546194,False
isic2019_densenet121_s43_std,isic2019,densenet121,CNN,43,1,8948,5516,1024,1,1.0,19,0.8037073816617014,0.6150876882602374,0.6868954487833777,18.013256119166158,7.026569237327703,8928,2.610556795402233,19.682806024327597,1.630454557908429,0.11443898077782745,35.38855384933786,-7.88870085792186,1483,8948,1421,1483,492,0.03167547448654273,0.007495910156249841,0.04608022519352569,False
isic2019_effb3_s42_std,isic2019,effb3,CNN,42,0,8936,5525,1536,1,1.0,24,0.8325057927838464,0.6756081490474536,0.6847958464623349,16.604480088388566,7.566966825994319,8928,2.7530082963318145,26.478323699719457,1.8584710241624474,0.1718889883616831,28.498785705786922,-3.609195436987418,1421,8936,1483,1421,492,0.002225715286242047,0.007967855468750007,0.04401888064733648,False
isic2019_effb3_s42_std,isic2019,effb3,CNN,42,1,8948,5516,1536,1,1.0,19,0.8325057927838464,0.6746482978938194,0.6840283694856635,16.5799481233384,7.034331962158667,8931,2.747065487193672,26.44070537083265,1.7893234712373323,0.17165847116674118,29.914357934781233,-4.074595898363543,1483,8948,1421,1483,492,0.03352786296159349,0.00875295703125012,0.046755805770584094,False
isic2019_efficientnet_v2_s_s42_std,isic2019,efficientnet_v2_s,CNN,42,0,8936,5525,1280,1,1.0,24,0.8768619662363456,0.7473216242028786,0.7584665712936234,9.889438932590128,8.859915254337475,8921,2.350138058198545,26.73699124437102,2.2244483844402576,0.1432408236347359,24.701127099127145,3.5487997911939955,1421,8936,1483,1421,492,0.004482311751187629,0.005376761718749901,0.03900202292650034,False
isic2019_efficientnet_v2_s_s42_std,isic2019,efficientnet_v2_s,CNN,42,1,8948,5516,1280,1,1.0,19,0.8768619662363456,0.7496137626918489,0.7596223415920348,9.97448249669507,8.318650031021152,8940,2.3674604783337543,26.818997283973918,2.162041263233958,0.1430487259722843,25.4618342343763,2.624706101746871,1483,8948,1421,1483,492,0.013977832464090567,0.006117218750000042,0.041463757916959894,False
isic2019_fm_conch_v1_5_s42_std,isic2019,fm_conch_v1_5,FM,42,0,8936,5525,768,1,1.0,24,0.6828864614366104,0.5560364378820857,0.5612895117404975,19.79184664229146,10.41639725182257,8918,2.473696479812499,15.409333780342212,1.7945766787427146,0.08594449418084155,15.010256911955402,-10.263489821958695,1421,8936,1483,1421,492,0.021171866253543725,0.005401292968749916,0.03130141604855024,False
isic2019_fm_conch_v1_5_s42_std,isic2019,fm_conch_v1_5,FM,42,1,8948,5516,768,1,1.0,19,0.6828864614366104,0.550626919687375,0.5554368890263585,19.832947757931148,9.696513091154213,8928,2.452172816836681,15.259420814618897,1.7146095326719313,0.08582923558337059,16.94115801424865,-9.768572749523372,1483,8948,1421,1483,492,0.012791494822233851,0.00590673828124999,0.03269528501055595,False
isic2019_fm_dinov2_vitb14_s42_std,isic2019,fm_dinov2_vitb14,FM,42,0,8936,5525,768,1,1.0,24,0.6888447533929163,0.5594759397908781,0.5712647530122685,18.379846899369568,9.329517135047125,8922,2.3985697887466357,15.50465205328235,1.7088777603023857,0.08594449418084155,16.428698573545194,-5.546279184501633,1421,8936,1483,1421,492,0.0031901536520061446,0.007404105468750144,0.03344571813890762,False
isic2019_fm_dinov2_vitb14_s42_std,isic2019,fm_dinov2_vitb14,FM,42,1,8948,5516,768,1,1.0,19,0.6888447533929163,0.5637387712069049,0.5751969355774791,18.81529091411323,8.218746804239059,8934,2.445306899877538,15.622787102828896,1.6161464223270643,0.08582923558337059,19.13347024830576,-7.272831548735085,1483,8948,1421,1483,492,0.022982981123739088,0.006978878906250041,0.034904996481351154,False
isic2019_fm_dinov2_vitl14_s42_std,isic2019,fm_dinov2_vitl14,FM,42,0,8936,5525,1024,1,1.0,24,0.6974511751075803,0.5443258174969631,0.5533427479803621,22.452803159951706,9.42435911939954,8924,2.579254625082804,17.41842615990282,1.6710323086571839,0.11459265890778872,16.095945414721008,-7.25040889732792,1421,8936,1483,1421,492,0.012588855532946308,0.008648945312499934,0.03247471341874579,False
isic2019_fm_dinov2_vitl14_s42_std,isic2019,fm_dinov2_vitl14,FM,42,1,8948,5516,1024,1,1.0,19,0.6974511751075803,0.5457113644782787,0.5546260627790675,23.02199510284092,8.408720657297133,8933,2.618390862276264,17.46276366330492,1.5824425813999339,0.11443898077782745,16.41685339097815,-7.367874821872711,1483,8948,1421,1483,492,0.014228080156837852,0.008199773437500113,0.034524982406755805,False
isic2019_fm_uni_s42_std,isic2019,fm_uni,FM,42,0,8936,5525,1024,1,1.0,24,0.6845415425355842,0.5721798771858616,0.5780305880412197,29.657676337674236,7.0433681698662385,8921,3.1160264883806743,18.30975606994757,1.5185278989758664,0.11459265890778872,22.565782295747326,-13.839695757986322,1421,8936,1483,1421,492,0.026927690499980672,0.010081597656250052,0.037046527309507755,False
isic2019_fm_uni_s42_std,isic2019,fm_uni,FM,42,1,8948,5516,1024,1,1.0,19,0.6845415425355842,0.5671202195876809,0.5734239187910447,29.589529318252854,6.58691597685875,8930,3.084921802891618,18.14784702680579,1.4555133504827336,0.11443898077782745,23.078185554312704,-12.330604874927488,1483,8948,1421,1483,492,0.009412306073132481,0.011417757812499985,0.038226600985221675,False
isic2019_fm_virchow2_s42_std,isic2019,fm_virchow2,FM,42,0,8936,5525,2560,1,1.0,24,0.7355180403839788,0.5750236381833896,0.5747782021340434,15.79974846389045,8.608488208997352,8924,2.2856555610276366,29.094150481537252,1.6871323099526905,0.2864816472694718,14.323557977250365,-8.88632270627809,1421,8936,1483,1421,492,0.010677141977601279,0.0035229843749999823,0.030950775455158466,False
isic2019_fm_virchow2_s42_std,isic2019,fm_virchow2,FM,42,1,8948,5516,2560,1,1.0,19,0.7355180403839788,0.5685263305890599,0.5674354682361011,15.43164765933519,7.993549776365309,8928,2.2333497105779636,28.76540983102859,1.6073869021441283,0.2860974519445686,16.476205208220357,-9.306113547431192,1483,8948,1421,1483,492,0.014985696221507472,0.004625550781250043,0.031780436312456015,False
isic2019_mobilenet_v3_large_s42_std,isic2019,mobilenet_v3_large,CNN,42,0,8936,5525,960,1,1.0,24,0.7514068189341278,0.6192120830603015,0.6307725146117473,19.667191548475508,8.589538519673505,8920,2.7460636300523547,19.185584683703613,1.8147814783768867,0.10743061772605192,26.827294595092564,-7.756546525997801,1421,8936,1483,1421,492,0.02580729919183211,0.007236503906249858,0.040269723533378286,False
isic2019_mobilenet_v3_large_s42_std,isic2019,mobilenet_v3_large,CNN,42,1,8948,5516,960,1,1.0,19,0.7514068189341278,0.6182693433888502,0.6308200581706846,19.45693335866469,8.000641532366993,8935,2.7271869398163395,19.156374963324893,1.7487998965066427,0.10728654447921324,27.752240820226703,-7.165132671926583,1483,8948,1421,1483,492,0.016544849492573177,0.006986882812499928,0.04218156228008445,False
isic2019_regnet_y_3_2gf_s42_std,isic2019,regnet_y_3_2gf,CNN,42,0,8936,5525,1512,1,1.0,24,0.8010592519033433,0.5937558731623872,0.600186611024299,37.467225929377186,8.021747408408263,8927,3.634408069492808,23.08786711273307,1.6816763237811645,0.1692032229185318,44.39624355928716,-6.956981879917687,1421,8936,1483,1421,492,0.022825096299258774,0.015375546874999868,0.04442346594740391,False
isic2019_regnet_y_3_2gf_s42_std,isic2019,regnet_y_3_2gf,CNN,42,1,8948,5516,1512,1,1.0,19,0.8010592519033433,0.5950057223059836,0.602986449964963,36.89076489620385,7.182401081152933,8936,3.6139319657234483,23.13646680200372,1.5946154557972294,0.16897630755476084,44.745954947647284,-6.6482594880141415,1483,8948,1421,1483,492,0.03957151256345082,0.01950919140625007,0.0464039408866995,False
isic2019_resnet18_s42_std,isic2019,resnet18,CNN,42,0,8936,5525,512,1,1.0,24,0.7795431976166832,0.6938695039581351,0.7011351824628205,13.486804569307203,8.501926171722737,8916,2.54819308343162,15.700474608234986,2.0231890463420537,0.05729632945389436,26.578409809454932,-4.639705614956936,1421,8936,1483,1421,492,0.018164891289204066,0.009521609374999906,0.040525960890087656,False
isic2019_resnet18_s42_std,isic2019,resnet18,CNN,42,1,8948,5516,512,1,1.0,19,0.7795431976166832,0.6933112972121589,0.701244901357908,13.403179957853284,7.8123994008038515,8930,2.538237179380244,15.687843831422704,1.937851510984718,0.057219490388913725,28.444983834614813,-3.9326536128340353,1483,8948,1421,1483,492,0.02325842237226483,0.006960855468750027,0.04132301196340605,False
isic2019_resnet18_s43_std,isic2019,resnet18,CNN,43,0,8936,5525,512,1,1.0,24,0.7759020191989408,0.6897640364542676,0.6953211581613473,13.39859367651321,8.114139606158917,8920,2.5248184519799617,15.607578483053365,1.964815541848131,0.05729632945389436,27.02094425125386,-4.686041886938653,1421,8936,1483,1421,492,0.019550944838105266,0.007274589843750068,0.0402832097100472,False
isic2019_resnet18_s43_std,isic2019,resnet18,CNN,43,1,8948,5516,512,1,1.0,19,0.7759020191989408,0.6929907407445436,0.699103868665601,13.397017935003008,7.450324229871058,8932,2.536480344707922,15.680590466558575,1.8915377736791503,0.057219490388913725,28.74643421900656,-3.563621766809445,1483,8948,1421,1483,492,0.024343754312374566,0.0054395273437500835,0.04084447572132301,False
isic2019_resnet50_s42_std,isic2019,resnet50,CNN,42,0,8936,5525,2048,1,1.0,24,0.8053624627606752,0.7622462407521656,0.7699962972364849,9.36779980080376,7.641083512695107,8926,2.332996523415995,34.495327089267846,2.1070399224489327,0.22918531781557744,23.04387483446622,-2.311010121638042,1421,8936,1483,1421,492,0.012924163907566677,0.0023599921875001595,0.038813216453135534,False
isic2019_resnet50_s42_std,isic2019,resnet50,CNN,42,1,8948,5516,2048,1,1.0,19,0.8053624627606752,0.7652724512623619,0.7735453279028012,9.415850869136182,7.244640503914215,8940,2.3482582961256293,34.63227774354354,2.0597973706629764,0.2288779615556549,25.40729304417664,-0.9597678821262428,1483,8948,1421,1483,492,0.01788588526972179,0.005548804687500075,0.039704433497536946,False
isic2019_resnet50_s43_std,isic2019,resnet50,CNN,43,0,8936,5525,2048,1,1.0,24,0.8033763654419066,0.7611418046533307,0.7667486490411556,9.67500710264291,7.930927214358876,8928,2.3675067280844178,34.445346016955945,2.1435200872618476,0.22918531781557744,24.660520853931573,-2.1446885682242085,1421,8936,1483,1421,492,0.01240603370817328,0.007413066406249946,0.03901550910316925,False
isic2019_resnet50_s43_std,isic2019,resnet50,CNN,43,1,8948,5516,2048,1,1.0,19,0.8033763654419066,0.7614812607634777,0.7679014708639802,9.652370533386014,7.371978497062166,8930,2.3657901151298706,34.460708046869556,2.0675272876562,0.2288779615556549,25.84621121617672,-1.3767551699760516,1483,8948,1421,1483,492,0.022950357103824093,0.008517671874999966,0.039943701618578464,False
kermany_convnext_tiny_s42_std,kermany,convnext_tiny,CNN,42,0,33699,2140,768,1,5.0,721,0.9984939759036144,0.6566603956354121,0.6975610173084267,2.980465008286352,9.920062929139744,18841,1.1336600376631047,18.197906696941022,2.068226210348101,0.022789993768361078,9.523390434326021,-12.711185333781907,324,20000,335,324,8866,0.042133525960359464,0.004200171874999992,0.20143283582089552,False
kermany_convnext_tiny_s42_std,kermany,convnext_tiny,CNN,42,1,33682,2100,768,1,6.0,532,0.9984939759036144,0.6623819799597386,0.7033537478278181,3.008820793874017,9.985690705962627,18893,1.1489646576135129,18.35646789293339,2.093136563295982,0.02280149634819785,9.527826151972963,-12.39557875949659,335,20000,324,335,8866,0.029590220522655142,-0.0010247421874999274,0.23623456790123454,False
kermany_convnext_tiny_s43_std,kermany,convnext_tiny,CNN,43,0,33699,2140,768,1,5.0,721,0.9984939759036144,0.6577929569942249,0.6959851341132239,3.001478414146843,10.349932208897037,18820,1.139611521597707,18.22929315799947,2.116206148055506,0.022789993768361078,10.393894192835278,-13.165297674456363,324,20000,335,324,8866,0.02886308280306038,-0.0016023476562501138,0.19862686567164176,False
kermany_convnext_tiny_s43_std,kermany,convnext_tiny,CNN,43,1,33682,2100,768,1,6.0,532,0.9984939759036144,0.6643406068547024,0.7019813379545452,3.0415359656355103,10.374135478706963,18876,1.1586100118093814,18.410746953655764,2.139768335533916,0.02280149634819785,10.93149461715295,-15.687409416544494,335,20000,324,335,8866,0.05785394800400423,-0.0019261523437500427,0.22876543209876543,False
kermany_densenet121_s42_std,kermany,densenet121,CNN,42,0,33699,2140,1024,1,5.0,721,0.9939759036144579,0.5794934617342996,0.7185078117839966,2.6262487133850683,10.539409827948303,19067,0.9391100032928775,18.543790775497587,1.8812940699578047,0.03038665835781477,7.590897300440748,-18.001382171743064,324,20000,335,324,8866,0.04430456102739844,-0.00014300390625021642,0.1492537313432836,False
kermany_densenet121_s42_std,kermany,densenet121,CNN,42,1,33682,2100,1024,1,6.0,532,0.9939759036144579,0.5816422416629594,0.7241942723504503,2.6431939924154038,10.968456088823453,18962,0.9456282953973657,18.6125517332147,1.9263211368305866,0.03040199513093047,6.9815423837894,-17.62922306117379,335,20000,324,335,8866,0.01901075514058992,-0.0008163320312500888,0.1775925925925926,False
kermany_densenet121_s43_std,kermany,densenet121,CNN,43,0,33699,2140,1024,1,5.0,721,0.9954819277108434,0.5788547577637972,0.7285474822397586,2.486840145861087,11.041459872077315,18910,0.9128376454156781,18.523352248441512,1.923458659066084,0.03038665835781477,6.145007473216345,-19.010438207992557,324,20000,335,324,8866,0.03254626933009208,-0.0010894648437498322,0.14011940298507464,False
kermany_densenet121_s43_std,kermany,densenet121,CNN,43,1,33682,2100,1024,1,6.0,532,0.9954819277108434,0.5830136800239507,0.7347266697969508,2.5319779671263642,10.883418428132321,19002,0.9277024561193532,18.656437760766423,1.9233636703862054,0.03040199513093047,6.030635916626725,-21.672449682841407,335,20000,324,335,8866,0.026853078060749325,0.001614804687499971,0.15962962962962962,False
kermany_effb3_s42_std,kermany,effb3,CNN,42,0,33699,2140,1536,1,5.0,721,0.9939759036144579,0.7072769767629078,0.7433007498153128,2.3589797248534166,11.500505292995564,19035,1.086304616767844,27.71948319819902,2.398545615474085,0.045579987536722155,2.5182698178610474,-19.702734024841607,324,20000,335,324,8866,0.004748674769538219,0.0003388632812499903,0.18167164179104478,False
kermany_effb3_s42_std,kermany,effb3,CNN,42,1,33682,2100,1536,1,6.0,532,0.9939759036144579,0.7103654278219127,0.7467322411939428,2.4027748204537214,11.572157489400901,19096,1.1011293864680434,27.840525265240945,2.416512159108386,0.0456029926963957,3.276759848677683,-16.90526524193909,335,20000,324,335,8866,0.03736637596371195,0.0012711015625002098,0.21685185185185185,False
kermany_efficientnet_v2_s_s42_std,kermany,efficientnet_v2_s,CNN,42,0,33699,2140,1280,1,5.0,721,0.9969879518072289,0.7430495224412551,0.767496891897403,2.1654750673981438,11.722766847818246,19051,1.093438479685072,26.584147885238433,2.5440920633517514,0.037983322947268465,4.546485985814161,-19.77518704957661,324,20000,335,324,8866,0.02597775819168857,0.0019610234375001534,0.14650746268656717,False
kermany_efficientnet_v2_s_s42_std,kermany,efficientnet_v2_s,CNN,42,1,33682,2100,1280,1,6.0,532,0.9969879518072289,0.747603988782139,0.7721759259844665,2.189081192572439,11.83864121540436,19042,1.1061207634841193,26.747093426669647,2.572305458538653,0.03800249391366308,2.98371363728944,-18.396873314203727,335,20000,324,335,8866,0.01143704263187495,0.0004921445312501271,0.16407407407407407,False
kermany_mobilenet_v3_large_s42_std,kermany,mobilenet_v3_large,CNN,42,0,33699,2140,960,1,5.0,721,0.9939759036144579,0.6192293268747361,0.6531087378254161,3.408721762539175,12.201893407224633,19055,1.1432660133894632,19.186118963752655,2.163042884560851,0.028487492210451347,5.101596439208369,-18.72705836699364,324,20000,335,324,8866,0.03299656856870792,0.0004238359374999501,0.18447761194029852,False
kermany_mobilenet_v3_large_s42_std,kermany,mobilenet_v3_large,CNN,42,1,33682,2100,960,1,6.0,532,0.9939759036144579,0.619092865467068,0.6529764735192513,3.506187909283042,12.484215294418481,18954,1.1592400930019167,19.181890861678266,2.1874413826349826,0.028501870435247312,3.912036177359128,-16.76681030414914,335,20000,324,335,8866,0.025514657540014585,0.0018794257812499993,0.21783950617283954,False
kermany_regnet_y_3_2gf_s42_std,kermany,regnet_y_3_2gf,CNN,42,0,33699,2140,1512,1,5.0,721,0.9954819277108434,0.4869797872233448,0.5295712835073849,6.288130028083639,12.443200312543988,19039,1.2211575317077445,18.935938358161984,1.7178173382764095,0.04486780023146088,17.232778490019722,-20.6072924357395,324,20000,335,324,8866,0.073194402202587,-5.0210937499794994e-05,0.20334328358208956,False
kermany_regnet_y_3_2gf_s42_std,kermany,regnet_y_3_2gf,CNN,42,1,33682,2100,1512,1,6.0,532,0.9954819277108434,0.4885826421746998,0.531404394392637,6.308952222046766,12.140257869236756,19077,1.2272036915860511,18.99826448206333,1.7023622867369932,0.04489044593551452,17.731674981786288,-20.387086815336747,335,20000,324,335,8866,0.05246806650674407,-4.7058593749871314e-05,0.23450617283950617,False
kermany_resnet18_s42_std,kermany,resnet18,CNN,42,0,33699,2140,512,1,5.0,721,0.9969879518072289,0.7596604543380132,0.773762007038576,1.975217771163301,11.20328193212742,18760,1.0676453455517105,17.18915387717321,2.542682602381104,0.015193329178907386,0.40884052838553414,-30.867087334376663,324,20000,335,324,8866,0.03240400415813671,0.0007288984375002361,0.10388059701492539,False
kermany_resnet18_s42_std,kermany,resnet18,CNN,42,1,33682,2100,512,1,6.0,532,0.9969879518072289,0.764151753043109,0.7779191513195913,1.9995887764951443,10.719564625557762,18766,1.0805626675391862,17.290780365835854,2.5018898614273257,0.015200997565465234,-2.7060784231072175,-23.30509027697841,335,20000,324,335,8866,0.006671558408839817,-0.0007058007812501543,0.12475308641975308,False
kermany_resnet18_s43_std,kermany,resnet18,CNN,43,0,33699,2140,512,1,5.0,721,0.9984939759036144,0.7516381057635189,0.7695052435772398,2.0387102108533637,11.494376482295035,18901,1.0732145166183829,17.00762885067506,2.548305539321586,0.015193329178907386,2.410972299357403,-25.865053155927278,324,20000,335,324,8866,0.039091967787201254,-0.0006701210937499757,0.11355223880597017,False
kermany_resnet18_s43_std,kermany,resnet18,CNN,43,1,33682,2100,512,1,6.0,532,0.9984939759036144,0.7568881625942425,0.7741390123569812,2.066569991703895,11.381196732848577,18732,1.088069840408308,17.126424075846884,2.553440123407811,0.015200997565465234,1.4701163848073922,-15.69448980349484,335,20000,324,335,8866,0.013451348457767964,0.0005295234375001234,0.11925925925925926,False
kermany_resnet50_s42_std,kermany,resnet50,CNN,42,0,33699,2140,2048,1,5.0,721,0.9939759036144579,0.7444222045960491,0.7656641613329428,2.0905213071887623,11.15174639266065,19021,1.0763329062000817,33.688703291885176,2.4859406785219176,0.06077331671562954,2.6803775628753757,-19.457598587910926,324,20000,335,324,8866,0.029487828962231233,-0.00021843359374995597,0.07838805970149255,False
kermany_resnet50_s42_std,kermany,resnet50,CNN,42,1,33682,2100,2048,1,6.0,532,0.9939759036144579,0.7504520301239948,0.7712627003180254,2.1276298837375998,10.653185009003575,19106,1.0946391522067347,33.96158204517683,2.4494166826315564,0.06080399026186094,2.3938260497399453,-17.355042751049734,335,20000,324,335,8866,0.01143007194604051,0.0014794062500000926,0.10672839506172839,False
kermany_resnet50_s43_std,kermany,resnet50,CNN,43,0,33699,2140,2048,1,5.0,721,0.9954819277108434,0.7439658094373185,0.7649969314373315,2.109756220005604,10.684430724987157,19042,1.0806103305261887,33.66804920474027,2.4318045731327356,0.06077331671562954,1.7499301217773127,-21.472810535421075,324,20000,335,324,8866,0.019102480761925444,-0.0002103125000002537,0.0848358208955224,False
kermany_resnet50_s43_std,kermany,resnet50,CNN,43,1,33682,2100,2048,1,6.0,532,0.9954819277108434,0.7524197085317457,0.772222524065074,2.1412905434933793,10.559557279471214,19049,1.1010269826139458,34.05062900487699,2.445023388857285,0.06080399026186094,1.1459426827982238,-20.21221896318589,335,20000,324,335,8866,0.01738853272716223,0.002620011718750037,0.1145679012345679,False
