cell_id,dataset,backbone,fold,k,gsize_median,gsize_min,k_le_ng,x1,x2,x3,rho_cos,d,delta_mts,auroc_seen,auroc_unseen,delta,kth_auroc_seen,kth_auroc_unseen,kth_delta,r_nn
breakhis_convnext_tiny_s42_std_r0,breakhis,convnext_tiny,0,1,61.0,24,True,1.9558525897366097,14.735504240335946,2.156670268787883,0.5317217087376769,768,0.21115196874999975,0.7431018590679836,0.629992635422053,0.11310922364593068,0.7431018590679836,0.629992635422053,0.11310922364593068,0.7894736842105263
breakhis_convnext_tiny_s42_std_r0,breakhis,convnext_tiny,0,5,61.0,24,True,1.9558525897366097,14.735504240335946,2.156670268787883,0.5317217087376769,768,0.22269969140625,0.7247940515982289,0.6267863018850186,0.09800774971321025,0.7094612147347639,0.6230452529810871,0.08641596175367672,0.7454191033138401
breakhis_convnext_tiny_s42_std_r0,breakhis,convnext_tiny,0,10,61.0,24,True,1.9558525897366097,14.735504240335946,2.156670268787883,0.5317217087376769,768,0.21966119921875005,0.71205324927983,0.6239286106018583,0.08812463867797171,0.6928352470514886,0.6196959369466774,0.07313931010481123,0.6988304093567251
breakhis_convnext_tiny_s42_std_r0,breakhis,convnext_tiny,0,20,61.0,24,True,1.9558525897366097,14.735504240335946,2.156670268787883,0.5317217087376769,768,0.2111236875000002,0.6962643528861641,0.6199819019414281,0.07628245094473596,0.6710386803907872,0.6141215782133848,0.05691710217740242,0.630214424951267
breakhis_convnext_tiny_s42_std_r0,breakhis,convnext_tiny,0,50,61.0,24,True,1.9558525897366097,14.735504240335946,2.156670268787883,0.5317217087376769,768,0.18845573046875008,0.6702862783810464,0.6131618326830568,0.05712444569798958,0.6354275509988089,0.6035526253936916,0.03187492560511729,0.505692007797271
breakhis_convnext_tiny_s42_std_r0,breakhis,convnext_tiny,0,100,61.0,24,False,1.9558525897366097,14.735504240335946,2.156670268787883,0.5317217087376769,768,0.16276390624999992,0.6418720377778933,0.5970674877387612,0.044804550039132085,0.5889710565763977,0.5594454629499052,0.02952559362649254,0.38228070175438594
breakhis_convnext_tiny_s42_std_r0,breakhis,convnext_tiny,0,200,61.0,24,False,1.9558525897366097,14.735504240335946,2.156670268787883,0.5317217087376769,768,0.13143690624999993,0.5966798096480644,0.5592652658299253,0.037414543818139134,0.5460860663229864,0.5244656763659725,0.021620389957013875,0.2587329434697856
breakhis_convnext_tiny_s42_std_r0,breakhis,convnext_tiny,1,1,59.0,28,True,2.0019747698129633,15.354907301978503,2.1803290554015056,0.55407249151119,768,0.20057658984375004,0.8043646876322098,0.6529560162334102,0.15140867139879965,0.8043646876322098,0.6529560162334102,0.15140867139879965,0.8531746031746031
breakhis_convnext_tiny_s42_std_r0,breakhis,convnext_tiny,1,5,59.0,28,True,2.0019747698129633,15.354907301978503,2.1803290554015056,0.55407249151119,768,0.21232189843750027,0.7834833670223601,0.6467905532175289,0.13669281380483123,0.7667407041790063,0.6423146271953878,0.12442607698361852,0.7626984126984127
breakhis_convnext_tiny_s42_std_r0,breakhis,convnext_tiny,1,10,59.0,28,True,2.0019747698129633,15.354907301978503,2.1803290554015056,0.55407249151119,768,0.20928661718750008,0.7701135241855873,0.6437578535567833,0.12635567062880404,0.7502017424278037,0.6386526808410738,0.11154906158672984,0.692063492063492
breakhis_convnext_tiny_s42_std_r0,breakhis,convnext_tiny,1,20,59.0,28,True,2.0019747698129633,15.354907301978503,2.1803290554015056,0.55407249151119,768,0.20083747265624996,0.7547732650151209,0.6391048917676444,0.11566837324747647,0.7310225011360253,0.6319445647133078,0.09907793642271745,0.6119047619047618
breakhis_convnext_tiny_s42_std_r0,breakhis,convnext_tiny,1,50,59.0,28,True,2.0019747698129633,15.354907301978503,2.1803290554015056,0.55407249151119,768,0.1763466210937501,0.7302331594039393,0.6322389828910325,0.09799417651290676,0.6954394459330293,0.6219016335398109,0.07353781239321844,0.496031746031746
breakhis_convnext_tiny_s42_std_r0,breakhis,convnext_tiny,1,100,59.0,28,False,2.0019747698129633,15.354907301978503,2.1803290554015056,0.55407249151119,768,0.14775476562500012,0.700263636221188,0.618845842257283,0.08141779396390503,0.6357922405553205,0.5865945438346332,0.0491976967206873,0.38317460317460317
breakhis_convnext_tiny_s42_std_r0,breakhis,convnext_tiny,1,200,59.0,28,False,2.0019747698129633,15.354907301978503,2.1803290554015056,0.55407249151119,768,0.11476780078125004,0.6505664457293282,0.595255826304821,0.05531061942450721,0.568576756138454,0.571935212606486,-0.0033584564680320117,0.2561904761904762
breakhis_convnext_tiny_s42_std_r1,breakhis,convnext_tiny,0,1,55.0,25,True,2.114228552543372,15.742802769051648,2.218603674762179,0.5680694635319472,768,0.22824010937499983,0.7793013642682237,0.6389696378024903,0.14033172646573344,0.7793013642682237,0.6389696378024903,0.14033172646573344,0.7866419294990724
breakhis_convnext_tiny_s42_std_r1,breakhis,convnext_tiny,0,5,55.0,25,True,2.114228552543372,15.742802769051648,2.218603674762179,0.5680694635319472,768,0.24128825000000031,0.7523713065949704,0.6334829536467906,0.11888835294817979,0.7323440908266744,0.6281089846725533,0.10423510615412113,0.7057513914656771
breakhis_convnext_tiny_s42_std_r1,breakhis,convnext_tiny,0,10,55.0,25,True,2.114228552543372,15.742802769051648,2.218603674762179,0.5680694635319472,768,0.2390773046875,0.7364466023329371,0.6284125884677826,0.10803401386515454,0.7132710752792547,0.6213569817055988,0.09191409357365588,0.6569573283858998
breakhis_convnext_tiny_s42_std_r1,breakhis,convnext_tiny,0,20,55.0,25,True,2.114228552543372,15.742802769051648,2.218603674762179,0.5680694635319472,768,0.23053333593750003,0.7175622290556715,0.6224095960615134,0.0951526329941581,0.688815344858216,0.6131996749439605,0.0756156699142555,0.5966604823747681
breakhis_convnext_tiny_s42_std_r1,breakhis,convnext_tiny,0,50,55.0,25,True,2.114228552543372,15.742802769051648,2.218603674762179,0.5680694635319472,768,0.2042102109374997,0.6872769030433675,0.6122306879807439,0.07504621506262366,0.647857994494576,0.5999265533333696,0.0479314411612064,0.4953246753246754
breakhis_convnext_tiny_s42_std_r1,breakhis,convnext_tiny,0,100,55.0,25,False,2.114228552543372,15.742802769051648,2.218603674762179,0.5680694635319472,768,0.16844611328124992,0.6576710554992885,0.6017790818803074,0.05589197361898113,0.6100306406328124,0.5841046142322914,0.025926026400520996,0.3873283858998145
breakhis_convnext_tiny_s42_std_r1,breakhis,convnext_tiny,0,200,55.0,25,False,2.114228552543372,15.742802769051648,2.218603674762179,0.5680694635319472,768,0.12585688671875028,0.6013805683809914,0.5747456181973206,0.02663495018367079,0.5436523707571514,0.5499101005528498,-0.006257729795698386,0.27355287569573283
breakhis_convnext_tiny_s42_std_r1,breakhis,convnext_tiny,1,1,74.0,32,True,2.023607864217565,15.521781148521239,2.3421852693471643,0.5600940327750747,768,0.22058552734374992,0.8222536127942639,0.6399789746285304,0.18227463816573353,0.8222536127942639,0.6399789746285304,0.18227463816573353,0.8084714548802947
breakhis_convnext_tiny_s42_std_r1,breakhis,convnext_tiny,1,5,74.0,32,True,2.023607864217565,15.521781148521239,2.3421852693471643,0.5600940327750747,768,0.23582293359374984,0.808856868081424,0.6321237639810479,0.17673310410037613,0.7968836070312457,0.624396756818136,0.17248685021310972,0.7237569060773481
breakhis_convnext_tiny_s42_std_r1,breakhis,convnext_tiny,1,10,74.0,32,True,2.023607864217565,15.521781148521239,2.3421852693471643,0.5600940327750747,768,0.23570604687500019,0.7994215166009464,0.6257099267958103,0.17371158980513612,0.7843122283245979,0.6151642744506939,0.16914795387390402,0.665377532228361
breakhis_convnext_tiny_s42_std_r1,breakhis,convnext_tiny,1,20,74.0,32,True,2.023607864217565,15.521781148521239,2.3421852693471643,0.5600940327750747,768,0.23133477343749997,0.7877482233724019,0.6159225064880121,0.17182571688438986,0.7669031867490578,0.6016186605666227,0.16528452618243505,0.5918968692449356
breakhis_convnext_tiny_s42_std_r1,breakhis,convnext_tiny,1,50,74.0,32,True,2.023607864217565,15.521781148521239,2.3421852693471643,0.5600940327750747,768,0.21441723828125003,0.7630399648037756,0.5996534842959889,0.1633864805077867,0.7286272927086004,0.5798204052328999,0.14880688747570048,0.4771270718232045
breakhis_convnext_tiny_s42_std_r1,breakhis,convnext_tiny,1,100,74.0,32,False,2.023607864217565,15.521781148521239,2.3421852693471643,0.5600940327750747,768,0.18818262890624993,0.7378499397337377,0.5823038898768698,0.15554604985686793,0.6916239894265888,0.5472622145869924,0.14436177483959634,0.3818232044198895
breakhis_convnext_tiny_s42_std_r1,breakhis,convnext_tiny,1,200,74.0,32,False,2.023607864217565,15.521781148521239,2.3421852693471643,0.5600940327750747,768,0.15180562890625016,0.6973833716019554,0.5478574450510708,0.1495259265508846,0.6002919686797235,0.4967903341898547,0.10350163448986877,0.2654880294659301
breakhis_convnext_tiny_s42_std_r2,breakhis,convnext_tiny,0,1,58.0,31,True,2.0966219447651215,15.838207898817899,2.2626620805548185,0.5715120996164857,768,0.1906598515625002,0.8440860215053764,0.7051170324533428,0.1389689890520336,0.8440860215053764,0.7051170324533428,0.1389689890520336,0.8351254480286738
breakhis_convnext_tiny_s42_std_r2,breakhis,convnext_tiny,0,5,58.0,31,True,2.0966219447651215,15.838207898817899,2.2626620805548185,0.5715120996164857,768,0.20300313281250004,0.8283780388993267,0.6984289305195035,0.1299491083798232,0.8150512866782013,0.6917333641861845,0.12331792249201678,0.7598566308243727
breakhis_convnext_tiny_s42_std_r2,breakhis,convnext_tiny,0,10,58.0,31,True,2.0966219447651215,15.838207898817899,2.2626620805548185,0.5715120996164857,768,0.20277155078124987,0.8175015125943381,0.6922110857528874,0.12529042684145075,0.8001305607744483,0.6831194471865746,0.11701111358787375,0.6985663082437276
breakhis_convnext_tiny_s42_std_r2,breakhis,convnext_tiny,0,20,58.0,31,True,2.0966219447651215,15.838207898817899,2.2626620805548185,0.5715120996164857,768,0.19784214062499983,0.8034122712975051,0.6843697340994296,0.11904253719807556,0.7793434456014464,0.6716466651862274,0.10769678041521902,0.6331541218637994
breakhis_convnext_tiny_s42_std_r2,breakhis,convnext_tiny,0,50,58.0,31,True,2.0966219447651215,15.838207898817899,2.2626620805548185,0.5715120996164857,768,0.17853487499999998,0.7774133398436809,0.6725610541224946,0.10485228572118632,0.7389315245889458,0.6579513582407903,0.08098016634815552,0.5197491039426523
breakhis_convnext_tiny_s42_std_r2,breakhis,convnext_tiny,0,100,58.0,31,False,2.0966219447651215,15.838207898817899,2.2626620805548185,0.5715120996164857,768,0.15040334765624996,0.748847420805514,0.6619728034604956,0.08687461734501845,0.6907974114291981,0.6386372245869855,0.052160186842212686,0.3960035842293907
breakhis_convnext_tiny_s42_std_r2,breakhis,convnext_tiny,0,200,58.0,31,False,2.0966219447651215,15.838207898817899,2.2626620805548185,0.5715120996164857,768,0.11738623828124983,0.6970459297943933,0.6292768676394023,0.06776906215499101,0.5945114939478535,0.5427626115694459,0.05174888237840758,0.2609498207885305
breakhis_convnext_tiny_s42_std_r2,breakhis,convnext_tiny,1,1,61.5,29,True,2.1245260882876593,14.734156478664358,2.0984168573961357,0.5316730755774335,768,0.20024527734375008,0.8264396493971564,0.6984399933481231,0.1279996560490333,0.8264396493971564,0.6984399933481231,0.1279996560490333,0.8374291115311909
breakhis_convnext_tiny_s42_std_r2,breakhis,convnext_tiny,1,5,61.5,29,True,2.1245260882876593,14.734156478664358,2.0984168573961357,0.5316730755774335,768,0.2093404687499999,0.8027868335457577,0.6953758841158134,0.10741094942994434,0.7878169803891565,0.6920782515470921,0.09573872884206436,0.7459357277882799
breakhis_convnext_tiny_s42_std_r2,breakhis,convnext_tiny,1,10,61.5,29,True,2.1245260882876593,14.734156478664358,2.0984168573961357,0.5316730755774335,768,0.20699942187499976,0.7913625701420288,0.6926762128176006,0.09868635732442821,0.7736775416746754,0.6884091045795342,0.0852684370951412,0.6988657844990548
breakhis_convnext_tiny_s42_std_r2,breakhis,convnext_tiny,1,20,61.5,29,True,2.1245260882876593,14.734156478664358,2.0984168573961357,0.5316730755774335,768,0.19987044921874997,0.7777213800928198,0.6893166611824065,0.08840471891041324,0.7537737204619717,0.6837580981293365,0.07001562233263514,0.6492438563327033
breakhis_convnext_tiny_s42_std_r2,breakhis,convnext_tiny,1,50,61.5,29,True,2.1245260882876593,14.734156478664358,2.0984168573961357,0.5316730755774335,768,0.17960762109374995,0.7536916120676946,0.6830805266305059,0.07061108543718875,0.7216581417004275,0.6716644198891119,0.04999372181131567,0.5504725897920606
breakhis_convnext_tiny_s42_std_r2,breakhis,convnext_tiny,1,100,61.5,29,False,2.1245260882876593,14.734156478664358,2.0984168573961357,0.5316730755774335,768,0.15518269531249984,0.728618694215277,0.667353083746422,0.061265610468855036,0.6816508265889374,0.63225912598584,0.04939170060309739,0.42330812854442346
breakhis_convnext_tiny_s42_std_r2,breakhis,convnext_tiny,1,200,61.5,29,False,2.1245260882876593,14.734156478664358,2.0984168573961357,0.5316730755774335,768,0.12286734765624996,0.6997743885257252,0.6406677352128424,0.059106653312882784,0.6213869973893262,0.574074663779469,0.047312333609857204,0.2882230623818526
breakhis_convnext_tiny_s42_std_r3,breakhis,convnext_tiny,0,1,65.0,27,True,2.1309865663027745,15.19013384035992,2.0700378850730763,0.5481267413598903,768,0.2154994531250003,0.8085566210689606,0.6762593893596445,0.13229723170931618,0.8085566210689606,0.6762593893596445,0.13229723170931618,0.8767857142857143
breakhis_convnext_tiny_s42_std_r3,breakhis,convnext_tiny,0,5,65.0,27,True,2.1309865663027745,15.19013384035992,2.0700378850730763,0.5481267413598903,768,0.22896493359375003,0.7808348610915244,0.6687879896372537,0.11204687145427072,0.759418629248343,0.6626328123564558,0.09678581689188726,0.8207142857142857
breakhis_convnext_tiny_s42_std_r3,breakhis,convnext_tiny,0,10,65.0,27,True,2.1309865663027745,15.19013384035992,2.0700378850730763,0.5481267413598903,768,0.22882265624999998,0.762868424763785,0.6627931643290356,0.10007526043474946,0.7343040473840079,0.6541124434801054,0.08019160390390245,0.7674999999999998
breakhis_convnext_tiny_s42_std_r3,breakhis,convnext_tiny,0,20,65.0,27,True,2.1309865663027745,15.19013384035992,2.0700378850730763,0.5481267413598903,768,0.2239234375,0.7411877732336765,0.6554136329242688,0.08577414030940766,0.7073632068819631,0.6438599392332838,0.0635032676486793,0.6952678571428572
breakhis_convnext_tiny_s42_std_r3,breakhis,convnext_tiny,0,50,65.0,27,True,2.1309865663027745,15.19013384035992,2.0700378850730763,0.5481267413598903,768,0.20519635937500003,0.7058806938372585,0.6416935172704086,0.06418717656684991,0.6617790156536455,0.6234751947190751,0.03830382093457041,0.5646071428571429
breakhis_convnext_tiny_s42_std_r3,breakhis,convnext_tiny,0,100,65.0,27,False,2.1309865663027745,15.19013384035992,2.0700378850730763,0.5481267413598903,768,0.17692887890624998,0.6684159497955154,0.6233866670675466,0.0450292827279688,0.6026406712734452,0.5891398285904227,0.01350084268302254,0.42849999999999994
breakhis_convnext_tiny_s42_std_r3,breakhis,convnext_tiny,0,200,65.0,27,False,2.1309865663027745,15.19013384035992,2.0700378850730763,0.5481267413598903,768,0.13750183203125,0.6227630094485969,0.5966062173136701,0.02615679213492672,0.5684741221266394,0.5722527614781111,-0.003778639351471713,0.286125
breakhis_convnext_tiny_s42_std_r3,breakhis,convnext_tiny,1,1,64.0,33,True,1.938606893575928,14.61232435404321,2.1949851227366675,0.5272768374558108,768,0.1924555820312499,0.7845270368458767,0.6539151741644338,0.13061186268144287,0.7845270368458767,0.6539151741644338,0.13061186268144287,0.8138747884940778
breakhis_convnext_tiny_s42_std_r3,breakhis,convnext_tiny,1,5,64.0,33,True,1.938606893575928,14.61232435404321,2.1949851227366675,0.5272768374558108,768,0.2047985,0.7613043964836149,0.6447997461571006,0.11650465032651436,0.7446829123258887,0.6375070511916514,0.10717586113423727,0.7089678510998307
breakhis_convnext_tiny_s42_std_r3,breakhis,convnext_tiny,1,10,64.0,33,True,1.938606893575928,14.61232435404321,2.1949851227366675,0.5272768374558108,768,0.20302511328124984,0.7472084558940207,0.6385594415456212,0.10864901434839958,0.7271243713283991,0.6291707798617966,0.09795359146660254,0.6421319796954315
breakhis_convnext_tiny_s42_std_r3,breakhis,convnext_tiny,1,20,64.0,33,True,1.938606893575928,14.61232435404321,2.1949851227366675,0.5272768374558108,768,0.19652088671875,0.7316392815563495,0.6303307008884501,0.10130858066789938,0.7086237624920033,0.6174323085601466,0.09119145393185668,0.5637901861252116
breakhis_convnext_tiny_s42_std_r3,breakhis,convnext_tiny,1,50,64.0,33,True,1.938606893575928,14.61232435404321,2.1949851227366675,0.5272768374558108,768,0.17735934374999984,0.707391056702796,0.6150789733464955,0.09231208335630048,0.6799374627306939,0.5962187984769426,0.0837186642537513,0.44998307952622674
breakhis_convnext_tiny_s42_std_r3,breakhis,convnext_tiny,1,100,64.0,33,False,1.938606893575928,14.61232435404321,2.1949851227366675,0.5272768374558108,768,0.15264519531249998,0.6867290369026681,0.5991556197997462,0.08757341710292188,0.6496877312367313,0.5704890001410239,0.07919873109570741,0.3532656514382403
breakhis_convnext_tiny_s42_std_r3,breakhis,convnext_tiny,1,200,64.0,33,False,1.938606893575928,14.61232435404321,2.1949851227366675,0.5272768374558108,768,0.12214308984374977,0.6532254966317734,0.5751516006205049,0.07807389601126857,0.5837780595072851,0.5293435340572556,0.05443452545002947,0.25137901861252115
breakhis_convnext_tiny_s42_std_r4,breakhis,convnext_tiny,0,1,57.0,29,True,2.1648242724517406,15.83764818928858,2.1269290123618005,0.5714919028385219,768,0.2241180664062502,0.7976414143022429,0.6502255247696346,0.1474158895326083,0.7976414143022429,0.6502255247696346,0.1474158895326083,0.8046594982078853
breakhis_convnext_tiny_s42_std_r4,breakhis,convnext_tiny,0,5,57.0,29,True,2.1648242724517406,15.83764818928858,2.1269290123618005,0.5714919028385219,768,0.23507483593749978,0.7730223934726689,0.6459943563259618,0.12702803714670707,0.7568827465174948,0.6416251114927168,0.11525763502477793,0.7333333333333334
breakhis_convnext_tiny_s42_std_r4,breakhis,convnext_tiny,0,10,57.0,29,True,2.1648242724517406,15.83764818928858,2.1269290123618005,0.5714919028385219,768,0.2319354374999999,0.7602776804763876,0.6430423783420041,0.11723530213438349,0.7408934744380402,0.6382176401316646,0.10267583430637561,0.6756272401433692
breakhis_convnext_tiny_s42_std_r4,breakhis,convnext_tiny,0,20,57.0,29,True,2.1648242724517406,15.83764818928858,2.1269290123618005,0.5714919028385219,768,0.22315959765624993,0.7457001631125123,0.6387651844351406,0.10693497867737167,0.723032477434923,0.6321152985465476,0.09091717888837547,0.6123655913978495
breakhis_convnext_tiny_s42_std_r4,breakhis,convnext_tiny,0,50,57.0,29,True,2.1648242724517406,15.83764818928858,2.1269290123618005,0.5714919028385219,768,0.19777463281250007,0.7219639312592215,0.6316613922543907,0.09030253900483087,0.6907974114291981,0.6228641804452091,0.06793323098398907,0.5067383512544803
breakhis_convnext_tiny_s42_std_r4,breakhis,convnext_tiny,0,100,57.0,29,False,2.1648242724517406,15.83764818928858,2.1269290123618005,0.5714919028385219,768,0.1653817578125002,0.698917654718056,0.6235132981846923,0.07540435653336375,0.6583695117593152,0.604766650901623,0.05360286085769228,0.40148745519713264
breakhis_convnext_tiny_s42_std_r4,breakhis,convnext_tiny,0,200,57.0,29,False,2.1648242724517406,15.83764818928858,2.1269290123618005,0.5714919028385219,768,0.12672324609374996,0.6651045370753679,0.6086359639795202,0.05646857309584763,0.5555414026260761,0.5694619464644509,-0.013920543838374821,0.28381720430107527
breakhis_convnext_tiny_s42_std_r4,breakhis,convnext_tiny,1,1,71.0,28,True,2.155389521069054,16.12388165779649,2.31862350907712,0.5818204634694045,768,0.2302356406249999,0.792441031859143,0.6725772838405389,0.11986374801860411,0.792441031859143,0.6725772838405389,0.11986374801860411,0.8633440514469454
breakhis_convnext_tiny_s42_std_r4,breakhis,convnext_tiny,1,5,71.0,28,True,2.155389521069054,16.12388165779649,2.31862350907712,0.5818204634694045,768,0.2491296640624998,0.7691632570791924,0.6595707416488871,0.10959251543030535,0.752709947530972,0.6515248012397966,0.10118514629117537,0.792604501607717
breakhis_convnext_tiny_s42_std_r4,breakhis,convnext_tiny,1,10,71.0,28,True,2.155389521069054,16.12388165779649,2.31862350907712,0.5818204634694045,768,0.2506402421874998,0.7547668096101167,0.6529737073952595,0.10179310221485716,0.7349187253803449,0.6440715147526599,0.09084721062768497,0.7331189710610932
breakhis_convnext_tiny_s42_std_r4,breakhis,convnext_tiny,1,20,71.0,28,True,2.155389521069054,16.12388165779649,2.31862350907712,0.5818204634694045,768,0.24669153906249996,0.7395403167186702,0.6462882173323851,0.09325209938628509,0.7173211275921064,0.63642716371755,0.08089396387455638,0.6668810289389068
breakhis_convnext_tiny_s42_std_r4,breakhis,convnext_tiny,1,50,71.0,28,True,2.155389521069054,16.12388165779649,2.31862350907712,0.5818204634694045,768,0.22850795312500005,0.7173798497347981,0.6365191577591667,0.0808606919756314,0.6901581688848824,0.6244060192409077,0.06575214964397469,0.5410289389067524
breakhis_convnext_tiny_s42_std_r4,breakhis,convnext_tiny,1,100,71.0,28,False,2.155389521069054,16.12388165779649,2.31862350907712,0.5818204634694045,768,0.1976532851562499,0.6994695962138502,0.6280804735570203,0.07138912265682984,0.664610862644147,0.6137382486457416,0.05087261399840548,0.41557877813504823
breakhis_convnext_tiny_s42_std_r4,breakhis,convnext_tiny,1,200,71.0,28,False,2.155389521069054,16.12388165779649,2.31862350907712,0.5818204634694045,768,0.15683228515625003,0.6641188663134874,0.5957834884848228,0.06833537782866461,0.6139733306247084,0.5494927943897787,0.06448053623492966,0.2904180064308681
breakhis_convnext_tiny_s43_std_r0,breakhis,convnext_tiny,0,1,61.0,24,True,1.9958576800778902,14.954017349998406,2.211990253006063,0.5396066214054946,768,0.20348494140625006,0.7628471199936883,0.6536435074194206,0.1092036125742677,0.7628471199936883,0.6536435074194206,0.1092036125742677,0.8128654970760234
breakhis_convnext_tiny_s43_std_r0,breakhis,convnext_tiny,0,5,61.0,24,True,1.9958576800778902,14.954017349998406,2.211990253006063,0.5396066214054946,768,0.2140870937499998,0.7428690185483452,0.6493677431485921,0.09350127539975306,0.7277940381281162,0.6462515081715476,0.08154252995656852,0.7352826510721248
breakhis_convnext_tiny_s43_std_r0,breakhis,convnext_tiny,0,10,61.0,24,True,1.9958576800778902,14.954017349998406,2.211990253006063,0.5396066214054946,768,0.21109223046874992,0.7294604835000741,0.646194706905467,0.0832657765946071,0.7097152225743695,0.6403637631426378,0.06935145943173171,0.6826510721247564
breakhis_convnext_tiny_s43_std_r0,breakhis,convnext_tiny,0,20,61.0,24,True,1.9958576800778902,14.954017349998406,2.211990253006063,0.5396066214054946,768,0.20290883984374986,0.7141314952402394,0.6418092574311726,0.07232223780906688,0.6904856745351368,0.6348089910528213,0.05567668348231547,0.6160818713450292
breakhis_convnext_tiny_s43_std_r0,breakhis,convnext_tiny,0,50,61.0,24,True,1.9958576800778902,14.954017349998406,2.211990253006063,0.5396066214054946,768,0.18113423046874988,0.6893657308786939,0.6337806922703271,0.05558503860836683,0.6565486877223772,0.622271580563782,0.03427710715859522,0.4989083820662768
breakhis_convnext_tiny_s43_std_r0,breakhis,convnext_tiny,0,100,61.0,24,False,1.9958576800778902,14.954017349998406,2.211990253006063,0.5396066214054946,768,0.15700890624999997,0.6635685407442045,0.6174278036321472,0.04614073711205724,0.6168772815003396,0.5812493144674783,0.03562796703286131,0.38152046783625726
breakhis_convnext_tiny_s43_std_r0,breakhis,convnext_tiny,0,200,61.0,24,False,1.9958576800778902,14.954017349998406,2.211990253006063,0.5396066214054946,768,0.12920296484374982,0.6189670732716402,0.5791770475877089,0.03979002568393131,0.5647133078940634,0.536162819849888,0.02855048804417537,0.2592982456140351
breakhis_convnext_tiny_s43_std_r0,breakhis,convnext_tiny,1,1,59.0,28,True,2.0292169003436835,15.4572244450914,2.1708649907904887,0.557764543393624,768,0.19209410156249995,0.8187256146288723,0.6740906230696847,0.14463499155918758,0.8187256146288723,0.6740906230696847,0.14463499155918758,0.8174603174603174
breakhis_convnext_tiny_s43_std_r0,breakhis,convnext_tiny,1,5,59.0,28,True,2.0292169003436835,15.4572244450914,2.1708649907904887,0.557764543393624,768,0.20339835156249986,0.7953842115984268,0.6687718528524887,0.12661235874593801,0.7789255550854761,0.6638110027729189,0.11511455231255718,0.738095238095238
breakhis_convnext_tiny_s43_std_r0,breakhis,convnext_tiny,1,10,59.0,28,True,2.0292169003436835,15.4572244450914,2.1708649907904887,0.557764543393624,768,0.201627390625,0.78198498879644,0.6641650743069146,0.11781991448952533,0.760610084770993,0.6568950620491121,0.10371502272188093,0.6821428571428572
breakhis_convnext_tiny_s43_std_r0,breakhis,convnext_tiny,1,20,59.0,28,True,2.0292169003436835,15.4572244450914,2.1708649907904887,0.557764543393624,768,0.19474903515624986,0.7651541860574437,0.6578956989930128,0.10725848706443086,0.7386573747630016,0.647119608827927,0.09153776593507468,0.6016865079365079
breakhis_convnext_tiny_s43_std_r0,breakhis,convnext_tiny,1,50,59.0,28,True,2.0292169003436835,15.4572244450914,2.1708649907904887,0.557764543393624,768,0.17351106249999992,0.7365694385684514,0.6474428915328796,0.08912654703557177,0.6963423901972767,0.6341459659898897,0.062196424207387024,0.4871825396825397
breakhis_convnext_tiny_s43_std_r0,breakhis,convnext_tiny,1,100,59.0,28,False,2.0292169003436835,15.4572244450914,2.1708649907904887,0.557764543393624,768,0.14657842578125002,0.702247763205315,0.6314403976377271,0.07080736556758793,0.6342155157554961,0.5934489069003539,0.04076660885514216,0.37581349206349207
breakhis_convnext_tiny_s43_std_r0,breakhis,convnext_tiny,1,200,59.0,28,False,2.0292169003436835,15.4572244450914,2.1708649907904887,0.557764543393624,768,0.11536772656250005,0.6509562199345023,0.6040421883929963,0.046914031541505974,0.5742510067534746,0.5770307638131195,-0.0027797570596448384,0.25108134920634917
breakhis_convnext_tiny_s43_std_r1,breakhis,convnext_tiny,0,1,55.0,25,True,2.100917153078343,15.999016851180416,2.2224737683004268,0.5773147928623983,768,0.23513611328125006,0.7653015437531021,0.6072094084452758,0.1580921353078263,0.7653015437531021,0.6072094084452758,0.1580921353078263,0.7903525046382189
breakhis_convnext_tiny_s43_std_r1,breakhis,convnext_tiny,0,5,55.0,25,True,2.100917153078343,15.999016851180416,2.2224737683004268,0.5773147928623983,768,0.24785523828125033,0.734444796495283,0.6023044800648658,0.13214031643041724,0.7131740069266511,0.5977122454136738,0.11546176151297727,0.7050092764378478
breakhis_convnext_tiny_s43_std_r1,breakhis,convnext_tiny,0,10,55.0,25,True,2.100917153078343,15.999016851180416,2.2224737683004268,0.5773147928623983,768,0.24482458203125013,0.7163735996058659,0.5977049734664827,0.11866862613938323,0.6904453605906151,0.5909093388163815,0.0995360217742336,0.6632653061224489
breakhis_convnext_tiny_s43_std_r1,breakhis,convnext_tiny,0,20,55.0,25,True,2.100917153078343,15.999016851180416,2.2224737683004268,0.5773147928623983,768,0.23508172265625016,0.696734657247984,0.5924637175284833,0.10427093971950074,0.668954793619862,0.5858480635713623,0.08310673004849967,0.598051948051948
breakhis_convnext_tiny_s43_std_r1,breakhis,convnext_tiny,0,50,55.0,25,True,2.100917153078343,15.999016851180416,2.2224737683004268,0.5773147928623983,768,0.20721083984375022,0.6654878051013998,0.5851681365089927,0.08031966859240713,0.6261439871649997,0.5772653478990436,0.04887863926595615,0.487569573283859
breakhis_convnext_tiny_s43_std_r1,breakhis,convnext_tiny,0,100,55.0,25,False,2.100917153078343,15.999016851180416,2.2224737683004268,0.5773147928623983,768,0.17252340234374997,0.6349991849921338,0.5796050969077863,0.05539408808434754,0.5896957365015467,0.5722204345352044,0.017475301966342283,0.3806493506493507
breakhis_convnext_tiny_s43_std_r1,breakhis,convnext_tiny,0,200,55.0,25,False,2.100917153078343,15.999016851180416,2.2224737683004268,0.5773147928623983,768,0.13313176953125005,0.5832086401822687,0.5654557056606655,0.017752934521603203,0.5300225088689339,0.5496864881767228,-0.01966397930778896,0.2693228200371057
breakhis_convnext_tiny_s43_std_r1,breakhis,convnext_tiny,1,1,74.0,32,True,1.9214634132383013,15.544474593077796,2.2885578120408576,0.5609129119202978,768,0.2149789648437499,0.8006577476234368,0.6069848921350826,0.19367285548835422,0.8006577476234368,0.6069848921350826,0.19367285548835422,0.7826887661141805
breakhis_convnext_tiny_s43_std_r1,breakhis,convnext_tiny,1,5,74.0,32,True,1.9214634132383013,15.544474593077796,2.2885578120408576,0.5609129119202978,768,0.2284822578125002,0.7833068816254256,0.5983055162296455,0.18500136539578016,0.7711081902123227,0.5930729825808094,0.17803520763151326,0.7278084714548803
breakhis_convnext_tiny_s43_std_r1,breakhis,convnext_tiny,1,10,74.0,32,True,1.9214634132383013,15.544474593077796,2.2885578120408576,0.5609129119202978,768,0.2265701132812501,0.7722280700797551,0.5928385533518801,0.17938951672787506,0.7538245897258294,0.5846463506878117,0.16917823903801776,0.6742173112338858
breakhis_convnext_tiny_s43_std_r1,breakhis,convnext_tiny,1,20,74.0,32,True,1.9214634132383013,15.544474593077796,2.2885578120408576,0.5609129119202978,768,0.2195018593750001,0.7571387796581821,0.5853661216797587,0.17177265797842345,0.7323814354460157,0.574785671245973,0.15759576420004273,0.5990791896869245
breakhis_convnext_tiny_s43_std_r1,breakhis,convnext_tiny,1,50,74.0,32,True,1.9214634132383013,15.544474593077796,2.2885578120408576,0.5609129119202978,768,0.19868176171875007,0.7282382435338755,0.5720183074575967,0.1562199360762787,0.6959380720977204,0.5560752884120533,0.13986278368566707,0.4802578268876612
breakhis_convnext_tiny_s43_std_r1,breakhis,convnext_tiny,1,100,74.0,32,False,1.9214634132383013,15.544474593077796,2.2885578120408576,0.5609129119202978,768,0.17079383593749986,0.705513408561627,0.5578078669321089,0.1477055416295181,0.6738877102274483,0.5317147948652673,0.14217291536218102,0.3755616942909761
breakhis_convnext_tiny_s43_std_r1,breakhis,convnext_tiny,1,200,74.0,32,False,1.9214634132383013,15.544474593077796,2.2885578120408576,0.5609129119202978,768,0.13476880078124998,0.6769237481797408,0.5323100253293456,0.1446137228503952,0.5867443310626678,0.48597545452713975,0.10076887653552802,0.26096685082872934
breakhis_convnext_tiny_s43_std_r2,breakhis,convnext_tiny,0,1,58.0,31,True,2.080177371846179,15.728177104556375,2.1882175096300935,0.5675417053236083,768,0.19803070312499993,0.8277199276785303,0.6817721230804831,0.14594780459804724,0.8277199276785303,0.6817721230804831,0.14594780459804724,0.8207885304659498
breakhis_convnext_tiny_s43_std_r2,breakhis,convnext_tiny,0,5,58.0,31,True,2.080177371846179,15.728177104556375,2.1882175096300935,0.5675417053236083,768,0.21341129296875005,0.810697491747073,0.6678491519509141,0.14284833979615885,0.7978112494559968,0.6563017259557697,0.14150952350022705,0.7573476702508961
breakhis_convnext_tiny_s43_std_r2,breakhis,convnext_tiny,0,10,58.0,31,True,2.080177371846179,15.728177104556375,2.1882175096300935,0.5675417053236083,768,0.21418598828125002,0.7997661228403514,0.658016671736238,0.1417494511041134,0.7815654555297264,0.6435525316443885,0.13801292388533792,0.6935483870967742
breakhis_convnext_tiny_s43_std_r2,breakhis,convnext_tiny,0,20,58.0,31,True,2.080177371846179,15.728177104556375,2.1882175096300935,0.5675417053236083,768,0.20970015624999983,0.7849426983267699,0.6464356559434348,0.1385070423833351,0.7597027177162833,0.6287114393788127,0.1309912783374706,0.6227598566308243
breakhis_convnext_tiny_s43_std_r2,breakhis,convnext_tiny,0,50,58.0,31,True,2.080177371846179,15.728177104556375,2.1882175096300935,0.5675417053236083,768,0.1905095351562499,0.7552728507892027,0.6274760812649172,0.12779676952428554,0.7119719630467012,0.6021792314281076,0.1097927316185936,0.5053046594982078
breakhis_convnext_tiny_s43_std_r2,breakhis,convnext_tiny,0,100,58.0,31,False,2.080177371846179,15.728177104556375,2.1882175096300935,0.5675417053236083,768,0.16235216406249975,0.7214915772378435,0.6066074864194582,0.11488409081838535,0.6579396165263758,0.5709855060023102,0.08695411052406554,0.38397849462365596
breakhis_convnext_tiny_s43_std_r2,breakhis,convnext_tiny,0,200,58.0,31,False,2.080177371846179,15.728177104556375,2.1882175096300935,0.5675417053236083,768,0.1277409179687501,0.6670063369741744,0.5692556314228825,0.09775070555129195,0.588050681640466,0.5086820296448625,0.0793686519956035,0.2536917562724014
breakhis_convnext_tiny_s43_std_r2,breakhis,convnext_tiny,1,1,61.5,29,True,2.11328000065567,14.569462868168909,2.0668859796683012,0.5257302068053485,768,0.20848373046875002,0.8067970821662434,0.6755387843341224,0.13125829783212095,0.8067970821662434,0.6755387843341224,0.13125829783212095,0.8166351606805293
breakhis_convnext_tiny_s43_std_r2,breakhis,convnext_tiny,1,5,61.5,29,True,2.11328000065567,14.569462868168909,2.0668859796683012,0.5257302068053485,768,0.21679406249999977,0.7862289293998436,0.6759156060815138,0.11031332331832977,0.769740070949117,0.6753636418318136,0.09437642911730337,0.7353497164461248
breakhis_convnext_tiny_s43_std_r2,breakhis,convnext_tiny,1,10,61.5,29,True,2.11328000065567,14.569462868168909,2.0668859796683012,0.5257302068053485,768,0.2130174960937501,0.7744557053204374,0.6758183046913423,0.0986374006290951,0.7569069021435889,0.6754963255456838,0.08141057659790507,0.6903591682419661
breakhis_convnext_tiny_s43_std_r2,breakhis,convnext_tiny,1,20,61.5,29,True,2.11328000065567,14.569462868168909,2.0668859796683012,0.5257302068053485,768,0.2042550039062503,0.7613052995370206,0.6752893389520463,0.0860159605849743,0.7398712764309721,0.6728161145255054,0.06705516190546668,0.639413988657845
breakhis_convnext_tiny_s43_std_r2,breakhis,convnext_tiny,1,50,61.5,29,True,2.11328000065567,14.569462868168909,2.0668859796683012,0.5257302068053485,768,0.1827102890625001,0.7405001520871394,0.6708117058879725,0.06968844619916692,0.7084218953229939,0.6547003647917573,0.05372153053123663,0.5334593572778827
breakhis_convnext_tiny_s43_std_r2,breakhis,convnext_tiny,1,100,61.5,29,False,2.11328000065567,14.569462868168909,2.0668859796683012,0.5257302068053485,768,0.15931351953125017,0.714753572181676,0.6519210832652224,0.06283248891645365,0.6665335515426114,0.6132924313671376,0.05324112017547378,0.4142911153119093
breakhis_convnext_tiny_s43_std_r2,breakhis,convnext_tiny,1,200,61.5,29,False,2.11328000065567,14.569462868168909,2.0668859796683012,0.5257302068053485,768,0.12912166406250003,0.6737143038421131,0.6192295852837839,0.05448471855832915,0.6002291570640278,0.5653706121495823,0.03485854491444551,0.28833648393194705
breakhis_convnext_tiny_s43_std_r3,breakhis,convnext_tiny,0,1,65.0,27,True,2.093082375746189,15.003470037373415,2.0448031154438215,0.5413910915535016,768,0.19804392578124996,0.8348152587787336,0.6947867235248036,0.14002853525393,0.8348152587787336,0.6947867235248036,0.14002853525393,0.8839285714285714
breakhis_convnext_tiny_s43_std_r3,breakhis,convnext_tiny,0,5,65.0,27,True,2.093082375746189,15.003470037373415,2.0448031154438215,0.5413910915535016,768,0.20841537499999985,0.8096777605415315,0.6909182321863157,0.11875952835521586,0.7890160062050486,0.6849952311991488,0.10402077500589979,0.8178571428571428
breakhis_convnext_tiny_s43_std_r3,breakhis,convnext_tiny,0,10,65.0,27,True,2.093082375746189,15.003470037373415,2.0448031154438215,0.5413910915535016,768,0.20753939453125003,0.7925539416161331,0.6855213861091763,0.10703255550695678,0.7643174446481455,0.6762309936978335,0.08808645095031209,0.7687499999999999
breakhis_convnext_tiny_s43_std_r3,breakhis,convnext_tiny,0,20,65.0,27,True,2.093082375746189,15.003470037373415,2.0448031154438215,0.5413910915535016,768,0.20240835156250003,0.7715202369200395,0.6775856337995233,0.09393460312051616,0.7380323649696798,0.6644167280514062,0.07361563691827366,0.6909821428571428
breakhis_convnext_tiny_s43_std_r3,breakhis,convnext_tiny,0,50,65.0,27,True,2.093082375746189,15.003470037373415,2.0448031154438215,0.5413910915535016,768,0.1837965117187501,0.7372761246650684,0.6631639782656263,0.07411214639944208,0.6938689888591172,0.6458559872252928,0.04801300163382438,0.5605714285714286
breakhis_convnext_tiny_s43_std_r3,breakhis,convnext_tiny,0,100,65.0,27,False,2.093082375746189,15.003470037373415,2.0448031154438215,0.5413910915535016,768,0.15670373437499985,0.7025208010153716,0.6460046468665387,0.05651615414883293,0.6401847412212663,0.6166284995565265,0.023556241664739797,0.4288571428571429
breakhis_convnext_tiny_s43_std_r3,breakhis,convnext_tiny,0,200,65.0,27,False,2.093082375746189,15.003470037373415,2.0448031154438215,0.5413910915535016,768,0.12128201953124984,0.658829854745452,0.6223644232423503,0.036465431503101664,0.5923265406853758,0.5882662444064722,0.004060296278903586,0.2894375
breakhis_convnext_tiny_s43_std_r3,breakhis,convnext_tiny,1,1,64.0,33,True,1.8735451584713148,14.226468012542425,2.062811994786198,0.5133534460411856,768,0.15863049609375024,0.8042920877993863,0.6754777182343816,0.1288143695650047,0.8042920877993863,0.6754777182343816,0.1288143695650047,0.8240270727580372
breakhis_convnext_tiny_s43_std_r3,breakhis,convnext_tiny,1,5,64.0,33,True,1.8735451584713148,14.226468012542425,2.062811994786198,0.5133534460411856,768,0.17008965234375029,0.7854540716873537,0.6654509237061064,0.12000314798124734,0.7724672322414367,0.6590184741221267,0.11344875811930999,0.7211505922165821
breakhis_convnext_tiny_s43_std_r3,breakhis,convnext_tiny,1,10,64.0,33,True,1.8735451584713148,14.226468012542425,2.062811994786198,0.5133534460411856,768,0.1685713085937499,0.7747021378592678,0.6601590043717388,0.11454313348752898,0.7575845647863727,0.6515036666196588,0.10608089816671395,0.6495769881556684
breakhis_convnext_tiny_s43_std_r3,breakhis,convnext_tiny,1,20,64.0,33,True,1.8735451584713148,14.226468012542425,2.062811994786198,0.5133534460411856,768,0.16311445703125027,0.7613728801385709,0.6528768861937667,0.10849599394480414,0.7392159122607457,0.6404826540685375,0.09873325819220813,0.5623519458544839
breakhis_convnext_tiny_s43_std_r3,breakhis,convnext_tiny,1,50,64.0,33,True,1.8735451584713148,14.226468012542425,2.062811994786198,0.5133534460411856,768,0.14791507421874983,0.7390355162915934,0.6384043153292907,0.10063120096230271,0.7084283335254217,0.617761951769849,0.09066638175557262,0.4374957698815567
breakhis_convnext_tiny_s43_std_r3,breakhis,convnext_tiny,1,100,64.0,33,False,1.8735451584713148,14.226468012542425,2.062811994786198,0.5133534460411856,768,0.12904184375000038,0.7146970934534637,0.6212716824143281,0.0934254110391356,0.6709610929323198,0.5894373149062192,0.08152377802610056,0.3360236886632826
breakhis_convnext_tiny_s43_std_r3,breakhis,convnext_tiny,1,200,64.0,33,False,1.8735451584713148,14.226468012542425,2.062811994786198,0.5133534460411856,768,0.1054219999999999,0.6759654107432481,0.5942197856437738,0.08174562509947436,0.5975315818220995,0.5370205189677055,0.060511062854394004,0.24192893401015225
breakhis_convnext_tiny_s43_std_r4,breakhis,convnext_tiny,0,1,57.0,29,True,2.1341258179018414,15.326237633794436,2.0970676044314764,0.5530379639709619,768,0.2349064140625,0.7965427931513974,0.6208295375551909,0.17571325559620654,0.7965427931513974,0.6208295375551909,0.17571325559620654,0.7939068100358423
breakhis_convnext_tiny_s43_std_r4,breakhis,convnext_tiny,0,5,57.0,29,True,2.1341258179018414,15.326237633794436,2.0970676044314764,0.5530379639709619,768,0.24656357421875008,0.7720104590148853,0.6144811978047441,0.1575292612101412,0.7558018165284986,0.6104309570439591,0.14537085948453954,0.7200716845878137
breakhis_convnext_tiny_s43_std_r4,breakhis,convnext_tiny,0,10,57.0,29,True,2.1341258179018414,15.326237633794436,2.0970676044314764,0.5530379639709619,768,0.24294313671875,0.7593329724336316,0.6106737810394137,0.1486591913942179,0.7407041790062521,0.6049539269242611,0.13575025208199099,0.6777777777777778
breakhis_convnext_tiny_s43_std_r4,breakhis,convnext_tiny,0,20,57.0,29,True,2.1341258179018414,15.326237633794436,2.0970676044314764,0.5530379639709619,768,0.2324624101562499,0.7453127266680112,0.606131543947969,0.1391811827200422,0.72325715519041,0.5999101709925312,0.12334698419787882,0.6182795698924732
breakhis_convnext_tiny_s43_std_r4,breakhis,convnext_tiny,0,50,57.0,29,True,2.1341258179018414,15.326237633794436,2.0970676044314764,0.5530379639709619,768,0.2026306093750001,0.7228697187459089,0.6008402027659716,0.12202951597993728,0.692163169123969,0.5941077884606228,0.09805538066334618,0.507168458781362
breakhis_convnext_tiny_s43_std_r4,breakhis,convnext_tiny,0,100,57.0,29,False,2.1341258179018414,15.326237633794436,2.0970676044314764,0.5530379639709619,768,0.16626273046874984,0.7012564263145418,0.5949552918173074,0.10630113449723433,0.6677759025146217,0.5839774253038474,0.08379847721077427,0.40304659498207884
breakhis_convnext_tiny_s43_std_r4,breakhis,convnext_tiny,0,200,57.0,29,False,2.1341258179018414,15.326237633794436,2.0970676044314764,0.5530379639709619,768,0.12481639843750003,0.6741535663613172,0.5864358198722079,0.08771774648910924,0.5763462089609273,0.5595188593303136,0.01682734963061361,0.2898835125448029
breakhis_convnext_tiny_s43_std_r4,breakhis,convnext_tiny,1,1,71.0,28,True,2.1800175448270953,15.161996842616496,2.148809976980295,0.5471114349085556,768,0.22376765624999984,0.7898445609012104,0.6794025340820233,0.11044202681918702,0.7898445609012104,0.6794025340820233,0.11044202681918702,0.8890675241157556
breakhis_convnext_tiny_s43_std_r4,breakhis,convnext_tiny,1,5,71.0,28,True,2.1800175448270953,15.161996842616496,2.148809976980295,0.5471114349085556,768,0.23827496484375,0.7677285322955913,0.6716467287272624,0.09608180356832896,0.7506689563012033,0.665155841444731,0.08551311485647228,0.7954983922829582
breakhis_convnext_tiny_s43_std_r4,breakhis,convnext_tiny,1,10,71.0,28,True,2.1800175448270953,15.161996842616496,2.148809976980295,0.5471114349085556,768,0.23864372656249988,0.7532305113905086,0.6661341626950008,0.08709634869550775,0.7316525045787401,0.6577078623061491,0.07394464227259101,0.7319935691318328
breakhis_convnext_tiny_s43_std_r4,breakhis,convnext_tiny,1,20,71.0,28,True,2.1800175448270953,15.161996842616496,2.148809976980295,0.5471114349085556,768,0.23441234765624996,0.73751360925334,0.6589674730298237,0.07854613622351625,0.7139088949762413,0.6469392520884416,0.06696964288779972,0.659967845659164
breakhis_convnext_tiny_s43_std_r4,breakhis,convnext_tiny,1,50,71.0,28,True,2.1800175448270953,15.161996842616496,2.148809976980295,0.5471114349085556,768,0.21703490234374978,0.7118599683217847,0.6456566428543629,0.0662033254674218,0.6771361369717784,0.6295488399905176,0.04758729698126085,0.5313504823151125
breakhis_convnext_tiny_s43_std_r4,breakhis,convnext_tiny,1,100,71.0,28,False,2.1800175448270953,15.161996842616496,2.148809976980295,0.5471114349085556,768,0.18851218359375,0.6871728621172348,0.6333772074147197,0.05379565470251513,0.6424694406795263,0.6085688911533577,0.03390054952616861,0.4127813504823151
breakhis_convnext_tiny_s43_std_r4,breakhis,convnext_tiny,1,200,71.0,28,False,2.1800175448270953,15.161996842616496,2.148809976980295,0.5471114349085556,768,0.15094960546875003,0.6478782261469069,0.5981947938448909,0.049683432302015995,0.6006814942722105,0.5567815530717164,0.04389994120049412,0.2863022508038585
breakhis_densenet121_s42_std_r0,breakhis,densenet121,0,1,61.0,24,True,1.5038463975575806,13.06798465866942,1.5207149680033427,0.4083745205834194,1024,0.11329651953125008,0.8109084821299712,0.6003795891505664,0.2105288929794048,0.8109084821299712,0.6003795891505664,0.2105288929794048,0.8011695906432748
breakhis_densenet121_s42_std_r0,breakhis,densenet121,0,5,61.0,24,True,1.5038463975575806,13.06798465866942,1.5207149680033427,0.4083745205834194,1024,0.11707392968750008,0.7797982946837314,0.5959118757736724,0.18388641891005897,0.7566489438469487,0.5915832275654586,0.16506571628149014,0.7181286549707603
breakhis_densenet121_s42_std_r0,breakhis,densenet121,0,10,61.0,24,True,1.5038463975575806,13.06798465866942,1.5207149680033427,0.4083745205834194,1024,0.11301436328125014,0.7641036890790099,0.5928387314122754,0.17126495766673455,0.736715101343355,0.5874896190789577,0.14922548226439736,0.6715399610136452
breakhis_densenet121_s42_std_r0,breakhis,densenet121,0,20,61.0,24,True,1.5038463975575806,13.06798465866942,1.5207149680033427,0.4083745205834194,1024,0.10565528515625011,0.7431807554424066,0.5886236857362227,0.15455706970618388,0.7067941324189051,0.5827026434134035,0.1240914890055016,0.6030214424951267
breakhis_densenet121_s42_std_r0,breakhis,densenet121,0,50,61.0,24,True,1.5038463975575806,13.06798465866942,1.5207149680033427,0.4083745205834194,1024,0.09090058593749983,0.7081199763695737,0.5827359407073128,0.12538403566226086,0.6435250130371448,0.57543404001943,0.06809097301771483,0.49189083820662766
breakhis_densenet121_s42_std_r0,breakhis,densenet121,0,100,61.0,24,False,1.5038463975575806,13.06798465866942,1.5207149680033427,0.4083745205834194,1024,0.07702390234375,0.663395353580837,0.5724842915119321,0.09091106206890487,0.5789281254029007,0.5520240837368182,0.026904041666082512,0.37933723196881086
breakhis_densenet121_s42_std_r0,breakhis,densenet121,0,200,61.0,24,False,1.5038463975575806,13.06798465866942,1.5207149680033427,0.4083745205834194,1024,0.06225657421874997,0.5992295095531963,0.5523805606480828,0.046848948905113486,0.5220015048040195,0.5347525815196101,-0.012751076715590615,0.2590643274853801
breakhis_densenet121_s42_std_r0,breakhis,densenet121,1,1,59.0,28,True,1.5062615376641528,13.47247954116026,1.5241492944859947,0.4210149856612581,1024,0.10575917968749993,0.8505695795922844,0.6304224419774895,0.22014713761479487,0.8505695795922844,0.6304224419774895,0.22014713761479487,0.8115079365079365
breakhis_densenet121_s42_std_r0,breakhis,densenet121,1,5,59.0,28,True,1.5062615376641528,13.47247954116026,1.5241492944859947,0.4210149856612581,1024,0.11080794921874992,0.8353331296322412,0.624026062743785,0.21130706688845613,0.8207665428790799,0.6193884953691677,0.20137804750991217,0.7234126984126984
breakhis_densenet121_s42_std_r0,breakhis,densenet121,1,10,59.0,28,True,1.5062615376641528,13.47247954116026,1.5241492944859947,0.4210149856612581,1024,0.10762544921874995,0.8239865870665476,0.6188208263336855,0.20516576073286208,0.8022787101020072,0.6068612905522554,0.1954174195497519,0.6579365079365079
breakhis_densenet121_s42_std_r0,breakhis,densenet121,1,20,59.0,28,True,1.5062615376641528,13.47247954116026,1.5241492944859947,0.4210149856612581,1024,0.10184604296875,0.8092848524734013,0.609318623970258,0.19996622850314327,0.7777483978125637,0.5942686594736265,0.18347973833893716,0.5778769841269841
breakhis_densenet121_s42_std_r0,breakhis,densenet121,1,50,59.0,28,True,1.5062615376641528,13.47247954116026,1.5241492944859947,0.4210149856612581,1024,0.08981673828125003,0.780400429339225,0.5940531376703247,0.1863472916689003,0.7308814773029976,0.5732629808589699,0.1576184964440277,0.4692857142857143
breakhis_densenet121_s42_std_r0,breakhis,densenet121,1,100,59.0,28,False,1.5062615376641528,13.47247954116026,1.5241492944859947,0.4210149856612581,1024,0.078136875,0.7432778639590091,0.5776042057540473,0.16567365820496183,0.6447648819317131,0.5424722275140522,0.10229265441766089,0.36799603174603174
breakhis_densenet121_s42_std_r0,breakhis,densenet121,1,200,59.0,28,False,1.5062615376641528,13.47247954116026,1.5241492944859947,0.4210149856612581,1024,0.06553829296875002,0.6746423478901268,0.551799318412297,0.12284302947782977,0.5813433303561635,0.5278167448895354,0.05352658546662803,0.24696428571428572
breakhis_densenet121_s42_std_r1,breakhis,densenet121,0,1,55.0,25,True,1.5920234702139129,13.685416615300895,1.4605067361755435,0.42766926922815296,1024,0.1305644492187501,0.8145609854818711,0.5103597977671486,0.3042011877147225,0.8145609854818711,0.5103597977671486,0.3042011877147225,0.7699443413729128
breakhis_densenet121_s42_std_r1,breakhis,densenet121,0,5,55.0,25,True,1.5920234702139129,13.685416615300895,1.4605067361755435,0.42766926922815296,1024,0.133727453125,0.7834588201250167,0.5028206065167555,0.28063821360826113,0.7555672363174831,0.4972793827571224,0.2582878535603607,0.6998144712430427
breakhis_densenet121_s42_std_r1,breakhis,densenet121,0,10,55.0,25,True,1.5920234702139129,13.685416615300895,1.4605067361755435,0.42766926922815296,1024,0.12822826953124994,0.7642777473548874,0.4977156995885896,0.2665620477662978,0.7330308952083032,0.4907291763247215,0.2423017188835817,0.6510204081632653
breakhis_densenet121_s42_std_r1,breakhis,densenet121,0,20,55.0,25,True,1.5920234702139129,13.685416615300895,1.4605067361755435,0.42766926922815296,1024,0.11892398828125,0.7412230978723716,0.48959838853650245,0.25162470933586917,0.7024598585732418,0.47519084316409693,0.22726901540914485,0.5889610389610389
breakhis_densenet121_s42_std_r1,breakhis,densenet121,0,50,55.0,25,True,1.5920234702139129,13.685416615300895,1.4605067361755435,0.42766926922815296,1024,0.10160716015625004,0.7002968826406988,0.4729474474556366,0.22734943518506218,0.6422353559569749,0.45322047271292715,0.18901488324404775,0.47194805194805195
breakhis_densenet121_s42_std_r1,breakhis,densenet121,0,100,55.0,25,False,1.5920234702139129,13.685416615300895,1.4605067361755435,0.42766926922815296,1024,0.08548276171874991,0.6548487473603818,0.4553057035699807,0.1995430437904011,0.5720439481545109,0.42892126117380136,0.1431226869807095,0.36810760667903525
breakhis_densenet121_s42_std_r1,breakhis,densenet121,0,200,55.0,25,False,1.5920234702139129,13.685416615300895,1.4605067361755435,0.42766926922815296,1024,0.06833035937499987,0.5812416324332839,0.43335714896038424,0.14788448347289962,0.5014074911127513,0.41258664979574916,0.08882084131700213,0.26209647495361776
breakhis_densenet121_s42_std_r1,breakhis,densenet121,1,1,74.0,32,True,1.5269508289585272,12.339627369602946,1.429033251253986,0.38561335530009205,1024,0.12934293359374982,0.8399353523894709,0.5293375359656561,0.3105978164238148,0.8399353523894709,0.5293375359656561,0.3105978164238148,0.7900552486187845
breakhis_densenet121_s42_std_r1,breakhis,densenet121,1,5,74.0,32,True,1.5269508289585272,12.339627369602946,1.429033251253986,0.38561335530009205,1024,0.13408521093749992,0.8231826040479294,0.5178853018367896,0.3052973022111398,0.8007068332669768,0.5077792042959156,0.29292762897106117,0.7152854511970534
breakhis_densenet121_s42_std_r1,breakhis,densenet121,1,10,74.0,32,True,1.5269508289585272,12.339627369602946,1.429033251253986,0.38561335530009205,1024,0.12914189062500003,0.8061498857395297,0.5090502502715166,0.2970996354680131,0.774540549286531,0.49694600984969056,0.2775945394368405,0.6624309392265194
breakhis_densenet121_s42_std_r1,breakhis,densenet121,1,20,74.0,32,True,1.5269508289585272,12.339627369602946,1.429033251253986,0.38561335530009205,1024,0.12041553515625009,0.7834286867408768,0.49805405425205174,0.2853746324888251,0.7418513286756512,0.48135280316919016,0.260498525506461,0.593646408839779
breakhis_densenet121_s42_std_r1,breakhis,densenet121,1,50,74.0,32,True,1.5269508289585272,12.339627369602946,1.429033251253986,0.38561335530009205,1024,0.10354249609374999,0.7411968534284504,0.47921363645521026,0.2619832169732402,0.6767001358036138,0.4600765191655052,0.21662361663810858,0.4881031307550644
breakhis_densenet121_s42_std_r1,breakhis,densenet121,1,100,74.0,32,False,1.5269508289585272,12.339627369602946,1.429033251253986,0.38561335530009205,1024,0.08726333203124997,0.6983487225915765,0.4635947890777957,0.23475393351378082,0.6427474143682769,0.4460217542998533,0.19672566006842357,0.3861694290976059
breakhis_densenet121_s42_std_r1,breakhis,densenet121,1,200,74.0,32,False,1.5269508289585272,12.339627369602946,1.429033251253986,0.38561335530009205,1024,0.06973433984374994,0.6597583168351031,0.4499722531029822,0.2097860637321209,0.5848045391494366,0.44897409740168165,0.135830441747755,0.2668784530386741
breakhis_densenet121_s42_std_r2,breakhis,densenet121,0,1,58.0,31,True,1.605156698722222,13.4615794716935,1.5217415275016286,0.4206743584904219,1024,0.12508189843750006,0.8693932285308905,0.6378665253407032,0.2315267031901873,0.8693932285308905,0.6378665253407032,0.2315267031901873,0.8369175627240143
breakhis_densenet121_s42_std_r2,breakhis,densenet121,0,5,58.0,31,True,1.605156698722222,13.4615794716935,1.5217415275016286,0.4206743584904219,1024,0.1339262656250002,0.8566732831611983,0.6176286722512816,0.2390446109099167,0.8390068889384241,0.6050045066311859,0.23400238230723824,0.750179211469534
breakhis_densenet121_s42_std_r2,breakhis,densenet121,0,10,58.0,31,True,1.605156698722222,13.4615794716935,1.5217415275016286,0.4206743584904219,1024,0.13132467187499997,0.8433483000562579,0.6075368041546847,0.23581149590157324,0.8209937479434024,0.5902791125575458,0.23071463538585657,0.6831541218637993
breakhis_densenet121_s42_std_r2,breakhis,densenet121,0,20,58.0,31,True,1.605156698722222,13.4615794716935,1.5217415275016286,0.4206743584904219,1024,0.12515444921874974,0.8267929107976237,0.5952858585085756,0.2315070522890481,0.7937245910687939,0.5764998311179618,0.21722475995083212,0.6167562724014336
breakhis_densenet121_s42_std_r2,breakhis,densenet121,0,50,58.0,31,True,1.605156698722222,13.4615794716935,1.5217415275016286,0.4206743584904219,1024,0.11153521093749996,0.7963481903710544,0.5757944453671272,0.22055374500392722,0.7444228612269882,0.5479093150107207,0.1965135462162675,0.5047670250896057
breakhis_densenet121_s42_std_r2,breakhis,densenet121,0,100,58.0,31,False,1.605156698722222,13.4615794716935,1.5217415275016286,0.4206743584904219,1024,0.09787095703125004,0.7610047872283965,0.5552057655021582,0.20579902172623832,0.6427322938006631,0.5106003803111535,0.1321319134895096,0.39763440860215055
breakhis_densenet121_s42_std_r2,breakhis,densenet121,0,200,58.0,31,False,1.605156698722222,13.4615794716935,1.5217415275016286,0.4206743584904219,1024,0.08265219531250023,0.6787780360687408,0.5171056044577393,0.16167243161100142,0.5471097948886695,0.4545539368175906,0.09255585807107891,0.2631899641577061
breakhis_densenet121_s42_std_r2,breakhis,densenet121,1,1,61.5,29,True,1.6178547884943844,12.733736313127139,1.403712426437878,0.3979292597852231,1024,0.1329597265625,0.8230769374315374,0.6103539293839584,0.21272300804757904,0.8230769374315374,0.6103539293839584,0.21272300804757904,0.8298676748582231
breakhis_densenet121_s42_std_r2,breakhis,densenet121,1,5,61.5,29,True,1.6178547884943844,12.733736313127139,1.403712426437878,0.3979292597852231,1024,0.13776388671874984,0.7934675307953131,0.5973403107275668,0.1961272200677463,0.761406068929997,0.5824266612885535,0.1789794076414435,0.7342155009451795
breakhis_densenet121_s42_std_r2,breakhis,densenet121,1,10,61.5,29,True,1.6178547884943844,12.733736313127139,1.403712426437878,0.3979292597852231,1024,0.13360460546874986,0.7743698647264204,0.5883337402300559,0.18603612449636453,0.7425864517417243,0.5768910967458877,0.16569535499583665,0.6877126654064273
breakhis_densenet121_s42_std_r2,breakhis,densenet121,1,20,61.5,29,True,1.6178547884943844,12.733736313127139,1.403712426437878,0.3979292597852231,1024,0.12519808984374992,0.7540629659418113,0.5799693589076769,0.17409360703413446,0.7152368920479886,0.5647266538582655,0.1505102381897231,0.6185255198487714
breakhis_densenet121_s42_std_r2,breakhis,densenet121,1,50,61.5,29,True,1.6178547884943844,12.733736313127139,1.403712426437878,0.3979292597852231,1024,0.10867296484374989,0.7133707921780558,0.5590106394647362,0.1543601527133196,0.6397755455076445,0.5228233679018636,0.11695217760578092,0.5085444234404537
breakhis_densenet121_s42_std_r2,breakhis,densenet121,1,100,61.5,29,False,1.6178547884943844,12.733736313127139,1.403712426437878,0.3979292597852231,1024,0.09267466406250002,0.6606963911494615,0.5244173415844913,0.13627904956497028,0.5813255653816081,0.4721611877138419,0.10916437766776615,0.395538752362949
breakhis_densenet121_s42_std_r2,breakhis,densenet121,1,200,61.5,29,False,1.6178547884943844,12.733736313127139,1.403712426437878,0.3979292597852231,1024,0.07436201953125016,0.6068239540043704,0.48148796824082624,0.12533598576354416,0.5379909942020277,0.44742894344843204,0.09056205075359564,0.2760586011342155
breakhis_densenet121_s42_std_r3,breakhis,densenet121,0,1,65.0,27,True,1.7086511212818907,14.421765452166445,1.5449318635109714,0.4506801703802014,1024,0.13407117578125005,0.8314465519672825,0.653950421174478,0.17749613079280446,0.8314465519672825,0.653950421174478,0.17749613079280446,0.8660714285714285
breakhis_densenet121_s42_std_r3,breakhis,densenet121,0,5,65.0,27,True,1.7086511212818907,14.421765452166445,1.5449318635109714,0.4506801703802014,1024,0.1411185625,0.8068696234663658,0.6505412714241092,0.1563283520422566,0.7808947962205612,0.6470435940222121,0.13385120219834912,0.7957142857142857
breakhis_densenet121_s42_std_r3,breakhis,densenet121,0,10,65.0,27,True,1.7086511212818907,14.421765452166445,1.5449318635109714,0.4506801703802014,1024,0.13787744921875011,0.7881628120152305,0.6483531351316139,0.13980967688361667,0.7571499083345086,0.642931234058759,0.11421867427574961,0.74625
breakhis_densenet121_s42_std_r3,breakhis,densenet121,0,20,65.0,27,True,1.7086511212818907,14.421765452166445,1.5449318635109714,0.4506801703802014,1024,0.13114927343749994,0.7651124665068396,0.6444963361244599,0.12061613038237973,0.7229815963897899,0.6358356592721023,0.08714593711768759,0.6767857142857142
breakhis_densenet121_s42_std_r3,breakhis,densenet121,0,50,65.0,27,True,1.7086511212818907,14.421765452166445,1.5449318635109714,0.4506801703802014,1024,0.11667225390625002,0.7207763362008179,0.6340651062415334,0.08671122995928449,0.6590043717388239,0.615255485791312,0.04374888594751192,0.5531785714285715
breakhis_densenet121_s42_std_r3,breakhis,densenet121,0,100,65.0,27,False,1.7086511212818907,14.421765452166445,1.5449318635109714,0.4506801703802014,1024,0.10244866015624998,0.6717511634466224,0.6142950442888807,0.057456119157741736,0.56939077704132,0.5599875059088032,0.009403271132516822,0.43287499999999995
breakhis_densenet121_s42_std_r3,breakhis,densenet121,0,200,65.0,27,False,1.7086511212818907,14.421765452166445,1.5449318635109714,0.4506801703802014,1024,0.08694135156250005,0.5978423353546749,0.5682606654940928,0.029581669860582083,0.5301649978846426,0.5273040991643324,0.0028608987203101455,0.2910089285714286
breakhis_densenet121_s42_std_r3,breakhis,densenet121,1,1,64.0,33,True,1.5083347909132137,13.788665620990267,1.6186701580641518,0.43089580065594585,1024,0.1032975546874999,0.8135774692115861,0.6154050909603723,0.1981723782512138,0.8135774692115861,0.6154050909603723,0.1981723782512138,0.7783417935702199
breakhis_densenet121_s42_std_r3,breakhis,densenet121,1,5,64.0,33,True,1.5083347909132137,13.788665620990267,1.6186701580641518,0.43089580065594585,1024,0.10867984765624994,0.8026585020787295,0.6097941052037794,0.19286439687495005,0.7870592617461996,0.6003842899450007,0.18667497180119885,0.6798646362098139
breakhis_densenet121_s42_std_r3,breakhis,densenet121,1,10,64.0,33,True,1.5083347909132137,13.788665620990267,1.6186701580641518,0.43089580065594585,1024,0.10579322656250001,0.7936971652777848,0.6042871245240445,0.18941004075374024,0.7774615280540788,0.5977665350444225,0.1796949930096563,0.6187817258883249
breakhis_densenet121_s42_std_r3,breakhis,densenet121,1,20,64.0,33,True,1.5083347909132137,13.788665620990267,1.6186701580641518,0.43089580065594585,1024,0.09978557812499989,0.782801582807596,0.5991661965872233,0.1836353862203728,0.7600934050240278,0.5926191651389084,0.16747423988511934,0.5411167512690356
breakhis_densenet121_s42_std_r3,breakhis,densenet121,1,50,64.0,33,True,1.5083347909132137,13.788665620990267,1.6186701580641518,0.43089580065594585,1024,0.08755868359375008,0.7605210102842406,0.5904332957269779,0.17008771455726268,0.7287262207211496,0.5734469750387815,0.15527924568236806,0.4370896785109983
breakhis_densenet121_s42_std_r3,breakhis,densenet121,1,100,64.0,33,False,1.5083347909132137,13.788665620990267,1.6186701580641518,0.43089580065594585,1024,0.07591245703125005,0.7363897087440264,0.5745857424904809,0.16180396625354554,0.6777058977789582,0.5384677760541532,0.139238121724805,0.34785109983079526
breakhis_densenet121_s42_std_r3,breakhis,densenet121,1,200,64.0,33,False,1.5083347909132137,13.788665620990267,1.6186701580641518,0.43089580065594585,1024,0.06268070312499996,0.6914928267547267,0.5431956000564095,0.14829722669831713,0.5940422560854409,0.4974774361867156,0.09656481989872534,0.24888324873096446
breakhis_densenet121_s42_std_r4,breakhis,densenet121,0,1,57.0,29,True,1.6463693571319558,13.943920363074561,1.5006182792308131,0.43574751134608003,1024,0.13133939843749998,0.8140853492412261,0.5470903971838765,0.2669949520573496,0.8140853492412261,0.5470903971838765,0.2669949520573496,0.8118279569892473
breakhis_densenet121_s42_std_r4,breakhis,densenet121,0,5,57.0,29,True,1.6463693571319558,13.943920363074561,1.5006182792308131,0.43574751134608003,1024,0.1360029921874999,0.7897210811422829,0.5390803795037503,0.2506407016385326,0.7676336655733529,0.5352491564643557,0.23238450910899722,0.7043010752688172
breakhis_densenet121_s42_std_r4,breakhis,densenet121,0,10,57.0,29,True,1.6463693571319558,13.943920363074561,1.5006182792308131,0.43574751134608003,1024,0.13095582031250008,0.7749808050893935,0.5368013255333399,0.23817947955605356,0.7510782763147187,0.5332335585935888,0.2178447177211299,0.649820788530466
breakhis_densenet121_s42_std_r4,breakhis,densenet121,0,20,57.0,29,True,1.6463693571319558,13.943920363074561,1.5006182792308131,0.43574751134608003,1024,0.12235801171874994,0.7585386392665951,0.5320400707205049,0.2264985685460903,0.7332721219133346,0.5249362785397549,0.2083358433735797,0.5878136200716846
breakhis_densenet121_s42_std_r4,breakhis,densenet121,0,50,57.0,29,True,1.6463693571319558,13.943920363074561,1.5006182792308131,0.43574751134608003,1024,0.10587442578124995,0.7325414769289559,0.5244966560120364,0.20804482091691945,0.687413092167415,0.5172833549705913,0.17012973719682367,0.48767025089605737
breakhis_densenet121_s42_std_r4,breakhis,densenet121,0,100,57.0,29,False,1.6463693571319558,13.943920363074561,1.5006182792308131,0.43574751134608003,1024,0.09040703515624993,0.6980313275094029,0.5185990483838714,0.1794322791255315,0.6383608077076854,0.5087543605158661,0.12960644719181935,0.3860931899641577
breakhis_densenet121_s42_std_r4,breakhis,densenet121,0,200,57.0,29,False,1.6463693571319558,13.943920363074561,1.5006182792308131,0.43574751134608003,1024,0.07400446484375012,0.6469940946901747,0.5092558793561514,0.1377382153340233,0.5390585471310243,0.4993635789400177,0.0396949681910066,0.2733781362007168
breakhis_densenet121_s42_std_r4,breakhis,densenet121,1,1,71.0,28,True,1.617254312336936,13.583850628473561,1.518362411990411,0.4244953321397988,1024,0.13372703124999996,0.8167345409991652,0.6296762163558329,0.18705832464333227,0.8167345409991652,0.6296762163558329,0.18705832464333227,0.842443729903537
breakhis_densenet121_s42_std_r4,breakhis,densenet121,1,5,71.0,28,True,1.617254312336936,13.583850628473561,1.518362411990411,0.4244953321397988,1024,0.14137496875,0.7944423459654714,0.6200292257993751,0.17441312016609622,0.7750529292826693,0.6101239442799167,0.16492898500275266,0.7617363344051447
breakhis_densenet121_s42_std_r4,breakhis,densenet121,1,10,71.0,28,True,1.617254312336936,13.583850628473561,1.518362411990411,0.4244953321397988,1024,0.1385977421875002,0.7799982859482674,0.6120469735729425,0.1679513123753249,0.7550937491072647,0.5993606414107641,0.15573310769650062,0.70016077170418
breakhis_densenet121_s42_std_r4,breakhis,densenet121,1,20,71.0,28,True,1.617254312336936,13.583850628473561,1.518362411990411,0.4244953321397988,1024,0.13252725390624998,0.7621562770796367,0.5993801016887983,0.16277617539083844,0.7323174931675993,0.5809919080625701,0.15132558510502925,0.6227491961414792
breakhis_densenet121_s42_std_r4,breakhis,densenet121,1,50,71.0,28,True,1.617254312336936,13.583850628473561,1.518362411990411,0.4244953321397988,1024,0.11836704687499999,0.7317413813352464,0.5777561945603216,0.1539851867749248,0.6837558682465568,0.5535193028266938,0.13023656541986295,0.50016077170418
breakhis_densenet121_s42_std_r4,breakhis,densenet121,1,100,71.0,28,False,1.617254312336936,13.583850628473561,1.518362411990411,0.4244953321397988,1024,0.10303675000000001,0.7006202327936186,0.5603746280433222,0.14024560475029646,0.6378383268315754,0.5351576459432397,0.10268068088833571,0.3917845659163987
breakhis_densenet121_s42_std_r4,breakhis,densenet121,1,200,71.0,28,False,1.617254312336936,13.583850628473561,1.518362411990411,0.4244953321397988,1024,0.08562337109374996,0.6568992169322918,0.5362173465380166,0.12068187039427525,0.5939633637313002,0.5043856390224571,0.08957772470884307,0.2776125401929261
breakhis_densenet121_s43_std_r0,breakhis,densenet121,0,1,61.0,24,True,1.5454404145625553,12.853827768291648,1.4501850530496658,0.401682117759114,1024,0.12321346093749985,0.7990528586465616,0.5811004559770602,0.21795240266950144,0.7990528586465616,0.5811004559770602,0.21795240266950144,0.8011695906432748
breakhis_densenet121_s43_std_r0,breakhis,densenet121,0,5,61.0,24,True,1.5454404145625553,12.853827768291648,1.4501850530496658,0.401682117759114,1024,0.12750772656249998,0.7732749115302241,0.5783113179460663,0.19496359358415782,0.7512955361970793,0.576387909556715,0.1749076266403643,0.7189083820662768
breakhis_densenet121_s43_std_r0,breakhis,densenet121,0,10,61.0,24,True,1.5454404145625553,12.853827768291648,1.4501850530496658,0.401682117759114,1024,0.12294303515625016,0.7567682505594907,0.5776904213478744,0.1790778292116163,0.7293584955038688,0.5743136840125981,0.1550448114912707,0.6690058479532164
breakhis_densenet121_s43_std_r0,breakhis,densenet121,0,20,61.0,24,True,1.5454404145625553,12.853827768291648,1.4501850530496658,0.401682117759114,1024,0.11524168359375009,0.7362628904167845,0.5752577602281452,0.16100513018863927,0.6968224004125703,0.5701671915887119,0.1266552088238584,0.597076023391813
breakhis_densenet121_s43_std_r0,breakhis,densenet121,0,50,61.0,24,True,1.5454404145625553,12.853827768291648,1.4501850530496658,0.401682117759114,1024,0.10034335546875006,0.7005170598977426,0.5730856014666479,0.1274314584310947,0.6366533312550874,0.5705295444930193,0.06612378676206809,0.4681091617933723
breakhis_densenet121_s43_std_r0,breakhis,densenet121,0,100,61.0,24,False,1.5454404145625553,12.853827768291648,1.4501850530496658,0.401682117759114,1024,0.08638850781250007,0.6576397668515921,0.5673995988655416,0.0902401679860505,0.5767440428426556,0.5548053871104217,0.021938655732233858,0.355906432748538
breakhis_densenet121_s43_std_r0,breakhis,densenet121,0,200,61.0,24,False,1.5454404145625553,12.853827768291648,1.4501850530496658,0.401682117759114,1024,0.07172307031249991,0.5985367608997265,0.5530602171767028,0.04547654372302368,0.5274838406755069,0.5331699807267428,-0.005686140051235911,0.24970760233918132
breakhis_densenet121_s43_std_r0,breakhis,densenet121,1,1,59.0,28,True,1.5611167786374485,13.50055281474689,1.4467391549714668,0.4218922754608403,1024,0.11842032812499992,0.8575502593271597,0.6240087440274482,0.23354151529971146,0.8575502593271597,0.6240087440274482,0.23354151529971146,0.8055555555555555
breakhis_densenet121_s43_std_r0,breakhis,densenet121,1,5,59.0,28,True,1.5611167786374485,13.50055281474689,1.4467391549714668,0.4218922754608403,1024,0.12419464062499974,0.8452263432520096,0.6178567511242733,0.22736959212773633,0.8263800748993246,0.6107252885971647,0.21565478630215995,0.7142857142857142
breakhis_densenet121_s43_std_r0,breakhis,densenet121,1,10,59.0,28,True,1.5611167786374485,13.50055281474689,1.4467391549714668,0.4218922754608403,1024,0.12071715234374991,0.8325244049577712,0.6113141249526141,0.2212102800051572,0.8070480577884329,0.6012096161210309,0.20583844166740206,0.6501984126984126
breakhis_densenet121_s43_std_r0,breakhis,densenet121,1,20,59.0,28,True,1.5611167786374485,13.50055281474689,1.4467391549714668,0.4218922754608403,1024,0.11335022265624994,0.814823955248437,0.6031377665398552,0.2116861887085818,0.7783477491029317,0.5901602750981875,0.18818747400474423,0.5726190476190476
breakhis_densenet121_s43_std_r0,breakhis,densenet121,1,50,59.0,28,True,1.5611167786374485,13.50055281474689,1.4467391549714668,0.4218922754608403,1024,0.09804878515624993,0.7804278506400915,0.589559892931847,0.1908679577082445,0.7250740375123396,0.5732129490117748,0.1518610885005648,0.4586904761904762
breakhis_densenet121_s43_std_r0,breakhis,densenet121,1,100,59.0,28,False,1.5611167786374485,13.50055281474689,1.4467391549714668,0.4218922754608403,1024,0.08296460937500005,0.7374234162240085,0.5767055568063517,0.16071785941765682,0.645035177611683,0.5515145217436483,0.09352065586803471,0.35283730158730153
breakhis_densenet121_s43_std_r0,breakhis,densenet121,1,200,59.0,28,False,1.5611167786374485,13.50055281474689,1.4467391549714668,0.4218922754608403,1024,0.06645983593749993,0.6738216675284789,0.5603624614899099,0.11345920603856907,0.5915851862298062,0.5468788786708463,0.04470630755895988,0.2394940476190476
breakhis_densenet121_s43_std_r1,breakhis,densenet121,0,1,55.0,25,True,1.6487323712779922,14.457981812545947,1.5258587927790799,0.45181193164206085,1024,0.13811381640624998,0.7982333559826156,0.5020861398504524,0.2961472161321632,0.7982333559826156,0.5020861398504524,0.2961472161321632,0.8126159554730984
breakhis_densenet121_s43_std_r1,breakhis,densenet121,0,5,55.0,25,True,1.6487323712779922,14.457981812545947,1.5258587927790799,0.45181193164206085,1024,0.14286105078125,0.766382115980198,0.4893166005828466,0.2770655153973514,0.7379447516240635,0.4826300451406122,0.2553147064834513,0.7269016697588127
breakhis_densenet121_s43_std_r1,breakhis,densenet121,0,10,55.0,25,True,1.6487323712779922,14.457981812545947,1.5258587927790799,0.45181193164206085,1024,0.13761966406249992,0.7432651962337479,0.4824700623024076,0.2607951339313403,0.7075934923911232,0.47331468078878813,0.2342788116023351,0.6782931354359927
breakhis_densenet121_s43_std_r1,breakhis,densenet121,0,20,55.0,25,True,1.6487323712779922,14.457981812545947,1.5258587927790799,0.45181193164206085,1024,0.12806682031249994,0.7168992338926058,0.4753653698966838,0.24153386399592197,0.6711635565111803,0.46392659696505284,0.20723695954612747,0.6111317254174398
breakhis_densenet121_s43_std_r1,breakhis,densenet121,0,50,55.0,25,True,1.6487323712779922,14.457981812545947,1.5258587927790799,0.45181193164206085,1024,0.10975201171874999,0.6676086570318696,0.4600797369009506,0.20752892013091895,0.5983055162296455,0.44170170836219386,0.1566038078674516,0.4921706864564007
breakhis_densenet121_s43_std_r1,breakhis,densenet121,0,100,55.0,25,False,1.6487323712779922,14.457981812545947,1.5258587927790799,0.45181193164206085,1024,0.09254656640625003,0.6154756257703656,0.4446995685917329,0.17077605717863276,0.5284401115736611,0.4226401167874719,0.10579999478618923,0.386530612244898
breakhis_densenet121_s43_std_r1,breakhis,densenet121,0,200,55.0,25,False,1.6487323712779922,14.457981812545947,1.5258587927790799,0.45181193164206085,1024,0.07427461328125007,0.5398026032633281,0.42459445259508527,0.1152081506682428,0.4529319221182146,0.4014005770290096,0.05153134508920498,0.2720779220779221
breakhis_densenet121_s43_std_r1,breakhis,densenet121,1,1,74.0,32,True,1.557547360370618,13.23596846939633,1.5301831078191552,0.4136240146686353,1024,0.1252805468749999,0.8302109410081464,0.5291598825656081,0.3010510584425383,0.8302109410081464,0.5291598825656081,0.3010510584425383,0.8158379373848987
breakhis_densenet121_s43_std_r1,breakhis,densenet121,1,5,74.0,32,True,1.557547360370618,13.23596846939633,1.5301831078191552,0.4136240146686353,1024,0.13087482031249997,0.8088005104906928,0.507493493673158,0.3013070168175348,0.7866392514257562,0.4955266141276577,0.2911126372980985,0.7539594843462246
breakhis_densenet121_s43_std_r1,breakhis,densenet121,1,10,74.0,32,True,1.557547360370618,13.23596846939633,1.5301831078191552,0.4136240146686353,1024,0.12632710156249993,0.7912514839317237,0.4971291576847916,0.29412232624693213,0.7602420831219924,0.4853381000609882,0.27490398306100416,0.6994475138121548
breakhis_densenet121_s43_std_r1,breakhis,densenet121,1,20,74.0,32,True,1.557547360370618,13.23596846939633,1.5301831078191552,0.4136240146686353,1024,0.11800214843749995,0.7659996473105612,0.4870432064057787,0.27895644090478255,0.7210681036034317,0.4744206576106167,0.24664744599281496,0.6286372007366483
breakhis_densenet121_s43_std_r1,breakhis,densenet121,1,50,74.0,32,True,1.557547360370618,13.23596846939633,1.5301831078191552,0.4136240146686353,1024,0.10154804296874997,0.7170867125162937,0.46893721142769235,0.2481495010886014,0.6463633901090611,0.4470052581743458,0.1993581319347153,0.5196685082872929
breakhis_densenet121_s43_std_r1,breakhis,densenet121,1,100,74.0,32,False,1.557547360370618,13.23596846939633,1.5301831078191552,0.4136240146686353,1024,0.08559510546874999,0.6618162778901899,0.4494337984677852,0.21238247942240474,0.5941889869995765,0.4214781129179663,0.17271087408161018,0.4073664825046041
breakhis_densenet121_s43_std_r1,breakhis,densenet121,1,200,74.0,32,False,1.557547360370618,13.23596846939633,1.5301831078191552,0.4136240146686353,1024,0.06819840625000001,0.6137377990361034,0.4233388949225926,0.1903989041135108,0.5346008337287455,0.40666511601499616,0.1279357177137493,0.27444751381215465
breakhis_densenet121_s43_std_r2,breakhis,densenet121,0,1,58.0,31,True,1.677905073561369,14.11698198585372,1.6083521942426062,0.44115568705792874,1024,0.12214088671875001,0.8710031242591826,0.6574419129762986,0.21356121128288397,0.8710031242591826,0.6574419129762986,0.21356121128288397,0.8279569892473119
breakhis_densenet121_s43_std_r2,breakhis,densenet121,0,5,58.0,31,True,1.677905073561369,14.11698198585372,1.6083521942426062,0.44115568705792874,1024,0.13246702343750005,0.8540461456265679,0.6263321620446483,0.22771398358191963,0.8318101242981032,0.6098582323928812,0.22195189190522202,0.7293906810035843
breakhis_densenet121_s43_std_r2,breakhis,densenet121,0,10,58.0,31,True,1.677905073561369,14.11698198585372,1.6083521942426062,0.44115568705792874,1024,0.13009615234374983,0.8391431108846642,0.6123177520214527,0.22682535886321153,0.8147593825076868,0.594304289976991,0.22045509253069573,0.6775985663082438
breakhis_densenet121_s43_std_r2,breakhis,densenet121,0,20,58.0,31,True,1.677905073561369,14.11698198585372,1.6083521942426062,0.44115568705792874,1024,0.12322212890624995,0.8199535076266599,0.5980962049126946,0.2218573027139653,0.7824623974354892,0.5772332083668453,0.20522918906864385,0.6151433691756273
breakhis_densenet121_s43_std_r2,breakhis,densenet121,0,50,58.0,31,True,1.677905073561369,14.11698198585372,1.6083521942426062,0.44115568705792874,1024,0.10748512109375008,0.7833575702250669,0.577522453846685,0.20583511637838192,0.7263707996758979,0.5532034403417202,0.1731673593341777,0.513978494623656
breakhis_densenet121_s43_std_r2,breakhis,densenet121,0,100,58.0,31,False,1.677905073561369,14.11698198585372,1.6083521942426062,0.44115568705792874,1024,0.09136618750000014,0.7410350037328352,0.557850029017853,0.18318497471498218,0.6093384566938049,0.5062840913119988,0.10305436538180612,0.4074910394265233
breakhis_densenet121_s43_std_r2,breakhis,densenet121,0,200,58.0,31,False,1.677905073561369,14.11698198585372,1.6083521942426062,0.44115568705792874,1024,0.07388236718750008,0.6443651880393593,0.5134069945155325,0.13095819352382676,0.520175000973014,0.4491198539963462,0.07105514697666776,0.2673028673835126
breakhis_densenet121_s43_std_r2,breakhis,densenet121,1,1,61.5,29,True,1.663332658584803,13.483273876163738,1.4897525348797263,0.4213523086301168,1024,0.14138518750000006,0.8396311093777117,0.613642716371755,0.22598839300595663,0.8396311093777117,0.613642716371755,0.22598839300595663,0.8109640831758034
breakhis_densenet121_s43_std_r2,breakhis,densenet121,1,5,61.5,29,True,1.663332658584803,13.483273876163738,1.4897525348797263,0.4213523086301168,1024,0.14776958593750011,0.8181373710758252,0.6091880818180854,0.2089492892577398,0.792805065341487,0.6059364462701724,0.18686861907131458,0.7379962192816635
breakhis_densenet121_s43_std_r2,breakhis,densenet121,1,10,61.5,29,True,1.663332658584803,13.483273876163738,1.4897525348797263,0.4213523086301168,1024,0.1433745703125,0.8028577453408151,0.6056852317719114,0.19717251356890375,0.7779042578800732,0.5990528151945851,0.17885144268548814,0.6899810964083176
breakhis_densenet121_s43_std_r2,breakhis,densenet121,1,20,61.5,29,True,1.663332658584803,13.483273876163738,1.4897525348797263,0.4213523086301168,1024,0.13518414062499995,0.786827947458092,0.5992881076471817,0.18753983981091038,0.7531709702039834,0.5870935897844155,0.16607738041956788,0.6261814744801513
breakhis_densenet121_s43_std_r2,breakhis,densenet121,1,50,61.5,29,True,1.663332658584803,13.483273876163738,1.4897525348797263,0.4213523086301168,1024,0.11792178515625007,0.7530123517150391,0.5848698107399506,0.16814254097508852,0.6912164545222131,0.5593096200999904,0.13190683442222273,0.5203024574669187
breakhis_densenet121_s43_std_r2,breakhis,densenet121,1,100,61.5,29,False,1.663332658584803,13.483273876163738,1.4897525348797263,0.4213523086301168,1024,0.1007793828125001,0.7044974872965252,0.556043831622598,0.1484536556739272,0.6151299645254414,0.49579127259603645,0.119338691929405,0.4082230623818526
breakhis_densenet121_s43_std_r2,breakhis,densenet121,1,200,61.5,29,False,1.663332658584803,13.483273876163738,1.4897525348797263,0.4213523086301168,1024,0.08079735546875,0.6364725487378634,0.506002611215489,0.13046993752237446,0.548067933499665,0.4613448113591412,0.0867231221405238,0.27704158790170136
breakhis_densenet121_s43_std_r3,breakhis,densenet121,0,1,65.0,27,True,1.748343124179335,14.931776842523977,1.5720878663233853,0.4666180263288743,1024,0.14421941015624995,0.8425274996474404,0.6610710509568503,0.1814564486905902,0.8425274996474404,0.6610710509568503,0.1814564486905902,0.8696428571428572
breakhis_densenet121_s43_std_r3,breakhis,densenet121,0,5,65.0,27,True,1.748343124179335,14.931776842523977,1.5720878663233853,0.4666180263288743,1024,0.14987145312500005,0.8135629671414469,0.6661538744210208,0.14740909272042613,0.7865375123395854,0.6624758010499714,0.12406171128961396,0.7899999999999999
breakhis_densenet121_s43_std_r3,breakhis,densenet121,0,10,65.0,27,True,1.748343124179335,14.931776842523977,1.5720878663233853,0.4666180263288743,1024,0.14690741406249985,0.7932379072063178,0.6636266605198411,0.12961124668647672,0.7597235932872656,0.656197019123643,0.10352657416362254,0.7414285714285714
breakhis_densenet121_s43_std_r3,breakhis,densenet121,0,20,65.0,27,True,1.748343124179335,14.931776842523977,1.5720878663233853,0.4666180263288743,1024,0.14110839453125001,0.7667677337470032,0.6566146023855697,0.11015313136143356,0.7213263291496262,0.6422113205151975,0.07911500863442877,0.6739285714285714
breakhis_densenet121_s43_std_r3,breakhis,densenet121,0,50,65.0,27,True,1.748343124179335,14.931776842523977,1.5720878663233853,0.4666180263288743,1024,0.12783891406250003,0.7162353687773234,0.6391061713795113,0.0771291973978121,0.6454343534057255,0.6112032578175762,0.034231095588149296,0.5567142857142857
breakhis_densenet121_s43_std_r3,breakhis,densenet121,0,100,65.0,27,False,1.748343124179335,14.931776842523977,1.5720878663233853,0.4666180263288743,1024,0.11379280859374996,0.6583962064588915,0.6121369739912441,0.046259232467647404,0.5522722465096601,0.5595064499910637,-0.007234203481403578,0.4307678571428571
breakhis_densenet121_s43_std_r3,breakhis,densenet121,0,200,65.0,27,False,1.748343124179335,14.931776842523977,1.5720878663233853,0.4666180263288743,1024,0.09684592968749994,0.5790191792412918,0.5685028637860103,0.010516315455281422,0.5037247919898463,0.5257557004291086,-0.022030908439262253,0.2921875
breakhis_densenet121_s43_std_r3,breakhis,densenet121,1,1,64.0,33,True,1.5089202345142478,14.027682174529254,1.6112121291272037,0.4383650679540392,1024,0.10933789843749986,0.8123614667528558,0.6118512903680722,0.20051017638478363,0.8123614667528558,0.6118512903680722,0.20051017638478363,0.8104906937394247
breakhis_densenet121_s43_std_r3,breakhis,densenet121,1,5,64.0,33,True,1.5089202345142478,14.027682174529254,1.6112121291272037,0.4383650679540392,1024,0.11512594531250009,0.7965551051224103,0.5982742208433225,0.19828088427908785,0.7801290499312658,0.5885523903539698,0.19157665957729597,0.6971235194585448
breakhis_densenet121_s43_std_r3,breakhis,densenet121,1,10,64.0,33,True,1.5089202345142478,14.027682174529254,1.6112121291272037,0.4383650679540392,1024,0.11246775781249996,0.7850131037627592,0.5903610210125512,0.19465208275020807,0.7653733277878276,0.5799111549851925,0.1854621728026351,0.6189509306260575
breakhis_densenet121_s43_std_r3,breakhis,densenet121,1,20,64.0,33,True,1.5089202345142478,14.027682174529254,1.6112121291272037,0.4383650679540392,1024,0.10648169140624997,0.7712979991080422,0.5830295444930194,0.18826845461502284,0.7457419034781345,0.5724457058242843,0.17329619765385018,0.5528764805414551
breakhis_densenet121_s43_std_r3,breakhis,densenet121,1,50,64.0,33,True,1.5089202345142478,14.027682174529254,1.6112121291272037,0.4383650679540392,1024,0.09391431250000015,0.7453994852033548,0.5717211958821041,0.17367828932125062,0.7119777912517977,0.5580277816951065,0.15395000955669125,0.444906937394247
breakhis_densenet121_s43_std_r3,breakhis,densenet121,1,100,64.0,33,False,1.5089202345142478,14.027682174529254,1.6112121291272037,0.4383650679540392,1024,0.0815228320312501,0.7186607937756709,0.5571023127908616,0.1615584809848093,0.6633844622279236,0.5214814553659568,0.14190300686196677,0.35109983079526225
breakhis_densenet121_s43_std_r3,breakhis,densenet121,1,200,64.0,33,False,1.5089202345142478,14.027682174529254,1.6112121291272037,0.4383650679540392,1024,0.0679689765625,0.6757014981217105,0.5260700183330983,0.14963147978861224,0.5962070077152684,0.4829008602453815,0.11330614746988688,0.2508544839255499
breakhis_densenet121_s43_std_r4,breakhis,densenet121,0,1,57.0,29,True,1.7006473745391117,14.21610910198139,1.555977180297371,0.44425340943691843,1024,0.15047595703125005,0.8117111953210415,0.5396279238072264,0.2720832715138152,0.8117111953210415,0.5396279238072264,0.2720832715138152,0.7992831541218638
breakhis_densenet121_s43_std_r4,breakhis,densenet121,0,5,57.0,29,True,1.7006473745391117,14.21610910198139,1.555977180297371,0.44425340943691843,1024,0.15380762109375,0.7929851005034905,0.5365331081788836,0.2564519923246069,0.7697389138334271,0.5309433950286151,0.23879551880481198,0.7225806451612904
breakhis_densenet121_s43_std_r4,breakhis,densenet121,0,10,57.0,29,True,1.7006473745391117,14.21610910198139,1.555977180297371,0.44425340943691843,1024,0.1478757382812501,0.7747826640766806,0.529222994956244,0.24555966912043659,0.7449341358044348,0.517292877480217,0.22764125832421778,0.6616487455197132
breakhis_densenet121_s43_std_r4,breakhis,densenet121,0,20,57.0,29,True,1.7006473745391117,14.21610910198139,1.555977180297371,0.44425340943691843,1024,0.13732704687499986,0.7534913507909718,0.5214351691673835,0.23205618162358832,0.7176313657223125,0.5117110997546367,0.20592026596767576,0.5988351254480286
breakhis_densenet121_s43_std_r4,breakhis,densenet121,0,50,57.0,29,True,1.7006473745391117,14.21610910198139,1.555977180297371,0.44425340943691843,1024,0.1163397421875001,0.718811366217665,0.5101986078090928,0.20861275840857219,0.6692513454128587,0.4985065530737074,0.1707447923391513,0.49014336917562723
breakhis_densenet121_s43_std_r4,breakhis,densenet121,0,100,57.0,29,False,1.7006473745391117,14.21610910198139,1.555977180297371,0.44425340943691843,1024,0.09694366796874976,0.6798625042901068,0.4990937745006237,0.18076872978948305,0.6021505376344086,0.48279917344616446,0.11935136418824416,0.39051971326164875
breakhis_densenet121_s43_std_r4,breakhis,densenet121,0,200,57.0,29,False,1.7006473745391117,14.21610910198139,1.555977180297371,0.44425340943691843,1024,0.07692016406249996,0.6163901538069612,0.4856352942296766,0.13075485957728455,0.4950340908688837,0.4661808070644325,0.028853283804451235,0.27391577060931904
breakhis_densenet121_s43_std_r4,breakhis,densenet121,1,1,71.0,28,True,1.6868888486470137,14.189633009527016,1.5678793245277876,0.44342603154771926,1024,0.13204918750000005,0.8279742765273312,0.6335169675933298,0.19445730893400148,0.8279742765273312,0.6335169675933298,0.19445730893400148,0.8536977491961415
breakhis_densenet121_s43_std_r4,breakhis,densenet121,1,5,71.0,28,True,1.6868888486470137,14.189633009527016,1.5678793245277876,0.44342603154771926,1024,0.14015328124999982,0.8042314858606603,0.622394534138635,0.1818369517220253,0.7833565576762537,0.6115905415972288,0.17176601607902486,0.7717041800643086
breakhis_densenet121_s43_std_r4,breakhis,densenet121,1,10,71.0,28,True,1.6868888486470137,14.189633009527016,1.5678793245277876,0.44342603154771926,1024,0.1373507812500001,0.7877464346136877,0.6138267044549883,0.17391973015869933,0.7591233577638608,0.6004911066529384,0.15863225111092238,0.7141479099678457
breakhis_densenet121_s43_std_r4,breakhis,densenet121,1,20,71.0,28,True,1.6868888486470137,14.189633009527016,1.5678793245277876,0.44342603154771926,1024,0.13070746093749996,0.7659732163545928,0.6017029512396197,0.1642702651149731,0.7292972705313243,0.5816694795614007,0.14762779096992362,0.6379421221864953
breakhis_densenet121_s43_std_r4,breakhis,densenet121,1,50,71.0,28,True,1.6868888486470137,14.189633009527016,1.5678793245277876,0.44342603154771926,1024,0.1156708125,0.7294163019016452,0.5731901056870009,0.1562261962146443,0.6745031630602807,0.5413955496113252,0.1331076134489555,0.5152733118971061
breakhis_densenet121_s43_std_r4,breakhis,densenet121,1,100,71.0,28,False,1.6868888486470137,14.189633009527016,1.5678793245277876,0.44342603154771926,1024,0.09859196093750011,0.6907803061804262,0.5486772318285231,0.14210307435190306,0.6079360595220334,0.5180343703892409,0.0899016891327925,0.40315112540192927
breakhis_densenet121_s43_std_r4,breakhis,densenet121,1,200,71.0,28,False,1.6868888486470137,14.189633009527016,1.5678793245277876,0.44342603154771926,1024,0.07831056640625,0.6321264081411109,0.5210914031568109,0.11103500498429997,0.5494297603819162,0.48019828254200764,0.06923147783990852,0.28337620578778133
breakhis_effb3_s42_std_r0,breakhis,effb3,0,1,61.0,24,True,1.918709965595665,19.669434175520692,1.8983247673153227,0.5018758047842379,1536,0.18566220703125003,0.7860253353576988,0.6522528557326188,0.13377247962508,0.7860253353576988,0.6522528557326188,0.13377247962508,0.8440545808966862
breakhis_effb3_s42_std_r0,breakhis,effb3,0,5,61.0,24,True,1.918709965595665,19.669434175520692,1.8983247673153227,0.5018758047842379,1536,0.19245713671874998,0.7678368346004861,0.6533301211238033,0.11450671347668284,0.750756731688825,0.6527053071969163,0.09805142449190862,0.7621832358674463
breakhis_effb3_s42_std_r0,breakhis,effb3,0,10,61.0,24,True,1.918709965595665,19.669434175520692,1.8983247673153227,0.5018758047842379,1536,0.18796007031250017,0.7542608852942931,0.652601497986493,0.10165938730780011,0.7353584685636434,0.6506839655901847,0.08467450297345869,0.7115009746588694
breakhis_effb3_s42_std_r0,breakhis,effb3,0,20,61.0,24,True,1.918709965595665,19.669434175520692,1.8983247673153227,0.5018758047842379,1536,0.17821267968750043,0.7400229761636734,0.6516221658126891,0.08840081035098435,0.71686592811963,0.6486391200112819,0.06822680810834814,0.6398635477582846
breakhis_effb3_s42_std_r0,breakhis,effb3,0,50,61.0,24,True,1.918709965595665,19.669434175520692,1.8983247673153227,0.5018758047842379,1536,0.15575691796875002,0.7188479589892797,0.648668499976496,0.07017945901278366,0.6916402556242531,0.6438070950657327,0.04783316055852038,0.5140350877192983
breakhis_effb3_s42_std_r0,breakhis,effb3,0,100,61.0,24,False,1.918709965595665,19.669434175520692,1.8983247673153227,0.5018758047842379,1536,0.13204447656249985,0.7007633705300874,0.6383287108854729,0.062434659644614476,0.6370612832399085,0.5727663391779877,0.06429494406192082,0.3980311890838206
breakhis_effb3_s42_std_r0,breakhis,effb3,0,200,61.0,24,False,1.918709965595665,19.669434175520692,1.8983247673153227,0.5018758047842379,1536,0.10805519140625008,0.6530772472477673,0.5856876478791583,0.067389599368609,0.5622963848141798,0.5332013193563045,0.029095065457875213,0.2682943469785575
breakhis_effb3_s42_std_r0,breakhis,effb3,1,1,59.0,28,True,1.884558725829503,20.210872802364754,1.920619952240764,0.5156908918967498,1536,0.1662790664062499,0.842950375280089,0.6708462502092678,0.17210412507082118,0.842950375280089,0.6708462502092678,0.17210412507082118,0.8392857142857142
breakhis_effb3_s42_std_r0,breakhis,effb3,1,5,59.0,28,True,1.884558725829503,20.210872802364754,1.920619952240764,0.5156908918967498,1536,0.1734178906249999,0.8306695498205864,0.6706826845549764,0.15998686526561,0.8181536846393708,0.6668013677937302,0.15135231684564054,0.7575396825396825
breakhis_effb3_s42_std_r0,breakhis,effb3,1,10,59.0,28,True,1.884558725829503,20.210872802364754,1.920619952240764,0.5156908918967498,1536,0.17030713671874997,0.8225763487362697,0.6677943075303703,0.15478204120589945,0.8076258637709773,0.6638033055656581,0.1438225582053192,0.6968253968253969
breakhis_effb3_s42_std_r0,breakhis,effb3,1,20,59.0,28,True,1.884558725829503,20.210872802364754,1.920619952240764,0.5156908918967498,1536,0.16214874218749997,0.8115431924661934,0.6651060578945445,0.14643713457164897,0.7934235885864711,0.6598642597499562,0.1335593288365149,0.6221230158730159
breakhis_effb3_s42_std_r0,breakhis,effb3,1,50,59.0,28,True,1.884558725829503,20.210872802364754,1.920619952240764,0.5156908918967498,1536,0.14259266015624983,0.7948103229445777,0.660070160044182,0.1347401629003957,0.7694730409439196,0.649005424606817,0.12046761633710257,0.4984126984126984
breakhis_effb3_s42_std_r0,breakhis,effb3,1,100,59.0,28,False,1.884558725829503,20.210872802364754,1.920619952240764,0.5156908918967498,1536,0.12205714843750004,0.7771901784734954,0.647814281783212,0.12937589669028338,0.7203732430780801,0.6026143564461225,0.11775888663195766,0.38819444444444445
breakhis_effb3_s42_std_r0,breakhis,effb3,1,200,59.0,28,False,1.884558725829503,20.210872802364754,1.920619952240764,0.5156908918967498,1536,0.09954435156249986,0.7427098512982028,0.621237749413569,0.12147210188463375,0.6324938497939485,0.5864559941039392,0.04603785569000929,0.2603869047619048
breakhis_effb3_s42_std_r1,breakhis,effb3,0,1,55.0,25,True,1.9336120198677735,19.37168995981851,1.7578790757441471,0.49427870684324293,1536,0.19752553906250003,0.7775358191378499,0.558167396588366,0.21936842254948385,0.7775358191378499,0.558167396588366,0.21936842254948385,0.8200371057513914
breakhis_effb3_s42_std_r1,breakhis,effb3,0,5,55.0,25,True,1.9336120198677735,19.37168995981851,1.7578790757441471,0.49427870684324293,1536,0.20286675390624986,0.7474501242658061,0.5585891695254509,0.18886095474035525,0.7253038880453914,0.5574529277768385,0.16785096026855284,0.7294990723562154
breakhis_effb3_s42_std_r1,breakhis,effb3,0,10,55.0,25,True,1.9336120198677735,19.37168995981851,1.7578790757441471,0.49427870684324293,1536,0.19603444921875013,0.7316536234883435,0.5564039493945195,0.17524967409382397,0.7082473301624338,0.5525207295944616,0.15572660056797216,0.6743970315398887
breakhis_effb3_s42_std_r1,breakhis,effb3,0,20,55.0,25,True,1.9336120198677735,19.37168995981851,1.7578790757441471,0.49427870684324293,1536,0.18338697656249991,0.7140311387949239,0.5531224832245268,0.16090865557039702,0.6869563943319408,0.5473667370227557,0.13958965730918504,0.6070500927643786
breakhis_effb3_s42_std_r1,breakhis,effb3,0,50,55.0,25,True,1.9336120198677735,19.37168995981851,1.7578790757441471,0.49427870684324293,1536,0.15658771484375,0.6880955738662691,0.5472758376828667,0.14081973618340238,0.654696734657248,0.5402275028678741,0.11446923178937385,0.48345083487940627
breakhis_effb3_s42_std_r1,breakhis,effb3,0,100,55.0,25,False,1.9336120198677735,19.37168995981851,1.7578790757441471,0.49427870684324293,1536,0.12950950390624993,0.6651270038662508,0.5411092264647974,0.12401777740145337,0.6213931323224794,0.5266544134356497,0.09473871888682972,0.3700742115027829
breakhis_effb3_s42_std_r1,breakhis,effb3,0,200,55.0,25,False,1.9336120198677735,19.37168995981851,1.7578790757441471,0.49427870684324293,1536,0.1015537031249999,0.6204590783634643,0.5136085401747813,0.10685053818868295,0.538888695566174,0.49163816972361146,0.04725052584256256,0.2589981447124305
breakhis_effb3_s42_std_r1,breakhis,effb3,1,1,74.0,32,True,1.9609435292193067,19.210686989830183,1.9019045669961454,0.4901706326396592,1536,0.2214766601562499,0.7989470220467259,0.5798643607133241,0.2190826613334017,0.7989470220467259,0.5798643607133241,0.2190826613334017,0.8342541436464088
breakhis_effb3_s42_std_r1,breakhis,effb3,1,5,74.0,32,True,1.9609435292193067,19.210686989830183,1.9019045669961454,0.4901706326396592,1536,0.2324767070312499,0.7775165936744968,0.5745146124500236,0.20300198122447322,0.7614255925273471,0.5678919867327709,0.19353360579457624,0.7683241252302025
breakhis_effb3_s42_std_r1,breakhis,effb3,1,10,74.0,32,True,1.9609435292193067,19.210686989830183,1.9019045669961454,0.4901706326396592,1536,0.22891044921875014,0.7649161271790844,0.5692289659290083,0.19568716125007612,0.7455981994658755,0.561260203623763,0.1843379958421124,0.7134438305709024
breakhis_effb3_s42_std_r1,breakhis,effb3,1,20,74.0,32,True,1.9609435292193067,19.210686989830183,1.9019045669961454,0.4901706326396592,1536,0.21883129296875015,0.751655731476078,0.5634762924284854,0.1881794390475926,0.7289508943586052,0.5553756636819674,0.17357523067663772,0.6440147329650092
breakhis_effb3_s42_std_r1,breakhis,effb3,1,50,74.0,32,True,1.9609435292193067,19.210686989830183,1.9019045669961454,0.4901706326396592,1536,0.19275360156249988,0.7296580912229416,0.5562126492883791,0.17344544193456246,0.6919984947069314,0.5478446247026137,0.14415387000431767,0.5348066298342541
breakhis_effb3_s42_std_r1,breakhis,effb3,1,100,74.0,32,False,1.9609435292193067,19.210686989830183,1.9019045669961454,0.4901706326396592,1536,0.16143846484375002,0.7036917857902516,0.5482292351563258,0.15546255063392578,0.651848256277963,0.5261580895483025,0.1256901667296605,0.42022099447513817
breakhis_effb3_s42_std_r1,breakhis,effb3,1,200,74.0,32,False,1.9609435292193067,19.210686989830183,1.9019045669961454,0.4901706326396592,1536,0.12424616015625001,0.6698754133647481,0.5286708778458884,0.1412045355188597,0.5793305809013215,0.48509085048360184,0.09423973041771966,0.28028545119705345
breakhis_effb3_s42_std_r2,breakhis,effb3,0,1,58.0,31,True,2.0464593779685814,20.709814569985813,1.9917208396059236,0.5284216496262695,1536,0.21389416406250017,0.8318189698790278,0.6345504658718325,0.1972685040071953,0.8318189698790278,0.6345504658718325,0.1972685040071953,0.8512544802867383
breakhis_effb3_s42_std_r2,breakhis,effb3,0,5,58.0,31,True,2.0464593779685814,20.709814569985813,1.9917208396059236,0.5284216496262695,1536,0.22569355468750008,0.8190424127914177,0.6287412969767316,0.190301115814686,0.8055334416032438,0.6216370547718972,0.18389638683134657,0.7713261648745521
breakhis_effb3_s42_std_r2,breakhis,effb3,0,10,58.0,31,True,2.0464593779685814,20.709814569985813,1.9917208396059236,0.5284216496262695,1536,0.22337855078125002,0.8090893651349659,0.6228985382839719,0.18619082685099397,0.793052326918518,0.6136109592313161,0.17944136768720187,0.7120071684587813
breakhis_effb3_s42_std_r2,breakhis,effb3,0,20,58.0,31,True,2.0464593779685814,20.709814569985813,1.9917208396059236,0.5284216496262695,1536,0.21510798437500012,0.7967427032802953,0.6160032992645701,0.1807394040157252,0.7762103408379242,0.6050119710306656,0.17119836980725855,0.6433691756272402
breakhis_effb3_s42_std_r2,breakhis,effb3,0,50,58.0,31,True,2.0464593779685814,20.709814569985813,1.9917208396059236,0.5284216496262695,1536,0.1913995703125,0.7751435637784075,0.6044931952668243,0.17065036851158322,0.7415781224016106,0.5921937310240969,0.1493843913775137,0.535089605734767
breakhis_effb3_s42_std_r2,breakhis,effb3,0,100,58.0,31,False,2.0464593779685814,20.709814569985813,1.9917208396059236,0.5284216496262695,1536,0.16087505859374984,0.754124694385179,0.5985813908788771,0.15554330350630197,0.6955121060620535,0.5896483708015086,0.10586373526054493,0.4210931899641577
breakhis_effb3_s42_std_r2,breakhis,effb3,0,200,58.0,31,False,2.0464593779685814,20.709814569985813,1.9917208396059236,0.5284216496262695,1536,0.12670703515624993,0.7093218270016665,0.5830274484629868,0.12629437853867964,0.5579474006375895,0.48060655710172295,0.07734084353586657,0.2746415770609319
breakhis_effb3_s42_std_r2,breakhis,effb3,1,1,61.5,29,True,2.0210126270522513,19.261035081803307,1.8446994931805534,0.49145529029441826,1536,0.2034490507812503,0.8094935964782963,0.649764530635785,0.15972906584251134,0.8094935964782963,0.649764530635785,0.15972906584251134,0.8525519848771267
breakhis_effb3_s42_std_r2,breakhis,effb3,1,5,61.5,29,True,2.0210126270522513,19.261035081803307,1.8446994931805534,0.49145529029441826,1536,0.21333135546874982,0.7792329209874654,0.6447137039277917,0.13451921705967373,0.7542029234320562,0.6418866562642634,0.11231626716779275,0.7773156899810966
breakhis_effb3_s42_std_r2,breakhis,effb3,1,10,61.5,29,True,2.0210126270522513,19.261035081803307,1.8446994931805534,0.49145529029441826,1536,0.2089341210937501,0.763128479109945,0.6436416195197203,0.11948685959022465,0.7397910341365649,0.6407384998602398,0.0990525342763251,0.7236294896030246
breakhis_effb3_s42_std_r2,breakhis,effb3,1,20,61.5,29,True,2.0210126270522513,19.261035081803307,1.8446994931805534,0.49145529029441826,1536,0.19904792187499987,0.7493715908688001,0.6421042575550107,0.10726733331378946,0.7292886240685829,0.6392719025429277,0.09001672152565521,0.6630434782608696
breakhis_effb3_s42_std_r2,breakhis,effb3,1,50,61.5,29,True,2.0210126270522513,19.261035081803307,1.8446994931805534,0.49145529029441826,1536,0.17547019140624986,0.7335116080742409,0.6376673141631903,0.09584429391105054,0.704583327890542,0.6289331875581597,0.07565014033238227,0.5427221172022685
breakhis_effb3_s42_std_r2,breakhis,effb3,1,100,61.5,29,False,2.0210126270522513,19.261035081803307,1.8446994931805534,0.49145529029441826,1536,0.15000464062499985,0.7159982607949212,0.625090667204478,0.0909075935904432,0.6636914814407038,0.5887954795543242,0.07489600188637957,0.4165973534971645
breakhis_effb3_s42_std_r2,breakhis,effb3,1,200,61.5,29,False,2.0210126270522513,19.261035081803307,1.8446994931805534,0.49145529029441826,1536,0.12100205859375013,0.6897291729258767,0.598361090766275,0.09136808215960168,0.6059021006686236,0.5270763232104505,0.0788257774581731,0.2820321361058601
breakhis_effb3_s42_std_r3,breakhis,effb3,0,1,65.0,27,True,2.0504568415425406,20.861009186712188,1.7983205219502831,0.5322794586141371,1536,0.20248312109375022,0.8144725708644761,0.6731358665604334,0.14133670430404266,0.8144725708644761,0.6731358665604334,0.14133670430404266,0.9017857142857143
breakhis_effb3_s42_std_r3,breakhis,effb3,0,5,65.0,27,True,2.0504568415425406,20.861009186712188,1.7983205219502831,0.5322794586141371,1536,0.21034091406249977,0.7890371597800028,0.6737254941262738,0.11531166565372897,0.7693625722747144,0.6732611415390115,0.09610143073570288,0.8160714285714286
breakhis_effb3_s42_std_r3,breakhis,effb3,0,10,65.0,27,True,2.0504568415425406,20.861009186712188,1.7983205219502831,0.5322794586141371,1536,0.20691014453125012,0.7741027358623608,0.6730974489003363,0.10100528696202449,0.7523039768720914,0.6691855289026079,0.08311844796948353,0.7621428571428571
breakhis_effb3_s42_std_r3,breakhis,effb3,0,20,65.0,27,True,2.0504568415425406,20.861009186712188,1.7983205219502831,0.5322794586141371,1536,0.1997052656249999,0.7587593428289381,0.6693425402090923,0.08941680261984575,0.733967352982654,0.6620816024507127,0.07188575053194135,0.6890178571428571
breakhis_effb3_s42_std_r3,breakhis,effb3,0,50,65.0,27,True,2.0504568415425406,20.861009186712188,1.7983205219502831,0.5322794586141371,1536,0.18020304687499977,0.7323385277111832,0.6598283231693567,0.07251020454182655,0.6948191369341419,0.6438799832298562,0.0509391537042857,0.5633571428571429
breakhis_effb3_s42_std_r3,breakhis,effb3,0,100,65.0,27,False,2.0504568415425406,20.861009186712188,1.7983205219502831,0.5322794586141371,1536,0.15533331250000004,0.7009642504583274,0.6447218310859002,0.056242419372427244,0.6252591312931886,0.5927761436352794,0.032482987657909135,0.434375
breakhis_effb3_s42_std_r3,breakhis,effb3,0,200,65.0,27,False,2.0504568415425406,20.861009186712188,1.7983205219502831,0.5322794586141371,1536,0.12571376171875004,0.6514102383302778,0.6051265861900205,0.046283652140257314,0.5583010153715978,0.5345667072557597,0.0237343081158381,0.28831249999999997
breakhis_effb3_s42_std_r3,breakhis,effb3,1,1,64.0,33,True,1.9111686205754153,20.59837901527739,2.035366135245958,0.5255783137071066,1536,0.17845260937499996,0.8006708057519589,0.6435076152869835,0.1571631904649754,0.8006708057519589,0.6435076152869835,0.1571631904649754,0.8121827411167513
breakhis_effb3_s42_std_r3,breakhis,effb3,1,5,64.0,33,True,1.9111686205754153,20.59837901527739,2.035366135245958,0.5255783137071066,1536,0.18752373828125002,0.786015303591383,0.6416196587223241,0.14439564486905898,0.7719277146670275,0.6382421379213087,0.1336855767457188,0.7414551607445009
breakhis_effb3_s42_std_r3,breakhis,effb3,1,10,64.0,33,True,1.9111686205754153,20.59837901527739,2.035366135245958,0.5255783137071066,1536,0.18367076562499984,0.7764409545619301,0.6404438725144549,0.13599708204747518,0.7616134080974406,0.6376709913975462,0.12394241669989436,0.6710659898477157
breakhis_effb3_s42_std_r3,breakhis,effb3,1,20,64.0,33,True,1.9111686205754153,20.59837901527739,2.035366135245958,0.5255783137071066,1536,0.17492344531250004,0.766509154260268,0.6385647299393598,0.12794442432090825,0.7513525521853802,0.635596178254125,0.11575637393125526,0.5988155668358713
breakhis_effb3_s42_std_r3,breakhis,effb3,1,50,64.0,33,True,1.9111686205754153,20.59837901527739,2.035366135245958,0.5255783137071066,1536,0.1538037031249999,0.7538296560951288,0.6335054999294881,0.12032415616564063,0.7342383197785807,0.6246157100549993,0.1096226097235814,0.4751269035532994
breakhis_effb3_s42_std_r3,breakhis,effb3,1,100,64.0,33,False,1.9111686205754153,20.59837901527739,2.035366135245958,0.5255783137071066,1536,0.13019762890624986,0.7409363552998832,0.6263767451699337,0.11455961012994953,0.7154771389867426,0.6112149203215343,0.10426221866520824,0.37186125211505916
breakhis_effb3_s42_std_r3,breakhis,effb3,1,200,64.0,33,False,1.9111686205754153,20.59837901527739,2.035366135245958,0.5255783137071066,1536,0.10289871484375002,0.7204630831341461,0.613954308278099,0.10650877485604704,0.5925790443356501,0.537961853053166,0.0546171912824841,0.26439932318104903
breakhis_effb3_s42_std_r4,breakhis,effb3,0,1,57.0,29,True,2.058354351470845,20.660249247309,1.8571611712040221,0.5271569647357008,1536,0.2199828007812501,0.7891602713116581,0.5998022492167736,0.1893580220948845,0.7891602713116581,0.5998022492167736,0.1893580220948845,0.8279569892473119
breakhis_effb3_s42_std_r4,breakhis,effb3,0,5,57.0,29,True,2.058354351470845,20.660249247309,1.8571611712040221,0.5271569647357008,1536,0.23011694531249993,0.7587226273498285,0.5975104985668623,0.1612121287829662,0.7393755727513649,0.5947584932850436,0.1446170794663213,0.7279569892473118
breakhis_effb3_s42_std_r4,breakhis,effb3,0,10,57.0,29,True,2.058354351470845,20.660249247309,1.8571611712040221,0.5271569647357008,1536,0.22554994921875016,0.7438903572553224,0.594450598807147,0.14943975844817536,0.7226874997788605,0.5895798351336167,0.13310766464524382,0.6792114695340502
breakhis_effb3_s42_std_r4,breakhis,effb3,0,20,57.0,29,True,2.058354351470845,20.660249247309,1.8571611712040221,0.5271569647357008,1536,0.2145411250000001,0.7296224352238109,0.5909986890678416,0.13862374615596929,0.7086796378265346,0.5854740464000152,0.12320559142651943,0.6159498207885306
breakhis_effb3_s42_std_r4,breakhis,effb3,0,50,57.0,29,True,2.058354351470845,20.660249247309,1.8571611712040221,0.5271569647357008,1536,0.18711909375000024,0.7072731904595102,0.5869294032878052,0.12034378717170502,0.6660156319106101,0.5812381167015296,0.0847775152090805,0.5139068100358423
breakhis_effb3_s42_std_r4,breakhis,effb3,0,100,57.0,29,False,2.058354351470845,20.660249247309,1.8571611712040221,0.5271569647357008,1536,0.1573975742187501,0.6765454114433511,0.5795081941195329,0.0970372173238182,0.618394562444494,0.5591157397561602,0.05927882268833373,0.40021505376344085
breakhis_effb3_s42_std_r4,breakhis,effb3,0,200,57.0,29,False,2.058354351470845,20.660249247309,1.8571611712040221,0.5271569647357008,1536,0.12523463281250014,0.640207765004759,0.5632056576403855,0.0770021073643734,0.5355362368068161,0.5282516989744257,0.007284537832390359,0.279068100358423
breakhis_effb3_s42_std_r4,breakhis,effb3,1,1,71.0,28,True,2.086224112257394,20.955210357443086,2.0223666430135485,0.5346830502960486,1536,0.22897055859374993,0.7832629196649347,0.6344846741464899,0.14877824551844476,0.7832629196649347,0.6344846741464899,0.14877824551844476,0.864951768488746
breakhis_effb3_s42_std_r4,breakhis,effb3,1,5,71.0,28,True,2.086224112257394,20.955210357443086,2.0223666430135485,0.5346830502960486,1536,0.24249005859374995,0.7631783597794587,0.6268810127836335,0.13629734699582519,0.7487660414610069,0.6214922848843175,0.12727375657668938,0.777491961414791
breakhis_effb3_s42_std_r4,breakhis,effb3,1,10,71.0,28,True,2.086224112257394,20.955210357443086,2.0223666430135485,0.5346830502960486,1536,0.24063437499999984,0.7516481877077097,0.6220212506236135,0.12962693708409623,0.7345806762886337,0.6147607978006348,0.11981987848799891,0.7234726688102894
breakhis_effb3_s42_std_r4,breakhis,effb3,1,20,71.0,28,True,2.086224112257394,20.955210357443086,2.0223666430135485,0.5346830502960486,1536,0.23282983203124996,0.7387261421456753,0.6170518032601273,0.12167433888554802,0.7188114003485239,0.60961620793484,0.10919519241368392,0.6581993569131832
breakhis_effb3_s42_std_r4,breakhis,effb3,1,50,71.0,28,True,2.086224112257394,20.955210357443086,2.0223666430135485,0.5346830502960486,1536,0.2096744140625002,0.7222664842577045,0.6092022347475649,0.1130642495101396,0.7027453395250807,0.5988122153934338,0.1039331241316469,0.5336012861736334
breakhis_effb3_s42_std_r4,breakhis,effb3,1,100,71.0,28,False,2.086224112257394,20.955210357443086,2.0223666430135485,0.5346830502960486,1536,0.1784959609375001,0.7112759210647436,0.6045653812268467,0.10671053983789691,0.6827417209714229,0.5985238494552891,0.0842178715161338,0.4148392282958199
breakhis_effb3_s42_std_r4,breakhis,effb3,1,200,71.0,28,False,2.086224112257394,20.955210357443086,2.0223666430135485,0.5346830502960486,1536,0.14238940624999996,0.6875997879654523,0.5841657024983459,0.10343408546710642,0.6204248308960999,0.5317326370092029,0.08869219388689698,0.29518488745980703
breakhis_efficientnet_v2_s_s42_std_r0,breakhis,efficientnet_v2_s,0,1,61.0,24,True,1.726484754932446,21.962234512768237,2.476039326316638,0.6138631163542718,1280,0.13804969140625,0.759956818667267,0.6937060279853962,0.0662507906818709,0.759956818667267,0.6937060279853962,0.0662507906818709,0.7231968810916178
breakhis_efficientnet_v2_s_s42_std_r0,breakhis,efficientnet_v2_s,0,5,61.0,24,True,1.726484754932446,21.962234512768237,2.476039326316638,0.6138631163542718,1280,0.14650378906249995,0.7439966594120488,0.6928148357072346,0.05118182370481428,0.7343328156961451,0.6913673827543522,0.04296543294179289,0.6191033138401559
breakhis_efficientnet_v2_s_s42_std_r0,breakhis,efficientnet_v2_s,0,10,61.0,24,True,1.726484754932446,21.962234512768237,2.476039326316638,0.6138631163542718,1280,0.14383825781250004,0.7368228622450059,0.6928050423854965,0.04401781985950948,0.7265701821736529,0.6938666384619001,0.03270354371175277,0.571345029239766
breakhis_efficientnet_v2_s_s42_std_r0,breakhis,efficientnet_v2_s,0,20,61.0,24,True,1.726484754932446,21.962234512768237,2.476039326316638,0.6138631163542718,1280,0.1366821640625,0.7293065393548586,0.6941937354079506,0.03511280394690797,0.7188633534038013,0.695216158197402,0.02364719520639924,0.5151072124756335
breakhis_efficientnet_v2_s_s42_std_r0,breakhis,efficientnet_v2_s,0,50,61.0,24,True,1.726484754932446,21.962234512768237,2.476039326316638,0.6138631163542718,1280,0.11979308203124983,0.7199929185693201,0.6945835096131246,0.02540940895619548,0.7039230741106358,0.6920822952412291,0.01184077886940671,0.4207797270955166
breakhis_efficientnet_v2_s_s42_std_r0,breakhis,efficientnet_v2_s,0,100,61.0,24,False,1.726484754932446,21.962234512768237,2.476039326316638,0.6138631163542718,1280,0.1025813554687498,0.7026087759708584,0.677989705260189,0.024619070710669377,0.6587423917916981,0.6263984863441922,0.03234390544750598,0.33348927875243667
breakhis_efficientnet_v2_s_s42_std_r0,breakhis,efficientnet_v2_s,0,200,61.0,24,False,1.726484754932446,21.962234512768237,2.476039326316638,0.6138631163542718,1280,0.08453622265625005,0.6515705189264706,0.6134732603143265,0.03809725861214408,0.5649519213191474,0.5282008492768612,0.036751072042286226,0.23941520467836255
breakhis_efficientnet_v2_s_s42_std_r0,breakhis,efficientnet_v2_s,1,1,59.0,28,True,1.8448779323784785,22.684781689354924,2.440087610474805,0.6340589239017516,1280,0.14984537109375007,0.8092495965151444,0.6983637661665406,0.11088583034860378,0.8092495965151444,0.6983637661665406,0.11088583034860378,0.744047619047619
breakhis_efficientnet_v2_s_s42_std_r0,breakhis,efficientnet_v2_s,1,5,59.0,28,True,1.8448779323784785,22.684781689354924,2.440087610474805,0.6340589239017516,1280,0.1582021093749999,0.7997794543944593,0.7015003781253066,0.09827907626915267,0.7935998683777559,0.7024952421637619,0.09110462621399396,0.6460317460317461
breakhis_efficientnet_v2_s_s42_std_r0,breakhis,efficientnet_v2_s,1,10,59.0,28,True,1.8448779323784785,22.684781689354924,2.440087610474805,0.6340589239017516,1280,0.15591844140624989,0.7946222911672073,0.702366313942144,0.09225597722506329,0.7856633604412478,0.7031956880244925,0.08246767241675534,0.5857142857142857
breakhis_efficientnet_v2_s_s42_std_r0,breakhis,efficientnet_v2_s,1,20,59.0,28,True,1.8448779323784785,22.684781689354924,2.440087610474805,0.6340589239017516,1280,0.14933616796875004,0.7894533759538696,0.7038230104162457,0.08563036553762382,0.782439398925085,0.7051623244796207,0.07727707444546428,0.5281746031746031
breakhis_efficientnet_v2_s_s42_std_r0,breakhis,efficientnet_v2_s,1,50,59.0,28,True,1.8448779323784785,22.684781689354924,2.440087610474805,0.6340589239017516,1280,0.13219760156250004,0.7842589981040129,0.7056972803842446,0.07856171771976828,0.7745636095833529,0.7034516201659133,0.07111198941743957,0.4350396825396825
breakhis_efficientnet_v2_s_s42_std_r0,breakhis,efficientnet_v2_s,1,100,59.0,28,False,1.8448779323784785,22.684781689354924,2.440087610474805,0.6340589239017516,1280,0.11369064062499978,0.7737723091869193,0.6957409427924314,0.07803136639448793,0.7360954417963302,0.6568661975218841,0.07922924427444611,0.3457142857142857
breakhis_efficientnet_v2_s_s42_std_r0,breakhis,efficientnet_v2_s,1,200,59.0,28,False,1.8448779323784785,22.684781689354924,2.440087610474805,0.6340589239017516,1280,0.0939873554687497,0.7364950093232423,0.6617981830742261,0.07469682624901619,0.6168147416913459,0.6085200387169525,0.008294702974393386,0.24013888888888887
breakhis_efficientnet_v2_s_s42_std_r1,breakhis,efficientnet_v2_s,0,1,55.0,25,True,1.935040278684497,21.110531101795377,2.304318609955819,0.5900572823092249,1280,0.2081574101562499,0.7512797454977683,0.612403396726533,0.13887634877123534,0.7512797454977683,0.612403396726533,0.13887634877123534,0.7272727272727273
breakhis_efficientnet_v2_s_s42_std_r1,breakhis,efficientnet_v2_s,0,5,55.0,25,True,1.935040278684497,21.110531101795377,2.304318609955819,0.5900572823092249,1280,0.21687356640625022,0.7314320146078713,0.6163666079456931,0.11506540666217824,0.7170549095524417,0.6171138005195806,0.09994110903286102,0.6359925788497216
breakhis_efficientnet_v2_s_s42_std_r1,breakhis,efficientnet_v2_s,0,10,55.0,25,True,1.935040278684497,21.110531101795377,2.304318609955819,0.5900572823092249,1280,0.21244740234375048,0.7228442126199848,0.6173137790673364,0.10553043355264835,0.711166706653944,0.616284798539793,0.09488190811415098,0.588126159554731
breakhis_efficientnet_v2_s_s42_std_r1,breakhis,efficientnet_v2_s,0,20,55.0,25,True,1.935040278684497,21.110531101795377,2.304318609955819,0.5900572823092249,1280,0.20237931640625006,0.7151263628488279,0.6170501709816584,0.09807619186716954,0.7040715595221306,0.6148940386394914,0.0891775208826392,0.5287569573283859
breakhis_efficientnet_v2_s_s42_std_r1,breakhis,efficientnet_v2_s,0,50,55.0,25,True,1.935040278684497,21.110531101795377,2.304318609955819,0.5900572823092249,1280,0.17642449999999998,0.705397549848262,0.6165065929291221,0.08889095691913984,0.6940863395524233,0.6180573356676283,0.07602900388479494,0.43836734693877555
breakhis_efficientnet_v2_s_s42_std_r1,breakhis,efficientnet_v2_s,0,100,55.0,25,False,1.935040278684497,21.110531101795377,2.304318609955819,0.5900572823092249,1280,0.14549510546875,0.6967236683778779,0.6175519353378456,0.07917173304003233,0.6743063733615137,0.6119179942515257,0.06238837910998796,0.3530241187384045
breakhis_efficientnet_v2_s_s42_std_r1,breakhis,efficientnet_v2_s,0,200,55.0,25,False,1.935040278684497,21.110531101795377,2.304318609955819,0.5900572823092249,1280,0.11271216015625007,0.6524696569824197,0.5907148142290191,0.061754842753400596,0.5820529773427813,0.558612803353822,0.023440173988959256,0.257987012987013
breakhis_efficientnet_v2_s_s42_std_r1,breakhis,efficientnet_v2_s,1,1,74.0,32,True,1.810484159100568,20.205979704871368,2.297384563742738,0.564774302150919,1280,0.16630290624999977,0.7875046131414993,0.6561271192493869,0.1313774938921124,0.7875046131414993,0.6561271192493869,0.1313774938921124,0.7071823204419889
breakhis_efficientnet_v2_s_s42_std_r1,breakhis,efficientnet_v2_s,1,5,74.0,32,True,1.810484159100568,20.205979704871368,2.297384563742738,0.564774302150919,1280,0.17576301562500007,0.7794782014293012,0.6556143053111041,0.12386389611819715,0.7697501540743811,0.6535392403394096,0.1162109137349715,0.6228360957642726
breakhis_efficientnet_v2_s_s42_std_r1,breakhis,efficientnet_v2_s,1,10,74.0,32,True,1.810484159100568,20.205979704871368,2.297384563742738,0.564774302150919,1280,0.17360690625000008,0.7712718090241228,0.6533505980692556,0.1179212109548673,0.7596512374127139,0.6486235524452983,0.11102768496741555,0.5760589318600369
breakhis_efficientnet_v2_s_s42_std_r1,breakhis,efficientnet_v2_s,1,20,74.0,32,True,1.810484159100568,20.205979704871368,2.297384563742738,0.564774302150919,1280,0.16728424609374992,0.7639998618330034,0.6502517366993463,0.11374812513365706,0.7515248364266379,0.6432316801799244,0.10829315624671354,0.5188766114180479
breakhis_efficientnet_v2_s_s42_std_r1,breakhis,efficientnet_v2_s,1,50,74.0,32,True,1.810484159100568,20.205979704871368,2.297384563742738,0.564774302150919,1280,0.15088724609375004,0.7513812154696132,0.6417774863692224,0.10960372910039085,0.7340158055772199,0.6292794781019291,0.10473632747529082,0.43539594843462254
breakhis_efficientnet_v2_s_s42_std_r1,breakhis,efficientnet_v2_s,1,100,74.0,32,False,1.810484159100568,20.205979704871368,2.297384563742738,0.564774302150919,1280,0.12998548046875003,0.7391170765317903,0.6293069502771943,0.10981012625459596,0.7014629339761734,0.5917030367742538,0.10975989720191959,0.3568876611418048
breakhis_efficientnet_v2_s_s42_std_r1,breakhis,efficientnet_v2_s,1,200,74.0,32,False,1.810484159100568,20.205979704871368,2.297384563742738,0.564774302150919,1280,0.10555369531250003,0.703606340410756,0.5880089449402663,0.11559739547048964,0.5806049896465652,0.49774819736743303,0.08285679227913212,0.24973296500920814
breakhis_efficientnet_v2_s_s42_std_r2,breakhis,efficientnet_v2_s,0,1,58.0,31,True,1.8870533329264494,20.73018879403352,2.279691979779787,0.5794263916232917,1280,0.17307615234375007,0.8037749401154172,0.6860454917826292,0.11772944833278798,0.8037749401154172,0.6860454917826292,0.11772944833278798,0.7598566308243727
breakhis_efficientnet_v2_s_s42_std_r2,breakhis,efficientnet_v2_s,0,5,58.0,31,True,1.8870533329264494,20.73018879403352,2.279691979779787,0.5794263916232917,1280,0.18146154296874994,0.7957130776606622,0.6879582441493104,0.10775483351135184,0.7878475871024354,0.6873909497888508,0.10045663731358456,0.6763440860215053
breakhis_efficientnet_v2_s_s42_std_r2,breakhis,efficientnet_v2_s,0,10,58.0,31,True,1.8870533329264494,20.73018879403352,2.279691979779787,0.5794263916232917,1280,0.17940078125000003,0.7894380225526931,0.6865624014466006,0.1028756211060925,0.7789737003187948,0.6806543292583932,0.09831937106040156,0.6292114695340503
breakhis_efficientnet_v2_s_s42_std_r2,breakhis,efficientnet_v2_s,0,20,58.0,31,True,1.8870533329264494,20.73018879403352,2.279691979779787,0.5794263916232917,1280,0.1744208828124999,0.7824606283193043,0.6809062527408342,0.10155437557847014,0.7710144466027662,0.6693140403488114,0.10170040625395482,0.5682795698924732
breakhis_efficientnet_v2_s_s42_std_r2,breakhis,efficientnet_v2_s,0,50,58.0,31,True,1.8870533329264494,20.73018879403352,2.279691979779787,0.5794263916232917,1280,0.15907573828124988,0.7711612832461159,0.6701015344939231,0.10105974875219281,0.7546306616140709,0.6593042806464916,0.09532638096757928,0.47512544802867385
breakhis_efficientnet_v2_s_s42_std_r2,breakhis,efficientnet_v2_s,0,100,58.0,31,False,1.8870533329264494,20.73018879403352,2.279691979779787,0.5794263916232917,1280,0.13765056249999996,0.7591330623047338,0.662573687618614,0.09655937468611975,0.7209643806147324,0.644927847248529,0.07603653336620342,0.37933691756272403
breakhis_efficientnet_v2_s_s42_std_r2,breakhis,efficientnet_v2_s,0,200,58.0,31,False,1.8870533329264494,20.73018879403352,2.279691979779787,0.5794263916232917,1280,0.1134983398437499,0.7214703478436243,0.6387454583794415,0.08272488946418277,0.6142052953185647,0.5380805669957844,0.07612472832278028,0.25651433691756276
breakhis_efficientnet_v2_s_s42_std_r2,breakhis,efficientnet_v2_s,1,1,61.5,29,True,1.9656030637497426,20.056421754054917,2.1295215081000247,0.5605940303434045,1280,0.17427796484375002,0.8121080023960723,0.6952095871944294,0.1168984152016429,0.8121080023960723,0.6952095871944294,0.1168984152016429,0.7655954631379962
breakhis_efficientnet_v2_s_s42_std_r2,breakhis,efficientnet_v2_s,1,5,61.5,29,True,1.9656030637497426,20.056421754054917,2.1295215081000247,0.5605940303434045,1280,0.18095201953125006,0.794885766696462,0.6992166353533102,0.0956691313431518,0.7822112163798782,0.6992537867931938,0.0829574295866844,0.677882797731569
breakhis_efficientnet_v2_s_s42_std_r2,breakhis,efficientnet_v2_s,1,10,61.5,29,True,1.9656030637497426,20.056421754054917,2.1295215081000247,0.5605940303434045,1280,0.17752691406249999,0.7872142301311682,0.7001047316781482,0.08710949845301996,0.7760941410062384,0.7014191850035559,0.07467495600268248,0.635538752362949
breakhis_efficientnet_v2_s_s42_std_r2,breakhis,efficientnet_v2_s,1,20,61.5,29,True,1.9656030637497426,20.056421754054917,2.1295215081000247,0.5605940303434045,1280,0.16935446874999993,0.7803469826098153,0.7019003846058586,0.0784465980039567,0.7712105576466242,0.7025814943370591,0.06862906330956509,0.5723062381852552
breakhis_efficientnet_v2_s_s42_std_r2,breakhis,efficientnet_v2_s,1,50,61.5,29,True,1.9656030637497426,20.056421754054917,2.1295215081000247,0.5605940303434045,1280,0.15063354296874998,0.7723003599706649,0.7006566959278484,0.07164366404281652,0.7575973590954641,0.6942737247325981,0.06332363436286603,0.4852173913043479
breakhis_efficientnet_v2_s_s42_std_r2,breakhis,efficientnet_v2_s,1,100,61.5,29,False,1.9656030637497426,20.056421754054917,2.1295215081000247,0.5605940303434045,1280,0.1308344374999999,0.7603386598043954,0.6867673647599133,0.07357129504448212,0.7191818271730267,0.643431094693713,0.07575073247931374,0.39187145557655956
breakhis_efficientnet_v2_s_s42_std_r2,breakhis,efficientnet_v2_s,1,200,61.5,29,False,1.9656030637497426,20.056421754054917,2.1295215081000247,0.5605940303434045,1280,0.10776126953124976,0.7319552807827169,0.6528144869386152,0.07914079384410166,0.6506437111501333,0.5859542789613165,0.06468943218881684,0.2751890359168242
breakhis_efficientnet_v2_s_s42_std_r3,breakhis,efficientnet_v2_s,0,1,65.0,27,True,1.923005743356618,23.678424605085734,2.398297368919857,0.6618320877134414,1280,0.16430711718750024,0.7972429840643068,0.7069534294442968,0.09028955462000998,0.7972429840643068,0.7069534294442968,0.09028955462000998,0.8125
breakhis_efficientnet_v2_s_s42_std_r3,breakhis,efficientnet_v2_s,0,5,65.0,27,True,1.923005743356618,23.678424605085734,2.398297368919857,0.6618320877134414,1280,0.1721352265624999,0.7828585530954731,0.7119660989204637,0.07089245417500945,0.7717405866591454,0.7135996846411206,0.0581409020180248,0.7260714285714286
breakhis_efficientnet_v2_s_s42_std_r3,breakhis,efficientnet_v2_s,0,10,65.0,27,True,1.923005743356618,23.678424605085734,2.398297368919857,0.6618320877134414,1280,0.17017948046874987,0.7746844591736003,0.712716078458884,0.06196838071471633,0.7638326752221125,0.7130885627285224,0.05074411249359012,0.6739285714285713
breakhis_efficientnet_v2_s_s42_std_r3,breakhis,efficientnet_v2_s,0,20,65.0,27,True,1.923005743356618,23.678424605085734,2.398297368919857,0.6618320877134414,1280,0.16463072265625023,0.7675486532223946,0.7135879923097866,0.05396066091260798,0.757317374136229,0.7136113769724546,0.043705997163774435,0.6042857142857142
breakhis_efficientnet_v2_s_s42_std_r3,breakhis,efficientnet_v2_s,0,50,65.0,27,True,1.923005743356618,23.678424605085734,2.398297368919857,0.6618320877134414,1280,0.1499768789062501,0.7572785925821464,0.7123519458544839,0.044926646727662445,0.7427496121844591,0.7081694319030272,0.03458018028143195,0.5096428571428571
breakhis_efficientnet_v2_s_s42_std_r3,breakhis,efficientnet_v2_s,0,100,65.0,27,False,1.923005743356618,23.678424605085734,2.398297368919857,0.6618320877134414,1280,0.13131214453125006,0.7436927090678325,0.7042274459104401,0.039465263157392405,0.6956353123677902,0.6558562711819109,0.03977904118587927,0.4076607142857143
breakhis_efficientnet_v2_s_s42_std_r3,breakhis,efficientnet_v2_s,0,200,65.0,27,False,1.923005743356618,23.678424605085734,2.398297368919857,0.6618320877134414,1280,0.11167105468750005,0.7020395571851643,0.6675051738566152,0.03453438332854908,0.6210495698773093,0.6190738671383688,0.0019757027389405435,0.28208928571428576
breakhis_efficientnet_v2_s_s42_std_r3,breakhis,efficientnet_v2_s,1,1,64.0,33,True,1.6743420454352902,22.761444269397533,2.626778495293133,0.636201708155574,1280,0.12494769140625006,0.7681427399809247,0.6961112678042589,0.07203147217666583,0.7681427399809247,0.6961112678042589,0.07203147217666583,0.7089678510998307
breakhis_efficientnet_v2_s_s42_std_r3,breakhis,efficientnet_v2_s,1,5,64.0,33,True,1.6743420454352902,22.761444269397533,2.626778495293133,0.636201708155574,1280,0.13303459374999982,0.7621195190108956,0.6976466647863488,0.06447285422454674,0.7590210512074003,0.6983888027076576,0.06063224849974269,0.6047377326565143
breakhis_efficientnet_v2_s_s42_std_r3,breakhis,efficientnet_v2_s,1,10,64.0,33,True,1.6743420454352902,22.761444269397533,2.626778495293133,0.636201708155574,1280,0.13141382031250004,0.7595021071251397,0.6981578761810746,0.06134423094406505,0.755927594403048,0.6987219715131857,0.057205622889862306,0.5470389170896786
breakhis_efficientnet_v2_s_s42_std_r3,breakhis,efficientnet_v2_s,1,20,64.0,33,True,1.6743420454352902,22.761444269397533,2.626778495293133,0.636201708155574,1280,0.12661251171874988,0.7574275534798883,0.698152587787336,0.059274965692552306,0.754187107367338,0.6972112537018756,0.05697585366546232,0.48714043993231815
breakhis_efficientnet_v2_s_s42_std_r3,breakhis,efficientnet_v2_s,1,50,64.0,33,True,1.6743420454352902,22.761444269397533,2.626778495293133,0.636201708155574,1280,0.1141930781249999,0.755785616093993,0.6967952333944437,0.05899038269954926,0.7535607324744481,0.6928307008884501,0.06073003158599799,0.40067681895093066
breakhis_efficientnet_v2_s_s42_std_r3,breakhis,efficientnet_v2_s,1,100,64.0,33,False,1.6743420454352902,22.761444269397533,2.626778495293133,0.636201708155574,1280,0.09924595312500017,0.7543190636781067,0.6908616556197997,0.06345740805830702,0.7425766223527309,0.6707234522634326,0.07185317008929837,0.3234179357021997
breakhis_efficientnet_v2_s_s42_std_r3,breakhis,efficientnet_v2_s,1,200,64.0,33,False,1.6743420454352902,22.761444269397533,2.626778495293133,0.636201708155574,1280,0.08130786718750005,0.7439078777917529,0.6705524608658864,0.07335541692586656,0.647920518872258,0.5808771682414328,0.06704335063082523,0.238409475465313
breakhis_efficientnet_v2_s_s42_std_r4,breakhis,efficientnet_v2_s,0,1,57.0,29,True,1.9346577378423493,22.41441223365691,2.3808370804505965,0.6265018678769969,1280,0.1984224804687501,0.7776557087610172,0.6414886221880822,0.13616708657293497,0.7776557087610172,0.6414886221880822,0.13616708657293497,0.7311827956989247
breakhis_efficientnet_v2_s_s42_std_r4,breakhis,efficientnet_v2_s,0,5,57.0,29,True,1.9346577378423493,22.41441223365691,2.3808370804505965,0.6265018678769969,1280,0.21024329296874988,0.7588712331093632,0.6403268760137505,0.11854435709561273,0.7470995340147969,0.6390349888745346,0.10806454514026231,0.6204301075268817
breakhis_efficientnet_v2_s_s42_std_r4,breakhis,efficientnet_v2_s,0,10,57.0,29,True,1.9346577378423493,22.41441223365691,2.3808370804505965,0.6265018678769969,1280,0.2068622226562501,0.7513737187176031,0.6405617645845171,0.11081195413308598,0.7418771030368648,0.6403792498166917,0.10149785322017313,0.5795698924731183
breakhis_efficientnet_v2_s_s42_std_r4,breakhis,efficientnet_v2_s,0,20,57.0,29,True,1.9346577378423493,22.41441223365691,2.3808370804505965,0.6265018678769969,1280,0.19828213281249996,0.7443980936003991,0.639965020647975,0.1044330729524241,0.7323221065220237,0.6385033154204347,0.09381879110158897,0.5268817204301075
breakhis_efficientnet_v2_s_s42_std_r4,breakhis,efficientnet_v2_s,0,50,57.0,29,True,1.9346577378423493,22.41441223365691,2.3808370804505965,0.6265018678769969,1280,0.17515331640624987,0.732870532539354,0.6393333608428056,0.0935371716965484,0.7170953235182768,0.6372241249607197,0.07987119855755709,0.44795698924731187
breakhis_efficientnet_v2_s_s42_std_r4,breakhis,efficientnet_v2_s,0,100,57.0,29,False,1.9346577378423493,22.41441223365691,2.3808370804505965,0.6265018678769969,1280,0.14804896093749986,0.7204000325517378,0.6348990455271185,0.08550098702461928,0.6952891974227515,0.6146303837888796,0.08065881363387195,0.370483870967742
breakhis_efficientnet_v2_s_s42_std_r4,breakhis,efficientnet_v2_s,0,200,57.0,29,False,1.9346577378423493,22.41441223365691,2.3808370804505965,0.6265018678769969,1280,0.11863872656250019,0.6938562133129531,0.6161444628193612,0.07771175049359191,0.5626196364820063,0.5729059207790682,-0.01028628429706191,0.2698655913978495
breakhis_efficientnet_v2_s_s42_std_r4,breakhis,efficientnet_v2_s,1,1,71.0,28,True,1.8901791199790068,22.27237837131074,2.4621698805588266,0.6225319007355858,1280,0.1664987617187499,0.756404681265732,0.6862790886928708,0.07012559257286122,0.756404681265732,0.6862790886928708,0.07012559257286122,0.792604501607717
breakhis_efficientnet_v2_s_s42_std_r4,breakhis,efficientnet_v2_s,1,5,71.0,28,True,1.8901791199790068,22.27237837131074,2.4621698805588266,0.6225319007355858,1280,0.17609430468749987,0.747167846928832,0.689245896535009,0.057921950393822974,0.7393578019508448,0.6866046060708991,0.05275319587994565,0.7045016077170418
breakhis_efficientnet_v2_s_s42_std_r4,breakhis,efficientnet_v2_s,1,10,71.0,28,True,1.8901791199790068,22.27237837131074,2.4621698805588266,0.6225319007355858,1280,0.17470418749999983,0.7422320127728596,0.6872291040841816,0.055002908688677965,0.7349012674460311,0.6835458041871442,0.05135546325888696,0.6474276527331191
breakhis_efficientnet_v2_s_s42_std_r4,breakhis,efficientnet_v2_s,1,20,71.0,28,True,1.8901791199790068,22.27237837131074,2.4621698805588266,0.6225319007355858,1280,0.16876645703124993,0.7377596074186699,0.6849929412264221,0.05276666619224779,0.7315858470113603,0.6805347684403825,0.05105107857097779,0.5790996784565917
breakhis_efficientnet_v2_s_s42_std_r4,breakhis,efficientnet_v2_s,1,50,71.0,28,True,1.8901791199790068,22.27237837131074,2.4621698805588266,0.6225319007355858,1280,0.15135753906250005,0.733144364420095,0.6801296408340322,0.05301472358606285,0.7239107042530702,0.6718165638810163,0.052094140372053954,0.47118971061093246
breakhis_efficientnet_v2_s_s42_std_r4,breakhis,efficientnet_v2_s,1,100,71.0,28,False,1.8901791199790068,22.27237837131074,2.4621698805588266,0.6225319007355858,1280,0.12709764453124983,0.7263421183774913,0.673716594663638,0.05262552371385332,0.7081588862472742,0.6580528399622116,0.050106046285062544,0.3707556270096463
breakhis_efficientnet_v2_s_s42_std_r4,breakhis,efficientnet_v2_s,1,200,71.0,28,False,1.8901791199790068,22.27237837131074,2.4621698805588266,0.6225319007355858,1280,0.09960798437500007,0.7007995733915687,0.6342228449511194,0.06657672844044937,0.653747266246195,0.5739455182979687,0.07980174794822625,0.26919614147909965
breakhis_fm_conch_v1_5_s42_std_r0,breakhis,fm_conch_v1_5,0,1,61.0,24,True,1.0941639011365685,7.185614878023306,0.9448695944990373,0.2592885427574835,768,0.052431175781249784,0.7474373110576156,0.5834136385715852,0.16402367248603034,0.7474373110576156,0.5834136385715852,0.16402367248603034,0.8148148148148148
breakhis_fm_conch_v1_5_s42_std_r0,breakhis,fm_conch_v1_5,0,5,61.0,24,True,1.0941639011365685,7.185614878023306,0.9448695944990373,0.2592885427574835,768,0.05234188281250007,0.7215419815305512,0.5921571162193078,0.12938486531124338,0.7008326453954344,0.595369325749385,0.10546331964604949,0.6881091617933723
breakhis_fm_conch_v1_5_s42_std_r0,breakhis,fm_conch_v1_5,0,10,61.0,24,True,1.0941639011365685,7.185614878023306,0.9448695944990373,0.2592885427574835,768,0.04958409765624994,0.7022604773423082,0.5963682445666652,0.10589223277564308,0.6734594520743011,0.6023049562042652,0.07115449587003597,0.6052631578947368
breakhis_fm_conch_v1_5_s42_std_r0,breakhis,fm_conch_v1_5,0,20,61.0,24,True,1.0941639011365685,7.185614878023306,0.9448695944990373,0.2592885427574835,768,0.045904859374999774,0.6803215123472826,0.600391341136652,0.07993017121063051,0.6504486509682125,0.6050882182422163,0.045360432725996214,0.5053606237816763
breakhis_fm_conch_v1_5_s42_std_r0,breakhis,fm_conch_v1_5,0,50,61.0,24,True,1.0941639011365685,7.185614878023306,0.9448695944990373,0.2592885427574835,768,0.03987287109375004,0.6536699322068471,0.6068686441341921,0.046801288072655045,0.6270664596117913,0.612920916968301,0.014145542643490328,0.3567641325536063
breakhis_fm_conch_v1_5_s42_std_r0,breakhis,fm_conch_v1_5,0,100,61.0,24,False,1.0941639011365685,7.185614878023306,0.9448695944990373,0.2592885427574835,768,0.03462132812500007,0.6356219054821435,0.6103844466381485,0.025237458843994975,0.6093571100065619,0.6127857691283161,-0.003428659121754163,0.25146198830409355
breakhis_fm_conch_v1_5_s42_std_r0,breakhis,fm_conch_v1_5,0,200,61.0,24,False,1.0941639011365685,7.185614878023306,0.9448695944990373,0.2592885427574835,768,0.029079960937500093,0.619282658769332,0.6121178645857817,0.007164794183550316,0.5981057172931231,0.6141313715351228,-0.016025654241999643,0.1705653021442495
breakhis_fm_conch_v1_5_s42_std_r0,breakhis,fm_conch_v1_5,1,1,59.0,28,True,1.0913899508967524,7.235954263157362,0.9200377847793891,0.2611050088548577,768,0.04330292968750016,0.8243078080195553,0.6266007785725144,0.19770702944704088,0.8243078080195553,0.6266007785725144,0.19770702944704088,0.8412698412698412
breakhis_fm_conch_v1_5_s42_std_r0,breakhis,fm_conch_v1_5,1,5,59.0,28,True,1.0913899508967524,7.235954263157362,0.9200377847793891,0.2611050088548577,768,0.04391407421874993,0.7879177831053448,0.6235719275153992,0.16434585558994552,0.7592351023989721,0.6192191568094306,0.14001594558954145,0.6999999999999998
breakhis_fm_conch_v1_5_s42_std_r0,breakhis,fm_conch_v1_5,1,10,59.0,28,True,1.0913899508967524,7.235954263157362,0.9200377847793891,0.2611050088548577,768,0.041834277343750115,0.7633365455428635,0.618874706784511,0.1444618387583525,0.7290305394945079,0.6131826220151674,0.11584791747934053,0.603968253968254
breakhis_fm_conch_v1_5_s42_std_r0,breakhis,fm_conch_v1_5,1,20,59.0,28,True,1.0913899508967524,7.235954263157362,0.9200377847793891,0.2611050088548577,768,0.03883870703124992,0.7384517150065028,0.6140216176065919,0.12443009739991084,0.7058575815979568,0.6075097802639757,0.09834780133398102,0.478968253968254
breakhis_fm_conch_v1_5_s42_std_r0,breakhis,fm_conch_v1_5,1,50,59.0,28,True,1.0913899508967524,7.235954263157362,0.9200377847793891,0.2611050088548577,768,0.033871851562500055,0.7091951456462808,0.6066322986362473,0.10256284701003349,0.6818521913536721,0.5997798598723418,0.08207233148133031,0.324563492063492
breakhis_fm_conch_v1_5_s42_std_r0,breakhis,fm_conch_v1_5,1,100,59.0,28,False,1.0913899508967524,7.235954263157362,0.9200377847793891,0.2611050088548577,768,0.02947757031249998,0.6907621554709412,0.6018311656073385,0.0889309898636027,0.6672111753553017,0.5959889852964099,0.07122219005889185,0.2303968253968254
breakhis_fm_conch_v1_5_s42_std_r0,breakhis,fm_conch_v1_5,1,200,59.0,28,False,1.0913899508967524,7.235954263157362,0.9200377847793891,0.2611050088548577,768,0.02475360937500004,0.6761622714238706,0.598452091619858,0.07771017980401262,0.6593118820413983,0.5953789816209933,0.063932900420405,0.15721230158730157
breakhis_fm_conch_v1_5_s42_std_r1,breakhis,fm_conch_v1_5,0,1,55.0,25,True,1.0838515813861658,6.781276362450575,0.8398086082180145,0.2446982333318804,768,0.047291558593749894,0.734627944330384,0.5874897056497576,0.14713823868062648,0.734627944330384,0.5874897056497576,0.14713823868062648,0.7884972170686456
breakhis_fm_conch_v1_5_s42_std_r1,breakhis,fm_conch_v1_5,0,5,55.0,25,True,1.0838515813861658,6.781276362450575,0.8398086082180145,0.2446982333318804,768,0.048954257812499846,0.6963592041860269,0.5915892658787512,0.10476993830727577,0.6621160534571902,0.5920655784197695,0.07005047503742068,0.6567717996289425
breakhis_fm_conch_v1_5_s42_std_r1,breakhis,fm_conch_v1_5,0,10,55.0,25,True,1.0838515813861658,6.781276362450575,0.8398086082180145,0.2446982333318804,768,0.047207464843749714,0.6713576932163874,0.5925964305647212,0.07876126265166616,0.6389332004901036,0.592565524789159,0.04636767570094458,0.5686456400742115
breakhis_fm_conch_v1_5_s42_std_r1,breakhis,fm_conch_v1_5,0,20,55.0,25,True,1.0838515813861658,6.781276362450575,0.8398086082180145,0.2446982333318804,768,0.04450861328125011,0.6470100200180584,0.5929891157130417,0.054020904305016715,0.6156990661291888,0.5929091242939394,0.022789941835249405,0.464935064935065
breakhis_fm_conch_v1_5_s42_std_r1,breakhis,fm_conch_v1_5,0,50,55.0,25,True,1.0838515813861658,6.781276362450575,0.8398086082180145,0.2446982333318804,768,0.03961836328125001,0.6207704296831359,0.5959487982198274,0.024821631463308513,0.595175519727769,0.6005555767654015,-0.005380057037632446,0.3246753246753247
breakhis_fm_conch_v1_5_s42_std_r1,breakhis,fm_conch_v1_5,0,100,55.0,25,False,1.0838515813861658,6.781276362450575,0.8398086082180145,0.2446982333318804,768,0.03528669531249984,0.6054922372790092,0.6002319751153967,0.005260262163612528,0.5881536317299961,0.6058568262677276,-0.017703194537731504,0.2316883116883117
breakhis_fm_conch_v1_5_s42_std_r1,breakhis,fm_conch_v1_5,0,200,55.0,25,False,1.0838515813861658,6.781276362450575,0.8398086082180145,0.2446982333318804,768,0.030671625000000202,0.5974227436644585,0.605349607951147,-0.00792686428668854,0.5896646013695795,0.611883452502368,-0.02221885113278843,0.15769016697588129
breakhis_fm_conch_v1_5_s42_std_r1,breakhis,fm_conch_v1_5,1,1,74.0,32,True,1.025161383197,6.982679883066526,0.9055925302268468,0.2519657568845902,768,0.0456192539062501,0.8172159713776158,0.5676886926358087,0.24952727874180713,0.8172159713776158,0.5676886926358087,0.24952727874180713,0.7734806629834254
breakhis_fm_conch_v1_5_s42_std_r1,breakhis,fm_conch_v1_5,1,5,74.0,32,True,1.025161383197,6.982679883066526,0.9055925302268468,0.2519657568845902,768,0.04670536718750007,0.793553055217713,0.5695403172486799,0.2240127379690331,0.7735933781648877,0.5670678214748163,0.20652555669007144,0.6677716390423573
breakhis_fm_conch_v1_5_s42_std_r1,breakhis,fm_conch_v1_5,1,10,74.0,32,True,1.025161383197,6.982679883066526,0.9055925302268468,0.2519657568845902,768,0.04532039062499993,0.7756913349295257,0.5672564637449703,0.2084348711845554,0.7491269118403662,0.5627675103066444,0.18635940153372177,0.5900552486187846
breakhis_fm_conch_v1_5_s42_std_r1,breakhis,fm_conch_v1_5,1,20,74.0,32,True,1.025161383197,6.982679883066526,0.9055925302268468,0.2519657568845902,768,0.04268962109374996,0.7564661245430035,0.5646246293545687,0.19184149518843485,0.730950679836163,0.5620715485332606,0.16887913130290244,0.48416206261510125
breakhis_fm_conch_v1_5_s42_std_r1,breakhis,fm_conch_v1_5,1,50,74.0,32,True,1.025161383197,6.982679883066526,0.9055925302268468,0.2519657568845902,768,0.03804062109374995,0.7316578767004994,0.562525755164311,0.1691321215361884,0.70327546681356,0.5613884071083338,0.1418870597052262,0.3466666666666667
breakhis_fm_conch_v1_5_s42_std_r1,breakhis,fm_conch_v1_5,1,100,74.0,32,False,1.025161383197,6.982679883066526,0.9055925302268468,0.2519657568845902,768,0.03392436718750014,0.7124144864459995,0.5623242925456999,0.15009019390029954,0.6855300976804306,0.5637620030512429,0.1217680946291877,0.24906077348066302
breakhis_fm_conch_v1_5_s42_std_r1,breakhis,fm_conch_v1_5,1,200,74.0,32,False,1.025161383197,6.982679883066526,0.9055925302268468,0.2519657568845902,768,0.02939089843749998,0.6942182565870206,0.5640220729770864,0.13019618360993424,0.6705189806911622,0.5681172585699451,0.10240172212121712,0.17187845303867405
breakhis_fm_conch_v1_5_s42_std_r2,breakhis,fm_conch_v1_5,0,1,58.0,31,True,1.1632411274100685,7.696646762450002,0.9762567778215262,0.27772881750987316,768,0.05625610546875004,0.8212856521139169,0.6038195332137786,0.21746611890013834,0.8212856521139169,0.6038195332137786,0.21746611890013834,0.8261648745519713
breakhis_fm_conch_v1_5_s42_std_r2,breakhis,fm_conch_v1_5,0,5,58.0,31,True,1.1632411274100685,7.696646762450002,0.9762567778215262,0.27772881750987316,768,0.05779648046874997,0.7879165826336478,0.5972956480684933,0.1906209345651545,0.7596867956706189,0.5927348999863775,0.1669518956842414,0.7086021505376343
breakhis_fm_conch_v1_5_s42_std_r2,breakhis,fm_conch_v1_5,0,10,58.0,31,True,1.1632411274100685,7.696646762450002,0.9762567778215262,0.27772881750987316,768,0.05511765625000009,0.7622484759064067,0.5921284175286493,0.17012005837775734,0.7231085494308753,0.5830311806627267,0.14007736876814858,0.6148745519713262
breakhis_fm_conch_v1_5_s42_std_r2,breakhis,fm_conch_v1_5,0,20,58.0,31,True,1.1632411274100685,7.696646762450002,0.9762567778215262,0.27772881750987316,768,0.051086480468750084,0.7339390787150555,0.5854533782938995,0.14848570042115594,0.6944754039776808,0.5765576802139297,0.11791772376375109,0.503405017921147
breakhis_fm_conch_v1_5_s42_std_r2,breakhis,fm_conch_v1_5,0,50,58.0,31,True,1.1632411274100685,7.696646762450002,0.9762567778215262,0.27772881750987316,768,0.04425100781250024,0.6972033811348527,0.5766733784058655,0.12053000272898717,0.6597564988483053,0.5683319119872657,0.0914245868610396,0.3496774193548387
breakhis_fm_conch_v1_5_s42_std_r2,breakhis,fm_conch_v1_5,0,100,58.0,31,False,1.1632411274100685,7.696646762450002,0.9762567778215262,0.27772881750987316,768,0.03822325390624992,0.6713105966521246,0.5708642095107646,0.10044638714136,0.6373471041337169,0.5636181437158154,0.07372896041790145,0.2454301075268817
breakhis_fm_conch_v1_5_s42_std_r2,breakhis,fm_conch_v1_5,0,200,58.0,31,False,1.1632411274100685,7.696646762450002,0.9762567778215262,0.27772881750987316,768,0.03184923437499998,0.6487402123647068,0.5663650427243565,0.0823751696403503,0.6197107848860867,0.5618528132388589,0.057857971647227724,0.16653225806451613
breakhis_fm_conch_v1_5_s42_std_r2,breakhis,fm_conch_v1_5,1,1,61.5,29,True,1.0303700696416511,6.624063682739217,0.8184595472529862,0.23902530939741942,768,0.04964912109375008,0.7778706680824145,0.58599496863357,0.19187569944884442,0.7778706680824145,0.58599496863357,0.19187569944884442,0.8109640831758034
breakhis_fm_conch_v1_5_s42_std_r2,breakhis,fm_conch_v1_5,1,5,61.5,29,True,1.0303700696416511,6.624063682739217,0.8184595472529862,0.23902530939741942,768,0.05126481640624991,0.7376338226869226,0.5895031260282988,0.14813069665862377,0.7037323863498527,0.5890749999115442,0.11465738643830847,0.688468809073724
breakhis_fm_conch_v1_5_s42_std_r2,breakhis,fm_conch_v1_5,1,10,61.5,29,True,1.0303700696416511,6.624063682739217,0.8184595472529862,0.23902530939741942,768,0.04966807812499996,0.7104802034795298,0.5901453152034307,0.12033488827609906,0.6765526417442809,0.5929564408212945,0.08359620092298636,0.6045368620037809
breakhis_fm_conch_v1_5_s42_std_r2,breakhis,fm_conch_v1_5,1,20,61.5,29,True,1.0303700696416511,6.624063682739217,0.8184595472529862,0.23902530939741942,768,0.04702693749999998,0.6880646118418966,0.5942921235409214,0.09377248830097518,0.6585205187011198,0.6001001319760674,0.05842038672505245,0.49517958412098306
breakhis_fm_conch_v1_5_s42_std_r2,breakhis,fm_conch_v1_5,1,50,61.5,29,True,1.0303700696416511,6.624063682739217,0.8184595472529862,0.23902530939741942,768,0.04250664843749996,0.6623889437314906,0.6013172839113036,0.06107165982018703,0.636511736835132,0.6056073906597742,0.030904346175357755,0.35198487712665405
breakhis_fm_conch_v1_5_s42_std_r2,breakhis,fm_conch_v1_5,1,100,61.5,29,False,1.0303700696416511,6.624063682739217,0.8184595472529862,0.23902530939741942,768,0.0387253164062501,0.646790214918722,0.6046556061522784,0.04213460876644359,0.6273025339770134,0.6082982163770624,0.019004317599951026,0.2527788279773157
breakhis_fm_conch_v1_5_s42_std_r2,breakhis,fm_conch_v1_5,1,200,61.5,29,False,1.0303700696416511,6.624063682739217,0.8184595472529862,0.23902530939741942,768,0.03471073046874995,0.6353678176148632,0.6084680515308163,0.026899766084046872,0.6214970972816524,0.6132411269977744,0.008255970283877923,0.17273156899810965
breakhis_fm_conch_v1_5_s42_std_r3,breakhis,fm_conch_v1_5,0,1,65.0,27,True,1.1407405600289342,7.372106755912509,0.8945936544922147,0.2660179887512966,768,0.0543155234374999,0.7966506839655901,0.6533825079382578,0.14326817602733233,0.7966506839655901,0.6533825079382578,0.14326817602733233,0.8642857142857142
breakhis_fm_conch_v1_5_s42_std_r3,breakhis,fm_conch_v1_5,0,5,65.0,27,True,1.1407405600289342,7.372106755912509,0.8945936544922147,0.2660179887512966,768,0.054349085937499986,0.7566263573543929,0.6581696824529844,0.09845667490140853,0.7257421379213087,0.6599786531436503,0.06576348477765837,0.7464285714285714
breakhis_fm_conch_v1_5_s42_std_r3,breakhis,fm_conch_v1_5,0,10,65.0,27,True,1.1407405600289342,7.372106755912509,0.8945936544922147,0.2660179887512966,768,0.052137617187499985,0.7328779438725145,0.6598082791727843,0.0730696646997302,0.6956176843886617,0.6592219922730393,0.036395692115622325,0.6669642857142857
breakhis_fm_conch_v1_5_s42_std_r3,breakhis,fm_conch_v1_5,0,20,65.0,27,True,1.1407405600289342,7.372106755912509,0.8945936544922147,0.2660179887512966,768,0.0489969882812501,0.7054488083486109,0.6599619498131732,0.04548685853543766,0.6680933577774644,0.6603077087540484,0.0077856490234159414,0.5525892857142858
breakhis_fm_conch_v1_5_s42_std_r3,breakhis,fm_conch_v1_5,0,50,65.0,27,True,1.1407405600289342,7.372106755912509,0.8945936544922147,0.2660179887512966,768,0.04389912500000004,0.6697609646030179,0.65858058438272,0.01118038022029788,0.6355785502749964,0.6536330578954138,-0.01805450762041738,0.3792857142857143
breakhis_fm_conch_v1_5_s42_std_r3,breakhis,fm_conch_v1_5,0,100,65.0,27,False,1.1407405600289342,7.372106755912509,0.8945936544922147,0.2660179887512966,768,0.03948723046875002,0.6476713439571288,0.6551229949739679,-0.007451651016839089,0.6206300239740516,0.6487306304003956,-0.028100606426343933,0.2656071428571429
breakhis_fm_conch_v1_5_s42_std_r3,breakhis,fm_conch_v1_5,0,200,65.0,27,False,1.1407405600289342,7.372106755912509,0.8945936544922147,0.2660179887512966,768,0.03480162499999995,0.6314694683401495,0.6509588546860359,-0.019489386345886373,0.6131328444507121,0.6438666205654745,-0.030733776114762357,0.17867857142857144
breakhis_fm_conch_v1_5_s42_std_r3,breakhis,fm_conch_v1_5,1,1,64.0,33,True,1.0912217732842684,7.325025350201698,0.9485937133069388,0.26431908485998645,768,0.047061257812499924,0.7817025036622052,0.5803712452404456,0.20133125842175958,0.7817025036622052,0.5803712452404456,0.20133125842175958,0.7918781725888324
breakhis_fm_conch_v1_5_s42_std_r3,breakhis,fm_conch_v1_5,1,5,64.0,33,True,1.0912217732842684,7.325025350201698,0.9485937133069388,0.26431908485998645,768,0.04724031250000027,0.7554231538226407,0.587949513467776,0.16747364035486467,0.7329671963292761,0.5890142434071358,0.14395295292214028,0.682233502538071
breakhis_fm_conch_v1_5_s42_std_r3,breakhis,fm_conch_v1_5,1,10,64.0,33,True,1.0912217732842684,7.325025350201698,0.9485937133069388,0.26431908485998645,768,0.044841460937499966,0.7368607426634797,0.5883884501480751,0.1484722925154046,0.7099232816031188,0.5880975884924552,0.1218256931106636,0.5947546531302876
breakhis_fm_conch_v1_5_s42_std_r3,breakhis,fm_conch_v1_5,1,20,64.0,33,True,1.0912217732842684,7.325025350201698,0.9485937133069388,0.26431908485998645,768,0.04154113671875004,0.7185973211198581,0.5888714567761951,0.12972586434366296,0.693822941356277,0.5887216189536032,0.10510132240267378,0.4884940778341794
breakhis_fm_conch_v1_5_s42_std_r3,breakhis,fm_conch_v1_5,1,50,64.0,33,True,1.0912217732842684,7.325025350201698,0.9485937133069388,0.26431908485998645,768,0.036265066406249935,0.6957772310220935,0.5879177831053448,0.10785944791674873,0.6706286966558263,0.5850638132844451,0.08556488337138113,0.3399661590524534
breakhis_fm_conch_v1_5_s42_std_r3,breakhis,fm_conch_v1_5,1,100,64.0,33,False,1.0912217732842684,7.325025350201698,0.9485937133069388,0.26431908485998645,768,0.031757023437499976,0.6781769316984113,0.5853317585671979,0.09284517313121343,0.6558596118480063,0.5817356508249895,0.07412396102301688,0.23925549915397631
breakhis_fm_conch_v1_5_s42_std_r3,breakhis,fm_conch_v1_5,1,200,64.0,33,False,1.0912217732842684,7.325025350201698,0.9485937133069388,0.26431908485998645,768,0.026942054687499994,0.6629735602981879,0.5827316316457481,0.08024192865243973,0.6423148811641554,0.5796044281483571,0.06271045301579825,0.16246192893401018
breakhis_fm_conch_v1_5_s42_std_r4,breakhis,fm_conch_v1_5,0,1,57.0,29,True,1.1188843631217633,7.183039050448055,0.8628961938856237,0.25919559558598615,768,0.04786039453125002,0.7739989456067538,0.5886148874915488,0.18538405811520497,0.7739989456067538,0.5886148874915488,0.18538405811520497,0.7885304659498208
breakhis_fm_conch_v1_5_s42_std_r4,breakhis,fm_conch_v1_5,0,5,57.0,29,True,1.1188843631217633,7.183039050448055,0.8628961938856237,0.25919559558598615,768,0.049015410156250216,0.7326670841780863,0.6009719308157934,0.13169515336229298,0.6981180142024648,0.6024891840161501,0.09562883018631463,0.6792114695340502
breakhis_fm_conch_v1_5_s42_std_r4,breakhis,fm_conch_v1_5,0,10,57.0,29,True,1.1188843631217633,7.183039050448055,0.8628961938856237,0.25919559558598615,768,0.04688375,0.7073457242230926,0.6024018943445816,0.10494382987851103,0.6732212421318557,0.6028653231463641,0.07035591898549165,0.5951612903225807
breakhis_fm_conch_v1_5_s42_std_r4,breakhis,fm_conch_v1_5,0,20,57.0,29,True,1.1188843631217633,7.183039050448055,0.8628961938856237,0.25919559558598615,768,0.04384508203125004,0.6820066731062496,0.6035207892255978,0.07848588388065181,0.6493275589381057,0.6047777604961863,0.04454979844191942,0.47724014336917564
breakhis_fm_conch_v1_5_s42_std_r4,breakhis,fm_conch_v1_5,0,50,57.0,29,True,1.1188843631217633,7.183039050448055,0.8628961938856237,0.25919559558598615,768,0.03878214062499996,0.6542970063015918,0.6059204616512667,0.04837654465032515,0.6291773255916809,0.6069679377100904,0.022209387881590548,0.32326164874551977
breakhis_fm_conch_v1_5_s42_std_r4,breakhis,fm_conch_v1_5,0,100,57.0,29,False,1.1188843631217633,7.183039050448055,0.8628961938856237,0.25919559558598615,768,0.034488523437499974,0.6380069844706981,0.6069234993318372,0.031083485138860945,0.6179858966057736,0.6073456639252419,0.010640232680531714,0.22725806451612904
breakhis_fm_conch_v1_5_s42_std_r4,breakhis,fm_conch_v1_5,0,200,57.0,29,False,1.1188843631217633,7.183039050448055,0.8628961938856237,0.25919559558598615,768,0.029973695312500048,0.6255594829934861,0.607594836260447,0.017964646733039102,0.610974889164871,0.6084344041924435,0.002540484972427426,0.155663082437276
breakhis_fm_conch_v1_5_s42_std_r4,breakhis,fm_conch_v1_5,1,1,71.0,28,True,1.0973562154023595,7.126425209610826,0.9305682429316423,0.2571527195705341,768,0.05032974999999995,0.7784445297943455,0.5800365853227045,0.198407944471641,0.7784445297943455,0.5800365853227045,0.198407944471641,0.8070739549839229
breakhis_fm_conch_v1_5_s42_std_r4,breakhis,fm_conch_v1_5,1,5,71.0,28,True,1.0973562154023595,7.126425209610826,0.9305682429316423,0.2571527195705341,768,0.05097977343750004,0.7482867418098482,0.5836703499665638,0.16461639184328447,0.7221157111886314,0.5823081305041627,0.13980758068446864,0.7006430868167203
breakhis_fm_conch_v1_5_s42_std_r4,breakhis,fm_conch_v1_5,1,10,71.0,28,True,1.0973562154023595,7.126425209610826,0.9305682429316423,0.2571527195705341,768,0.04894095703125012,0.7256311043254413,0.5829432432145548,0.1426878611108865,0.6945274137181273,0.5830193152105071,0.11150809850762022,0.6223472668810289
breakhis_fm_conch_v1_5_s42_std_r4,breakhis,fm_conch_v1_5,1,20,71.0,28,True,1.0973562154023595,7.126425209610826,0.9305682429316423,0.2571527195705341,768,0.04586425390625004,0.7012804601276651,0.5827981756873901,0.11848228444027498,0.6695831997536844,0.5840577864110648,0.08552541334261965,0.5137459807073955
breakhis_fm_conch_v1_5_s42_std_r4,breakhis,fm_conch_v1_5,1,50,71.0,28,True,1.0973562154023595,7.126425209610826,0.9305682429316423,0.2571527195705341,768,0.04054114062500003,0.6722161736651822,0.5838065719128038,0.08840960175237833,0.6412172306637507,0.5837818042862147,0.05743542637753596,0.3633118971061093
breakhis_fm_conch_v1_5_s42_std_r4,breakhis,fm_conch_v1_5,1,100,71.0,28,False,1.0973562154023595,7.126425209610826,0.9305682429316423,0.2571527195705341,768,0.03586548828124991,0.6510571572769431,0.5831396151110828,0.06791754216586032,0.6225642213920004,0.5807513082614187,0.041812913130581664,0.25466237942122183
breakhis_fm_conch_v1_5_s42_std_r4,breakhis,fm_conch_v1_5,1,200,71.0,28,False,1.0973562154023595,7.126425209610826,0.9305682429316423,0.2571527195705341,768,0.0308760585937502,0.6335262170560844,0.5816429428186267,0.051883274237457644,0.6118593334878096,0.5803107983313696,0.03154853515644007,0.1709967845659164
breakhis_fm_dinov2_vitb14_s42_std_r0,breakhis,fm_dinov2_vitb14,0,1,61.0,24,True,0.6684347510546488,4.545375033080161,0.6610434640236907,0.1640170936822897,768,0.016127269531249988,0.7161943467861274,0.6301708738776853,0.08602347290844203,0.7161943467861274,0.6301708738776853,0.08602347290844203,0.7173489278752436
breakhis_fm_dinov2_vitb14_s42_std_r0,breakhis,fm_dinov2_vitb14,0,5,61.0,24,True,0.6684347510546488,4.545375033080161,0.6610434640236907,0.1640170936822897,768,0.018134058593750058,0.6830559452266731,0.634705181842398,0.04835076338427513,0.6606878609268592,0.6353965903571037,0.025291270569755442,0.5610136452241714
breakhis_fm_dinov2_vitb14_s42_std_r0,breakhis,fm_dinov2_vitb14,0,10,61.0,24,True,0.6684347510546488,4.545375033080161,0.6610434640236907,0.1640170936822897,768,0.017931628906249886,0.6654370378067578,0.6346562152337079,0.030780822573049926,0.6414621614912569,0.6344858114354659,0.006976350055791003,0.4543859649122807
breakhis_fm_dinov2_vitb14_s42_std_r0,breakhis,fm_dinov2_vitb14,0,20,61.0,24,True,0.6684347510546488,4.545375033080161,0.6610434640236907,0.1640170936822897,768,0.0173286640625,0.6468790711010278,0.633236183581692,0.013642887519335845,0.6211145940973967,0.6290661871856343,-0.007951593088237674,0.35555555555555557
breakhis_fm_dinov2_vitb14_s42_std_r0,breakhis,fm_dinov2_vitb14,0,50,61.0,24,True,0.6684347510546488,4.545375033080161,0.6610434640236907,0.1640170936822897,768,0.01622426953124989,0.6235257442718346,0.6299965527507482,-0.00647080847891357,0.6008998035287847,0.6253388489321362,-0.02443904540335151,0.24113060428849903
breakhis_fm_dinov2_vitb14_s42_std_r0,breakhis,fm_dinov2_vitb14,0,100,61.0,24,False,0.6684347510546488,4.545375033080161,0.6610434640236907,0.1640170936822897,768,0.01511159374999993,0.6073654576278362,0.625779548410348,-0.01841409078251177,0.586007631780999,0.6194902771901785,-0.033482645409179446,0.1710721247563353
breakhis_fm_dinov2_vitb14_s42_std_r0,breakhis,fm_dinov2_vitb14,0,200,61.0,24,False,0.6684347510546488,4.545375033080161,0.6610434640236907,0.1640170936822897,768,0.014000699218750023,0.5918267204701454,0.6209612341152322,-0.02913451364508679,0.5716985234832171,0.613690672056911,-0.04199214857369382,0.11888888888888889
breakhis_fm_dinov2_vitb14_s42_std_r0,breakhis,fm_dinov2_vitb14,1,1,59.0,28,True,0.6723799218491096,4.449058694159598,0.6412711693907629,0.16054157716959308,768,0.01885407812499995,0.7462687444178067,0.6011076281248257,0.145161116292981,0.7462687444178067,0.6011076281248257,0.145161116292981,0.6805555555555555
breakhis_fm_dinov2_vitb14_s42_std_r0,breakhis,fm_dinov2_vitb14,1,5,59.0,28,True,0.6723799218491096,4.449058694159598,0.6412711693907629,0.16054157716959308,768,0.02036158593750026,0.7129694918441216,0.5985560039178784,0.11441348792624317,0.6893577931337063,0.5953558899992111,0.09400190313449519,0.5357142857142857
breakhis_fm_dinov2_vitb14_s42_std_r0,breakhis,fm_dinov2_vitb14,1,10,59.0,28,True,0.6723799218491096,4.449058694159598,0.6412711693907629,0.16054157716959308,768,0.019974609375000063,0.6944953697174823,0.5962141286087875,0.09828124110869474,0.6699944373932528,0.5921827163059563,0.0778117210872965,0.4339285714285714
breakhis_fm_dinov2_vitb14_s42_std_r0,breakhis,fm_dinov2_vitb14,1,20,59.0,28,True,0.6723799218491096,4.449058694159598,0.6412711693907629,0.16054157716959308,768,0.01929889453125011,0.6776077657124054,0.5924848316909417,0.08512293402146376,0.6568380889703693,0.5869543882740744,0.0698837006962949,0.32529761904761906
breakhis_fm_dinov2_vitb14_s42_std_r0,breakhis,fm_dinov2_vitb14,1,50,59.0,28,True,0.6723799218491096,4.449058694159598,0.6412711693907629,0.16054157716959308,768,0.018119144531250075,0.6595998057004967,0.5868004441288589,0.0727993615716378,0.6426318964571679,0.5798498659723785,0.06278203048478936,0.21313492063492062
breakhis_fm_dinov2_vitb14_s42_std_r0,breakhis,fm_dinov2_vitb14,1,100,59.0,28,False,0.6723799218491096,4.449058694159598,0.6412711693907629,0.16054157716959308,768,0.01710693359375004,0.6478869929018004,0.5813662158027514,0.06652077709904902,0.6333830834077626,0.5736747814474213,0.05970830196034127,0.15307539682539684
breakhis_fm_dinov2_vitb14_s42_std_r0,breakhis,fm_dinov2_vitb14,1,200,59.0,28,False,0.6723799218491096,4.449058694159598,0.6412711693907629,0.16054157716959308,768,0.015921210937500208,0.6385343706419718,0.575368167044792,0.06316620359717984,0.6269508296902176,0.5670590318067847,0.05989179788343291,0.1090079365079365
breakhis_fm_dinov2_vitb14_s42_std_r1,breakhis,fm_dinov2_vitb14,0,1,55.0,25,True,0.7141191893849758,4.551504487209435,0.631335822129373,0.1642382713067598,768,0.022048847656249815,0.7139578796608834,0.6129342488714847,0.10102363078939869,0.7139578796608834,0.6129342488714847,0.10102363078939869,0.7068645640074211
breakhis_fm_dinov2_vitb14_s42_std_r1,breakhis,fm_dinov2_vitb14,0,5,55.0,25,True,0.7141191893849758,4.551504487209435,0.631335822129373,0.1642382713067598,768,0.022694246093750037,0.6748191872997965,0.6131724051419939,0.061646782157802615,0.6455979502094296,0.6118779985419746,0.033719951667455006,0.5224489795918368
breakhis_fm_dinov2_vitb14_s42_std_r1,breakhis,fm_dinov2_vitb14,0,10,55.0,25,True,0.7141191893849758,4.551504487209435,0.631335822129373,0.1642382713067598,768,0.02226857031250029,0.6529824709207025,0.612221598046755,0.040760872873947473,0.6231843181497673,0.6104708767604929,0.012713441389274327,0.4289424860853432
breakhis_fm_dinov2_vitb14_s42_std_r1,breakhis,fm_dinov2_vitb14,0,20,55.0,25,True,0.7141191893849758,4.551504487209435,0.631335822129373,0.1642382713067598,768,0.021554320312500153,0.6329735699359166,0.6111198980473004,0.0218536718886162,0.6078566758301633,0.6084838171905196,-0.0006271413603562426,0.33200371057513917
breakhis_fm_dinov2_vitb14_s42_std_r1,breakhis,fm_dinov2_vitb14,0,50,55.0,25,True,0.7141191893849758,4.551504487209435,0.631335822129373,0.1642382713067598,768,0.02019529687499999,0.6109189076330523,0.6081311277517503,0.002787779881302077,0.5916462609453725,0.6046515010207996,-0.013005240075427027,0.22749536178107607
breakhis_fm_dinov2_vitb14_s42_std_r1,breakhis,fm_dinov2_vitb14,0,100,55.0,25,False,0.7141191893849758,4.551504487209435,0.631335822129373,0.1642382713067598,768,0.018916050781250138,0.5979410520377944,0.60502782428794,-0.007086772250145645,0.5819668978602839,0.5995865898021848,-0.01761969194190094,0.16476808905380336
breakhis_fm_dinov2_vitb14_s42_std_r1,breakhis,fm_dinov2_vitb14,0,200,55.0,25,False,0.7141191893849758,4.551504487209435,0.631335822129373,0.1642382713067598,768,0.01755145312499995,0.5869082264513092,0.6002447010229812,-0.013336474571671975,0.5727783709732659,0.5922219252843786,-0.019443554311112665,0.11811688311688313
breakhis_fm_dinov2_vitb14_s42_std_r1,breakhis,fm_dinov2_vitb14,1,1,74.0,32,True,0.6417252015779058,4.471456924321355,0.6634213294734311,0.16134980368292193,768,0.02042726171874998,0.7547208572171349,0.586486986430577,0.16823387078655794,0.7547208572171349,0.586486986430577,0.16823387078655794,0.6740331491712708
breakhis_fm_dinov2_vitb14_s42_std_r1,breakhis,fm_dinov2_vitb14,1,5,74.0,32,True,0.6417252015779058,4.471456924321355,0.6634213294734311,0.16134980368292193,768,0.02189864453125001,0.7243041201034798,0.5836811615968294,0.1406229585066504,0.7029391392559707,0.5834430694111981,0.11949606984477268,0.5259668508287293
breakhis_fm_dinov2_vitb14_s42_std_r1,breakhis,fm_dinov2_vitb14,1,10,74.0,32,True,0.6417252015779058,4.471456924321355,0.6634213294734311,0.16134980368292193,768,0.021480878906250056,0.7059769951950609,0.5821170790850667,0.12385991610999414,0.6825195115433071,0.5784669427315035,0.10405256881180369,0.44364640883977907
breakhis_fm_dinov2_vitb14_s42_std_r1,breakhis,fm_dinov2_vitb14,1,20,74.0,32,True,0.6417252015779058,4.471456924321355,0.6634213294734311,0.16134980368292193,768,0.020933921875000205,0.6879916518046246,0.5788478902285136,0.10914376157611105,0.6653213564363095,0.574058574340622,0.0912627820956875,0.35313075506445674
breakhis_fm_dinov2_vitb14_s42_std_r1,breakhis,fm_dinov2_vitb14,1,50,74.0,32,True,0.6417252015779058,4.471456924321355,0.6634213294734311,0.16134980368292193,768,0.02001371875000002,0.6670666237621783,0.5740750576457812,0.09299156611639714,0.6460434244326517,0.5695714523806471,0.07647197205200462,0.24622467771639042
breakhis_fm_dinov2_vitb14_s42_std_r1,breakhis,fm_dinov2_vitb14,1,100,74.0,32,False,0.6417252015779058,4.471456924321355,0.6634213294734311,0.16134980368292193,768,0.019113308593749934,0.6519318836706608,0.570459719380887,0.08147216428977377,0.6319376648686778,0.5654341427857152,0.06650352208296251,0.17813996316758746
breakhis_fm_dinov2_vitb14_s42_std_r1,breakhis,fm_dinov2_vitb14,1,200,74.0,32,False,0.6417252015779058,4.471456924321355,0.6634213294734311,0.16134980368292193,768,0.018089542968749983,0.6376279635457287,0.5665898056252026,0.07103815792052615,0.618869975766236,0.5610422576999928,0.057827718066243206,0.1258011049723757
breakhis_fm_dinov2_vitb14_s42_std_r2,breakhis,fm_dinov2_vitb14,0,1,58.0,31,True,0.6927481338930503,4.4698900982041385,0.6488214621344283,0.16129326571538763,768,0.01931395703124994,0.7347475648115714,0.59655480642013,0.1381927583914414,0.7347475648115714,0.59655480642013,0.1381927583914414,0.7096774193548387
breakhis_fm_dinov2_vitb14_s42_std_r2,breakhis,fm_dinov2_vitb14,0,5,58.0,31,True,0.6927481338930503,4.4698900982041385,0.6488214621344283,0.16129326571538763,768,0.019034554687499816,0.706280716279761,0.5926509254922305,0.11362979078753044,0.6860349506593496,0.5905739563369953,0.09546099432235433,0.5311827956989247
breakhis_fm_dinov2_vitb14_s42_std_r2,breakhis,fm_dinov2_vitb14,0,10,58.0,31,True,0.6927481338930503,4.4698900982041385,0.6488214621344283,0.16129326571538763,768,0.018731449218749918,0.6872131820385172,0.5902044685627486,0.09700871347576867,0.66212711453612,0.5869331954907563,0.07519391904536377,0.42992831541218646
breakhis_fm_dinov2_vitb14_s42_std_r2,breakhis,fm_dinov2_vitb14,0,20,58.0,31,True,0.6927481338930503,4.4698900982041385,0.6488214621344283,0.16129326571538763,768,0.01818694531250009,0.6686551532585351,0.5867559160031126,0.08189923725542247,0.6453930445428073,0.5810605792000776,0.06433246534272974,0.32732974910394264
breakhis_fm_dinov2_vitb14_s42_std_r2,breakhis,fm_dinov2_vitb14,0,50,58.0,31,True,0.6927481338930503,4.4698900982041385,0.6488214621344283,0.16129326571538763,768,0.01706434374999999,0.6457981721491577,0.5797020584947665,0.06609611365439116,0.6235002317542202,0.5719540118348053,0.05154621991941488,0.2170609318996416
breakhis_fm_dinov2_vitb14_s42_std_r2,breakhis,fm_dinov2_vitb14,0,100,58.0,31,False,0.6927481338930503,4.4698900982041385,0.6488214621344283,0.16129326571538763,768,0.015945792968749983,0.6304457818962803,0.5738723625010963,0.05657341939518401,0.6112491021735361,0.5664508833183735,0.044798218855162664,0.15829749103942653
breakhis_fm_dinov2_vitb14_s42_std_r2,breakhis,fm_dinov2_vitb14,0,200,58.0,31,False,0.6927481338930503,4.4698900982041385,0.6488214621344283,0.16129326571538763,768,0.014710613281249896,0.6166696741641811,0.5681938205968907,0.04847585356729034,0.5990386622651056,0.5597590491847942,0.03927961308031136,0.1117741935483871
breakhis_fm_dinov2_vitb14_s42_std_r2,breakhis,fm_dinov2_vitb14,1,1,61.5,29,True,0.6420935199355692,4.4553590177648195,0.6277444996152765,0.16076892051518407,768,0.01585306640624995,0.721172955734245,0.6143857451694282,0.10678721056481677,0.721172955734245,0.6143857451694282,0.10678721056481677,0.7088846880907372
breakhis_fm_dinov2_vitb14_s42_std_r2,breakhis,fm_dinov2_vitb14,1,5,61.5,29,True,0.6420935199355692,4.4553590177648195,0.6277444996152765,0.16076892051518407,768,0.017886480468750077,0.6838453600359784,0.6128996875740818,0.07094567246189665,0.6551746016343303,0.6110014259076451,0.04417317572668522,0.5550094517958413
breakhis_fm_dinov2_vitb14_s42_std_r2,breakhis,fm_dinov2_vitb14,1,10,61.5,29,True,0.6420935199355692,4.4553590177648195,0.6277444996152765,0.16076892051518407,768,0.017956335937500012,0.6618739001673891,0.6116330003856674,0.05024089978172175,0.6325388102120449,0.6086803454730086,0.0238584647390363,0.46068052930056713
breakhis_fm_dinov2_vitb14_s42_std_r2,breakhis,fm_dinov2_vitb14,1,20,61.5,29,True,0.6420935199355692,4.4553590177648195,0.6277444996152765,0.16076892051518407,768,0.01746530078124997,0.6423265040298427,0.6095383668227027,0.03278813720714002,0.6173021047740433,0.605832068415261,0.011470036358782298,0.360491493383743
breakhis_fm_dinov2_vitb14_s42_std_r2,breakhis,fm_dinov2_vitb14,1,50,61.5,29,True,0.6420935199355692,4.4553590177648195,0.6277444996152765,0.16076892051518407,768,0.016214898437500125,0.6196291313118496,0.6047759060528541,0.014853225258995462,0.5975195800528853,0.5989077476674203,-0.0013881676145349742,0.24302457466918714
breakhis_fm_dinov2_vitb14_s42_std_r2,breakhis,fm_dinov2_vitb14,1,100,61.5,29,False,0.6420935199355692,4.4553590177648195,0.6277444996152765,0.16076892051518407,768,0.015283789062500053,0.6047395204496554,0.6007317064540897,0.004007813995565712,0.5870880817799607,0.5950935331726975,-0.008005451392736784,0.1764272211720227
breakhis_fm_dinov2_vitb14_s42_std_r2,breakhis,fm_dinov2_vitb14,1,200,61.5,29,False,0.6420935199355692,4.4553590177648195,0.6277444996152765,0.16076892051518407,768,0.014320726562499941,0.5920687023328115,0.5958719442940695,-0.0038032419612580304,0.5756451573775325,0.5890944601895785,-0.013449302812045927,0.12582230623818527
breakhis_fm_dinov2_vitb14_s42_std_r3,breakhis,fm_dinov2_vitb14,0,1,65.0,27,True,0.7169363235498268,4.611100916096955,0.6209016412903222,0.1663887721980692,768,0.01929955078125012,0.742208433225215,0.6035748467887012,0.1386335864365138,0.742208433225215,0.6035748467887012,0.1386335864365138,0.7732142857142857
breakhis_fm_dinov2_vitb14_s42_std_r3,breakhis,fm_dinov2_vitb14,0,5,65.0,27,True,0.7169363235498268,4.611100916096955,0.6209016412903222,0.1663887721980692,768,0.0194787500000001,0.6930492878296433,0.604014144380248,0.08903514344939523,0.6622109011422931,0.6038821880694791,0.058328713072813954,0.5835714285714285
breakhis_fm_dinov2_vitb14_s42_std_r3,breakhis,fm_dinov2_vitb14,0,10,65.0,27,True,0.7169363235498268,4.611100916096955,0.6209016412903222,0.1663887721980692,768,0.018718093749999998,0.6689906219151036,0.6039606937227213,0.06502992819238229,0.6390371597800029,0.6024774379763581,0.03655972180364475,0.4721428571428572
breakhis_fm_dinov2_vitb14_s42_std_r3,breakhis,fm_dinov2_vitb14,0,20,65.0,27,True,0.7169363235498268,4.611100916096955,0.6209016412903222,0.1663887721980692,768,0.017807550781249848,0.6489317444648146,0.6019128654062333,0.047018879058581264,0.6239617120293329,0.5973862628469491,0.02657544918238386,0.3661607142857143
breakhis_fm_dinov2_vitb14_s42_std_r3,breakhis,fm_dinov2_vitb14,0,50,65.0,27,True,0.7169363235498268,4.611100916096955,0.6209016412903222,0.1663887721980692,768,0.016313421874999956,0.6267804258919757,0.5965961953153839,0.03018423057659181,0.6075412494711606,0.5904927983590648,0.017048451112095853,0.24710714285714283
breakhis_fm_dinov2_vitb14_s42_std_r3,breakhis,fm_dinov2_vitb14,0,100,65.0,27,False,0.7169363235498268,4.611100916096955,0.6209016412903222,0.1663887721980692,768,0.015001230468749904,0.6138362008179382,0.5915684928417877,0.02226770797615052,0.5981032294457763,0.5841588954421623,0.013944334003614056,0.1777857142857143
breakhis_fm_dinov2_vitb14_s42_std_r3,breakhis,fm_dinov2_vitb14,0,200,65.0,27,False,0.7169363235498268,4.611100916096955,0.6209016412903222,0.1663887721980692,768,0.013471945312499956,0.6031924270201664,0.5860046134598778,0.017187813560288645,0.5901107037089268,0.5777698715346853,0.012340832174241534,0.1261875
breakhis_fm_dinov2_vitb14_s42_std_r3,breakhis,fm_dinov2_vitb14,1,1,64.0,33,True,0.6630262353200944,4.654136966336597,0.6873727605858505,0.16794170189748892,768,0.020538554687499988,0.7148357310964233,0.6037935411084473,0.11104218998797599,0.7148357310964233,0.6037935411084473,0.11104218998797599,0.700507614213198
breakhis_fm_dinov2_vitb14_s42_std_r3,breakhis,fm_dinov2_vitb14,1,5,64.0,33,True,0.6630262353200944,4.654136966336597,0.6873727605858505,0.16794170189748892,768,0.02174542187499995,0.6847229669123727,0.6024432379072063,0.08227972900516634,0.6649963336189603,0.5993142716119024,0.06568206200705784,0.5313028764805414
breakhis_fm_dinov2_vitb14_s42_std_r3,breakhis,fm_dinov2_vitb14,1,10,64.0,33,True,0.6630262353200944,4.654136966336597,0.6873727605858505,0.16794170189748892,768,0.02166181640625009,0.6679661857777822,0.5990639543082781,0.06890223146950414,0.6469049563792525,0.5931762092793682,0.05372874709988429,0.4412859560067682
breakhis_fm_dinov2_vitb14_s42_std_r3,breakhis,fm_dinov2_vitb14,1,20,64.0,33,True,0.6630262353200944,4.654136966336597,0.6873727605858505,0.16794170189748892,768,0.02132950390624988,0.6520061535069478,0.5954484557890284,0.05655769771791941,0.6322928828779171,0.5922454519813849,0.04004743089653218,0.34830795262267344
breakhis_fm_dinov2_vitb14_s42_std_r3,breakhis,fm_dinov2_vitb14,1,50,64.0,33,True,0.6630262353200944,4.654136966336597,0.6873727605858505,0.16794170189748892,768,0.020449476562499846,0.6324415425191628,0.5929294175715696,0.03951212494759326,0.6132377234696826,0.5904421097165421,0.022795613753140542,0.23631133671742807
breakhis_fm_dinov2_vitb14_s42_std_r3,breakhis,fm_dinov2_vitb14,1,100,64.0,33,False,0.6630262353200944,4.654136966336597,0.6873727605858505,0.16794170189748892,768,0.01964354687500025,0.6190588341409393,0.5907911437032859,0.028267690437653425,0.6011344902060022,0.5876551262163305,0.013479363989671644,0.168409475465313
breakhis_fm_dinov2_vitb14_s42_std_r3,breakhis,fm_dinov2_vitb14,1,200,64.0,33,False,0.6630262353200944,4.654136966336597,0.6873727605858505,0.16794170189748892,768,0.018682312499999965,0.6058314667361525,0.5878737131575236,0.017957753578628943,0.5893051915621456,0.5835037371315752,0.005801454430570341,0.11709813874788494
breakhis_fm_dinov2_vitb14_s42_std_r4,breakhis,fm_dinov2_vitb14,0,1,57.0,29,True,0.7004283046700536,4.5202812754645425,0.5978635106174803,0.1631116007001424,768,0.01751983203125007,0.7244424630343174,0.6134353088308581,0.1110071542034593,0.7244424630343174,0.6134353088308581,0.1110071542034593,0.6666666666666666
breakhis_fm_dinov2_vitb14_s42_std_r4,breakhis,fm_dinov2_vitb14,0,5,57.0,29,True,0.7004283046700536,4.5202812754645425,0.5978635106174803,0.1631116007001424,768,0.017671425781250027,0.6886780102396445,0.6145669003913752,0.0741111098482693,0.6596078930887707,0.6123894198569719,0.04721847323179873,0.5078853046594982
breakhis_fm_dinov2_vitb14_s42_std_r4,breakhis,fm_dinov2_vitb14,0,10,57.0,29,True,0.7004283046700536,4.5202812754645425,0.5978635106174803,0.1631116007001424,768,0.01722867187499988,0.6677918245602862,0.6121592925410182,0.05563253201926799,0.6409985599394254,0.6095025123554563,0.03149604758396918,0.41559139784946236
breakhis_fm_dinov2_vitb14_s42_std_r4,breakhis,fm_dinov2_vitb14,0,20,57.0,29,True,0.7004283046700536,4.5202812754645425,0.5978635106174803,0.1631116007001424,768,0.01666567968749999,0.6489065092860908,0.6097358138412852,0.03917069544480567,0.6248341453576622,0.6061728081563469,0.018661337201315353,0.3313620071684588
breakhis_fm_dinov2_vitb14_s42_std_r4,breakhis,fm_dinov2_vitb14,0,50,57.0,29,True,0.7004283046700536,4.5202812754645425,0.5978635106174803,0.1631116007001424,768,0.01567712499999996,0.6283812233084596,0.6056379605323717,0.022743262776087847,0.6101787868816496,0.6011480972438683,0.009030689637781308,0.23229390681003584
breakhis_fm_dinov2_vitb14_s42_std_r4,breakhis,fm_dinov2_vitb14,0,100,57.0,29,False,0.7004283046700536,4.5202812754645425,0.5978635106174803,0.1631116007001424,768,0.01474880078124996,0.6158151910468568,0.6022209666616938,0.013594224385163,0.6006697873876169,0.5974025767911048,0.003267210596512138,0.16758064516129031
breakhis_fm_dinov2_vitb14_s42_std_r4,breakhis,fm_dinov2_vitb14,0,200,57.0,29,False,0.7004283046700536,4.5202812754645425,0.5978635106174803,0.1631116007001424,768,0.013697808593750027,0.6053207938378145,0.5985103620775577,0.006810431760256752,0.5922311031854706,0.5922493119986796,-1.820881320901968e-05,0.11887096774193548
breakhis_fm_dinov2_vitb14_s42_std_r4,breakhis,fm_dinov2_vitb14,1,1,71.0,28,True,0.6220680958895344,4.180917212576824,0.6243093110658869,0.15086585488379806,768,0.01313762499999982,0.7302685665131426,0.6121371984983742,0.11813136801476842,0.7302685665131426,0.6121371984983742,0.11813136801476842,0.702572347266881
breakhis_fm_dinov2_vitb14_s42_std_r4,breakhis,fm_dinov2_vitb14,1,5,71.0,28,True,0.6220680958895344,4.180917212576824,0.6243093110658869,0.15086585488379806,768,0.0140514140625001,0.7023818970743676,0.6127298524203278,0.08965204465403975,0.6816275873452196,0.6102194765539032,0.07140811079131637,0.5327974276527331
breakhis_fm_dinov2_vitb14_s42_std_r4,breakhis,fm_dinov2_vitb14,1,10,71.0,28,True,0.6220680958895344,4.180917212576824,0.6243093110658869,0.15086585488379806,768,0.01386605078125025,0.6848223893246319,0.6104636145874244,0.07435877473720753,0.6601305218652692,0.6062248122083169,0.053905709656952294,0.4400321543408361
breakhis_fm_dinov2_vitb14_s42_std_r4,breakhis,fm_dinov2_vitb14,1,20,71.0,28,True,0.6220680958895344,4.180917212576824,0.6243093110658869,0.15086585488379806,768,0.013505761718749842,0.6674088933891564,0.6071677511348881,0.060241142254268354,0.6464927009963719,0.6025149755685055,0.043977725427866377,0.3392282958199357
breakhis_fm_dinov2_vitb14_s42_std_r4,breakhis,fm_dinov2_vitb14,1,50,71.0,28,True,0.6220680958895344,4.180917212576824,0.6243093110658869,0.15086585488379806,768,0.012738402343750121,0.6477528464368356,0.6018497878829694,0.04590305855386623,0.6280539481911993,0.595802948762857,0.03225099942834231,0.23141479099678455
breakhis_fm_dinov2_vitb14_s42_std_r4,breakhis,fm_dinov2_vitb14,1,100,71.0,28,False,0.6220680958895344,4.180917212576824,0.6243093110658869,0.15086585488379806,768,0.011879902343749915,0.6340785226143733,0.5973084666362378,0.03677005597813543,0.6162984100583095,0.590637129502843,0.02566128055546657,0.16607717041800643
breakhis_fm_dinov2_vitb14_s42_std_r4,breakhis,fm_dinov2_vitb14,1,200,71.0,28,False,0.6220680958895344,4.180917212576824,0.6243093110658869,0.15086585488379806,768,0.010846152343750082,0.621299314696724,0.5918755108322984,0.029423803864425557,0.6039239087997511,0.5834562869081864,0.020467621891564702,0.11721061093247588
breakhis_fm_dinov2_vitl14_s42_std_r0,breakhis,fm_dinov2_vitl14,0,1,61.0,24,True,0.590667780803583,4.9667060003835815,0.6160730427147824,0.15520956251198692,1024,0.014601222656249968,0.6884478389128464,0.583354878641157,0.10509296027168946,0.6884478389128464,0.583354878641157,0.10509296027168946,0.7153996101364521
breakhis_fm_dinov2_vitl14_s42_std_r0,breakhis,fm_dinov2_vitl14,0,5,61.0,24,True,0.590667780803583,4.9667060003835815,0.6160730427147824,0.15520956251198692,1024,0.015817953125000006,0.6530406855132787,0.5867179053260001,0.06632278018727855,0.628958048296127,0.5850804619313997,0.04387758636472727,0.5625730994152047
breakhis_fm_dinov2_vitl14_s42_std_r0,breakhis,fm_dinov2_vitl14,0,10,61.0,24,True,0.590667780803583,4.9667060003835815,0.6160730427147824,0.15520956251198692,1024,0.015823070312499965,0.6327700901920261,0.5858130023974052,0.04695708779462093,0.6074058679659553,0.5847572823140444,0.022648585651910857,0.4571150097465887
breakhis_fm_dinov2_vitl14_s42_std_r0,breakhis,fm_dinov2_vitl14,0,20,61.0,24,True,0.590667780803583,4.9667060003835815,0.6160730427147824,0.15520956251198692,1024,0.015564496093749991,0.6152397006556096,0.5854056002131027,0.029834100442506895,0.5916169715722893,0.5836584716150363,0.007958499957253062,0.3632553606237817
breakhis_fm_dinov2_vitl14_s42_std_r0,breakhis,fm_dinov2_vitl14,0,50,61.0,24,True,0.590667780803583,4.9667060003835815,0.6160730427147824,0.15520956251198692,1024,0.01505036718750008,0.5947016273820451,0.5834175559002804,0.01128407148176469,0.5722392522932866,0.5795119791911499,-0.007272726897863291,0.24417153996101362
breakhis_fm_dinov2_vitl14_s42_std_r0,breakhis,fm_dinov2_vitl14,0,100,61.0,24,False,0.590667780803583,4.9667060003835815,0.6160730427147824,0.15520956251198692,1024,0.014420222656250092,0.5784432013454718,0.5798234068224196,-0.0013802054769478378,0.5566447103829553,0.5749071593099234,-0.018262448926968156,0.17358674463937623
breakhis_fm_dinov2_vitl14_s42_std_r0,breakhis,fm_dinov2_vitl14,0,200,61.0,24,False,0.590667780803583,4.9667060003835815,0.6160730427147824,0.15520956251198692,1024,0.013643199218750124,0.5627928546824998,0.575778764944609,-0.012985910262109157,0.5429090440261012,0.5699360691956941,-0.027027025169592878,0.1212280701754386
breakhis_fm_dinov2_vitl14_s42_std_r0,breakhis,fm_dinov2_vitl14,1,1,59.0,28,True,0.6099340817787712,4.9106901391606295,0.6004615911673296,0.15345906684876967,1024,0.015036109374999995,0.7290070355223366,0.5685388199026689,0.16046821561966773,0.7290070355223366,0.5685388199026689,0.16046821561966773,0.7103174603174602
breakhis_fm_dinov2_vitl14_s42_std_r0,breakhis,fm_dinov2_vitl14,1,5,59.0,28,True,0.6099340817787712,4.9106901391606295,0.6004615911673296,0.15345906684876967,1024,0.01580333593750005,0.69200786599602,0.5682270830086074,0.12378078298741269,0.665305394945079,0.565563849296379,0.09974154564869997,0.5547619047619048
breakhis_fm_dinov2_vitl14_s42_std_r0,breakhis,fm_dinov2_vitl14,1,10,59.0,28,True,0.6099340817787712,4.9106901391606295,0.6004615911673296,0.15345906684876967,1024,0.015398605468750048,0.6702353531080086,0.5653964350384572,0.10483891806955148,0.6425476738902208,0.5615362855971782,0.08101138829304266,0.45436507936507936
breakhis_fm_dinov2_vitl14_s42_std_r0,breakhis,fm_dinov2_vitl14,1,20,59.0,28,True,0.6099340817787712,4.9106901391606295,0.6004615911673296,0.15345906684876967,1024,0.01475221484375,0.6500650276563406,0.562090484519954,0.08797454313638653,0.6252369983860606,0.5576453473268561,0.0675916510592045,0.3443452380952381
breakhis_fm_dinov2_vitl14_s42_std_r0,breakhis,fm_dinov2_vitl14,1,50,59.0,28,True,0.6099340817787712,4.9106901391606295,0.6004615911673296,0.15345906684876967,1024,0.013749917968750025,0.6274130744762532,0.5564407343905448,0.07097234008570841,0.6050137889970072,0.5498615464843968,0.05515224251261042,0.22575396825396823
breakhis_fm_dinov2_vitl14_s42_std_r0,breakhis,fm_dinov2_vitl14,1,100,59.0,28,False,0.6099340817787712,4.9106901391606295,0.6004615911673296,0.15345906684876967,1024,0.012787710937499974,0.6124939281405224,0.5506928448685605,0.061801083271961876,0.5950167661668155,0.5435825496614191,0.05143421650539648,0.1607738095238095
breakhis_fm_dinov2_vitl14_s42_std_r0,breakhis,fm_dinov2_vitl14,1,200,59.0,28,False,0.6099340817787712,4.9106901391606295,0.6004615911673296,0.15345906684876967,1024,0.011714875000000013,0.600217020009715,0.5449160908193484,0.055300929190366555,0.5853409642896316,0.5367859156501542,0.04855504863947735,0.11301587301587301
breakhis_fm_dinov2_vitl14_s42_std_r1,breakhis,fm_dinov2_vitl14,0,1,55.0,25,True,0.6685718602296276,5.4032973105146445,0.6278242531692723,0.16885304095358264,1024,0.01782144531249996,0.6784015589543724,0.5617979162235324,0.11660364273084001,0.6784015589543724,0.5617979162235324,0.11660364273084001,0.7328385899814471
breakhis_fm_dinov2_vitl14_s42_std_r1,breakhis,fm_dinov2_vitl14,0,5,55.0,25,True,0.6685718602296276,5.4032973105146445,0.6278242531692723,0.16885304095358264,1024,0.018252652343749953,0.6285890107635983,0.5596472378417587,0.06894177292183956,0.5948733257998524,0.5609289185341936,0.03394440726565884,0.5476808905380335
breakhis_fm_dinov2_vitl14_s42_std_r1,breakhis,fm_dinov2_vitl14,0,10,55.0,25,True,0.6685718602296276,5.4032973105146445,0.6278242531692723,0.16885304095358264,1024,0.01761182812499995,0.6041955506064941,0.5606198607785711,0.043575689827923036,0.5745292642768316,0.5616488413061145,0.01288042297071712,0.45695732838589986
breakhis_fm_dinov2_vitl14_s42_std_r1,breakhis,fm_dinov2_vitl14,0,20,55.0,25,True,0.6685718602296276,5.4032973105146445,0.6278242531692723,0.16885304095358264,1024,0.01697750781250007,0.5837379374257107,0.5615106743094832,0.02222726311622747,0.5598572912068893,0.5630305112724271,-0.003173220065537774,0.3480519480519481
breakhis_fm_dinov2_vitl14_s42_std_r1,breakhis,fm_dinov2_vitl14,0,50,55.0,25,True,0.6685718602296276,5.4032973105146445,0.6278242531692723,0.16885304095358264,1024,0.015813023437500018,0.5629488266633944,0.5621778754642683,0.0007709511991260687,0.5443245233119722,0.5609634602833514,-0.016638936971379192,0.2346196660482375
breakhis_fm_dinov2_vitl14_s42_std_r1,breakhis,fm_dinov2_vitl14,0,100,55.0,25,False,0.6685718602296276,5.4032973105146445,0.6278242531692723,0.16885304095358264,1024,0.01475957812499984,0.5501687707300456,0.5600217431221014,-0.009852972392055848,0.5351378279033052,0.555764018041701,-0.020626190138395728,0.17
breakhis_fm_dinov2_vitl14_s42_std_r1,breakhis,fm_dinov2_vitl14,0,200,55.0,25,False,0.6685718602296276,5.4032973105146445,0.6278242531692723,0.16885304095358264,1024,0.01349630078124997,0.5401011342345428,0.5561676111108081,-0.01606647687626539,0.5277349924085223,0.5490211050087355,-0.02128611260021318,0.11999072356215212
breakhis_fm_dinov2_vitl14_s42_std_r1,breakhis,fm_dinov2_vitl14,1,1,74.0,32,True,0.5751588331470938,4.890939294512979,0.6015193970809402,0.1528418529535306,1024,0.015856335937500132,0.7442219834599562,0.547538767817995,0.19668321564196112,0.7442219834599562,0.547538767817995,0.19668321564196112,0.6979742173112339
breakhis_fm_dinov2_vitl14_s42_std_r1,breakhis,fm_dinov2_vitl14,1,5,74.0,32,True,0.5751588331470938,4.890939294512979,0.6015193970809402,0.1528418529535306,1024,0.017439074218749906,0.7104092470080482,0.541762285098909,0.1686469619091392,0.684304774578727,0.5384180056299644,0.1458867689487625,0.5480662983425415
breakhis_fm_dinov2_vitl14_s42_std_r1,breakhis,fm_dinov2_vitl14,1,10,74.0,32,True,0.5751588331470938,4.890939294512979,0.6015193970809402,0.1528418529535306,1024,0.017196925781250094,0.6880061956990068,0.5394729371601463,0.14853325853886046,0.6583511950536215,0.5357257324539795,0.12262546259964202,0.4558011049723757
breakhis_fm_dinov2_vitl14_s42_std_r1,breakhis,fm_dinov2_vitl14,1,20,74.0,32,True,0.5751588331470938,4.890939294512979,0.6015193970809402,0.1528418529535306,1024,0.016650253906249857,0.6656231422447411,0.5360847022107775,0.12953844003396353,0.636486267836723,0.5308246963866764,0.10566157145004662,0.35635359116022103
breakhis_fm_dinov2_vitl14_s42_std_r1,breakhis,fm_dinov2_vitl14,1,50,74.0,32,True,0.5751588331470938,4.890939294512979,0.6015193970809402,0.1528418529535306,1024,0.016001851562500002,0.6393659589244063,0.5318265150446789,0.10753944387972736,0.6140068610821748,0.5280097141611737,0.08599714692100113,0.24593001841620626
breakhis_fm_dinov2_vitl14_s42_std_r1,breakhis,fm_dinov2_vitl14,1,100,74.0,32,False,0.5751588331470938,4.890939294512979,0.6015193970809402,0.1528418529535306,1024,0.015423699218749976,0.621562414213748,0.5285536632314237,0.0930087509823243,0.5983394508589078,0.5244383313767039,0.0739011194822039,0.17681399631675873
breakhis_fm_dinov2_vitl14_s42_std_r1,breakhis,fm_dinov2_vitl14,1,200,74.0,32,False,0.5751588331470938,4.890939294512979,0.6015193970809402,0.1528418529535306,1024,0.01468555859374987,0.605316884188787,0.525517072125449,0.07979981206333808,0.584975429908428,0.5214255494892923,0.06354988041913567,0.12497237569060773
breakhis_fm_dinov2_vitl14_s42_std_r2,breakhis,fm_dinov2_vitl14,0,1,58.0,31,True,0.6241291698884919,4.9971236590974835,0.6168811721138877,0.15616011434679636,1024,0.017621421874999932,0.7497036730390232,0.5613676272726764,0.18833604576634677,0.7497036730390232,0.5613676272726764,0.18833604576634677,0.7544802867383512
breakhis_fm_dinov2_vitl14_s42_std_r2,breakhis,fm_dinov2_vitl14,0,5,58.0,31,True,0.6241291698884919,4.9971236590974835,0.6168811721138877,0.15616011434679636,1024,0.0193214921874999,0.7088565494450283,0.5569468366808055,0.15190971276422283,0.6825126403351414,0.551290687975039,0.13122195236010237,0.5759856630824373
breakhis_fm_dinov2_vitl14_s42_std_r2,breakhis,fm_dinov2_vitl14,0,10,58.0,31,True,0.6241291698884919,4.9971236590974835,0.6168811721138877,0.15616011434679636,1024,0.019249390624999974,0.686411772406741,0.5530317591536864,0.1333800132530546,0.6533788350016099,0.5475193001379047,0.10585953486370514,0.4765232974910395
breakhis_fm_dinov2_vitl14_s42_std_r2,breakhis,fm_dinov2_vitl14,0,20,58.0,31,True,0.6241291698884919,4.9971236590974835,0.6168811721138877,0.15616011434679636,1024,0.01874290234374998,0.661962586730921,0.5473102969524724,0.11465228977844866,0.6308597550835554,0.5393345861083794,0.09152516897517604,0.35770609318996416
breakhis_fm_dinov2_vitl14_s42_std_r2,breakhis,fm_dinov2_vitl14,0,50,58.0,31,True,0.6241291698884919,4.9971236590974835,0.6168811721138877,0.15616011434679636,1024,0.017965011718749868,0.6321069819939354,0.5393513810072087,0.09275560098672675,0.6037038216447826,0.5308624926988843,0.07284132894589834,0.23526881720430107
breakhis_fm_dinov2_vitl14_s42_std_r2,breakhis,fm_dinov2_vitl14,0,100,58.0,31,False,0.6241291698884919,4.9971236590974835,0.6168811721138877,0.15616011434679636,1024,0.017178687499999956,0.6123937203451899,0.5326110282770113,0.07978269206817856,0.5889918514508522,0.5233290475239654,0.06566280392688684,0.16713261648745517
breakhis_fm_dinov2_vitl14_s42_std_r2,breakhis,fm_dinov2_vitl14,0,200,58.0,31,False,0.6241291698884919,4.9971236590974835,0.6168811721138877,0.15616011434679636,1024,0.01633722656250014,0.5958241781570763,0.5252380676909066,0.0705861104661697,0.5769052496753672,0.51542238237506,0.061482867300307165,0.11706093189964159
breakhis_fm_dinov2_vitl14_s42_std_r2,breakhis,fm_dinov2_vitl14,1,1,61.5,29,True,0.5892505857978405,5.247068981145778,0.6337412841258819,0.16397090566080555,1024,0.015112367187499975,0.693776743543761,0.5826407243469307,0.11113601919683025,0.693776743543761,0.5826407243469307,0.11113601919683025,0.7315689981096408
breakhis_fm_dinov2_vitl14_s42_std_r2,breakhis,fm_dinov2_vitl14,1,5,61.5,29,True,0.5892505857978405,5.247068981145778,0.6337412841258819,0.16397090566080555,1024,0.016236144531249996,0.6493617005394895,0.5811263608926253,0.06823533964686423,0.6180840006195452,0.5794492387493057,0.03863476187023951,0.5674858223062382
breakhis_fm_dinov2_vitl14_s42_std_r2,breakhis,fm_dinov2_vitl14,1,10,61.5,29,True,0.5892505857978405,5.247068981145778,0.6337412841258819,0.16397090566080555,1024,0.015909589843750016,0.6255297391005772,0.5810980550336663,0.04443168406691089,0.5949686215306871,0.5806469304065075,0.01432169112417958,0.47466918714555767
breakhis_fm_dinov2_vitl14_s42_std_r2,breakhis,fm_dinov2_vitl14,1,20,61.5,29,True,0.5892505857978405,5.247068981145778,0.6337412841258819,0.16397090566080555,1024,0.015397222656250098,0.6032429083539693,0.5800029721151907,0.023239936238778625,0.5751282477135611,0.577688968145294,-0.0025607204317329435,0.37514177693761813
breakhis_fm_dinov2_vitl14_s42_std_r2,breakhis,fm_dinov2_vitl14,1,50,61.5,29,True,0.5892505857978405,5.247068981145778,0.6337412841258819,0.16397090566080555,1024,0.014579839843749887,0.5777762434289958,0.5776429711244856,0.00013327230451021244,0.5536848941081629,0.5739154433228247,-0.02023054921466183,0.25603024574669186
breakhis_fm_dinov2_vitl14_s42_std_r2,breakhis,fm_dinov2_vitl14,1,100,61.5,29,False,0.5892505857978405,5.247068981145778,0.6337412841258819,0.16397090566080555,1024,0.013875425781250006,0.5608152617111762,0.5744019502736822,-0.013586688562506,0.5400772938566126,0.5688469254529822,-0.028769631596369583,0.1833648393194707
breakhis_fm_dinov2_vitl14_s42_std_r2,breakhis,fm_dinov2_vitl14,1,200,61.5,29,False,0.5892505857978405,5.247068981145778,0.6337412841258819,0.16397090566080555,1024,0.013025890624999925,0.5454124733847506,0.5704055168119111,-0.024993043427160466,0.5273225012456216,0.5650362491906293,-0.0377137479450077,0.12873345935727787
breakhis_fm_dinov2_vitl14_s42_std_r3,breakhis,fm_dinov2_vitl14,0,1,65.0,27,True,0.6479233736250994,5.257933419710037,0.6100471224942315,0.16431041936593865,1024,0.014694125000000113,0.7290315188266817,0.5846299293616154,0.14440158946506632,0.7290315188266817,0.5846299293616154,0.14440158946506632,0.7589285714285714
breakhis_fm_dinov2_vitl14_s42_std_r3,breakhis,fm_dinov2_vitl14,0,5,65.0,27,True,0.6479233736250994,5.257933419710037,0.6100471224942315,0.16431041936593865,1024,0.015875906250000127,0.6748625017627979,0.5815631978860265,0.09329930387677143,0.6369394302637146,0.5768060893661587,0.06013334089755584,0.6014285714285714
breakhis_fm_dinov2_vitl14_s42_std_r3,breakhis,fm_dinov2_vitl14,0,10,65.0,27,True,0.6479233736250994,5.257933419710037,0.6100471224942315,0.16431041936593865,1024,0.015219062500000158,0.6438919052319843,0.5783478067691917,0.06554409846279252,0.6075765054294175,0.574659711399856,0.03291679402956149,0.5012500000000001
breakhis_fm_dinov2_vitl14_s42_std_r3,breakhis,fm_dinov2_vitl14,0,20,65.0,27,True,0.6479233736250994,5.257933419710037,0.6100471224942315,0.16431041936593865,1024,0.014655414062499927,0.6180298970526019,0.5761479781453624,0.04188191890723947,0.5880605697362854,0.5731313566612046,0.014929213075080772,0.3829464285714285
breakhis_fm_dinov2_vitl14_s42_std_r3,breakhis,fm_dinov2_vitl14,0,50,65.0,27,True,0.6479233736250994,5.257933419710037,0.6100471224942315,0.16431041936593865,1024,0.013745304687500015,0.5913182202792272,0.5707043627428873,0.02061385753633993,0.5682996051332675,0.5639428545657719,0.004356750567495626,0.25242857142857145
breakhis_fm_dinov2_vitl14_s42_std_r3,breakhis,fm_dinov2_vitl14,0,100,65.0,27,False,0.6479233736250994,5.257933419710037,0.6100471224942315,0.16431041936593865,1024,0.01286526171875002,0.5751233958538993,0.5647312517642893,0.010392144089609978,0.5559159497955154,0.5561190145703152,-0.00020306477479981044,0.18069642857142856
breakhis_fm_dinov2_vitl14_s42_std_r3,breakhis,fm_dinov2_vitl14,0,200,65.0,27,False,0.6479233736250994,5.257933419710037,0.6100471224942315,0.16431041936593865,1024,0.011925328124999912,0.5623519249753208,0.5580398975751775,0.004312027400143359,0.5483976166972219,0.5497400126611245,-0.0013423959639026206,0.12669642857142857
breakhis_fm_dinov2_vitl14_s42_std_r3,breakhis,fm_dinov2_vitl14,1,1,64.0,33,True,0.6302147295877345,5.406927250248217,0.6786021404608669,0.1689664765702568,1024,0.012850562500000051,0.7049356671226676,0.5605309547313496,0.14440471239131802,0.7049356671226676,0.5605309547313496,0.14440471239131802,0.7241962774957699
breakhis_fm_dinov2_vitl14_s42_std_r3,breakhis,fm_dinov2_vitl14,1,5,64.0,33,True,0.6302147295877345,5.406927250248217,0.6786021404608669,0.1689664765702568,1024,0.01367582031249992,0.6729437782599472,0.5596319277957975,0.11331185046414971,0.6504794691013441,0.557733394443661,0.09274607465768314,0.5570219966159053
breakhis_fm_dinov2_vitl14_s42_std_r3,breakhis,fm_dinov2_vitl14,1,10,64.0,33,True,0.6302147295877345,5.406927250248217,0.6786021404608669,0.1689664765702568,1024,0.013402492187500004,0.6549659836674835,0.558299252573685,0.09666673109379853,0.6302016259021886,0.5560728388097589,0.07412878709242976,0.4642978003384094
breakhis_fm_dinov2_vitl14_s42_std_r3,breakhis,fm_dinov2_vitl14,1,20,64.0,33,True,0.6302147295877345,5.406927250248217,0.6786021404608669,0.1689664765702568,1024,0.012833660156249982,0.6365605838148068,0.5567885347623749,0.07977204905243196,0.6114888847687341,0.5544757439007192,0.0570131408680149,0.3631133671742809
breakhis_fm_dinov2_vitl14_s42_std_r3,breakhis,fm_dinov2_vitl14,1,50,64.0,33,True,0.6302147295877345,5.406927250248217,0.6786021404608669,0.1689664765702568,1024,0.011677667968749916,0.6136068670732258,0.5540720631786772,0.05953480389454857,0.5908302056347015,0.5514243407135806,0.03940586492112086,0.24409475465313032
breakhis_fm_dinov2_vitl14_s42_std_r3,breakhis,fm_dinov2_vitl14,1,100,64.0,33,False,0.6302147295877345,5.406927250248217,0.6786021404608669,0.1689664765702568,1024,0.010616296874999875,0.5974063068435216,0.5522687209138344,0.045137585929687196,0.5766724627223422,0.5499576928500917,0.02671476987225052,0.1745346869712352
breakhis_fm_dinov2_vitl14_s42_std_r3,breakhis,fm_dinov2_vitl14,1,200,64.0,33,False,0.6302147295877345,5.406927250248217,0.6786021404608669,0.1689664765702568,1024,0.009474847656249952,0.5826672880305604,0.5498572133690593,0.0328100746615011,0.5644406138139884,0.5463633479057961,0.018077265908192253,0.12208121827411168
breakhis_fm_dinov2_vitl14_s42_std_r4,breakhis,fm_dinov2_vitl14,0,1,57.0,29,True,0.643370638716837,5.187819172709534,0.5977703456977598,0.16211934914717294,1024,0.013331421875000027,0.7135623984969589,0.5806508952746133,0.13291150322234557,0.7135623984969589,0.5806508952746133,0.13291150322234557,0.6917562724014337
breakhis_fm_dinov2_vitl14_s42_std_r4,breakhis,fm_dinov2_vitl14,0,5,57.0,29,True,0.643370638716837,5.187819172709534,0.5977703456977598,0.16211934914717294,1024,0.014642433593749837,0.6704154238625467,0.5789431918817431,0.09147223198080356,0.6350472530932997,0.5767180987992115,0.05832915429408814,0.5637992831541219
breakhis_fm_dinov2_vitl14_s42_std_r4,breakhis,fm_dinov2_vitl14,0,10,57.0,29,True,0.643370638716837,5.187819172709534,0.5977703456977598,0.16211934914717294,1024,0.014561503906249884,0.6460246190208295,0.5779718958999248,0.06805272312090471,0.6155268251087122,0.5769053748218497,0.03862145028686248,0.4537634408602151
breakhis_fm_dinov2_vitl14_s42_std_r4,breakhis,fm_dinov2_vitl14,0,20,57.0,29,True,0.643370638716837,5.187819172709534,0.5977703456977598,0.16211934914717294,1024,0.014430277343750242,0.6242167238091194,0.5772418368286234,0.04697488698049601,0.5975702958316085,0.5757468028173932,0.021823493014215267,0.3520609318996416
breakhis_fm_dinov2_vitl14_s42_std_r4,breakhis,fm_dinov2_vitl14,0,50,57.0,29,True,0.643370638716837,5.187819172709534,0.5977703456977598,0.16211934914717294,1024,0.013818828125000127,0.6012341354506116,0.574145434115343,0.027088701335268528,0.580772537655638,0.5700904320997451,0.010682105555892885,0.23788530465949823
breakhis_fm_dinov2_vitl14_s42_std_r4,breakhis,fm_dinov2_vitl14,0,100,57.0,29,False,0.643370638716837,5.187819172709534,0.5977703456977598,0.16211934914717294,1024,0.01318905859374997,0.5872687322867242,0.570847471614986,0.016421260671738214,0.5700180803674101,0.5661941385779085,0.003823941789501628,0.16982078853046592
breakhis_fm_dinov2_vitl14_s42_std_r4,breakhis,fm_dinov2_vitl14,0,200,57.0,29,False,0.643370638716837,5.187819172709534,0.5977703456977598,0.16211934914717294,1024,0.012442679687499902,0.5752139746025681,0.5666369352755021,0.008577039327065994,0.5606966071889805,0.5600362490199751,0.0006603581690054483,0.11879928315412187
breakhis_fm_dinov2_vitl14_s42_std_r4,breakhis,fm_dinov2_vitl14,1,1,71.0,28,True,0.5736393977438928,4.783602497010289,0.6069380763465791,0.14948757803157153,1024,0.012618050781250112,0.7220125506676867,0.5723940034037795,0.1496185472639071,0.7220125506676867,0.5723940034037795,0.1496185472639071,0.72508038585209
breakhis_fm_dinov2_vitl14_s42_std_r4,breakhis,fm_dinov2_vitl14,1,5,71.0,28,True,0.5736393977438928,4.783602497010289,0.6069380763465791,0.14948757803157153,1024,0.012683554687500154,0.6849858590732059,0.5755978728146992,0.10938798625850665,0.6587830867532368,0.57557664342048,0.08320644333275684,0.5729903536977492
breakhis_fm_dinov2_vitl14_s42_std_r4,breakhis,fm_dinov2_vitl14,1,10,71.0,28,True,0.5736393977438928,4.783602497010289,0.6069380763465791,0.14948757803157153,1024,0.01218190234374994,0.6650362014074269,0.5759269284250974,0.08910927298232951,0.6388175582380818,0.5756580227649871,0.06315953547309472,0.4670418006430869
breakhis_fm_dinov2_vitl14_s42_std_r4,breakhis,fm_dinov2_vitl14,1,20,71.0,28,True,0.5736393977438928,4.783602497010289,0.6069380763465791,0.14948757803157153,1024,0.011646574218750039,0.64586262827614,0.5755642596071855,0.07029836866895456,0.6192281688531407,0.572908816213596,0.046319352639544675,0.36012861736334406
breakhis_fm_dinov2_vitl14_s42_std_r4,breakhis,fm_dinov2_vitl14,1,50,71.0,28,True,0.5736393977438928,4.783602497010289,0.6069380763465791,0.14948757803157153,1024,0.01090066406250001,0.6206501969572408,0.5715943628881883,0.04905583406905245,0.5964582612532258,0.5669415873218058,0.02951667393141999,0.2384244372990354
breakhis_fm_dinov2_vitl14_s42_std_r4,breakhis,fm_dinov2_vitl14,1,100,71.0,28,False,0.5736393977438928,4.783602497010289,0.6069380763465791,0.14948757803157153,1024,0.010158535156249981,0.6038128128541184,0.5675307030113895,0.03628210984272884,0.5831807086651664,0.5619650634935799,0.021215645171586472,0.1695016077170418
breakhis_fm_dinov2_vitl14_s42_std_r4,breakhis,fm_dinov2_vitl14,1,200,71.0,28,False,0.5736393977438928,4.783602497010289,0.6069380763465791,0.14948757803157153,1024,0.009276175781249951,0.5898417041483226,0.5632246742172545,0.02661702993106807,0.5729376624778205,0.5568399339058193,0.016097728572001202,0.11976688102893891
breakhis_fm_uni_s42_std_r0,breakhis,fm_uni,0,1,61.0,24,True,1.3677759486874252,6.099856456499598,0.6758065823391725,0.19062051426561244,1024,0.0898915429687499,0.8682546005245647,0.5919318698193328,0.27632273070523194,0.8682546005245647,0.5919318698193328,0.27632273070523194,0.9395711500974658
breakhis_fm_uni_s42_std_r0,breakhis,fm_uni,0,5,61.0,24,True,1.3677759486874252,6.099856456499598,0.6758065823391725,0.19062051426561244,1024,0.08955212499999998,0.8324375708383606,0.5892328303483289,0.2432047404900317,0.7924909894567503,0.5865749228286247,0.20591606662812567,0.8791423001949317
breakhis_fm_uni_s42_std_r0,breakhis,fm_uni,0,10,61.0,24,True,1.3677759486874252,6.099856456499598,0.6758065823391725,0.19062051426561244,1024,0.08511774218750001,0.8036288483630927,0.5884199846440715,0.21520886371902115,0.7441063446155148,0.585963819552171,0.1581425250633438,0.8035087719298246
breakhis_fm_uni_s42_std_r0,breakhis,fm_uni,0,20,61.0,24,True,1.3677759486874252,6.099856456499598,0.6758065823391725,0.19062051426561244,1024,0.0786292851562499,0.7656489034366106,0.5887980068631599,0.17685089657345077,0.6895812526819957,0.5901671132421379,0.09941413943985777,0.6753411306042886
breakhis_fm_uni_s42_std_r0,breakhis,fm_uni,0,50,61.0,24,True,1.3677759486874252,6.099856456499598,0.6758065823391725,0.19062051426561244,1024,0.06770599218749984,0.7059532125256653,0.5906352340212162,0.11531797850444914,0.6226097766078023,0.597018521130071,0.025591255477731223,0.43980506822612087
breakhis_fm_uni_s42_std_r0,breakhis,fm_uni,0,100,61.0,24,False,1.3677759486874252,6.099856456499598,0.6758065823391725,0.19062051426561244,1024,0.05843632421875011,0.6628276845453548,0.5944683401494852,0.06835934439586955,0.5917382025866464,0.6006440088374936,-0.008905806250847137,0.2875633528265107
breakhis_fm_uni_s42_std_r0,breakhis,fm_uni,0,200,61.0,24,False,1.3677759486874252,6.099856456499598,0.6758065823391725,0.19062051426561244,1024,0.048986863281250015,0.6301184022906888,0.6000387815540826,0.030079620736606194,0.5821224664161225,0.6073720208715273,-0.025249554455404777,0.17855750487329433
breakhis_fm_uni_s42_std_r0,breakhis,fm_uni,1,1,59.0,28,True,1.2688012172379548,6.02984619550495,0.648625028446753,0.1884326936095297,1024,0.06793687890625011,0.9288123442861843,0.6214186337841973,0.30739371050198705,0.9288123442861843,0.6214186337841973,0.30739371050198705,0.9682539682539681
breakhis_fm_uni_s42_std_r0,breakhis,fm_uni,1,5,59.0,28,True,1.2688012172379548,6.02984619550495,0.648625028446753,0.1884326936095297,1024,0.0675699726562502,0.8979026622165812,0.6148567645943861,0.2830458976221951,0.8623822842727088,0.6074270352859223,0.25495524898678645,0.890079365079365
breakhis_fm_uni_s42_std_r0,breakhis,fm_uni,1,10,59.0,28,True,1.2688012172379548,6.02984619550495,0.648625028446753,0.1884326936095297,1024,0.06384551171875008,0.8713000830473684,0.609566858904418,0.2617332241429504,0.8152431094188252,0.601985109752554,0.21325799966627113,0.782142857142857
breakhis_fm_uni_s42_std_r0,breakhis,fm_uni,1,20,59.0,28,True,1.2688012172379548,6.02984619550495,0.648625028446753,0.1884326936095297,1024,0.05883957421874997,0.8377187828076278,0.6046791322938255,0.23303965051380227,0.7697531299456275,0.5995720352763009,0.17018109466932663,0.598313492063492
breakhis_fm_uni_s42_std_r0,breakhis,fm_uni,1,50,59.0,28,True,1.2688012172379548,6.02984619550495,0.648625028446753,0.1884326936095297,1024,0.050605738281250034,0.7882958053244331,0.6019889583561844,0.18630684696824873,0.7221203716761466,0.6003494532096392,0.12177091846650745,0.36460317460317454
breakhis_fm_uni_s42_std_r0,breakhis,fm_uni,1,100,59.0,28,False,1.2688012172379548,6.02984619550495,0.648625028446753,0.1884326936095297,1024,0.04362192968750023,0.755836819755872,0.6022506634030508,0.15358615635282125,0.7048038201789436,0.6062339681605021,0.09856985201844148,0.23833333333333334
breakhis_fm_uni_s42_std_r0,breakhis,fm_uni,1,200,59.0,28,False,1.2688012172379548,6.02984619550495,0.648625028446753,0.1884326936095297,1024,0.03633762500000004,0.7310518811012394,0.6059818846227117,0.12506999647852768,0.6858870399097448,0.6099267033438592,0.07596033656588552,0.1544642857142857
breakhis_fm_uni_s42_std_r1,breakhis,fm_uni,0,1,55.0,25,True,1.4438200926400786,6.362812755057407,0.6551690206213632,0.19883789859554396,1024,0.10331742578125003,0.8623772222700442,0.5335482193728309,0.3288290028972133,0.8623772222700442,0.5335482193728309,0.3288290028972133,0.9369202226345084
breakhis_fm_uni_s42_std_r1,breakhis,fm_uni,0,5,55.0,25,True,1.4438200926400786,6.362812755057407,0.6551690206213632,0.19883789859554396,1024,0.10231455859374994,0.8191506702295025,0.5244782832387072,0.29467238699079534,0.7657392670789935,0.5148538611312604,0.2508854059477331,0.8508348794063081
breakhis_fm_uni_s42_std_r1,breakhis,fm_uni,0,10,55.0,25,True,1.4438200926400786,6.362812755057407,0.6551690206213632,0.19883789859554396,1024,0.0963274648437501,0.7806822989448853,0.5194224619540813,0.261259836990804,0.7095879723153733,0.5114760416609855,0.1981119306543878,0.7695732838589983
breakhis_fm_uni_s42_std_r1,breakhis,fm_uni,0,20,55.0,25,True,1.4438200926400786,6.362812755057407,0.6551690206213632,0.19883789859554396,1024,0.08812046484375002,0.7341554229158235,0.5132503967756186,0.2209050261402049,0.6483030437338716,0.5019261570122477,0.14637688672162386,0.6404452690166977
breakhis_fm_uni_s42_std_r1,breakhis,fm_uni,0,50,55.0,25,True,1.4438200926400786,6.362812755057407,0.6551690206213632,0.19883789859554396,1024,0.07506698437500003,0.6653907367487962,0.5035514372094629,0.1618392995393333,0.583626217246299,0.4965158283020549,0.08711038894424417,0.422708719851577
breakhis_fm_uni_s42_std_r1,breakhis,fm_uni,0,100,55.0,25,False,1.4438200926400786,6.362812755057407,0.6551690206213632,0.19883789859554396,1024,0.06438688671874992,0.6252776979049719,0.50194070090663,0.12333699699834189,0.5714285714285714,0.5140030433098994,0.057425528118671965,0.28664192949907236
breakhis_fm_uni_s42_std_r1,breakhis,fm_uni,0,200,55.0,25,False,1.4438200926400786,6.362812755057407,0.6551690206213632,0.19883789859554396,1024,0.05360257812500013,0.6011443076737112,0.5099525687244459,0.09119173894926524,0.571706956137925,0.5365224457739988,0.035184510363926225,0.18748608534322822
breakhis_fm_uni_s42_std_r1,breakhis,fm_uni,1,1,74.0,32,True,1.1864942583670033,5.645226724506237,0.6134158841002595,0.17641333514081992,1024,0.07200640234374989,0.9318273130700525,0.5411743805482347,0.39065293252181776,0.9318273130700525,0.5411743805482347,0.39065293252181776,0.9576427255985267
breakhis_fm_uni_s42_std_r1,breakhis,fm_uni,1,5,74.0,32,True,1.1864942583670033,5.645226724506237,0.6134158841002595,0.17641333514081992,1024,0.07326091406250013,0.9054428706738732,0.5429069590682903,0.36253591160558285,0.8745716368607731,0.5388538974775049,0.3357177393832682,0.885451197053407
breakhis_fm_uni_s42_std_r1,breakhis,fm_uni,1,10,74.0,32,True,1.1864942583670033,5.645226724506237,0.6134158841002595,0.17641333514081992,1024,0.07025982031250011,0.8831579885066875,0.5406688925233559,0.34248909598333155,0.8349431606427674,0.5358814081138153,0.29906175252895206,0.794475138121547
breakhis_fm_uni_s42_std_r1,breakhis,fm_uni,1,20,74.0,32,True,1.1864942583670033,5.645226724506237,0.6134158841002595,0.17641333514081992,1024,0.06589029296874982,0.852306752548363,0.5371268133925023,0.3151799391558606,0.7865719859142383,0.53039613045254,0.2561758554616983,0.6444751381215471
breakhis_fm_uni_s42_std_r1,breakhis,fm_uni,1,50,74.0,32,True,1.1864942583670033,5.645226724506237,0.6134158841002595,0.17641333514081992,1024,0.0585817109375002,0.8057153868948603,0.5306818410752976,0.27503354581956274,0.7439074717439402,0.5252991262016787,0.2186083455422615,0.412670349907919
breakhis_fm_uni_s42_std_r1,breakhis,fm_uni,1,100,74.0,32,False,1.1864942583670033,5.645226724506237,0.6134158841002595,0.17641333514081992,1024,0.05237771874999997,0.7766203261831912,0.5293943117945374,0.24722601438865377,0.724311392050671,0.5316690079064921,0.1926423841441789,0.27436464088397794
breakhis_fm_uni_s42_std_r1,breakhis,fm_uni,1,200,74.0,32,False,1.1864942583670033,5.645226724506237,0.6134158841002595,0.17641333514081992,1024,0.04592241015624998,0.7532155641485732,0.5332037867646385,0.22001177738393463,0.7052861602119045,0.544645032023399,0.1606411281885055,0.17500920810313075
breakhis_fm_uni_s42_std_r2,breakhis,fm_uni,0,1,58.0,31,True,1.324642999546136,6.109376669633832,0.6754308714356696,0.19091802092605725,1024,0.08007786328125,0.9321349340296574,0.6259906657684506,0.3061442682612068,0.9321349340296574,0.6259906657684506,0.3061442682612068,0.96415770609319
breakhis_fm_uni_s42_std_r2,breakhis,fm_uni,0,5,58.0,31,True,1.324642999546136,6.109376669633832,0.6754308714356696,0.19091802092605725,1024,0.08056703124999998,0.9097786128006171,0.6207021387370609,0.2890764740635562,0.8724325701366111,0.6115358561759509,0.2608967139606603,0.896415770609319
breakhis_fm_uni_s42_std_r2,breakhis,fm_uni,0,10,58.0,31,True,1.324642999546136,6.109376669633832,0.6754308714356696,0.19091802092605725,1024,0.07710242968750014,0.8850339847219126,0.6144637668718754,0.2705702178500372,0.8300463154617216,0.6010521071066681,0.22899420835505346,0.8012544802867384
breakhis_fm_uni_s42_std_r2,breakhis,fm_uni,0,20,58.0,31,True,1.324642999546136,6.109376669633832,0.6754308714356696,0.19091802092605725,1024,0.07219189062499987,0.849151001142849,0.6046350188569392,0.24451598228590987,0.7765694714234662,0.5879707470184389,0.18859872440502734,0.6508960573476703
breakhis_fm_uni_s42_std_r2,breakhis,fm_uni,0,50,58.0,31,True,1.324642999546136,6.109376669633832,0.6754308714356696,0.19091802092605725,1024,0.06390830468750008,0.7895777827313031,0.5895214760103531,0.20005630672094998,0.693136183025684,0.5700337950686445,0.12310238795703954,0.40584229390681004
breakhis_fm_uni_s42_std_r2,breakhis,fm_uni,0,100,58.0,31,False,1.324642999546136,6.109376669633832,0.6754308714356696,0.19091802092605725,1024,0.05676126953125005,0.7389580613317199,0.5785152189774893,0.16044284235423067,0.6501095082918475,0.5617464455462727,0.08836306274557482,0.2612186379928315
breakhis_fm_uni_s42_std_r2,breakhis,fm_uni,0,200,58.0,31,False,1.324642999546136,6.109376669633832,0.6754308714356696,0.19091802092605725,1024,0.04926884765625006,0.6925718349626894,0.5709687111034808,0.12160312385920857,0.6109678127001312,0.561934921633136,0.049032891066995266,0.16273297491039426
breakhis_fm_uni_s42_std_r2,breakhis,fm_uni,1,1,61.5,29,True,1.3377944808883009,5.931539974315621,0.6273810834024227,0.18536062419736316,1024,0.08849154296874995,0.8727095956721412,0.551737802828463,0.32097179284367827,0.8727095956721412,0.551737802828463,0.32097179284367827,0.9395085066162571
breakhis_fm_uni_s42_std_r2,breakhis,fm_uni,1,5,61.5,29,True,1.3377944808883009,5.931539974315621,0.6273810834024227,0.18536062419736316,1024,0.08737962109374997,0.8352177831853205,0.5475113842626501,0.28770639892267036,0.7899648613394492,0.5443075148517303,0.24565734648771886,0.8620037807183365
breakhis_fm_uni_s42_std_r2,breakhis,fm_uni,1,10,61.5,29,True,1.3377944808883009,5.931539974315621,0.6273810834024227,0.18536062419736316,1024,0.0826077421875,0.8053583191665251,0.5449001687736841,0.26045815039284104,0.742345724858503,0.5408789676853237,0.2014667571731793,0.7812854442344045
breakhis_fm_uni_s42_std_r2,breakhis,fm_uni,1,20,61.5,29,True,1.3377944808883009,5.931539974315621,0.6273810834024227,0.18536062419736316,1024,0.07597492578124998,0.7660806491041787,0.5437325520916261,0.22234809701255265,0.6935696064581984,0.5461473956840641,0.1474222107741343,0.6496219281663517
breakhis_fm_uni_s42_std_r2,breakhis,fm_uni,1,50,61.5,29,True,1.3377944808883009,5.931539974315621,0.6273810834024227,0.18536062419736316,1024,0.06541186718749992,0.7133316040807872,0.5448470952881359,0.1684845087926513,0.6425019174176163,0.5512389120643109,0.09126300535330545,0.4254442344045369
breakhis_fm_uni_s42_std_r2,breakhis,fm_uni,1,100,61.5,29,False,1.3377944808883009,5.931539974315621,0.6273810834024227,0.18536062419736316,1024,0.056725625,0.6805815513634659,0.5496997809834163,0.13088177038004956,0.6313183808971089,0.5617315401571683,0.06958684073994059,0.2886389413988658
breakhis_fm_uni_s42_std_r2,breakhis,fm_uni,1,200,61.5,29,False,1.3377944808883009,5.931539974315621,0.6273810834024227,0.18536062419736316,1024,0.04784082421875013,0.6588844081757568,0.5580906990485693,0.10079370912718744,0.6223592354215612,0.5717677362743121,0.05059149914724914,0.18866729678638944
breakhis_fm_uni_s42_std_r3,breakhis,fm_uni,0,1,65.0,27,True,1.4115335734873142,6.285098106257378,0.6336389198369844,0.19640931582054305,1024,0.0964811015624999,0.9059335777746439,0.6185209868995779,0.287412590875066,0.9059335777746439,0.6185209868995779,0.287412590875066,0.975
breakhis_fm_uni_s42_std_r3,breakhis,fm_uni,0,5,65.0,27,True,1.4115335734873142,6.285098106257378,0.6336389198369844,0.19640931582054305,1024,0.09667200390624986,0.865235862360739,0.6156914427167633,0.24954441964397567,0.8190523198420533,0.6141313516502055,0.2049209681918478,0.9157142857142856
breakhis_fm_uni_s42_std_r3,breakhis,fm_uni,0,10,65.0,27,True,1.4115335734873142,6.285098106257378,0.6336389198369844,0.19640931582054305,1024,0.09169958984375004,0.8334226484275843,0.6141731099763982,0.2192495384511861,0.7726713439571288,0.6102511679803836,0.16242017597674518,0.8460714285714286
breakhis_fm_uni_s42_std_r3,breakhis,fm_uni,0,20,65.0,27,True,1.4115335734873142,6.285098106257378,0.6336389198369844,0.19640931582054305,1024,0.08462804687500003,0.7959896347482724,0.6127850632137541,0.1832045715345183,0.7138115216471583,0.6144453742631744,0.09936614738398397,0.7089285714285714
breakhis_fm_uni_s42_std_r3,breakhis,fm_uni,0,50,65.0,27,True,1.4115335734873142,6.285098106257378,0.6336389198369844,0.19640931582054305,1024,0.0731520039062501,0.7348275983641236,0.6148997048521505,0.11992789351197308,0.6365040191792413,0.6168005438604404,0.0197034753188009,0.4555357142857143
breakhis_fm_uni_s42_std_r3,breakhis,fm_uni,0,100,65.0,27,False,1.4115335734873142,6.285098106257378,0.6336389198369844,0.19640931582054305,1024,0.06385628906249996,0.682872655478776,0.6139893733411504,0.06888328213762551,0.6027957974897757,0.6059968297078755,-0.003201032218099753,0.3001785714285714
breakhis_fm_uni_s42_std_r3,breakhis,fm_uni,0,200,65.0,27,False,1.4115335734873142,6.285098106257378,0.6336389198369844,0.19640931582054305,1024,0.0545452890625,0.6427037794387251,0.6092472978187121,0.03345648162001302,0.5828973346495557,0.5953634895261766,-0.012466154876620839,0.1935
breakhis_fm_uni_s42_std_r3,breakhis,fm_uni,1,1,64.0,33,True,1.3049126360862597,6.125450394185744,0.6940580488678582,0.1914203248183045,1024,0.07626897656249976,0.892726200677153,0.5973399379495135,0.29538626272763957,0.892726200677153,0.5973399379495135,0.29538626272763957,0.9475465313028765
breakhis_fm_uni_s42_std_r3,breakhis,fm_uni,1,5,64.0,33,True,1.3049126360862597,6.125450394185744,0.6940580488678582,0.1914203248183045,1024,0.07636657421874993,0.8621373915745061,0.5912106896065435,0.27092670196796254,0.8288676979302904,0.5861937667465802,0.24267393118371017,0.8707275803722504
breakhis_fm_uni_s42_std_r3,breakhis,fm_uni,1,10,64.0,33,True,1.3049126360862597,6.125450394185744,0.6940580488678582,0.1914203248183045,1024,0.07243569140624995,0.8381681123399195,0.5890212945987872,0.24914681774113234,0.7895196623254711,0.5847588492455225,0.20476081307994864,0.7846023688663283
breakhis_fm_uni_s42_std_r3,breakhis,fm_uni,1,20,64.0,33,True,1.3049126360862597,6.125450394185744,0.6940580488678582,0.1914203248183045,1024,0.0670058242187499,0.8056684422306963,0.5863665209420392,0.2193019212886571,0.7425114793638704,0.5798353546749401,0.16267612468893033,0.6345177664974619
breakhis_fm_uni_s42_std_r3,breakhis,fm_uni,1,50,64.0,33,True,1.3049126360862597,6.125450394185744,0.6940580488678582,0.1914203248183045,1024,0.058303691406250024,0.7612258908303726,0.5799922436891835,0.18123364714118917,0.7010471317876071,0.5699830771400367,0.13106405464757043,0.40013536379018616
breakhis_fm_uni_s42_std_r3,breakhis,fm_uni,1,100,64.0,33,False,1.3049126360862597,6.125450394185744,0.6940580488678582,0.1914203248183045,1024,0.051000230468749796,0.7314187975940523,0.5741644337893104,0.1572543638047419,0.6796768907752517,0.5659445071217035,0.11373238365354821,0.26313028764805413
breakhis_fm_uni_s42_std_r3,breakhis,fm_uni,1,200,64.0,33,False,1.3049126360862597,6.125450394185744,0.6940580488678582,0.1914203248183045,1024,0.043338457031250055,0.7086287734911464,0.5716348187843746,0.13699395470677178,0.6688163852990647,0.5719062896629531,0.09691009563611164,0.16796954314720813
breakhis_fm_uni_s42_std_r4,breakhis,fm_uni,0,1,57.0,29,True,1.40426264613956,6.230555142023312,0.6221042608132236,0.1947048481882285,1024,0.08881467968750023,0.8786775502694364,0.5528784959513463,0.3257990543180901,0.8786775502694364,0.5528784959513463,0.3257990543180901,0.9498207885304659
breakhis_fm_uni_s42_std_r4,breakhis,fm_uni,0,5,57.0,29,True,1.40426264613956,6.230555142023312,0.6221042608132236,0.1947048481882285,1024,0.08609621875000006,0.8473128894267002,0.5579333614776396,0.28937952794906063,0.8038244753685954,0.5585221699894934,0.24530230537910191,0.8770609318996415
breakhis_fm_uni_s42_std_r4,breakhis,fm_uni,0,10,57.0,29,True,1.40426264613956,6.230555142023312,0.6221042608132236,0.1947048481882285,1024,0.08019772265624991,0.8178411829018459,0.561385271216945,0.2564559116849009,0.7578876045105386,0.5663750662607961,0.19151253824974246,0.7967741935483871
breakhis_fm_uni_s42_std_r4,breakhis,fm_uni,0,20,57.0,29,True,1.40426264613956,6.230555142023312,0.6221042608132236,0.1947048481882285,1024,0.07235171875000024,0.7803819168020041,0.5654926470354841,0.21488926976652,0.7088335509346241,0.5709395225413674,0.1378940283932567,0.6470430107526882
breakhis_fm_uni_s42_std_r4,breakhis,fm_uni,0,50,57.0,29,True,1.40426264613956,6.230555142023312,0.6221042608132236,0.1947048481882285,1024,0.0603289374999999,0.7265724789209806,0.5706490859977844,0.15592339292319624,0.6527897193120261,0.5773751519633827,0.07541456734864338,0.4181362007168459
breakhis_fm_uni_s42_std_r4,breakhis,fm_uni,0,100,57.0,29,False,1.40426264613956,6.230555142023312,0.6221042608132236,0.1947048481882285,1024,0.050754320312500045,0.6888743821361724,0.5741295632659669,0.11474481887020549,0.6292551667038181,0.581207962087715,0.04804720461610312,0.2797311827956989
breakhis_fm_uni_s42_std_r4,breakhis,fm_uni,0,200,57.0,29,False,1.40426264613956,6.230555142023312,0.6221042608132236,0.1947048481882285,1024,0.0411973203124999,0.6600236353922307,0.5786099040448447,0.08141373134738605,0.6172888648289088,0.5868421136162365,0.030446751212672263,0.1807437275985663
breakhis_fm_uni_s42_std_r4,breakhis,fm_uni,1,1,71.0,28,True,1.3502512617776226,5.903059220731864,0.646831599885825,0.18447060064787074,1024,0.09166633593749984,0.8769342597677142,0.5635325004334335,0.3134017593342807,0.8769342597677142,0.5635325004334335,0.3134017593342807,0.9598070739549839
breakhis_fm_uni_s42_std_r4,breakhis,fm_uni,1,5,71.0,28,True,1.3502512617776226,5.903059220731864,0.646831599885825,0.18447060064787074,1024,0.09101144140625017,0.8464971448341972,0.559658135988423,0.2868390088457743,0.8070501487098587,0.5563180446312631,0.2507321040785956,0.9096463022508038
breakhis_fm_uni_s42_std_r4,breakhis,fm_uni,1,10,71.0,28,True,1.3502512617776226,5.903059220731864,0.646831599885825,0.18447060064787074,1024,0.08613151953124998,0.8172408210942633,0.5571972953751765,0.26004352571908684,0.7590995514897966,0.5508797814787688,0.20821977001102776,0.8270096463022507
breakhis_fm_uni_s42_std_r4,breakhis,fm_uni,1,20,71.0,28,True,1.3502512617776226,5.903059220731864,0.646831599885825,0.18447060064787074,1024,0.07929928124999996,0.7811267033389093,0.5536148351006804,0.2275118682382289,0.7127995226048508,0.5502216702579725,0.16257785234687827,0.6829581993569133
breakhis_fm_uni_s42_std_r4,breakhis,fm_uni,1,50,71.0,28,True,1.3502512617776226,5.903059220731864,0.646831599885825,0.18447060064787074,1024,0.0684230898437499,0.7327618769501306,0.5532503971665835,0.1795114797835471,0.6542852880400454,0.5580199344011718,0.09626535363887356,0.44279742765273317
breakhis_fm_uni_s42_std_r4,breakhis,fm_uni,1,100,71.0,28,False,1.3502512617776226,5.903059220731864,0.646831599885825,0.18447060064787074,1024,0.0594161367187499,0.6937703742028866,0.556096905108146,0.13767346909474054,0.6216326025336224,0.5621472824606283,0.05948532007299412,0.28688102893890677
breakhis_fm_uni_s42_std_r4,breakhis,fm_uni,1,200,71.0,28,False,1.3502512617776226,5.903059220731864,0.646831599885825,0.18447060064787074,1024,0.050243117187499964,0.6585894623908483,0.5606753777947613,0.09791408459608697,0.5990896480797859,0.5655209870253018,0.033568661054484084,0.17917202572347266
breakhis_fm_virchow2_s42_std_r0,breakhis,fm_virchow2,0,1,61.0,24,True,0.8280901634045551,10.557461464789721,0.6491910445536786,0.2086601533637067,2560,0.029949761718749968,0.8472893322480272,0.5860793807486798,0.26120995149934734,0.8472893322480272,0.5860793807486798,0.26120995149934734,0.8888888888888888
breakhis_fm_virchow2_s42_std_r0,breakhis,fm_virchow2,0,5,61.0,24,True,0.8280901634045551,10.557461464789721,0.6491910445536786,0.2086601533637067,2560,0.03144189062499991,0.8173779848326531,0.5918750685532521,0.225502916279401,0.7794596175642573,0.5944957614503518,0.18496385611390553,0.7797270955165692
breakhis_fm_virchow2_s42_std_r0,breakhis,fm_virchow2,0,10,61.0,24,True,0.8280901634045551,10.557461464789721,0.6491910445536786,0.2086601533637067,2560,0.030736980468750064,0.7888386646115123,0.5968011093874865,0.19203755522402577,0.7402384979669752,0.6043027938388255,0.1359357041281497,0.6684210526315789
breakhis_fm_virchow2_s42_std_r0,breakhis,fm_virchow2,0,20,61.0,24,True,0.8280901634045551,10.557461464789721,0.6491910445536786,0.2086601533637067,2560,0.029273410156249957,0.7603397547284906,0.6042675378805685,0.15607221684792205,0.7105349751476421,0.613610366818659,0.09692460832898309,0.5281676413255362
breakhis_fm_virchow2_s42_std_r0,breakhis,fm_virchow2,0,50,61.0,24,True,0.8280901634045551,10.557461464789721,0.6491910445536786,0.2086601533637067,2560,0.026844999999999897,0.7249961032888242,0.6150108118271987,0.1099852914616255,0.6778410873074977,0.6216800639308043,0.056161023376693375,0.336374269005848
breakhis_fm_virchow2_s42_std_r0,breakhis,fm_virchow2,0,100,61.0,24,False,0.8280901634045551,10.557461464789721,0.6491910445536786,0.2086601533637067,2560,0.02498524218750009,0.6982694753775961,0.6197860355066673,0.07848343987092876,0.6477238395978979,0.6207692850091665,0.026954554588731416,0.23208576998050684
breakhis_fm_virchow2_s42_std_r0,breakhis,fm_virchow2,0,200,61.0,24,False,0.8280901634045551,10.557461464789721,0.6491910445536786,0.2086601533637067,2560,0.02304818359375005,0.6716429111607581,0.6204128080979019,0.05123010306285625,0.6252018111528684,0.6108251461163603,0.01437666503650814,0.15301169590643274
breakhis_fm_virchow2_s42_std_r0,breakhis,fm_virchow2,1,1,59.0,28,True,0.9362316162029425,11.821451106989846,0.7058224729616349,0.23364194216504217,2560,0.0319989648437502,0.9135758943261412,0.680523564037878,0.23305233028826322,0.9135758943261412,0.680523564037878,0.23305233028826322,0.9067460317460317
breakhis_fm_virchow2_s42_std_r0,breakhis,fm_virchow2,1,5,59.0,28,True,0.9362316162029425,11.821451106989846,0.7058224729616349,0.23364194216504217,2560,0.03394923046874998,0.8728552625393692,0.6745178180726578,0.19833744446671142,0.829801861514596,0.6670688457460422,0.1627330157685538,0.7706349206349206
breakhis_fm_virchow2_s42_std_r0,breakhis,fm_virchow2,1,10,59.0,28,True,0.9362316162029425,11.821451106989846,0.7058224729616349,0.23364194216504217,2560,0.03324446874999998,0.8400006267725912,0.6669072043935659,0.17309342237902536,0.7827586612137452,0.6515281842865362,0.1312304769272089,0.6442460317460318
breakhis_fm_virchow2_s42_std_r0,breakhis,fm_virchow2,1,20,59.0,28,True,0.9362316162029425,11.821451106989846,0.7058224729616349,0.23364194216504217,2560,0.03196804687499977,0.8024706592080728,0.6572645279976292,0.14520613121044357,0.74125456368793,0.6409656916229369,0.10028887206499304,0.49424603174603177
breakhis_fm_virchow2_s42_std_r0,breakhis,fm_virchow2,1,50,59.0,28,True,0.9362316162029425,11.821451106989846,0.7058224729616349,0.23364194216504217,2560,0.029383296875000187,0.7533943653144048,0.6445314228864912,0.10886294242791361,0.6982462119431517,0.6310844018019163,0.06716181014123546,0.3156349206349206
breakhis_fm_virchow2_s42_std_r0,breakhis,fm_virchow2,1,100,59.0,28,False,0.9362316162029425,11.821451106989846,0.7058224729616349,0.23364194216504217,2560,0.02699580859375006,0.7225414845108823,0.635467961336928,0.08707352317395434,0.6735376611980758,0.6169427077620563,0.0565949534360195,0.21898809523809523
breakhis_fm_virchow2_s42_std_r0,breakhis,fm_virchow2,1,200,59.0,28,False,0.9362316162029425,11.821451106989846,0.7058224729616349,0.23364194216504217,2560,0.024428378906250048,0.6946736081731146,0.6238317082604504,0.07084189991266421,0.6469174540497344,0.6019350779053589,0.0449823761443755,0.15196428571428572
breakhis_fm_virchow2_s42_std_r1,breakhis,fm_virchow2,0,1,55.0,25,True,0.9737713074681023,11.045508375728822,0.6450551684088783,0.21830602738606233,2560,0.03740601171875002,0.847196098218521,0.6241712252685621,0.22302487294995899,0.847196098218521,0.6241712252685621,0.22302487294995899,0.8682745825602969
breakhis_fm_virchow2_s42_std_r1,breakhis,fm_virchow2,0,5,55.0,25,True,0.9737713074681023,11.045508375728822,0.6450551684088783,0.21830602738606233,2560,0.038397007812499884,0.8007626275853607,0.624667535664356,0.1760950919210047,0.7496808648973364,0.6243821117371046,0.12529875316023187,0.7406307977736549
breakhis_fm_virchow2_s42_std_r1,breakhis,fm_virchow2,0,10,55.0,25,True,0.9737713074681023,11.045508375728822,0.6450551684088783,0.21830602738606233,2560,0.03698606640625024,0.7685725640880062,0.6259946660267354,0.14257789806127086,0.7120421533057268,0.6250111351691364,0.08703101813659042,0.638404452690167
breakhis_fm_virchow2_s42_std_r1,breakhis,fm_virchow2,0,20,55.0,25,True,0.9737713074681023,11.045508375728822,0.6450551684088783,0.21830602738606233,2560,0.03486780859374994,0.7349869140871821,0.6281980660256445,0.10678884806153754,0.6779381949315668,0.6300669564537622,0.04787123847780461,0.5116883116883117
breakhis_fm_virchow2_s42_std_r1,breakhis,fm_virchow2,0,50,55.0,25,True,0.9737713074681023,11.045508375728822,0.6450551684088783,0.21830602738606233,2560,0.03143493359375016,0.6944160056556051,0.6327975726240276,0.061618433031577546,0.6499055872910054,0.6392677876373262,0.01063779965367928,0.3429313543599258
breakhis_fm_virchow2_s42_std_r1,breakhis,fm_virchow2,0,100,55.0,25,False,0.9737713074681023,11.045508375728822,0.6450551684088783,0.21830602738606233,2560,0.028502468749999954,0.6728576739858646,0.6393459610696307,0.03351171291623389,0.6363837826254974,0.6420620333455138,-0.005678250720016376,0.23638218923933213
breakhis_fm_virchow2_s42_std_r1,breakhis,fm_virchow2,0,200,55.0,25,False,0.9737713074681023,11.045508375728822,0.6450551684088783,0.21830602738606233,2560,0.025627140624999933,0.6534604867703161,0.6395623014985665,0.013898185271749575,0.6199609162519895,0.6251020345090254,-0.005141118257035893,0.15996289424860854
breakhis_fm_virchow2_s42_std_r1,breakhis,fm_virchow2,1,1,74.0,32,True,0.8712996469546347,11.29156316081081,0.6855123272896428,0.22316911207382673,2560,0.02717929687499998,0.9260552049871014,0.5997267434300293,0.32632846155707207,0.9260552049871014,0.5997267434300293,0.32632846155707207,0.8987108655616943
breakhis_fm_virchow2_s42_std_r1,breakhis,fm_virchow2,1,5,74.0,32,True,0.8712996469546347,11.29156316081081,0.6855123272896428,0.22316911207382673,2560,0.027772816406249956,0.900959715230548,0.597151684868509,0.30380803036203896,0.8720882668950058,0.5909466362152866,0.2811416306797192,0.7709023941068139
breakhis_fm_virchow2_s42_std_r1,breakhis,fm_virchow2,1,10,74.0,32,True,0.8712996469546347,11.29156316081081,0.6855123272896428,0.22316911207382673,2560,0.02676074609375001,0.8791802333931451,0.5929685883148018,0.2862116450783433,0.835012244141083,0.58578553022214,0.24922671391894302,0.6511970534069982
breakhis_fm_virchow2_s42_std_r1,breakhis,fm_virchow2,1,20,74.0,32,True,0.8712996469546347,11.29156316081081,0.6855123272896428,0.22316911207382673,2560,0.025119867187500033,0.850812367400588,0.5890235839467259,0.26178878345386203,0.7959691596719625,0.5830401441739758,0.2129290154979867,0.5105893186003684
breakhis_fm_virchow2_s42_std_r1,breakhis,fm_virchow2,1,50,74.0,32,True,0.8712996469546347,11.29156316081081,0.6855123272896428,0.22316911207382673,2560,0.022193109375000075,0.8066007464653792,0.583424754627688,0.2231759918376912,0.7528628747098038,0.5775035851188721,0.17535928959093172,0.3330018416206261
breakhis_fm_virchow2_s42_std_r1,breakhis,fm_virchow2,1,100,74.0,32,False,0.8712996469546347,11.29156316081081,0.6855123272896428,0.22316911207382673,2560,0.01972277734374983,0.7758694976357081,0.580737975886756,0.1951315217489521,0.7278582842931395,0.5753479350997331,0.15251034919340634,0.23086556169429098
breakhis_fm_virchow2_s42_std_r1,breakhis,fm_virchow2,1,200,74.0,32,False,0.8712996469546347,11.29156316081081,0.6855123272896428,0.22316911207382673,2560,0.01709050390625,0.7495250509490801,0.5781500969767787,0.1713749539723014,0.7067732734124885,0.5734834901384048,0.1332897832740837,0.15807550644567223
breakhis_fm_virchow2_s42_std_r2,breakhis,fm_virchow2,0,1,58.0,31,True,0.9603846657436514,12.153126996043303,0.7530926092693007,0.24019726250485612,2560,0.0328691523437501,0.9178050929316732,0.6613308651052388,0.2564742278264345,0.9178050929316732,0.6613308651052388,0.2564742278264345,0.9157706093189965
breakhis_fm_virchow2_s42_std_r2,breakhis,fm_virchow2,0,5,58.0,31,True,0.9603846657436514,12.153126996043303,0.7530926092693007,0.24019726250485612,2560,0.033851855468750025,0.8889950358599851,0.6569977812072546,0.23199725465273047,0.8504194574474484,0.6469954859044146,0.20342397154303382,0.8003584229390681
breakhis_fm_virchow2_s42_std_r2,breakhis,fm_virchow2,0,10,58.0,31,True,0.9603846657436514,12.153126996043303,0.7530926092693007,0.24019726250485612,2560,0.032897730468749886,0.8623946049032825,0.6486712435876143,0.21372336131566816,0.8116651983002332,0.6349404807446485,0.17672471755558472,0.6801075268817204
breakhis_fm_virchow2_s42_std_r2,breakhis,fm_virchow2,0,20,58.0,31,True,0.9603846657436514,12.153126996043303,0.7530926092693007,0.24019726250485612,2560,0.031494382812500055,0.828063136218408,0.6378833202395325,0.19017981597887545,0.7636319247630269,0.6200956562793327,0.14353626848369416,0.5275985663082436
breakhis_fm_virchow2_s42_std_r2,breakhis,fm_virchow2,0,50,58.0,31,True,0.9603846657436514,12.153126996043303,0.7530926092693007,0.24019726250485612,2560,0.02892864453124988,0.7739299500755412,0.6223181812244227,0.1516117688511185,0.6989919575978233,0.6024684769079471,0.09652348068987615,0.34301075268817205
breakhis_fm_virchow2_s42_std_r2,breakhis,fm_virchow2,0,100,58.0,31,False,0.9603846657436514,12.153126996043303,0.7530926092693007,0.24019726250485612,2560,0.02662292968750002,0.7300540995729353,0.6102034608688188,0.1198506387041165,0.656181115038549,0.5918279754495901,0.06435313958895894,0.23577060931899643
breakhis_fm_virchow2_s42_std_r2,breakhis,fm_virchow2,0,200,58.0,31,False,0.9603846657436514,12.153126996043303,0.7530926092693007,0.24019726250485612,2560,0.02397399609374984,0.6882038871020816,0.6018526639508693,0.08635122315121224,0.6221557034536687,0.5884503346850116,0.03370536876865704,0.15882616487455198
breakhis_fm_virchow2_s42_std_r2,breakhis,fm_virchow2,1,1,61.5,29,True,0.8833379020425665,10.613019933810625,0.632353201752614,0.20975822402256894,2560,0.0339360390625002,0.8853337612922368,0.6136922516249332,0.2716415096673036,0.8853337612922368,0.6136922516249332,0.2716415096673036,0.8809073724007561
breakhis_fm_virchow2_s42_std_r2,breakhis,fm_virchow2,1,5,61.5,29,True,0.8833379020425665,10.613019933810625,0.632353201752614,0.20975822402256894,2560,0.036875570312499995,0.8476068202218047,0.619949615571053,0.22765720465075168,0.8075920407108348,0.6283493792171307,0.17924266149370405,0.7678638941398864
breakhis_fm_virchow2_s42_std_r2,breakhis,fm_virchow2,1,10,61.5,29,True,0.8833379020425665,10.613019933810625,0.632353201752614,0.20975822402256894,2560,0.03601044531249997,0.8228567376468854,0.6308951374072541,0.19196160023963127,0.7794624512714672,0.6485119963768501,0.1309504548946171,0.6587901701323252
breakhis_fm_virchow2_s42_std_r2,breakhis,fm_virchow2,1,20,61.5,29,True,0.8833379020425665,10.613019933810625,0.632353201752614,0.20975822402256894,2560,0.034265949218749814,0.7994334520794883,0.6460936145520421,0.1533398375274463,0.757183084924339,0.6618564397598248,0.09532664516451417,0.5173913043478262
breakhis_fm_virchow2_s42_std_r2,breakhis,fm_virchow2,1,50,61.5,29,True,0.8833379020425665,10.613019933810625,0.632353201752614,0.20975822402256894,2560,0.03145257031249993,0.7685868212294985,0.6593354491962905,0.109251372033208,0.7281017845513056,0.6611859447257339,0.0669158398255717,0.34124763705103967
breakhis_fm_virchow2_s42_std_r2,breakhis,fm_virchow2,1,100,61.5,29,False,0.8833379020425665,10.613019933810625,0.632353201752614,0.20975822402256894,2560,0.029369152343750038,0.7479850786654401,0.6595371284413732,0.08844795022406682,0.70908436077682,0.647013554968209,0.06207080580861102,0.237523629489603
breakhis_fm_virchow2_s42_std_r2,breakhis,fm_virchow2,1,200,61.5,29,False,0.8833379020425665,10.613019933810625,0.632353201752614,0.20975822402256894,2560,0.027238234374999726,0.7262618100795518,0.6512063603265081,0.07505544975304368,0.6797026183247274,0.6249137555859844,0.05478886273874306,0.16344045368620036
breakhis_fm_virchow2_s42_std_r3,breakhis,fm_virchow2,0,1,65.0,27,True,0.9845390543721011,11.758889150637023,0.6717327219145361,0.23240545293409864,2560,0.03760628124999987,0.8744605838386688,0.6621099981125237,0.21235058572614507,0.8744605838386688,0.6621099981125237,0.21235058572614507,0.9214285714285714
breakhis_fm_virchow2_s42_std_r3,breakhis,fm_virchow2,0,5,65.0,27,True,0.9845390543721011,11.758889150637023,0.6717327219145361,0.23240545293409864,2560,0.03910404296875014,0.836865392751375,0.6673915912093712,0.16947380154200375,0.7960777746439148,0.6672746678960317,0.1288031067478831,0.8010714285714285
breakhis_fm_virchow2_s42_std_r3,breakhis,fm_virchow2,0,10,65.0,27,True,0.9845390543721011,11.758889150637023,0.6717327219145361,0.23240545293409864,2560,0.03761504296875007,0.8082974897757721,0.6697668048032097,0.13853068497256238,0.7526988436045692,0.6732177128797711,0.07948113072479812,0.7039285714285715
breakhis_fm_virchow2_s42_std_r3,breakhis,fm_virchow2,0,20,65.0,27,True,0.9845390543721011,11.758889150637023,0.6717327219145361,0.23240545293409864,2560,0.03542153515625013,0.774457058242843,0.6743552096852592,0.10010184855758386,0.7131716260047948,0.6765400053116591,0.036631620693135636,0.5599107142857144
breakhis_fm_virchow2_s42_std_r3,breakhis,fm_virchow2,0,50,65.0,27,True,0.9845390543721011,11.758889150637023,0.6717327219145361,0.23240545293409864,2560,0.03188494921874996,0.7238065858130024,0.6763111696841233,0.04749541612887909,0.6573808348610916,0.6688965612853547,-0.011515726424263129,0.3638928571428572
breakhis_fm_virchow2_s42_std_r3,breakhis,fm_virchow2,0,100,65.0,27,False,0.9845390543721011,11.758889150637023,0.6717327219145361,0.23240545293409864,2560,0.028819808593749996,0.686934141869976,0.6727349866289839,0.014199155240992134,0.6311080947680158,0.6595159708894357,-0.028407876121419928,0.25123214285714285
breakhis_fm_virchow2_s42_std_r3,breakhis,fm_virchow2,0,200,65.0,27,False,0.9845390543721011,11.758889150637023,0.6717327219145361,0.23240545293409864,2560,0.025622710937500015,0.6561080947680158,0.6644634973767419,-0.008355402608726137,0.6070547172472148,0.6393750950001921,-0.03232037775297725,0.17210714285714285
breakhis_fm_virchow2_s42_std_r3,breakhis,fm_virchow2,1,1,64.0,33,True,0.9064613224673107,11.526702172685631,0.7106274532025719,0.22781645485061308,2560,0.03389079296874986,0.8803807691215552,0.6005570441404597,0.2798237249810954,0.8803807691215552,0.6005570441404597,0.2798237249810954,0.9018612521150592
breakhis_fm_virchow2_s42_std_r3,breakhis,fm_virchow2,1,5,64.0,33,True,0.9064613224673107,11.526702172685631,0.7106274532025719,0.22781645485061308,2560,0.034892378906249855,0.8484573639137908,0.603520307431956,0.24493705648183484,0.8131749189470888,0.6022546185305316,0.21092030041655718,0.776311336717428
breakhis_fm_virchow2_s42_std_r3,breakhis,fm_virchow2,1,10,64.0,33,True,0.9064613224673107,11.526702172685631,0.7106274532025719,0.22781645485061308,2560,0.033887773437500046,0.8244145900251051,0.6040209420392046,0.22039364798590044,0.7839524422774657,0.6055439994359046,0.1784084428415611,0.6646362098138748
breakhis_fm_virchow2_s42_std_r3,breakhis,fm_virchow2,1,20,64.0,33,True,0.9064613224673107,11.526702172685631,0.7106274532025719,0.22781645485061308,2560,0.032233656250000076,0.7973568649853094,0.6057202792271894,0.19163658575812004,0.7501900003841766,0.6061697926949654,0.1440202076892112,0.5144670050761422
breakhis_fm_virchow2_s42_std_r3,breakhis,fm_virchow2,1,50,64.0,33,True,0.9064613224673107,11.526702172685631,0.7106274532025719,0.22781645485061308,2560,0.02947638281249998,0.7647669968915102,0.6072398110280638,0.15752718586344638,0.7229869563692305,0.6047965731208574,0.11819038324837305,0.32714043993231817
breakhis_fm_virchow2_s42_std_r3,breakhis,fm_virchow2,1,100,64.0,33,False,0.9064613224673107,11.526702172685631,0.7106274532025719,0.22781645485061308,2560,0.027100871093749923,0.7391891869319823,0.6044052319842054,0.13478395494777695,0.6929744121680422,0.5953779438725144,0.09759646829552782,0.2218950930626057
breakhis_fm_virchow2_s42_std_r3,breakhis,fm_virchow2,1,200,64.0,33,False,0.9064613224673107,11.526702172685631,0.7106274532025719,0.22781645485061308,2560,0.024575851562499973,0.7123202095265775,0.5981455365956847,0.11417467293089278,0.667171107247074,0.58315999153857,0.08401111570850395,0.14898477157360407
breakhis_fm_virchow2_s42_std_r4,breakhis,fm_virchow2,0,1,57.0,29,True,0.9979998378262749,11.347246055331889,0.6402477204882142,0.2242696419075612,2560,0.035502546874999985,0.8573190105687001,0.5972819583358462,0.2600370522328539,0.8573190105687001,0.5972819583358462,0.2600370522328539,0.8870967741935484
breakhis_fm_virchow2_s42_std_r4,breakhis,fm_virchow2,0,5,57.0,29,True,0.9979998378262749,11.347246055331889,0.6402477204882142,0.2242696419075612,2560,0.035455539062499764,0.8261047246016835,0.6118529851480592,0.2142517394536243,0.7793575985309259,0.6175236396301457,0.16183395890078023,0.760573476702509
breakhis_fm_virchow2_s42_std_r4,breakhis,fm_virchow2,0,10,57.0,29,True,0.9979998378262749,11.347246055331889,0.6402477204882142,0.2242696419075612,2560,0.033957347656250025,0.7971902896750841,0.6186377732563492,0.17855251641873493,0.7420663984686531,0.6281301282682047,0.11393627020044839,0.6546594982078853
breakhis_fm_virchow2_s42_std_r4,breakhis,fm_virchow2,0,20,57.0,29,True,0.9979998378262749,11.347246055331889,0.6402477204882142,0.2242696419075612,2560,0.031712890624999934,0.7654240394583673,0.6258748805718585,0.13954915888650887,0.7117578999883238,0.6354370673209688,0.07632083266735501,0.5109318996415771
breakhis_fm_virchow2_s42_std_r4,breakhis,fm_virchow2,0,50,57.0,29,True,0.9979998378262749,11.347246055331889,0.6402477204882142,0.2242696419075612,2560,0.027873679687499875,0.7265211745516175,0.6350133156426265,0.09150785890899094,0.6756820827451022,0.6401205549718609,0.035561527773241286,0.32892473118279575
breakhis_fm_virchow2_s42_std_r4,breakhis,fm_virchow2,0,100,57.0,29,False,0.9979998378262749,11.347246055331889,0.6402477204882142,0.2242696419075612,2560,0.024684273437499904,0.6985408329706645,0.6392905095494901,0.05925032342117442,0.6490834209045845,0.6375970899210583,0.011486330983526138,0.22598566308243725
breakhis_fm_virchow2_s42_std_r4,breakhis,fm_virchow2,0,200,57.0,29,False,0.9979998378262749,11.347246055331889,0.6402477204882142,0.2242696419075612,2560,0.02143997265624986,0.6689028295244261,0.6384176128338036,0.03048521669062254,0.6174852367254368,0.6248337528527852,-0.007348516127348437,0.1524372759856631
breakhis_fm_virchow2_s42_std_r4,breakhis,fm_virchow2,1,1,71.0,28,True,0.8887610498439836,10.97991786852677,0.6786026062407078,0.21700968116328634,2560,0.032161015624999956,0.8678386759902617,0.6073924288903749,0.26044624709988673,0.8678386759902617,0.6073924288903749,0.26044624709988673,0.9212218649517685
breakhis_fm_virchow2_s42_std_r4,breakhis,fm_virchow2,1,5,71.0,28,True,0.8887610498439836,10.97991786852677,0.6786026062407078,0.21700968116328634,2560,0.032733062499999965,0.8346590782845517,0.6020479288956823,0.2326111493888694,0.7977165021917643,0.6033676895696448,0.19434881262211945,0.819935691318328
breakhis_fm_virchow2_s42_std_r4,breakhis,fm_virchow2,1,10,71.0,28,True,0.8887610498439836,10.97991786852677,0.6786026062407078,0.21700968116328634,2560,0.03189901562499986,0.809533936637221,0.6038683494499818,0.20566558718723915,0.7590868548102957,0.6035976746736865,0.15548918013660917,0.714630225080386
breakhis_fm_virchow2_s42_std_r4,breakhis,fm_virchow2,1,20,71.0,28,True,0.8887610498439836,10.97991786852677,0.6786026062407078,0.21700968116328634,2560,0.03040456250000001,0.7780144297762528,0.6060726682164125,0.1719417615598403,0.7190494630891656,0.6049616632522724,0.11408779983689321,0.5637459807073955
breakhis_fm_virchow2_s42_std_r4,breakhis,fm_virchow2,1,50,71.0,28,True,0.8887610498439836,10.97991786852677,0.6786026062407078,0.21700968116328634,2560,0.027790101562499947,0.7289560472697377,0.6037356657361116,0.12522038153362613,0.6633205625898687,0.5936003991126113,0.0697201634772574,0.36871382636655947
breakhis_fm_virchow2_s42_std_r4,breakhis,fm_virchow2,1,100,71.0,28,False,0.8887610498439836,10.97991786852677,0.6786026062407078,0.21700968116328634,2560,0.025421003906250128,0.6919118977409433,0.5974818400223616,0.0944300577185817,0.6387604231803278,0.5822090599978063,0.05655136318252152,0.250032154340836
breakhis_fm_virchow2_s42_std_r4,breakhis,fm_virchow2,1,200,71.0,28,False,0.8887610498439836,10.97991786852677,0.6786026062407078,0.21700968116328634,2560,0.02262661328124993,0.6626397031516332,0.5872828852162036,0.07535681793542959,0.6206597194668664,0.5698783201888,0.05078139927806635,0.16586012861736332
breakhis_mobilenet_v3_large_s42_std_r0,breakhis,mobilenet_v3_large,0,1,61.0,24,True,1.6702078485604235,12.936806786098101,1.6015786036785962,0.41753364363050866,960,0.13875780078124988,0.790899591855585,0.6290838151647629,0.16181577669082214,0.790899591855585,0.6290838151647629,0.16181577669082214,0.7387914230019492
breakhis_mobilenet_v3_large_s42_std_r0,breakhis,mobilenet_v3_large,0,5,61.0,24,True,1.6702078485604235,12.936806786098101,1.6015786036785962,0.41753364363050866,960,0.14182883984374983,0.7778470526431247,0.6319806797348752,0.14586637290824955,0.7598509820674314,0.6309935129036808,0.12885746916375063,0.6717348927875244
breakhis_mobilenet_v3_large_s42_std_r0,breakhis,mobilenet_v3_large,0,10,61.0,24,True,1.6702078485604235,12.936806786098101,1.6015786036785962,0.41753364363050866,960,0.1370499960937499,0.7659337001052593,0.6302335511368088,0.1357001489684505,0.7444623404513258,0.6265375515128724,0.11792478893845337,0.6152046783625731
breakhis_mobilenet_v3_large_s42_std_r0,breakhis,mobilenet_v3_large,0,20,61.0,24,True,1.6702078485604235,12.936806786098101,1.6015786036785962,0.41753364363050866,960,0.12850459765624977,0.7521287588830583,0.6284100346291857,0.12371872425387265,0.7260621664944417,0.6234076058853947,0.10265456060904699,0.5474658869395712
breakhis_mobilenet_v3_large_s42_std_r0,breakhis,mobilenet_v3_large,0,50,61.0,24,True,1.6702078485604235,12.936806786098101,1.6015786036785962,0.41753364363050866,960,0.11206488671875015,0.7292103242640989,0.6230746329463013,0.10613569131779765,0.6935222227995128,0.609642112850405,0.08388010994910777,0.43204678362573096
breakhis_mobilenet_v3_large_s42_std_r0,breakhis,mobilenet_v3_large,0,100,61.0,24,False,1.6702078485604235,12.936806786098101,1.6015786036785962,0.41753364363050866,960,0.09691877734374987,0.7053027985121298,0.6074072768297842,0.09789552168234561,0.6566044924750177,0.5748092260925429,0.08179526638247481,0.33512670565302144
breakhis_mobilenet_v3_large_s42_std_r0,breakhis,mobilenet_v3_large,0,200,61.0,24,False,1.6702078485604235,12.936806786098101,1.6015786036785962,0.41753364363050866,960,0.08023745703124985,0.6709501625072883,0.5815940393926574,0.08935612311463093,0.5932872655478776,0.5523590153402592,0.040928250207618366,0.23722222222222222
breakhis_mobilenet_v3_large_s42_std_r0,breakhis,mobilenet_v3_large,1,1,59.0,28,True,1.6633618718691714,13.148327527559184,1.5808175150796804,0.4243604462059772,960,0.12285475390625022,0.8422002068349551,0.6682696100787232,0.1739305967562319,0.8422002068349551,0.6682696100787232,0.1739305967562319,0.8055555555555555
breakhis_mobilenet_v3_large_s42_std_r0,breakhis,mobilenet_v3_large,1,5,59.0,28,True,1.6633618718691714,13.148327527559184,1.5808175150796804,0.4243604462059772,960,0.1284716562499999,0.8262625550384681,0.6648558986585692,0.16140665637989893,0.8059002804807346,0.6590040968385645,0.14689618364217005,0.7015873015873016
breakhis_mobilenet_v3_large_s42_std_r0,breakhis,mobilenet_v3_large,1,10,59.0,28,True,1.6633618718691714,13.148327527559184,1.5808175150796804,0.4243604462059772,960,0.12573709375000008,0.8112337234992714,0.6595602200631556,0.15167350343611574,0.7852794622291167,0.6501215196596295,0.1351579425694872,0.648015873015873
breakhis_mobilenet_v3_large_s42_std_r0,breakhis,mobilenet_v3_large,1,20,59.0,28,True,1.6633618718691714,13.148327527559184,1.5808175150796804,0.4243604462059772,960,0.11965857812499991,0.7929123771917455,0.6516532639045238,0.14125911328722163,0.7616775568404394,0.6377848207224214,0.12389273611801799,0.565079365079365
breakhis_mobilenet_v3_large_s42_std_r0,breakhis,mobilenet_v3_large,1,50,59.0,28,True,1.6633618718691714,13.148327527559184,1.5808175150796804,0.4243604462059772,960,0.10580356640624988,0.7625589557968631,0.6380176612420598,0.12454129455480323,0.7193038123442862,0.6199638616119106,0.09933995073237556,0.44908730158730165
breakhis_mobilenet_v3_large_s42_std_r0,breakhis,mobilenet_v3_large,1,100,59.0,28,False,1.6633618718691714,13.148327527559184,1.5808175150796804,0.4243604462059772,960,0.09136800390625,0.7339409110139613,0.625246070094618,0.10869484091934334,0.6708092417618577,0.5879511766143449,0.08285806514751282,0.34561507936507935
breakhis_mobilenet_v3_large_s42_std_r0,breakhis,mobilenet_v3_large,1,200,59.0,28,False,1.6633618718691714,13.148327527559184,1.5808175150796804,0.4243604462059772,960,0.07599534374999994,0.6965676365972516,0.6021390538977696,0.09442858269948207,0.6262065372381266,0.5610821503687925,0.06512438686933408,0.23461309523809523
breakhis_mobilenet_v3_large_s42_std_r1,breakhis,mobilenet_v3_large,0,1,55.0,25,True,1.7098496175467035,12.975508782866335,1.5273748835554066,0.4187827452050782,960,0.15600585156250002,0.7804020827571808,0.5284560383522495,0.2519460444049313,0.7804020827571808,0.5284560383522495,0.2519460444049313,0.7829313543599258
breakhis_mobilenet_v3_large_s42_std_r1,breakhis,mobilenet_v3_large,0,5,55.0,25,True,1.7098496175467035,12.975508782866335,1.5273748835554066,0.4187827452050782,960,0.16035626953124993,0.7504610746748668,0.5230038959457076,0.22745717872915916,0.7202398504048483,0.5182789482582777,0.2019609021465706,0.6727272727272727
breakhis_mobilenet_v3_large_s42_std_r1,breakhis,mobilenet_v3_large,0,10,55.0,25,True,1.7098496175467035,12.975508782866335,1.5273748835554066,0.4187827452050782,960,0.15426394921874997,0.7308056490118259,0.5154428888537411,0.21536276015808475,0.7006155598737746,0.5042059124566637,0.19640964741711087,0.6116883116883118
breakhis_mobilenet_v3_large_s42_std_r1,breakhis,mobilenet_v3_large,0,20,55.0,25,True,1.7098496175467035,12.975508782866335,1.5273748835554066,0.4187827452050782,960,0.14277484765624981,0.7116044299798354,0.508325470540433,0.20327895943940244,0.6801011708641098,0.49791022417595204,0.18219094668815777,0.5433209647495363
breakhis_mobilenet_v3_large_s42_std_r1,breakhis,mobilenet_v3_large,0,50,55.0,25,True,1.7098496175467035,12.975508782866335,1.5273748835554066,0.4187827452050782,960,0.12041474609374997,0.683551676077413,0.4976538880374651,0.1858977880399479,0.6468543443582225,0.48384446032152917,0.16300988403669336,0.4269758812615956
breakhis_mobilenet_v3_large_s42_std_r1,breakhis,mobilenet_v3_large,0,100,55.0,25,False,1.7098496175467035,12.975508782866335,1.5273748835554066,0.4187827452050782,960,0.09944548828125016,0.6602497770175108,0.48625511081538525,0.1739946662021255,0.6146734382526231,0.46639178706284234,0.14828165118978076,0.3286456400742115
breakhis_mobilenet_v3_large_s42_std_r1,breakhis,mobilenet_v3_large,0,200,55.0,25,False,1.7098496175467035,12.975508782866335,1.5273748835554066,0.4187827452050782,960,0.07757054687499992,0.6255835547895906,0.468409752408378,0.1571738023812126,0.5437860686767753,0.4458376283271431,0.09794844034963218,0.237012987012987
breakhis_mobilenet_v3_large_s42_std_r1,breakhis,mobilenet_v3_large,1,1,74.0,32,True,1.7372524507423301,12.320292270317847,1.5229608822552896,0.39763572319457485,960,0.16821384765624992,0.8224208675796596,0.550958137899331,0.2714627296803286,0.8224208675796596,0.550958137899331,0.2714627296803286,0.8011049723756907
breakhis_mobilenet_v3_large_s42_std_r1,breakhis,mobilenet_v3_large,1,5,74.0,32,True,1.7372524507423301,12.320292270317847,1.5229608822552896,0.39763572319457485,960,0.17431524218750016,0.8076024571909559,0.5502841538661593,0.25731830332479666,0.7879482019201577,0.5443776361841515,0.24357056573600622,0.7259668508287292
breakhis_mobilenet_v3_large_s42_std_r1,breakhis,mobilenet_v3_large,1,10,74.0,32,True,1.7372524507423301,12.320292270317847,1.5229608822552896,0.39763572319457485,960,0.16928623828125,0.7928749461421412,0.5446193913264848,0.2482555548156563,0.7665068656271418,0.5355169439219644,0.2309899217051774,0.661878453038674
breakhis_mobilenet_v3_large_s42_std_r1,breakhis,mobilenet_v3_large,1,20,74.0,32,True,1.7372524507423301,12.320292270317847,1.5229608822552896,0.39763572319457485,960,0.15930280468750002,0.7749096006064804,0.5369308452089442,0.2379787553975362,0.7416077184447487,0.5239731358755474,0.21763458256920132,0.5843462246777164
breakhis_mobilenet_v3_large_s42_std_r1,breakhis,mobilenet_v3_large,1,50,74.0,32,True,1.7372524507423301,12.320292270317847,1.5229608822552896,0.39763572319457485,960,0.13865789453124988,0.7434638829652819,0.5237332122115651,0.21973067075371677,0.6939219247389825,0.5101454743254208,0.18377645041356172,0.46972375690607737
breakhis_mobilenet_v3_large_s42_std_r1,breakhis,mobilenet_v3_large,1,100,74.0,32,False,1.7372524507423301,12.320292270317847,1.5229608822552896,0.39763572319457485,960,0.11812174609375004,0.7103238016285526,0.5131289525592163,0.19719484906933626,0.6557823797083585,0.49327755871261725,0.16250482099574126,0.3628360957642726
breakhis_mobilenet_v3_large_s42_std_r1,breakhis,mobilenet_v3_large,1,200,74.0,32,False,1.7372524507423301,12.320292270317847,1.5229608822552896,0.39763572319457485,960,0.09570805859374987,0.6771909922390144,0.49721157421058704,0.17997941802842732,0.626749130547814,0.473746673577445,0.15300245697036902,0.2504604051565378
breakhis_mobilenet_v3_large_s42_std_r2,breakhis,mobilenet_v3_large,0,1,58.0,31,True,1.8305947232539412,13.540985964296945,1.6235715945677394,0.4370334427579204,960,0.1745693125000003,0.856629055256575,0.6215941344748889,0.23503492078168609,0.856629055256575,0.6215941344748889,0.23503492078168609,0.8154121863799283
breakhis_mobilenet_v3_large_s42_std_r2,breakhis,mobilenet_v3_large,0,5,58.0,31,True,1.8305947232539412,13.540985964296945,1.6235715945677394,0.4370334427579204,960,0.18488082812500006,0.8411315974765327,0.6109405703174422,0.23019102715909046,0.8234581267890188,0.6031141474629439,0.22034397932607486,0.710752688172043
breakhis_mobilenet_v3_large_s42_std_r2,breakhis,mobilenet_v3_large,0,10,58.0,31,True,1.8305947232539412,13.540985964296945,1.6235715945677394,0.4370334427579204,960,0.1810348007812499,0.8278066143715922,0.6055997924896944,0.22220682188189778,0.8039235458749517,0.595332511005324,0.2085910348696277,0.6523297491039427
breakhis_mobilenet_v3_large_s42_std_r2,breakhis,mobilenet_v3_large,0,20,58.0,31,True,1.8305947232539412,13.540985964296945,1.6235715945677394,0.4370334427579204,960,0.17214290625000006,0.8102711347465034,0.5980178287181573,0.21225330602834602,0.7758901308084507,0.5869723835880248,0.18891774722042587,0.5825268817204302
breakhis_mobilenet_v3_large_s42_std_r2,breakhis,mobilenet_v3_large,0,50,58.0,31,True,1.8305947232539412,13.540985964296945,1.6235715945677394,0.4370334427579204,960,0.15162984765624998,0.7746181362714815,0.5863136503339386,0.1883044859375429,0.7162850683055759,0.5654263944897803,0.15085867381579565,0.47057347670250893
breakhis_mobilenet_v3_large_s42_std_r2,breakhis,mobilenet_v3_large,0,100,58.0,31,False,1.8305947232539412,13.540985964296945,1.6235715945677394,0.4370334427579204,960,0.13032976953125008,0.7328156899376209,0.5704555336392493,0.16236015629837164,0.6374001776192649,0.5335683375102869,0.10383184010897806,0.36358422939068097
breakhis_mobilenet_v3_large_s42_std_r2,breakhis,mobilenet_v3_large,0,200,58.0,31,False,1.8305947232539412,13.540985964296945,1.6235715945677394,0.4370334427579204,960,0.10642577343749982,0.6684729342914867,0.5429902757535778,0.12548265853790885,0.5465029880372364,0.4853371202720027,0.061165867765233695,0.24687275985663082
breakhis_mobilenet_v3_large_s42_std_r2,breakhis,mobilenet_v3_large,1,1,61.5,29,True,1.7552889464778922,12.207579226322904,1.4478239297411821,0.39399792534213524,960,0.14842553125000013,0.8261634666164064,0.6460016205104254,0.18016184610598096,0.8261634666164064,0.6460016205104254,0.18016184610598096,0.8015122873345936
breakhis_mobilenet_v3_large_s42_std_r2,breakhis,mobilenet_v3_large,1,5,61.5,29,True,1.7552889464778922,12.207579226322904,1.4478239297411821,0.39399792534213524,960,0.1554549179687501,0.8079596623852116,0.6356540599447328,0.17230560244047877,0.7790892312974805,0.6265784939160094,0.15251073738147114,0.7206049149338375
breakhis_mobilenet_v3_large_s42_std_r2,breakhis,mobilenet_v3_large,1,10,61.5,29,True,1.7552889464778922,12.207579226322904,1.4478239297411821,0.39399792534213524,960,0.1507168671875001,0.7910154755662213,0.6321724392927781,0.1588430362734432,0.7623279222657439,0.6269287789206268,0.13539914334511705,0.6604914933837429
breakhis_mobilenet_v3_large_s42_std_r2,breakhis,mobilenet_v3_large,1,20,61.5,29,True,1.7552889464778922,12.207579226322904,1.4478239297411821,0.39399792534213524,960,0.14120564843750016,0.7736999348731145,0.6297575957003401,0.14394233917277444,0.7464362157733958,0.6250499775322245,0.12138623824117134,0.5909262759924386
breakhis_mobilenet_v3_large_s42_std_r2,breakhis,mobilenet_v3_large,1,50,61.5,29,True,1.7552889464778922,12.207579226322904,1.4478239297411821,0.39399792534213524,960,0.12235073828124998,0.7483135122425482,0.6235356140779189,0.12477789816462925,0.70186068818031,0.606640554511777,0.09522013366853299,0.4690737240075614
breakhis_mobilenet_v3_large_s42_std_r2,breakhis,mobilenet_v3_large,1,100,61.5,29,False,1.7552889464778922,12.207579226322904,1.4478239297411821,0.39399792534213524,960,0.10436346484375014,0.7169872937259856,0.6093508405070994,0.10763645321888615,0.653681721738384,0.5636740297282283,0.09000769201015568,0.35678638941398866
breakhis_mobilenet_v3_large_s42_std_r2,breakhis,mobilenet_v3_large,1,200,61.5,29,False,1.7552889464778922,12.207579226322904,1.4478239297411821,0.39399792534213524,960,0.08495022656249995,0.6796410370290197,0.5752475878100818,0.1043934492189379,0.6139412589082942,0.5210577899492971,0.09288346895899713,0.24500945179584124
breakhis_mobilenet_v3_large_s42_std_r3,breakhis,mobilenet_v3_large,0,1,65.0,27,True,1.7819327542247414,13.315645352077448,1.5179434673502175,0.4297606057716679,960,0.15580538281250012,0.7740956846707093,0.6346630854726124,0.13943259919809692,0.7740956846707093,0.6346630854726124,0.13943259919809692,0.8589285714285714
breakhis_mobilenet_v3_large_s42_std_r3,breakhis,mobilenet_v3_large,0,5,65.0,27,True,1.7819327542247414,13.315645352077448,1.5179434673502175,0.4297606057716679,960,0.16217061718750014,0.7397828232971372,0.6346747778039463,0.10510804549319086,0.707629389366803,0.6282673802329446,0.07936200913385838,0.7603571428571427
breakhis_mobilenet_v3_large_s42_std_r3,breakhis,mobilenet_v3_large,0,10,65.0,27,True,1.7819327542247414,13.315645352077448,1.5179434673502175,0.4297606057716679,960,0.15818014062499985,0.7163287970667043,0.6312923533823409,0.08503644368436336,0.6806814976731067,0.626643816510574,0.054037681162532714,0.69875
breakhis_mobilenet_v3_large_s42_std_r3,breakhis,mobilenet_v3_large,0,20,65.0,27,True,1.7819327542247414,13.315645352077448,1.5179434673502175,0.4297606057716679,960,0.14987816015624988,0.6906518826681709,0.6271966967493648,0.06345518591880606,0.6498766041461007,0.6185126352343394,0.0313639689117613,0.6165178571428571
breakhis_mobilenet_v3_large_s42_std_r3,breakhis,mobilenet_v3_large,0,50,65.0,27,True,1.7819327542247414,13.315645352077448,1.5179434673502175,0.4297606057716679,960,0.13254589453124987,0.6508144126357355,0.6153206287801725,0.03549378385556301,0.5970702298688478,0.5958077981168666,0.0012624317519812633,0.4970357142857143
breakhis_mobilenet_v3_large_s42_std_r3,breakhis,mobilenet_v3_large,0,100,65.0,27,False,1.7819327542247414,13.315645352077448,1.5179434673502175,0.4297606057716679,960,0.11460567578125003,0.6091594979551544,0.5994207284990555,0.009738769456098972,0.5342000423071499,0.5667506844189663,-0.03255064211181635,0.3830714285714285
breakhis_mobilenet_v3_large_s42_std_r3,breakhis,mobilenet_v3_large,0,200,65.0,27,False,1.7819327542247414,13.315645352077448,1.5179434673502175,0.4297606057716679,960,0.09404776171874996,0.5593445917360034,0.5779870148308871,-0.01864242309488373,0.49338774502890986,0.5402207846222459,-0.04683303959333601,0.26365178571428566
breakhis_mobilenet_v3_large_s42_std_r3,breakhis,mobilenet_v3_large,1,1,64.0,33,True,1.6319560864658986,13.348185136977614,1.6587073205353517,0.4308108228133972,960,0.13307832812499998,0.7742277632737191,0.5665209420392047,0.20770682123451445,0.7742277632737191,0.5665209420392047,0.20770682123451445,0.7901861252115059
breakhis_mobilenet_v3_large_s42_std_r3,breakhis,mobilenet_v3_large,1,5,64.0,33,True,1.6319560864658986,13.348185136977614,1.6587073205353517,0.4308108228133972,960,0.1378807382812498,0.7606496259289139,0.5631769143985333,0.1974727115303806,0.7485463926652335,0.5595314483147652,0.18901494435046828,0.6835871404399323
breakhis_mobilenet_v3_large_s42_std_r3,breakhis,mobilenet_v3_large,1,10,64.0,33,True,1.6319560864658986,13.348185136977614,1.6587073205353517,0.4308108228133972,960,0.13276304687499996,0.7524666643282004,0.5614828656042872,0.19098379872391325,0.7384258447291806,0.5593868988859118,0.17903894584326885,0.6189509306260574
breakhis_mobilenet_v3_large_s42_std_r3,breakhis,mobilenet_v3_large,1,20,64.0,33,True,1.6319560864658986,13.348185136977614,1.6587073205353517,0.4308108228133972,960,0.12360653515624997,0.7423962263835786,0.5589885065576082,0.18340771982597037,0.7228633517237002,0.5540456212099845,0.16881773051371574,0.5393401015228426
breakhis_mobilenet_v3_large_s42_std_r3,breakhis,mobilenet_v3_large,1,50,64.0,33,True,1.6319560864658986,13.348185136977614,1.6587073205353517,0.4308108228133972,960,0.1060368945312502,0.7234362759590635,0.5522458045409674,0.17119047141809607,0.6963735399201246,0.5410361726131716,0.15533736730695302,0.4219289340101523
breakhis_mobilenet_v3_large_s42_std_r3,breakhis,mobilenet_v3_large,1,100,64.0,33,False,1.6319560864658986,13.348185136977614,1.6587073205353517,0.4308108228133972,960,0.08926164843750006,0.7043176438950163,0.5402446763503032,0.16407296754471312,0.6674533935321364,0.5132315611338316,0.15422183239830478,0.3272927241962775
breakhis_mobilenet_v3_large_s42_std_r3,breakhis,mobilenet_v3_large,1,200,64.0,33,False,1.6319560864658986,13.348185136977614,1.6587073205353517,0.4308108228133972,960,0.07107379296874983,0.6805103869660571,0.5201981384854041,0.16031224848065306,0.6278581486362566,0.4898533352136511,0.13800481342260545,0.2352791878172589
breakhis_mobilenet_v3_large_s42_std_r4,breakhis,mobilenet_v3_large,0,1,57.0,29,True,1.8150380620513022,13.315849613571196,1.541642277533,0.4297671982830309,960,0.1740260820312498,0.7778874629812438,0.5282866148430532,0.2496008481381906,0.7778874629812438,0.5282866148430532,0.2496008481381906,0.7849462365591398
breakhis_mobilenet_v3_large_s42_std_r4,breakhis,mobilenet_v3_large,0,5,57.0,29,True,1.8150380620513022,13.315849613571196,1.541642277533,0.4297671982830309,960,0.17972416015625003,0.745928379100369,0.517726151668185,0.228202227432184,0.7146557122992495,0.5107556746221944,0.2039000376770551,0.6720430107526881
breakhis_mobilenet_v3_large_s42_std_r4,breakhis,mobilenet_v3_large,0,10,57.0,29,True,1.8150380620513022,13.315849613571196,1.541642277533,0.4297671982830309,960,0.17245581640625018,0.7249767361221681,0.5120523230162232,0.2129244131059449,0.6949459888828738,0.5070466571229959,0.18789933175987794,0.6112903225806452
breakhis_mobilenet_v3_large_s42_std_r4,breakhis,mobilenet_v3_large,0,20,57.0,29,True,1.8150380620513022,13.315849613571196,1.541642277533,0.4297671982830309,960,0.15934437109375,0.7044461427959819,0.5074704088013382,0.19697573399464374,0.6715971934740842,0.500334874921836,0.17126231855224816,0.5371863799283154
breakhis_mobilenet_v3_large_s42_std_r4,breakhis,mobilenet_v3_large,0,50,57.0,29,True,1.8150380620513022,13.315849613571196,1.541642277533,0.4297671982830309,960,0.13384287109375004,0.6734441507711577,0.5003364620067737,0.17310768876438398,0.6277814929217661,0.4928168535723695,0.13496463934939662,0.4297849462365591
breakhis_mobilenet_v3_large_s42_std_r4,breakhis,mobilenet_v3_large,0,100,57.0,29,False,1.8150380620513022,13.315849613571196,1.541642277533,0.4297671982830309,960,0.10993676953125003,0.6415717535833448,0.49412937281577435,0.1474423807675705,0.6006591726905073,0.4849655443860045,0.1156936283045028,0.3350358422939068
breakhis_mobilenet_v3_large_s42_std_r4,breakhis,mobilenet_v3_large,0,200,57.0,29,False,1.8150380620513022,13.315849613571196,1.541642277533,0.4297671982830309,960,0.08506200000000003,0.6146157302734699,0.4887697869814597,0.12584594329201026,0.5486400803886394,0.4860336525490171,0.06260642783962234,0.244668458781362
breakhis_mobilenet_v3_large_s42_std_r4,breakhis,mobilenet_v3_large,1,1,71.0,28,True,1.8351907471724453,13.182508604205143,1.5977771822689915,0.4254636357110208,960,0.18900925000000013,0.7714200918604762,0.5713166116471533,0.20010348021332292,0.7714200918604762,0.5713166116471533,0.20010348021332292,0.8247588424437299
breakhis_mobilenet_v3_large_s42_std_r4,breakhis,mobilenet_v3_large,1,5,71.0,28,True,1.8351907471724453,13.182508604205143,1.5977771822689915,0.4254636357110208,960,0.1966015000000001,0.7496944861495097,0.5680048261489525,0.1816896600005572,0.7299416270159946,0.56307253022535,0.16686909679064466,0.7466237942122187
breakhis_mobilenet_v3_large_s42_std_r4,breakhis,mobilenet_v3_large,1,10,71.0,28,True,1.8351907471724453,13.182508604205143,1.5977771822689915,0.4254636357110208,960,0.1913517695312501,0.7357344870382773,0.5619650634935799,0.17376942354469738,0.7084842386594846,0.5557678494977479,0.1527163891617367,0.6831189710610933
breakhis_mobilenet_v3_large_s42_std_r4,breakhis,mobilenet_v3_large,1,20,71.0,28,True,1.8351907471724453,13.182508604205143,1.5977771822689915,0.4254636357110208,960,0.18005158984375014,0.7158229194110011,0.5573529775994509,0.15846994181155016,0.6849318981853271,0.5538908172255305,0.1310410809597966,0.6055466237942122
breakhis_mobilenet_v3_large_s42_std_r4,breakhis,mobilenet_v3_large,1,50,71.0,28,True,1.8351907471724453,13.182508604205143,1.5977771822689915,0.4254636357110208,960,0.15606144140625,0.6850541037255232,0.5478828986614867,0.13717120506403657,0.6461911548582256,0.52959200642543,0.11659914843279562,0.4790996784565916
breakhis_mobilenet_v3_large_s42_std_r4,breakhis,mobilenet_v3_large,1,100,71.0,28,False,1.8351907471724453,13.182508604205143,1.5977771822689915,0.4254636357110208,960,0.13122592578124992,0.6597321635459287,0.5355521588524805,0.12418000469344814,0.6027335950965423,0.5194815074285188,0.0832520876680235,0.3721543408360129
breakhis_mobilenet_v3_large_s42_std_r4,breakhis,mobilenet_v3_large,1,200,71.0,28,False,1.8351907471724453,13.182508604205143,1.5977771822689915,0.4254636357110208,960,0.10294495703124984,0.6262557809568853,0.5244102651197515,0.10184551583713375,0.5566906739714896,0.5081910079362552,0.04849966603523448,0.26196141479099677
breakhis_regnet_y_3_2gf_s42_std_r0,breakhis,regnet_y_3_2gf,0,1,61.0,24,True,1.7244912976309175,13.763991372451153,1.3686407322964622,0.353971662936424,1512,0.16348816015625,0.8332072915644382,0.5567052915276015,0.27650200003683667,0.8332072915644382,0.5567052915276015,0.27650200003683667,0.834307992202729
breakhis_regnet_y_3_2gf_s42_std_r0,breakhis,regnet_y_3_2gf,0,5,61.0,24,True,1.7244912976309175,13.763991372451153,1.3686407322964622,0.353971662936424,1512,0.16696372265625004,0.8118552386230465,0.556143154859838,0.25571208376320853,0.7894890786250479,0.5552989705260188,0.23419010809902907,0.7341130604288499
breakhis_regnet_y_3_2gf_s42_std_r0,breakhis,regnet_y_3_2gf,0,10,61.0,24,True,1.7244912976309175,13.763991372451153,1.3686407322964622,0.353971662936424,1512,0.15992198437500005,0.7947732114095704,0.554539008759147,0.2402342026504234,0.7590947314540601,0.5512876259421176,0.2078071055119426,0.6807017543859649
breakhis_regnet_y_3_2gf_s42_std_r0,breakhis,regnet_y_3_2gf,0,20,61.0,24,True,1.7244912976309175,13.763991372451153,1.3686407322964622,0.353971662936424,1512,0.14858465624999995,0.7707386817377985,0.5501398486344192,0.22059883310337924,0.7174970991150136,0.5401487017972704,0.1773483973177432,0.6025341130604288
breakhis_regnet_y_3_2gf_s42_std_r0,breakhis,regnet_y_3_2gf,0,50,61.0,24,True,1.7244912976309175,13.763991372451153,1.3686407322964622,0.353971662936424,1512,0.12699424609374999,0.7219306904972204,0.5402368416929128,0.1816938488043076,0.6343768822077129,0.5281734279759946,0.10620345423171829,0.4707602339181286
breakhis_regnet_y_3_2gf_s42_std_r0,breakhis,regnet_y_3_2gf,0,100,61.0,24,False,1.7244912976309175,13.763991372451153,1.3686407322964622,0.353971662936424,1512,0.10679439453125006,0.6667282443247529,0.5288981337846096,0.13783011054014327,0.5645362721270655,0.5131112991428884,0.05142497298417703,0.3523001949317739
breakhis_regnet_y_3_2gf_s42_std_r0,breakhis,regnet_y_3_2gf,0,200,61.0,24,False,1.7244912976309175,13.763991372451153,1.3686407322964622,0.353971662936424,1512,0.08512920703124993,0.5983135418891641,0.5171578996850468,0.0811556422041173,0.5177545706978866,0.49843894451495635,0.0193156261829302,0.23853801169590644
breakhis_regnet_y_3_2gf_s42_std_r0,breakhis,regnet_y_3_2gf,1,1,59.0,28,True,1.796432585471067,14.005535402649553,1.35601579455576,0.36018350510691693,1512,0.1594317382812499,0.8682308560146664,0.6113160492544293,0.25691480676023715,0.8682308560146664,0.6113160492544293,0.25691480676023715,0.8273809523809523
breakhis_regnet_y_3_2gf_s42_std_r0,breakhis,regnet_y_3_2gf,1,5,59.0,28,True,1.796432585471067,14.005535402649553,1.35601579455576,0.36018350510691693,1512,0.16269518359375001,0.8570762625550384,0.6091319666941842,0.2479442958608542,0.8354428148357073,0.5979806376751355,0.23746217716057172,0.7507936507936507
breakhis_regnet_y_3_2gf_s42_std_r0,breakhis,regnet_y_3_2gf,1,10,59.0,28,True,1.796432585471067,14.005535402649553,1.35601579455576,0.36018350510691693,1512,0.1572613828124998,0.8407370845672919,0.5995162305236602,0.2412208540436317,0.8013855591594979,0.5845855727395708,0.21679998641992715,0.6801587301587302
breakhis_regnet_y_3_2gf_s42_std_r0,breakhis,regnet_y_3_2gf,1,20,59.0,28,True,1.796432585471067,14.005535402649553,1.35601579455576,0.36018350510691693,1512,0.14628782031249998,0.8127340603895392,0.58760480228761,0.22512925810192919,0.7527127501214372,0.5680635173543159,0.1846492327671213,0.5974206349206349
breakhis_regnet_y_3_2gf_s42_std_r0,breakhis,regnet_y_3_2gf,1,50,59.0,28,True,1.796432585471067,14.005535402649553,1.35601579455576,0.36018350510691693,1512,0.12384599609375002,0.7532827214465911,0.5661469127463828,0.1871358087002083,0.6640303044547862,0.5385447275092414,0.12548557694554474,0.4629365079365079
breakhis_regnet_y_3_2gf_s42_std_r0,breakhis,regnet_y_3_2gf,1,100,59.0,28,False,1.796432585471067,14.005535402649553,1.35601579455576,0.36018350510691693,1512,0.10217837109375005,0.6879906454190758,0.5448814533866749,0.1431091920324009,0.5766503705792946,0.5109964227229256,0.06565394785636902,0.3422420634920635
breakhis_regnet_y_3_2gf_s42_std_r0,breakhis,regnet_y_3_2gf,1,200,59.0,28,False,1.796432585471067,14.005535402649553,1.35601579455576,0.36018350510691693,1512,0.07919673437500019,0.6086255660539964,0.5199655934835443,0.0886599725704521,0.5279207602751532,0.49996055181278853,0.02796020846236469,0.2280059523809524
breakhis_regnet_y_3_2gf_s42_std_r1,breakhis,regnet_y_3_2gf,0,1,55.0,25,True,1.7729033243189956,14.992817160018708,1.4221345802424812,0.3855736521933373,1512,0.1683048476562501,0.8405844613713743,0.5183589396773801,0.3222255216939942,0.8405844613713743,0.5183589396773801,0.3222255216939942,0.8033395176252319
breakhis_regnet_y_3_2gf_s42_std_r1,breakhis,regnet_y_3_2gf,0,5,55.0,25,True,1.7729033243189956,14.992817160018708,1.4221345802424812,0.3855736521933373,1512,0.17297826171874986,0.8213319609455556,0.5055239528850541,0.31580800806050147,0.7918927779314184,0.49195449942642516,0.29993827850499327,0.7309833024118738
breakhis_regnet_y_3_2gf_s42_std_r1,breakhis,regnet_y_3_2gf,0,10,55.0,25,True,1.7729033243189956,14.992817160018708,1.4221345802424812,0.3855736521933373,1512,0.16646370312499997,0.8009274606369515,0.49528868721355346,0.30563877342339807,0.762763114758602,0.47949765388803745,0.2832654608705646,0.6701298701298702
breakhis_regnet_y_3_2gf_s42_std_r1,breakhis,regnet_y_3_2gf,0,20,55.0,25,True,1.7729033243189956,14.992817160018708,1.4221345802424812,0.3855736521933373,1512,0.15471949218750003,0.7760083661931074,0.4832390707178684,0.292769295475239,0.7285053122029571,0.46644450867997794,0.26206080352297917,0.5943413729128015
breakhis_regnet_y_3_2gf_s42_std_r1,breakhis,regnet_y_3_2gf,0,50,55.0,25,True,1.7729033243189956,14.992817160018708,1.4221345802424812,0.3855736521933373,1512,0.13180244921875,0.7287452358669394,0.46652813607267585,0.26221709979426355,0.651808493297705,0.4496608545628742,0.20214763873483077,0.4638589981447125
breakhis_regnet_y_3_2gf_s42_std_r1,breakhis,regnet_y_3_2gf,0,100,55.0,25,False,1.7729033243189956,14.992817160018708,1.4221345802424812,0.3855736521933373,1512,0.11061178124999999,0.6786781121853749,0.4541003783230526,0.22457773386232227,0.5751025170006978,0.44035639813183675,0.13474611886886106,0.35220779220779225
breakhis_regnet_y_3_2gf_s42_std_r1,breakhis,regnet_y_3_2gf,0,200,55.0,25,False,1.7729033243189956,14.992817160018708,1.4221345802424812,0.3855736521933373,1512,0.0891567265624999,0.6066643834236557,0.44564310373978067,0.16102127968387503,0.5158944848692416,0.44663208855777287,0.06926239631146874,0.24695732838589984
breakhis_regnet_y_3_2gf_s42_std_r1,breakhis,regnet_y_3_2gf,1,1,74.0,32,True,1.8551388715664463,13.9140446526836,1.4105971663592736,0.35783061690520185,1512,0.19722247656250036,0.876571422338331,0.557269412296912,0.319302010041419,0.876571422338331,0.557269412296912,0.319302010041419,0.8305709023941068
breakhis_regnet_y_3_2gf_s42_std_r1,breakhis,regnet_y_3_2gf,1,5,74.0,32,True,1.8551388715664463,13.9140446526836,1.4105971663592736,0.35783061690520185,1512,0.20374152343749985,0.862391125315648,0.5430461514229671,0.3193449738926809,0.8430695616288435,0.5282001879096788,0.3148693737191647,0.7491712707182321
breakhis_regnet_y_3_2gf_s42_std_r1,breakhis,regnet_y_3_2gf,1,10,74.0,32,True,1.8551388715664463,13.9140446526836,1.4105971663592736,0.35783061690520185,1512,0.19741667968749999,0.8490761900087082,0.5331543368491612,0.3159218531595469,0.8211591847420004,0.5195208120042417,0.30163837273775873,0.6939226519337016
breakhis_regnet_y_3_2gf_s42_std_r1,breakhis,regnet_y_3_2gf,1,20,74.0,32,True,1.8551388715664463,13.9140446526836,1.4105971663592736,0.35783061690520185,1512,0.18500476171875013,0.8301709452985953,0.5206728118870271,0.3094981334115682,0.788473600104716,0.4985393960150694,0.2899342040896466,0.6165745856353592
breakhis_regnet_y_3_2gf_s42_std_r1,breakhis,regnet_y_3_2gf,1,50,74.0,32,True,1.8551388715664463,13.9140446526836,1.4105971663592736,0.35783061690520185,1512,0.1582571640625,0.7863065598417625,0.4949094059233673,0.29139715391839516,0.703869948496434,0.4673511511757175,0.2365187973207165,0.48044198895027623
breakhis_regnet_y_3_2gf_s42_std_r1,breakhis,regnet_y_3_2gf,1,100,74.0,32,False,1.8551388715664463,13.9140446526836,1.4105971663592736,0.35783061690520185,1512,0.13032713671875001,0.7333595123432214,0.4719683080986141,0.26139120424460727,0.6509083571035107,0.44534777026668154,0.20556058683682915,0.3649907918968692
breakhis_regnet_y_3_2gf_s42_std_r1,breakhis,regnet_y_3_2gf,1,200,74.0,32,False,1.8551388715664463,13.9140446526836,1.4105971663592736,0.35783061690520185,1512,0.0998135937500001,0.6796561823368039,0.4522542751283408,0.2274019072084631,0.5974686351827713,0.4389504163866031,0.15851821879616818,0.2513720073664825
breakhis_regnet_y_3_2gf_s42_std_r2,breakhis,regnet_y_3_2gf,0,1,58.0,31,True,2.0265634659725413,15.666708132887532,1.5457641860490858,0.40290425796381607,1512,0.1989758906250001,0.8864811217611905,0.6369689313032655,0.24951219045792505,0.8864811217611905,0.6369689313032655,0.24951219045792505,0.8225806451612904
breakhis_regnet_y_3_2gf_s42_std_r2,breakhis,regnet_y_3_2gf,0,5,58.0,31,True,2.0265634659725413,15.666708132887532,1.5457641860490858,0.40290425796381607,1512,0.21105446874999967,0.8728624653695507,0.6186942152770132,0.2541682500925375,0.8537878546635672,0.6047955034457534,0.24899235121781382,0.7637992831541218
breakhis_regnet_y_3_2gf_s42_std_r2,breakhis,regnet_y_3_2gf,0,10,58.0,31,True,2.0265634659725413,15.666708132887532,1.5457641860490858,0.40290425796381607,1512,0.20797753515625006,0.8607847091749904,0.6065869593208889,0.2541977498541015,0.8339843680893899,0.5864629383235332,0.24752142976585667,0.6937275985663083
breakhis_regnet_y_3_2gf_s42_std_r2,breakhis,regnet_y_3_2gf,0,20,58.0,31,True,2.0265634659725413,15.666708132887532,1.5457641860490858,0.40290425796381607,1512,0.19889270312499996,0.8421806833741999,0.5905385004394665,0.2516421829347334,0.8008452837131625,0.5661765666374933,0.23466871707566928,0.6229390681003585
breakhis_regnet_y_3_2gf_s42_std_r2,breakhis,regnet_y_3_2gf,0,50,58.0,31,True,2.0265634659725413,15.666708132887532,1.5457641860490858,0.40290425796381607,1512,0.17401487890625023,0.8020801268102481,0.566322122427348,0.23575800438290007,0.7258789853764857,0.5334824969162699,0.19239648846021573,0.5083870967741936
breakhis_regnet_y_3_2gf_s42_std_r2,breakhis,regnet_y_3_2gf,0,100,58.0,31,False,2.0265634659725413,15.666708132887532,1.5457641860490858,0.40290425796381607,1512,0.14571675390624983,0.7499796551638732,0.5410849877863764,0.20889466737749685,0.6040328772551808,0.48881926262929737,0.11521361462588348,0.3887275985663083
breakhis_regnet_y_3_2gf_s42_std_r2,breakhis,regnet_y_3_2gf,0,200,58.0,31,False,2.0265634659725413,15.666708132887532,1.5457641860490858,0.40290425796381607,1512,0.1135153593749999,0.651041832521309,0.5051271093926405,0.1459147231286685,0.5072179940345403,0.46614988140935326,0.041068112625187,0.25540322580645164
breakhis_regnet_y_3_2gf_s42_std_r2,breakhis,regnet_y_3_2gf,1,1,61.5,29,True,1.832229573211835,13.982366358402798,1.3843959187054558,0.3595876615831346,1512,0.17629646484375006,0.8609960867885728,0.586720306269394,0.2742757805191788,0.8609960867885728,0.586720306269394,0.2742757805191788,0.8355387523629489
breakhis_regnet_y_3_2gf_s42_std_r2,breakhis,regnet_y_3_2gf,1,5,61.5,29,True,1.832229573211835,13.982366358402798,1.3843959187054558,0.3595876615831346,1512,0.17867095312500014,0.8448412602145642,0.5916119125207429,0.2532293476938213,0.8176353902108133,0.5894075937543122,0.22822779645650115,0.7516068052930056
breakhis_regnet_y_3_2gf_s42_std_r2,breakhis,regnet_y_3_2gf,1,10,61.5,29,True,1.832229573211835,13.982366358402798,1.3843959187054558,0.3595876615831346,1512,0.1720413164062501,0.8287760064343124,0.5888149398323586,0.23996106660195382,0.7988176391224105,0.5810467506643031,0.21777088845810744,0.6982986767485823
breakhis_regnet_y_3_2gf_s42_std_r2,breakhis,regnet_y_3_2gf,1,20,61.5,29,True,1.832229573211835,13.982366358402798,1.3843959187054558,0.3595876615831346,1512,0.16035562109375012,0.8104154498140431,0.5853810853173972,0.22503436449664593,0.7676985576914105,0.5767672586129421,0.1909312990784684,0.6303402646502837
breakhis_regnet_y_3_2gf_s42_std_r2,breakhis,regnet_y_3_2gf,1,50,61.5,29,True,1.832229573211835,13.982366358402798,1.3843959187054558,0.3595876615831346,1512,0.13844401171874998,0.7655786682391669,0.5698500143298411,0.1957286539093258,0.6809883611351112,0.5308923068213582,0.15009605431375295,0.5158790170132325
breakhis_regnet_y_3_2gf_s42_std_r2,breakhis,regnet_y_3_2gf,1,100,61.5,29,False,1.832229573211835,13.982366358402798,1.3843959187054558,0.3595876615831346,1512,0.11780424218749985,0.7051823459487905,0.5367180064183535,0.16846433953043694,0.6078838987304923,0.4874109692279931,0.12047292950249922,0.3895841209829868
breakhis_regnet_y_3_2gf_s42_std_r2,breakhis,regnet_y_3_2gf,1,200,61.5,29,False,1.832229573211835,13.982366358402798,1.3843959187054558,0.3595876615831346,1512,0.09346378906250008,0.6418226570649608,0.5041167333623469,0.13770592370261392,0.570046857767734,0.4729024473953302,0.09714441037240379,0.26473534971644613
breakhis_regnet_y_3_2gf_s42_std_r3,breakhis,regnet_y_3_2gf,0,1,65.0,27,True,1.9515390103226284,15.77447248026614,1.4680675665704557,0.405675657931649,1512,0.176000765625,0.8656924270201664,0.6656878515007107,0.2000045755194556,0.8656924270201664,0.6656878515007107,0.2000045755194556,0.9
breakhis_regnet_y_3_2gf_s42_std_r3,breakhis,regnet_y_3_2gf,0,5,65.0,27,True,1.9515390103226284,15.77447248026614,1.4680675665704557,0.405675657931649,1512,0.18312056640624996,0.8394302637145677,0.6614635792230613,0.17796668449150643,0.8058577774643915,0.6574781645712339,0.1483796128931576,0.8207142857142857
breakhis_regnet_y_3_2gf_s42_std_r3,breakhis,regnet_y_3_2gf,0,10,65.0,27,True,1.9515390103226284,15.77447248026614,1.4680675665704557,0.405675657931649,1512,0.17883553515624984,0.8177161190241151,0.6580110008134522,0.1597051182106629,0.7789574813143422,0.6485936630904836,0.13036381822385856,0.7616071428571428
breakhis_regnet_y_3_2gf_s42_std_r3,breakhis,regnet_y_3_2gf,0,20,65.0,27,True,1.9515390103226284,15.77447248026614,1.4680675665704557,0.405675657931649,1512,0.1698757539062501,0.791157805669158,0.6524320884341128,0.13872571723504523,0.7392187279650261,0.6393500400044765,0.0998686879605496,0.67875
breakhis_regnet_y_3_2gf_s42_std_r3,breakhis,regnet_y_3_2gf,0,50,65.0,27,True,1.9515390103226284,15.77447248026614,1.4680675665704557,0.405675657931649,1512,0.14984532812500007,0.7404826540685376,0.6384079721655701,0.10207468190296753,0.6533986743759695,0.6076003494336736,0.045798324942295965,0.5389642857142858
breakhis_regnet_y_3_2gf_s42_std_r3,breakhis,regnet_y_3_2gf,0,100,65.0,27,False,1.9515390103226284,15.77447248026614,1.4680675665704557,0.405675657931649,1512,0.1285559921874999,0.6742649132703427,0.6155160577467541,0.05874885552358855,0.5711429981666901,0.5769096500151165,-0.005766651848426396,0.40403571428571433
breakhis_regnet_y_3_2gf_s42_std_r3,breakhis,regnet_y_3_2gf,0,200,65.0,27,False,1.9515390103226284,15.77447248026614,1.4680675665704557,0.405675657931649,1512,0.10295806250000006,0.6017398815399803,0.587090329940887,0.014649551599093313,0.5348046819912565,0.5607174414506508,-0.025912759459394308,0.2771160714285714
breakhis_regnet_y_3_2gf_s42_std_r3,breakhis,regnet_y_3_2gf,1,1,64.0,33,True,1.7417664970093059,14.457806356122084,1.4866513509601604,0.3718146589754771,1512,0.15301339843749995,0.8460003040006147,0.6005658581300239,0.2454344458705907,0.8460003040006147,0.6005658581300239,0.2454344458705907,0.8274111675126903
breakhis_regnet_y_3_2gf_s42_std_r3,breakhis,regnet_y_3_2gf,1,5,64.0,33,True,1.7417664970093059,14.457806356122084,1.4866513509601604,0.3718146589754771,1512,0.1583743125,0.8301906017040738,0.5898075024679171,0.24038309923615664,0.8135390515514889,0.5841048512198561,0.22943420033163275,0.7279187817258883
breakhis_regnet_y_3_2gf_s42_std_r3,breakhis,regnet_y_3_2gf,1,10,64.0,33,True,1.7417664970093059,14.457806356122084,1.4866513509601604,0.3718146589754771,1512,0.15243220703125016,0.8189893482861548,0.5866838245663517,0.23230552371980306,0.7951319813657646,0.5829396417994641,0.21219233956630046,0.6526226734348562
breakhis_regnet_y_3_2gf_s42_std_r3,breakhis,regnet_y_3_2gf,1,20,64.0,33,True,1.7417664970093059,14.457806356122084,1.4866513509601604,0.3718146589754771,1512,0.1419769648437499,0.8041417578250928,0.5836747285291214,0.2204670292959714,0.7750061384739503,0.5752644196869271,0.19974171878702318,0.5711505922165822
breakhis_regnet_y_3_2gf_s42_std_r3,breakhis,regnet_y_3_2gf,1,50,64.0,33,True,1.7417664970093059,14.457806356122084,1.4866513509601604,0.3718146589754771,1512,0.1224577695312502,0.7792170480872181,0.5731807925539416,0.20603625553327654,0.7312384016249,0.5505729093216754,0.1806654923032246,0.44433164128595604
breakhis_regnet_y_3_2gf_s42_std_r3,breakhis,regnet_y_3_2gf,1,100,64.0,33,False,1.7417664970093059,14.457806356122084,1.4866513509601604,0.3718146589754771,1512,0.10448552343750006,0.7462697287212097,0.549710901142293,0.19655882757891663,0.6811384321919948,0.5121209984487378,0.16901743374325695,0.33891708967851103
breakhis_regnet_y_3_2gf_s42_std_r3,breakhis,regnet_y_3_2gf,1,200,64.0,33,False,1.7417664970093059,14.457806356122084,1.4866513509601604,0.3718146589754771,1512,0.08445134375000019,0.7027057725039796,0.5200535890565505,0.18265218344742906,0.6409151420701774,0.4936786066845297,0.14723653538564774,0.23821489001692045
breakhis_regnet_y_3_2gf_s42_std_r4,breakhis,regnet_y_3_2gf,0,1,57.0,29,True,1.9569445924686404,15.325396435529209,1.4032585898255878,0.3941266682498766,1512,0.20641655078124999,0.8558860264589017,0.5305228175201481,0.3253632089387536,0.8558860264589017,0.5305228175201481,0.3253632089387536,0.8369175627240143
breakhis_regnet_y_3_2gf_s42_std_r4,breakhis,regnet_y_3_2gf,0,5,57.0,29,True,1.9569445924686404,15.325396435529209,1.4032585898255878,0.3941266682498766,1512,0.2125346093749999,0.8352280567674002,0.5159692486422488,0.3192588081251514,0.8042844455766788,0.5056389127833344,0.2986455327933444,0.7437275985663082
breakhis_regnet_y_3_2gf_s42_std_r4,breakhis,regnet_y_3_2gf,0,10,57.0,29,True,1.9569445924686404,15.325396435529209,1.4032585898255878,0.3941266682498766,1512,0.20419106250000008,0.8162613621486977,0.5058579305047247,0.310403431643973,0.7784960389488619,0.49316125100383124,0.28533478794503064,0.6833333333333332
breakhis_regnet_y_3_2gf_s42_std_r4,breakhis,regnet_y_3_2gf,0,20,57.0,29,True,1.9569445924686404,15.325396435529209,1.4032585898255878,0.3941266682498766,1512,0.18815871874999995,0.791999702788481,0.49551172379643416,0.2964879789920468,0.7444582435506869,0.48210085607361536,0.26235738747707155,0.6072580645161291
breakhis_regnet_y_3_2gf_s42_std_r4,breakhis,regnet_y_3_2gf,0,50,57.0,29,True,1.9569445924686404,15.325396435529209,1.4032585898255878,0.3941266682498766,1512,0.1556666601562498,0.747432127857565,0.4830610424608704,0.26437108539669457,0.6761951264387337,0.47186891948083276,0.20432620695790094,0.49043010752688176
breakhis_regnet_y_3_2gf_s42_std_r4,breakhis,regnet_y_3_2gf,0,100,57.0,29,False,1.9569445924686404,15.325396435529209,1.4032585898255878,0.3941266682498766,1512,0.12477649609375008,0.6978261100319503,0.47582076097548587,0.2220053490564644,0.6135471840977684,0.46886139352405864,0.14468579057370978,0.3814516129032258
breakhis_regnet_y_3_2gf_s42_std_r4,breakhis,regnet_y_3_2gf,0,200,57.0,29,False,1.9569445924686404,15.325396435529209,1.4032585898255878,0.3941266682498766,1512,0.09366941796875,0.6338318702742484,0.4715657862577489,0.16226608401649945,0.5331974652103302,0.4653920258504395,0.0678054393598907,0.2668637992831541
breakhis_regnet_y_3_2gf_s42_std_r4,breakhis,regnet_y_3_2gf,1,1,71.0,28,True,1.98033877752025,15.09404495456431,1.4842411622017773,0.38817695016128073,1512,0.21435439453125005,0.8430880863882073,0.5882665138150283,0.25482157257317906,0.8430880863882073,0.5882665138150283,0.25482157257317906,0.860128617363344
breakhis_regnet_y_3_2gf_s42_std_r4,breakhis,regnet_y_3_2gf,1,5,71.0,28,True,1.98033877752025,15.09404495456431,1.4842411622017773,0.38817695016128073,1512,0.22353297265625016,0.8268728395806286,0.5817243221631337,0.24514851741749488,0.8074024815660085,0.5711255470991802,0.2362769344668283,0.7864951768488746
breakhis_regnet_y_3_2gf_s42_std_r4,breakhis,regnet_y_3_2gf,1,10,71.0,28,True,1.98033877752025,15.09404495456431,1.4842411622017773,0.38817695016128073,1512,0.2194609218750001,0.8136048095021949,0.5702392198905271,0.24336558961166788,0.7842723056852556,0.5546002328156899,0.2296720728695657,0.7319935691318328
breakhis_regnet_y_3_2gf_s42_std_r4,breakhis,regnet_y_3_2gf,1,20,71.0,28,True,1.98033877752025,15.09404495456431,1.4842411622017773,0.38817695016128073,1512,0.2077774218749998,0.7921236148716208,0.5596086007352447,0.2325150141363761,0.7479963052662653,0.5444118927066416,0.20358441255962367,0.6502411575562701
breakhis_regnet_y_3_2gf_s42_std_r4,breakhis,regnet_y_3_2gf,1,50,71.0,28,True,1.98033877752025,15.09404495456431,1.4842411622017773,0.38817695016128073,1512,0.18058100390624998,0.7511530172071749,0.5397909612315879,0.211362055975587,0.6769536222039532,0.5157062134898648,0.16124740871408838,0.5128295819935692
breakhis_regnet_y_3_2gf_s42_std_r4,breakhis,regnet_y_3_2gf,1,100,71.0,28,False,1.98033877752025,15.09404495456431,1.4842411622017773,0.38817695016128073,1512,0.14990633984375,0.7068384315791812,0.5211356310614343,0.1857028005177469,0.6015972422812124,0.49674836445208703,0.10484887782912533,0.387540192926045
breakhis_regnet_y_3_2gf_s42_std_r4,breakhis,regnet_y_3_2gf,1,200,71.0,28,False,1.98033877752025,15.09404495456431,1.4842411622017773,0.38817695016128073,1512,0.11424688671875005,0.6321565627549255,0.501585128101703,0.13057143465322252,0.5429258863075834,0.4768670367657726,0.06605884954181085,0.26926848874598075
breakhis_resnet18_s42_std_r0,breakhis,resnet18,0,1,61.0,24,True,1.733718462438906,11.510647409250478,1.8465072267301776,0.5087035524330236,512,0.16646935546875008,0.7921754039590585,0.5910680988420376,0.2011073051170209,0.7921754039590585,0.5910680988420376,0.2011073051170209,0.7563352826510721
breakhis_resnet18_s42_std_r0,breakhis,resnet18,0,5,61.0,24,True,1.733718462438906,11.510647409250478,1.8465072267301776,0.5087035524330236,512,0.17468426953125005,0.7717585616998512,0.5858149610617528,0.18594360063809845,0.7499292819082917,0.5805618232814679,0.16936745862682379,0.6810916179337232
breakhis_resnet18_s42_std_r0,breakhis,resnet18,0,10,61.0,24,True,1.733718462438906,11.510647409250478,1.8465072267301776,0.5087035524330236,512,0.17051104296874997,0.7543128414433034,0.5817135179178614,0.17259932352544194,0.7277189903573236,0.5754379573481252,0.15228103300919837,0.6282651072124755
breakhis_resnet18_s42_std_r0,breakhis,resnet18,0,20,61.0,24,True,1.733718462438906,11.510647409250478,1.8465072267301776,0.5087035524330236,512,0.16100755078125006,0.7360877789516019,0.5777961892226453,0.15829158972895663,0.7058358301149386,0.5727937604788542,0.13304206963608434,0.5644249512670564
breakhis_resnet18_s42_std_r0,breakhis,resnet18,0,50,61.0,24,True,1.733718462438906,11.510647409250478,1.8465072267301776,0.5087035524330236,512,0.13889764843750008,0.7036979307982582,0.5714187781068334,0.13227915269142476,0.6469521945700052,0.5630180667199424,0.08393412785006282,0.4602729044834308
breakhis_resnet18_s42_std_r0,breakhis,resnet18,0,100,61.0,24,False,1.733718462438906,11.510647409250478,1.8465072267301776,0.5087035524330236,512,0.11545007031249999,0.6618155017905628,0.5625695325843401,0.09924596920622275,0.5848645965027739,0.5438153214559928,0.04104927504678113,0.3615984405458089
breakhis_resnet18_s42_std_r0,breakhis,resnet18,0,200,61.0,24,False,1.733718462438906,11.510647409250478,1.8465072267301776,0.5087035524330236,512,0.0892223632812501,0.6027856193076747,0.5466632194174149,0.0561223998902598,0.5298738235299777,0.5308058728591799,-0.0009320493292022114,0.24943469785575048
breakhis_resnet18_s42_std_r0,breakhis,resnet18,1,1,59.0,28,True,1.7596447116577376,11.620135710081273,1.8046104063461506,0.5135422974316516,512,0.16133460156250023,0.8289459251946912,0.618151169301998,0.21079475589269325,0.8289459251946912,0.618151169301998,0.21079475589269325,0.7797619047619048
breakhis_resnet18_s42_std_r0,breakhis,resnet18,1,5,59.0,28,True,1.7596447116577376,11.620135710081273,1.8046104063461506,0.5135422974316516,512,0.16828724218750013,0.8203767686739059,0.6187958104100879,0.20158095826381794,0.8037496670270609,0.6139100081013107,0.18983965892575017,0.688888888888889
breakhis_resnet18_s42_std_r0,breakhis,resnet18,1,10,59.0,28,True,1.7596447116577376,11.620135710081273,1.8046104063461506,0.5135422974316516,512,0.16435494531249994,0.8057749259624877,0.6139177053085714,0.1918572206539163,0.7721642457575331,0.6043000448362323,0.16786420092130072,0.6341269841269841
breakhis_resnet18_s42_std_r0,breakhis,resnet18,1,20,59.0,28,True,1.7596447116577376,11.620135710081273,1.8046104063461506,0.5135422974316516,512,0.15602936328125006,0.7820750873564299,0.6052910602710572,0.17678402708537277,0.7423298704147667,0.5907163983227786,0.15161347209198817,0.5587301587301587
breakhis_resnet18_s42_std_r0,breakhis,resnet18,1,50,59.0,28,True,1.7596447116577376,11.620135710081273,1.8046104063461506,0.5135422974316516,512,0.1359060742187499,0.7392214700951127,0.5899428289930706,0.14927864110204214,0.6802676318964571,0.5721007025625927,0.1081669293338644,0.4470238095238095
breakhis_resnet18_s42_std_r0,breakhis,resnet18,1,100,59.0,28,False,1.7596447116577376,11.620135710081273,1.8046104063461506,0.5135422974316516,512,0.11363593359375002,0.6916455130917125,0.5753546969320856,0.11629081615962689,0.603960027577994,0.5449661226665435,0.05899390491145051,0.3462896825396825
breakhis_resnet18_s42_std_r0,breakhis,resnet18,1,200,59.0,28,False,1.7596447116577376,11.620135710081273,1.8046104063461506,0.5135422974316516,512,0.08940260156250002,0.6294167881038563,0.5535273414423412,0.07588944666151509,0.5568188940597628,0.5321656669918736,0.024653227067889194,0.23512896825396826
breakhis_resnet18_s42_std_r1,breakhis,resnet18,0,1,55.0,25,True,1.7324444863210597,12.106823214060642,1.838509519243216,0.5350510495805619,512,0.15747267578124996,0.7904092804671002,0.47314015405620125,0.317269126410899,0.7904092804671002,0.47314015405620125,0.317269126410899,0.7569573283858998
breakhis_resnet18_s42_std_r1,breakhis,resnet18,0,5,55.0,25,True,1.7324444863210597,12.106823214060642,1.838509519243216,0.5350510495805619,512,0.16493595703124986,0.7663454864131779,0.4674607632999369,0.298884723113241,0.7421131963509625,0.4580145038986727,0.2840986924522898,0.6782931354359927
breakhis_resnet18_s42_std_r1,breakhis,resnet18,0,10,55.0,25,True,1.7324444863210597,12.106823214060642,1.838509519243216,0.5350510495805619,512,0.1599248359374999,0.7462907984696167,0.45847627254530876,0.2878145259243079,0.7141062294073153,0.4463612085249037,0.2677450208824116,0.630983302411874
breakhis_resnet18_s42_std_r1,breakhis,resnet18,0,20,55.0,25,True,1.7324444863210597,12.106823214060642,1.838509519243216,0.5350510495805619,512,0.14949060546874987,0.7222563080693105,0.4465302812970972,0.2757260267722133,0.6823282485389381,0.4298775222294336,0.25245072630950455,0.5717996289424861
breakhis_resnet18_s42_std_r1,breakhis,resnet18,0,50,55.0,25,True,1.7324444863210597,12.106823214060642,1.838509519243216,0.5350510495805619,512,0.12736756249999998,0.6831798859721578,0.42817588658671163,0.2550039993854462,0.6355925839778611,0.4075817321414612,0.2280108518363999,0.4552133580705009
breakhis_resnet18_s42_std_r1,breakhis,resnet18,0,100,55.0,25,False,1.7324444863210597,12.106823214060642,1.838509519243216,0.5350510495805619,512,0.10564782421875002,0.6485905858349801,0.4138210628314417,0.23476952300353837,0.5877342231876148,0.3951485204314446,0.1925857027561702,0.3514842300556586
breakhis_resnet18_s42_std_r1,breakhis,resnet18,0,200,55.0,25,False,1.7324444863210597,12.106823214060642,1.838509519243216,0.5350510495805619,512,0.08247651562499997,0.5978366577717869,0.3987554062382399,0.19908125153354694,0.5416285871792852,0.38499324617904623,0.15663534100023896,0.2514192949907236
breakhis_resnet18_s42_std_r1,breakhis,resnet18,1,1,74.0,32,True,1.8652752042893255,11.344738042748634,1.8659752869383197,0.501371325050785,512,0.21129179296875,0.7842976844302156,0.5544837337250255,0.22981395070519017,0.7842976844302156,0.5544837337250255,0.22981395070519017,0.7716390423572744
breakhis_resnet18_s42_std_r1,breakhis,resnet18,1,5,74.0,32,True,1.8652752042893255,11.344738042748634,1.8659752869383197,0.501371325050785,512,0.22401036328125,0.7683793920288551,0.542315391560914,0.22606400046794106,0.7486033316426056,0.5321268774942446,0.21647645414836103,0.7075506445672193
breakhis_resnet18_s42_std_r1,breakhis,resnet18,1,10,74.0,32,True,1.8652752042893255,11.344738042748634,1.8659752869383197,0.501371325050785,512,0.2209138085937501,0.7528683286701972,0.534381427344338,0.21848690132585913,0.7262039163071597,0.5230830373969565,0.20312087891020325,0.6515653775322284
breakhis_resnet18_s42_std_r1,breakhis,resnet18,1,20,74.0,32,True,1.8652752042893255,11.344738042748634,1.8659752869383197,0.501371325050785,512,0.21207915234374985,0.731785135776344,0.5236691104692797,0.2081160253070643,0.6919657709445713,0.5082810293640924,0.18368474158047898,0.5950276243093924
breakhis_resnet18_s42_std_r1,breakhis,resnet18,1,50,74.0,32,True,1.8652752042893255,11.344738042748634,1.8659752869383197,0.501371325050785,512,0.18885174218750012,0.687351720451806,0.5064770231883474,0.18087469726345862,0.6286343828571117,0.48860362596083934,0.14003075689627237,0.4893554327808472
breakhis_resnet18_s42_std_r1,breakhis,resnet18,1,100,74.0,32,False,1.8652752042893255,11.344738042748634,1.8659752869383197,0.501371325050785,512,0.16082901171874997,0.6414566437418532,0.49113289756358436,0.15032374617826882,0.5826847665432253,0.4703419553229171,0.1123428112203082,0.38679558011049725
breakhis_resnet18_s42_std_r1,breakhis,resnet18,1,200,74.0,32,False,1.8652752042893255,11.344738042748634,1.8659752869383197,0.501371325050785,512,0.12700301171875006,0.6054295993702494,0.4765946224132658,0.12883497695698365,0.5494610578137982,0.47037492193323527,0.0790861358805629,0.26486187845303866
breakhis_resnet18_s42_std_r2,breakhis,resnet18,0,1,58.0,31,True,1.8870696259392068,11.736725864483946,1.8325130469759165,0.5186949029815089,512,0.175050671875,0.8511164892243133,0.6367487315186134,0.21436775770569982,0.8511164892243133,0.6367487315186134,0.21436775770569982,0.7706093189964157
breakhis_resnet18_s42_std_r2,breakhis,resnet18,0,5,58.0,31,True,1.8870696259392068,11.736725864483946,1.8325130469759165,0.5186949029815089,512,0.18413314062499997,0.8333244877524086,0.6343545253854895,0.1989699623669191,0.8181118576781412,0.6276589590521705,0.1904528986259707,0.6845878136200717
breakhis_resnet18_s42_std_r2,breakhis,resnet18,0,10,58.0,31,True,1.8870696259392068,11.736725864483946,1.8325130469759165,0.5186949029815089,512,0.1815903984374999,0.8217933884589936,0.6277112098485287,0.19408217861046495,0.7994954480640561,0.6143256754815004,0.18516977258255574,0.6267025089605736
breakhis_resnet18_s42_std_r2,breakhis,resnet18,0,20,58.0,31,True,1.8870696259392068,11.736725864483946,1.8325130469759165,0.5186949029815089,512,0.17439668750000004,0.8052362300841746,0.6176902535469894,0.1875459765371852,0.77521609754199,0.6021866958275873,0.17302940171440262,0.5686379928315413
breakhis_resnet18_s42_std_r2,breakhis,resnet18,0,50,58.0,31,True,1.8870696259392068,11.736725864483946,1.8325130469759165,0.5186949029815089,512,0.15487593750000006,0.7710993641796431,0.6016977776616649,0.1694015865179782,0.7070432053554685,0.5785562731746278,0.12848693218084073,0.4748387096774194
breakhis_resnet18_s42_std_r2,breakhis,resnet18,0,100,58.0,31,False,1.8870696259392068,11.736725864483946,1.8325130469759165,0.5186949029815089,512,0.1324782578124999,0.7227812629366621,0.583413731136063,0.13936753180059913,0.6004751846072739,0.5374852811372759,0.062989903469998,0.375663082437276
breakhis_resnet18_s42_std_r2,breakhis,resnet18,0,200,58.0,31,False,1.8870696259392068,11.736725864483946,1.8325130469759165,0.5186949029815089,512,0.10653765234375012,0.6406111234949244,0.552626815481911,0.08798430801301349,0.533397375339228,0.5121193856052788,0.021277989733949232,0.2528405017921147
breakhis_resnet18_s42_std_r2,breakhis,resnet18,1,1,61.5,29,True,1.7721813510235824,11.060541381339462,1.7310575586108752,0.4888114883962223,512,0.15730299609374998,0.8104863616091006,0.6053561761615133,0.20513018544758732,0.8104863616091006,0.6053561761615133,0.20513018544758732,0.7637051039697543
breakhis_resnet18_s42_std_r2,breakhis,resnet18,1,5,61.5,29,True,1.7721813510235824,11.060541381339462,1.7310575586108752,0.4888114883962223,512,0.16689952343750003,0.7931801514153435,0.5933438772657955,0.19983627414954797,0.7726082664492038,0.587468642415622,0.18513962403358175,0.700945179584121
breakhis_resnet18_s42_std_r2,breakhis,resnet18,1,10,61.5,29,True,1.7721813510235824,11.060541381339462,1.7310575586108752,0.4888114883962223,512,0.16309121484375,0.779552024065224,0.5881267536364183,0.19142527042880564,0.7530291466138684,0.5797942164053682,0.17323493020850023,0.6502835538752363
breakhis_resnet18_s42_std_r2,breakhis,resnet18,1,20,61.5,29,True,1.7721813510235824,11.060541381339462,1.7310575586108752,0.4888114883962223,512,0.15432403906250003,0.7634830380852322,0.5818623132255588,0.1816207248596734,0.7315876591083401,0.5709026384598782,0.1606850206484619,0.5854442344045369
breakhis_resnet18_s42_std_r2,breakhis,resnet18,1,50,61.5,29,True,1.7721813510235824,11.060541381339462,1.7310575586108752,0.4888114883962223,512,0.13468280468750005,0.7284917994241216,0.5661295629929199,0.16236223643120162,0.6653000595285858,0.5400987874477668,0.125201272080819,0.47595463137996225
breakhis_resnet18_s42_std_r2,breakhis,resnet18,1,100,61.5,29,False,1.7721813510235824,11.060541381339462,1.7310575586108752,0.4888114883962223,512,0.11337564453125004,0.6803258956812851,0.5408312015483305,0.13949469413295457,0.6146391802596491,0.4968191290994845,0.11782005116016464,0.3668620037807183
breakhis_resnet18_s42_std_r2,breakhis,resnet18,1,200,61.5,29,False,1.7721813510235824,11.060541381339462,1.7310575586108752,0.4888114883962223,512,0.08841527734374999,0.639706499812457,0.5094647715894094,0.13024172822304758,0.5954351464981703,0.4850881196771717,0.11034702682099862,0.2546030245746692
breakhis_resnet18_s42_std_r3,breakhis,resnet18,0,1,65.0,27,True,1.8411699278176341,12.243708514346844,1.7878717587883755,0.5411005823353826,512,0.18498474218750005,0.7969221548441686,0.6257217926682401,0.1712003621759285,0.7969221548441686,0.6257217926682401,0.1712003621759285,0.8482142857142857
breakhis_resnet18_s42_std_r3,breakhis,resnet18,0,5,65.0,27,True,1.8411699278176341,12.243708514346844,1.7878717587883755,0.5411005823353826,512,0.19586683203124988,0.7671484980961782,0.6232413480923962,0.14390715000378207,0.7421484980961782,0.6164230485916586,0.12572544950451958,0.7521428571428571
breakhis_resnet18_s42_std_r3,breakhis,resnet18,0,10,65.0,27,True,1.8411699278176341,12.243708514346844,1.7878717587883755,0.5411005823353826,512,0.19481042187499986,0.747380482301509,0.6149431335113908,0.13243734879011815,0.7149414751092935,0.6010726878832371,0.11386878722605642,0.6998214285714286
breakhis_resnet18_s42_std_r3,breakhis,resnet18,0,20,65.0,27,True,1.8411699278176341,12.243708514346844,1.7878717587883755,0.5411005823353826,512,0.18930926171875007,0.7215907488365534,0.6029100542357141,0.1186806946008393,0.6769884360456917,0.5851243479437365,0.09186408810195523,0.6368750000000001
breakhis_resnet18_s42_std_r3,breakhis,resnet18,0,50,65.0,27,True,1.8411699278176341,12.243708514346844,1.7878717587883755,0.5411005823353826,512,0.172326078125,0.6735386405302496,0.582186232112821,0.09135240841742864,0.6128860527429135,0.5560455199162161,0.05684053282669743,0.5233214285714286
breakhis_resnet18_s42_std_r3,breakhis,resnet18,0,100,65.0,27,False,1.8411699278176341,12.243708514346844,1.7878717587883755,0.5411005823353826,512,0.15077096484374986,0.6224069242702016,0.5588366464389335,0.06357027783126812,0.5356261458186433,0.5211723065462023,0.014453839272441038,0.4027857142857143
breakhis_resnet18_s42_std_r3,breakhis,resnet18,0,200,65.0,27,False,1.8411699278176341,12.243708514346844,1.7878717587883755,0.5411005823353826,512,0.12370166796874993,0.5611461712029333,0.5295055981212093,0.031640573081723966,0.5047384007897334,0.4960638601730799,0.008674540616653514,0.27398214285714284
breakhis_resnet18_s42_std_r3,breakhis,resnet18,1,1,64.0,33,True,1.682052382255751,11.777943072448004,1.9375708941405951,0.5205164634348189,512,0.13673307031250004,0.7778774409829576,0.5910361726131717,0.18684126836978598,0.7778774409829576,0.5910361726131717,0.18684126836978598,0.7411167512690355
breakhis_resnet18_s42_std_r3,breakhis,resnet18,1,5,64.0,33,True,1.682052382255751,11.777943072448004,1.9375708941405951,0.5205164634348189,512,0.14574739843749984,0.7622264203259488,0.5850444225074037,0.17718199781854505,0.7469913125978189,0.5784797630799605,0.1685115495178584,0.6568527918781726
breakhis_resnet18_s42_std_r3,breakhis,resnet18,1,10,64.0,33,True,1.682052382255751,11.777943072448004,1.9375708941405951,0.5205164634348189,512,0.1427955234374999,0.7503303083601839,0.5792430545762234,0.1710872537839605,0.7298937835214964,0.5723840078973347,0.15750977562416169,0.6003384094754654
breakhis_resnet18_s42_std_r3,breakhis,resnet18,1,20,64.0,33,True,1.682052382255751,11.777943072448004,1.9375708941405951,0.5205164634348189,512,0.13555902343749981,0.7340345391467604,0.5711429981666901,0.1628915409800703,0.7061099112552052,0.5593304893527006,0.1467794219025046,0.5319796954314722
breakhis_resnet18_s42_std_r3,breakhis,resnet18,1,50,64.0,33,True,1.682052382255751,11.777943072448004,1.9375708941405951,0.5205164634348189,512,0.11892016406249994,0.7016150450238273,0.5552196446199408,0.14639540040388654,0.661914569145942,0.53569842053307,0.126216148612872,0.4353976311336718
breakhis_resnet18_s42_std_r3,breakhis,resnet18,1,100,64.0,33,False,1.682052382255751,11.777943072448004,1.9375708941405951,0.5205164634348189,512,0.1007227851562501,0.6699438601062666,0.5367666760682556,0.13317718403801104,0.6168456428527284,0.5011493442391765,0.1156962986135519,0.3415736040609137
breakhis_resnet18_s42_std_r3,breakhis,resnet18,1,200,64.0,33,False,1.682052382255751,11.777943072448004,1.9375708941405951,0.5205164634348189,512,0.07924451953124978,0.63219600356115,0.5119782118177972,0.12021779174335279,0.5719454201973332,0.48297489775772107,0.08897052243961212,0.24642131979695428
breakhis_resnet18_s42_std_r4,breakhis,resnet18,0,1,57.0,29,True,1.8255270742377299,11.95586462281941,1.829018228773903,0.5283795593589968,512,0.18222160937499987,0.7556903622088477,0.5039026418615872,0.2517877203472605,0.7556903622088477,0.5039026418615872,0.2517877203472605,0.7777777777777778
breakhis_resnet18_s42_std_r4,breakhis,resnet18,0,5,57.0,29,True,1.8255270742377299,11.95586462281941,1.829018228773903,0.5283795593589968,512,0.18983245312499986,0.7297639645186058,0.5018426056125672,0.2279213589060386,0.7085522614612192,0.4993064438822637,0.2092458175789555,0.6921146953405019
breakhis_resnet18_s42_std_r4,breakhis,resnet18,0,10,57.0,29,True,1.8255270742377299,11.95586462281941,1.829018228773903,0.5283795593589968,512,0.18388984375000006,0.7133501045547666,0.4978161711258463,0.21553393342892024,0.6877846065662516,0.4930057166799453,0.19477888988630632,0.6385304659498207
breakhis_resnet18_s42_std_r4,breakhis,resnet18,0,20,57.0,29,True,1.8255270742377299,11.95586462281941,1.829018228773903,0.5283795593589968,512,0.171873390625,0.6932564829262597,0.4939833610015141,0.19927312192474567,0.658737487925782,0.48754773157949866,0.17118975634628336,0.5707885304659498
breakhis_resnet18_s42_std_r4,breakhis,resnet18,0,50,57.0,29,True,1.8255270742377299,11.95586462281941,1.829018228773903,0.5283795593589968,512,0.14613738281250005,0.6548135882275933,0.483929177921744,0.17088441030584928,0.6073269715915323,0.47198636376621605,0.1353406078253162,0.46218637992831535
breakhis_resnet18_s42_std_r4,breakhis,resnet18,0,100,57.0,29,False,1.8255270742377299,11.95586462281941,1.829018228773903,0.5283795593589968,512,0.12031374218750007,0.6182353419878497,0.4757810838520456,0.1424542581358041,0.5674847059905812,0.46692514990017236,0.10055955609040884,0.365573476702509
breakhis_resnet18_s42_std_r4,breakhis,resnet18,0,200,57.0,29,False,1.8255270742377299,11.95586462281941,1.829018228773903,0.5283795593589968,512,0.09295532421874991,0.5770184731112031,0.4694168732522227,0.10760159985898043,0.5178733808164118,0.4682360820586396,0.049637298757772175,0.2616129032258065
breakhis_resnet18_s42_std_r4,breakhis,resnet18,1,1,71.0,28,True,1.8942115389194638,11.870999116192865,1.9059243094795615,0.5246289984074679,512,0.2097203125,0.745483949810026,0.5599695004369717,0.18551444937305428,0.745483949810026,0.5599695004369717,0.18551444937305428,0.8070739549839229
breakhis_resnet18_s42_std_r4,breakhis,resnet18,1,5,71.0,28,True,1.8942115389194638,11.870999116192865,1.9059243094795615,0.5246289984074679,512,0.22138012499999993,0.7217871846065458,0.5560279095769336,0.16575927502961219,0.7038801052554731,0.5493105754227303,0.15456952983274275,0.717363344051447
breakhis_resnet18_s42_std_r4,breakhis,resnet18,1,10,71.0,28,True,1.8942115389194638,11.870999116192865,1.9059243094795615,0.5246289984074679,512,0.2183362578125001,0.7050053484762397,0.5481058073007886,0.15689954117545113,0.6790898385299784,0.5358688306495841,0.14322100788039427,0.6628617363344051
breakhis_resnet18_s42_std_r4,breakhis,resnet18,1,20,71.0,28,True,1.8942115389194638,11.870999116192865,1.9059243094795615,0.5246289984074679,512,0.20958960937500004,0.6846493970664322,0.536035127570968,0.1486142694954642,0.6530902130820238,0.5200847760475822,0.13300543703444156,0.5962218649517685
breakhis_resnet18_s42_std_r4,breakhis,resnet18,1,50,71.0,28,True,1.8942115389194638,11.870999116192865,1.9059243094795615,0.5246289984074679,512,0.18533759765625002,0.6515063023142873,0.5162475630424552,0.13525873927183207,0.6091739857733707,0.500776642005187,0.10839734376818366,0.4838263665594855
breakhis_resnet18_s42_std_r4,breakhis,resnet18,1,100,71.0,28,False,1.8942115389194638,11.870999116192865,1.9059243094795615,0.5246289984074679,512,0.15465405468750004,0.6189345581396826,0.5027562830161308,0.11617827512355172,0.5540545258901166,0.4807290173974886,0.07332550849262803,0.37985530546623797
breakhis_resnet18_s42_std_r4,breakhis,resnet18,1,200,71.0,28,False,1.8942115389194638,11.870999116192865,1.9059243094795615,0.5246289984074679,512,0.11764733593749982,0.5800065387899429,0.4887820342713187,0.09122450451862418,0.5431306202645353,0.4896046732973141,0.05352594696722118,0.2652572347266881
breakhis_resnet18_s43_std_r0,breakhis,resnet18,0,1,61.0,24,True,1.6579124971434736,11.435841029620654,1.7995550695107063,0.5053975462885071,512,0.1498600820312499,0.7859002557397112,0.5731933280057663,0.21270692773394495,0.7859002557397112,0.5731933280057663,0.21270692773394495,0.7641325536062378
breakhis_resnet18_s43_std_r0,breakhis,resnet18,0,5,61.0,24,True,1.6579124971434736,11.435841029620654,1.7995550695107063,0.5053975462885071,512,0.1585130976562501,0.7633339683529323,0.5619368840000627,0.20139708435286963,0.7401230398580635,0.5519437784985662,0.18817926135949725,0.6748538011695906
breakhis_resnet18_s43_std_r0,breakhis,resnet18,0,10,61.0,24,True,1.6579124971434736,11.435841029620654,1.7995550695107063,0.5053975462885071,512,0.1550685703125,0.7436791496125418,0.554613438004356,0.18906571160818575,0.7122745439885774,0.5459659349096664,0.16630860907891098,0.6187134502923975
breakhis_resnet18_s43_std_r0,breakhis,resnet18,0,20,61.0,24,True,1.6579124971434736,11.435841029620654,1.7995550695107063,0.5053975462885071,512,0.14680363671874996,0.7210512845676768,0.5492937056362526,0.17175757893142418,0.682211176729803,0.541129992635422,0.14108118409438097,0.5593567251461989
breakhis_resnet18_s43_std_r0,breakhis,resnet18,0,50,61.0,24,True,1.6579124971434736,11.435841029620654,1.7995550695107063,0.5053975462885071,512,0.12858796874999978,0.6788551943641048,0.5387972233974209,0.14005797096668393,0.613159530393385,0.5276308779517072,0.08552865244167784,0.4483820662768031
breakhis_resnet18_s43_std_r0,breakhis,resnet18,0,100,61.0,24,False,1.6579124971434736,11.435841029620654,1.7995550695107063,0.5053975462885071,512,0.10922034375,0.6310593858783187,0.528706184678544,0.10235320119977465,0.5562040452672758,0.5122651561447218,0.04393888912255406,0.3493762183235868
breakhis_resnet18_s43_std_r0,breakhis,resnet18,0,200,61.0,24,False,1.6579124971434736,11.435841029620654,1.7995550695107063,0.5053975462885071,512,0.08690373437499999,0.5740846577340576,0.5137556997132515,0.06032895802080607,0.511625669416494,0.49875233081057363,0.012873338605920381,0.24479532163742687
breakhis_resnet18_s43_std_r0,breakhis,resnet18,1,1,59.0,28,True,1.6851653406679397,11.47757956909628,1.8127444178786198,0.5072421465572594,512,0.14104778124999995,0.8107029254610696,0.6063590477784898,0.20434387768257978,0.8107029254610696,0.6063590477784898,0.20434387768257978,0.7817460317460317
breakhis_resnet18_s43_std_r0,breakhis,resnet18,1,5,59.0,28,True,1.6851653406679397,11.47757956909628,1.8127444178786198,0.5072421465572594,512,0.1500041484375001,0.7893730707156176,0.5963122680013624,0.1930608027142552,0.7619674391638853,0.5887382160567592,0.17322922310712607,0.6896825396825397
breakhis_resnet18_s43_std_r0,breakhis,resnet18,1,10,59.0,28,True,1.6851653406679397,11.47757956909628,1.8127444178786198,0.5072421465572594,512,0.14724858203125002,0.7679394067597424,0.5898697055240932,0.17806970123564914,0.7314103166768517,0.5787953485776524,0.1526149680991994,0.6232142857142857
breakhis_resnet18_s43_std_r0,breakhis,resnet18,1,20,59.0,28,True,1.6851653406679397,11.47757956909628,1.8127444178786198,0.5072421465572594,512,0.14059291406250018,0.7400656544289318,0.5792360136933317,0.16082964073560013,0.6966381485137655,0.5625792571810133,0.13405889133275217,0.5413690476190476
breakhis_resnet18_s43_std_r0,breakhis,resnet18,1,50,59.0,28,True,1.6851653406679397,11.47757956909628,1.8127444178786198,0.5072421465572594,512,0.12421091015624985,0.6916063398047604,0.5624984365047752,0.12910790329998523,0.627573684952757,0.544891074895751,0.08268261005700606,0.4345238095238095
breakhis_resnet18_s43_std_r0,breakhis,resnet18,1,100,59.0,28,False,1.6851653406679397,11.47757956909628,1.8127444178786198,0.5072421465572594,512,0.106598734375,0.6397389492157508,0.546955850743454,0.09278309847229682,0.5602308873532961,0.5203119678102792,0.03991891954301685,0.33555555555555555
breakhis_resnet18_s43_std_r0,breakhis,resnet18,1,200,59.0,28,False,1.6851653406679397,11.47757956909628,1.8127444178786198,0.5072421465572594,512,0.08713923437499982,0.5818545417508892,0.5274280359228662,0.054426505828023,0.5296933515097385,0.5142985246377982,0.01539482687194027,0.22850198412698414
breakhis_resnet18_s43_std_r1,breakhis,resnet18,0,1,55.0,25,True,1.8051107240538817,11.924897558722304,1.8694968185712166,0.5270109955454654,512,0.19406212499999997,0.791075938586868,0.48768223045164244,0.30339370813522554,0.791075938586868,0.48768223045164244,0.30339370813522554,0.7662337662337663
breakhis_resnet18_s43_std_r1,breakhis,resnet18,0,5,55.0,25,True,1.8051107240538817,11.924897558722304,1.8694968185712166,0.5270109955454654,512,0.20402512109375015,0.7674059123784127,0.4740109697323378,0.2933949426460749,0.7400674350328842,0.46200862089339506,0.27805881413948913,0.6723562152133582
breakhis_resnet18_s43_std_r1,breakhis,resnet18,0,10,55.0,25,True,1.8051107240538817,11.924897558722304,1.8694968185712166,0.5270109955454654,512,0.1985749296874999,0.7468384104965687,0.461835912147606,0.28500249834896274,0.7141666681928986,0.44345788360884925,0.2707087845840494,0.6272727272727273
breakhis_resnet18_s43_std_r1,breakhis,resnet18,0,20,55.0,25,True,1.8051107240538817,11.924897558722304,1.8694968185712166,0.5270109955454654,512,0.18638887109375013,0.7214944130752903,0.44500317238696213,0.27649124068832814,0.6784674921750088,0.4237418167869265,0.2547256753880823,0.5628942486085343
breakhis_resnet18_s43_std_r1,breakhis,resnet18,0,50,55.0,25,True,1.8051107240538817,11.924897558722304,1.8694968185712166,0.5270109955454654,512,0.15860756640625018,0.6756598358629102,0.4203894491318204,0.2552703867310898,0.6219242610442723,0.4023313862694729,0.21959287477479944,0.4506122448979592
breakhis_resnet18_s43_std_r1,breakhis,resnet18,0,100,55.0,25,False,1.8051107240538817,11.924897558722304,1.8694968185712166,0.5270109955454654,512,0.13033580078124996,0.6333197193442575,0.4062982334622286,0.22702148588202886,0.560888413518508,0.39135438198447803,0.16953403153403002,0.35105751391465684
breakhis_resnet18_s43_std_r1,breakhis,resnet18,0,200,55.0,25,False,1.8051107240538817,11.924897558722304,1.8694968185712166,0.5270109955454654,512,0.10092593359375002,0.5735677381425512,0.39398319089406775,0.1795845472484835,0.5158908219125395,0.38654944287794585,0.1293413790345937,0.2503617810760668
breakhis_resnet18_s43_std_r1,breakhis,resnet18,1,1,74.0,32,True,1.9039940826382686,11.1993282474987,1.855782566816662,0.49494505928377397,512,0.2161189335937499,0.8028647835959415,0.5546668815601266,0.24819790203581493,0.8028647835959415,0.5546668815601266,0.24819790203581493,0.7790055248618785
breakhis_resnet18_s43_std_r1,breakhis,resnet18,1,5,74.0,32,True,1.9039940826382686,11.1993282474987,1.855782566816662,0.49494505928377397,512,0.2308353125,0.7846776436709516,0.5356652936683962,0.2490123500025554,0.7606311322967173,0.5175391524284487,0.24309197986826858,0.7163904235727441
breakhis_resnet18_s43_std_r1,breakhis,resnet18,1,10,74.0,32,True,1.9039940826382686,11.1993282474987,1.855782566816662,0.49494505928377397,512,0.228447953125,0.7673285956597383,0.521013466860315,0.2463151287994233,0.7386716697663341,0.5014477836364736,0.23722388612986056,0.6644567219152855
breakhis_resnet18_s43_std_r1,breakhis,resnet18,1,20,74.0,32,True,1.9039940826382686,11.1993282474987,1.855782566816662,0.49494505928377397,512,0.2188363124999999,0.7442783410506872,0.5047206354497287,0.23955770560095857,0.7027937003121484,0.4815744120496624,0.221219288262486,0.596500920810313
breakhis_resnet18_s43_std_r1,breakhis,resnet18,1,50,74.0,32,True,1.9039940826382686,11.1993282474987,1.855782566816662,0.49494505928377397,512,0.19251169140625002,0.6953890400847909,0.4799572166657204,0.21543182341907047,0.6271581775773144,0.4523403546108383,0.17481782296647608,0.4915653775322284
breakhis_resnet18_s43_std_r1,breakhis,resnet18,1,100,74.0,32,False,1.9039940826382686,11.1993282474987,1.855782566816662,0.49494505928377397,512,0.1610417773437498,0.6419747699792204,0.4569959725791061,0.1849787974001143,0.5774671444335971,0.43168311028979484,0.1457840341438023,0.3897421731123389
breakhis_resnet18_s43_std_r1,breakhis,resnet18,1,200,74.0,32,False,1.9039940826382686,11.1993282474987,1.855782566816662,0.49494505928377397,512,0.12478128906250002,0.6014409363359203,0.4386207502834213,0.16282018605249904,0.5552040781079848,0.4372892655222369,0.11791481258574787,0.2685911602209945
breakhis_resnet18_s43_std_r2,breakhis,resnet18,0,1,58.0,31,True,1.8990866562843107,11.753365532804061,1.87922792908532,0.5194302793756244,512,0.18333961328124992,0.8249088020606665,0.5958139647717666,0.2290948372888999,0.8249088020606665,0.5958139647717666,0.2290948372888999,0.7670250896057348
breakhis_resnet18_s43_std_r2,breakhis,resnet18,0,5,58.0,31,True,1.8990866562843107,11.753365532804061,1.87922792908532,0.5194302793756244,512,0.19503947656249987,0.8091530533176235,0.5840202135937911,0.22513283972383247,0.7899015309931464,0.5691511298301662,0.22075040116298017,0.6870967741935483
breakhis_resnet18_s43_std_r2,breakhis,resnet18,0,10,58.0,31,True,1.8990866562843107,11.753365532804061,1.87922792908532,0.5194302793756244,512,0.19324593750000008,0.7925905875942497,0.5692444348236629,0.22334615277058678,0.7624483860353045,0.5475771492338727,0.21487123680143183,0.6310035842293907
breakhis_resnet18_s43_std_r2,breakhis,resnet18,0,20,58.0,31,True,1.8990866562843107,11.753365532804061,1.87922792908532,0.5194302793756244,512,0.18486747265624992,0.7698096784808246,0.5521005753185899,0.21770910316223469,0.7314127808029665,0.5317414257376226,0.19967135506534384,0.5689068100358424
breakhis_resnet18_s43_std_r2,breakhis,resnet18,0,50,58.0,31,True,1.8990866562843107,11.753365532804061,1.87922792908532,0.5194302793756244,512,0.16081473437500005,0.730537068291423,0.5317507562369723,0.19878631205445063,0.6597122709436819,0.5092138681077933,0.15049840283588856,0.4691756272401434
breakhis_resnet18_s43_std_r2,breakhis,resnet18,0,100,58.0,31,False,1.8990866562843107,11.753365532804061,1.87922792908532,0.5194302793756244,512,0.13402902734375,0.6785250524542948,0.5138287330861373,0.16469631936815754,0.5541101876324626,0.46324623001173776,0.0908639576207248,0.3742293906810036
breakhis_resnet18_s43_std_r2,breakhis,resnet18,0,200,58.0,31,False,1.8990866562843107,11.753365532804061,1.87922792908532,0.5194302793756244,512,0.10481258203124988,0.5912598583999406,0.47845121175195054,0.11280864664799001,0.48979573784528724,0.44032865750909256,0.04946708033619468,0.25181899641577066
breakhis_resnet18_s43_std_r2,breakhis,resnet18,1,1,61.5,29,True,1.8322523422882746,11.215388174120545,1.7210216120355124,0.49565481447250304,512,0.18672511328125008,0.7962536179011228,0.5702604492847463,0.22599316861637653,0.7962536179011228,0.5702604492847463,0.22599316861637653,0.7844990548204159
breakhis_resnet18_s43_std_r2,breakhis,resnet18,1,5,61.5,29,True,1.8322523422882746,11.215388174120545,1.7210216120355124,0.49565481447250304,512,0.19785045703124993,0.7715837776206107,0.5589876409543321,0.21259613666627863,0.7459174400095544,0.5541933360931546,0.19172410391639982,0.709640831758034
breakhis_resnet18_s43_std_r2,breakhis,resnet18,1,10,61.5,29,True,1.8322523422882746,11.215388174120545,1.7210216120355124,0.49565481447250304,512,0.19334548046875,0.751819913898152,0.5530257194110966,0.19879419448705538,0.7186126667126971,0.5430992084974189,0.1755134582152782,0.6582230623818527
breakhis_resnet18_s43_std_r2,breakhis,resnet18,1,20,61.5,29,True,1.8322523422882746,11.215388174120545,1.7210216120355124,0.49565481447250304,512,0.18273578125,0.7284320842282838,0.5449886245829308,0.1834434596453529,0.6829291049998414,0.5316813326398397,0.15124777236000164,0.5967863894139888
breakhis_resnet18_s43_std_r2,breakhis,resnet18,1,50,61.5,29,True,1.8322523422882746,11.215388174120545,1.7210216120355124,0.49565481447250304,512,0.15809730078125006,0.6785475025052391,0.5291603420763055,0.14938716042893363,0.6081246256137136,0.49982839573006116,0.10829622988365245,0.48457466918714565
breakhis_resnet18_s43_std_r2,breakhis,resnet18,1,100,61.5,29,False,1.8322523422882746,11.215388174120545,1.7210216120355124,0.49565481447250304,512,0.13226351953125004,0.6256211779942039,0.5009677065531601,0.12465347144104377,0.5479596997072089,0.446317938484292,0.1016417612229169,0.3719281663516068
breakhis_resnet18_s43_std_r2,breakhis,resnet18,1,200,61.5,29,False,1.8322523422882746,11.215388174120545,1.7210216120355124,0.49565481447250304,512,0.10244938671874998,0.5746654549458178,0.46110067332562,0.11356478162019779,0.5338370558915572,0.44212513312599294,0.09171192276556422,0.25758979206049154
breakhis_resnet18_s43_std_r3,breakhis,resnet18,0,1,65.0,27,True,1.8754970035145004,12.505274399782696,1.907975216928033,0.5526602705428048,512,0.18887551171874994,0.7972306444789169,0.6359425605871555,0.1612880838917614,0.7972306444789169,0.6359425605871555,0.1612880838917614,0.8446428571428571
breakhis_resnet18_s43_std_r3,breakhis,resnet18,0,5,65.0,27,True,1.8754970035145004,12.505274399782696,1.907975216928033,0.5526602705428048,512,0.19855785546874993,0.776177549005782,0.6346614151395646,0.1415161338662173,0.7518738541813567,0.6264701018736126,0.12540375230774403,0.755
breakhis_resnet18_s43_std_r3,breakhis,resnet18,0,10,65.0,27,True,1.8754970035145004,12.505274399782696,1.907975216928033,0.5526602705428048,512,0.1979321328125001,0.7577016640812297,0.6260892659387355,0.13161239814249426,0.7251657030038077,0.6114638297730185,0.11370187323078917,0.6889285714285714
breakhis_resnet18_s43_std_r3,breakhis,resnet18,0,20,65.0,27,True,1.8754970035145004,12.505274399782696,1.907975216928033,0.5526602705428048,512,0.19287605859375,0.732479551544211,0.6134197897718826,0.11905976177232835,0.6873307714003667,0.5951446758969271,0.09218609550343959,0.6184821428571429
breakhis_resnet18_s43_std_r3,breakhis,resnet18,0,50,65.0,27,True,1.8754970035145004,12.505274399782696,1.907975216928033,0.5526602705428048,512,0.17521937500000007,0.6850796784656606,0.5904126223727749,0.09466705609288573,0.6265988577069525,0.5585911074809207,0.06800775022603178,0.5048928571428571
breakhis_resnet18_s43_std_r3,breakhis,resnet18,0,100,65.0,27,False,1.8754970035145004,12.505274399782696,1.907975216928033,0.5526602705428048,512,0.1517980859375,0.6336870681145114,0.5626516871198949,0.07103538099461648,0.5432167536313637,0.5186350706467363,0.024581682984627373,0.39671428571428574
breakhis_resnet18_s43_std_r3,breakhis,resnet18,0,200,65.0,27,False,1.8754970035145004,12.505274399782696,1.907975216928033,0.5526602705428048,512,0.1222647656250001,0.568236144408405,0.5288174209055544,0.03941872350285058,0.5173300662812015,0.49989393385147063,0.017436132429730855,0.27325
breakhis_resnet18_s43_std_r3,breakhis,resnet18,1,1,64.0,33,True,1.706097526883439,12.111431978921509,2.003491348351152,0.5352547301359378,512,0.14859442578125015,0.7870893277410583,0.6022087857847976,0.1848805419562607,0.7870893277410583,0.6022087857847976,0.1848805419562607,0.7597292724196277
breakhis_resnet18_s43_std_r3,breakhis,resnet18,1,5,64.0,33,True,1.706097526883439,12.111431978921509,2.003491348351152,0.5352547301359378,512,0.1597774179687499,0.7703342169395155,0.5889878014384431,0.18134641550107244,0.7541971293656242,0.5796379213087012,0.17455920805692304,0.6510998307952622
breakhis_resnet18_s43_std_r3,breakhis,resnet18,1,10,64.0,33,True,1.706097526883439,12.111431978921509,2.003491348351152,0.5352547301359378,512,0.15715996874999993,0.7567009586041361,0.5813213933154703,0.17537956528866583,0.7325195470724908,0.5709473275983641,0.1615722194741267,0.5910321489001692
breakhis_resnet18_s43_std_r3,breakhis,resnet18,1,20,64.0,33,True,1.706097526883439,12.111431978921509,2.003491348351152,0.5352547301359378,512,0.15020534765625004,0.7377911181710521,0.572507403751234,0.16528371441981815,0.7064339558664602,0.5609011422930475,0.14553281357341263,0.5258037225042301
breakhis_resnet18_s43_std_r3,breakhis,resnet18,1,50,64.0,33,True,1.706097526883439,12.111431978921509,2.003491348351152,0.5352547301359378,512,0.13308287890624992,0.7061700432449226,0.5608412071640108,0.14532883608091185,0.6630503956183823,0.5459702439712312,0.11708015164715113,0.42081218274111676
breakhis_resnet18_s43_std_r3,breakhis,resnet18,1,100,64.0,33,False,1.706097526883439,12.111431978921509,2.003491348351152,0.5352547301359378,512,0.11464346093750011,0.673940967089428,0.5454537441827669,0.12848722290666104,0.620812683841031,0.5156924270201664,0.10512025682086468,0.3322504230118443
breakhis_resnet18_s43_std_r3,breakhis,resnet18,1,200,64.0,33,False,1.706097526883439,12.111431978921509,2.003491348351152,0.5352547301359378,512,0.09312166796874999,0.6331764890601537,0.5235615569031167,0.10961493215703699,0.5714526719482598,0.49746685939923846,0.07398581254902131,0.24262267343485613
breakhis_resnet18_s43_std_r4,breakhis,resnet18,0,1,57.0,29,True,1.8426050194699932,12.086486679622178,1.8595663498065658,0.5341522932426075,512,0.19174879296875003,0.7687269793756435,0.5162295305720171,0.25249744880362635,0.7687269793756435,0.5162295305720171,0.25249744880362635,0.7706093189964157
breakhis_resnet18_s43_std_r4,breakhis,resnet18,0,5,57.0,29,True,1.8426050194699932,12.086486679622178,1.8595663498065658,0.5341522932426075,512,0.2038202421875,0.7400354530883462,0.4984652888653295,0.2415701642230167,0.7133766412975405,0.4867652987052561,0.22661134259228444,0.6806451612903226
breakhis_resnet18_s43_std_r4,breakhis,resnet18,0,10,57.0,29,True,1.8426050194699932,12.086486679622178,1.8595663498065658,0.5341522932426075,512,0.19884012109375,0.7180241095153683,0.4888523153982155,0.22917179411715283,0.6835581880004388,0.47597629529937185,0.20758189270106692,0.6324372759856631
breakhis_resnet18_s43_std_r4,breakhis,resnet18,0,20,57.0,29,True,1.8426050194699932,12.086486679622178,1.8595663498065658,0.5341522932426075,512,0.18729527343749997,0.6935218503540002,0.47824582676015653,0.21527602359384362,0.6576990167252245,0.4639779331710274,0.19372108355419704,0.5644265232974911
breakhis_resnet18_s43_std_r4,breakhis,resnet18,0,50,57.0,29,True,1.8426050194699932,12.086486679622178,1.8595663498065658,0.5341522932426075,512,0.16092390625000014,0.6527065708513341,0.46271143939081333,0.18999513146052077,0.5961567719998443,0.44616607891621146,0.14999069308363283,0.45673835125448026
breakhis_resnet18_s43_std_r4,breakhis,resnet18,0,100,57.0,29,False,1.8426050194699932,12.086486679622178,1.8595663498065658,0.5341522932426075,512,0.13278444140625,0.6089138688094202,0.4491751919579232,0.159738676851497,0.5555130967671171,0.4329488355557813,0.12256426121133585,0.3633512544802867
breakhis_resnet18_s43_std_r4,breakhis,resnet18,0,200,57.0,29,False,1.8426050194699932,12.086486679622178,1.8595663498065658,0.5341522932426075,512,0.1020662656250001,0.5643091424386205,0.4368848062010583,0.12742433623756222,0.5032410208508034,0.42593074596166236,0.077310274889141,0.2622222222222222
breakhis_resnet18_s43_std_r4,breakhis,resnet18,1,1,71.0,28,True,1.899179097588415,12.038169097173393,1.915058949282514,0.5320169376051027,512,0.20765778515624977,0.771915262361011,0.5871555088508883,0.18475975351012275,0.771915262361011,0.5871555088508883,0.18475975351012275,0.8231511254019293
breakhis_resnet18_s43_std_r4,breakhis,resnet18,1,5,71.0,28,True,1.899179097588415,12.038169097173393,1.915058949282514,0.5320169376051027,512,0.22217602343749987,0.7445713759708992,0.5756191022089184,0.16895227376198074,0.7223109226359576,0.5661118718310706,0.15619905080488705,0.7286173633440515
breakhis_resnet18_s43_std_r4,breakhis,resnet18,1,10,71.0,28,True,1.899179097588415,12.038169097173393,1.915058949282514,0.5320169376051027,512,0.22037614453124998,0.7256215818158156,0.5661808673622831,0.15944071445353247,0.6927054402097491,0.5496643986597176,0.1430410415500315,0.6728295819935691
breakhis_resnet18_s43_std_r4,breakhis,resnet18,1,20,71.0,28,True,1.899179097588415,12.038169097173393,1.915058949282514,0.5320169376051027,512,0.21327920703125003,0.7013772723088594,0.5514777427492773,0.14989952955958208,0.6634887935932555,0.5316707179427301,0.1318180756505254,0.6052250803858521
breakhis_resnet18_s43_std_r4,breakhis,resnet18,1,50,71.0,28,True,1.899179097588415,12.038169097173393,1.915058949282514,0.5320169376051027,512,0.19084213671875006,0.6609589802027025,0.5281431002699671,0.13281587993273536,0.6065330764371848,0.5040990422004975,0.10243403423668729,0.4946302250803858
breakhis_resnet18_s43_std_r4,breakhis,resnet18,1,100,71.0,28,False,1.899179097588415,12.038169097173393,1.915058949282514,0.5320169376051027,512,0.16159407421875016,0.6212929663569735,0.5088331971113871,0.11245976924558643,0.5497884415778164,0.4864379553262781,0.06335048625153827,0.38784565916398717
breakhis_resnet18_s43_std_r4,breakhis,resnet18,1,200,71.0,28,False,1.899179097588415,12.038169097173393,1.915058949282514,0.5320169376051027,512,0.12579639453124986,0.5736089994064303,0.4926988575047678,0.08091014190166251,0.5202083525106097,0.4862026628736816,0.03400568963692813,0.2723392282958199
breakhis_resnet50_s42_std_r0,breakhis,resnet50,0,1,61.0,24,True,1.8122820235201276,27.66584449839605,2.0179587406488793,0.611334570377137,2048,0.1788684570312501,0.8108064941337659,0.6437444178066093,0.16706207632715664,0.8108064941337659,0.6437444178066093,0.16706207632715664,0.7894736842105263
breakhis_resnet50_s42_std_r0,breakhis,resnet50,0,5,61.0,24,True,1.8122820235201276,27.66584449839605,2.0179587406488793,0.611334570377137,2048,0.1895532109375,0.7952908485978575,0.6440049201648412,0.15128592843301625,0.7768983718482342,0.6398251304470456,0.1370732414011886,0.6998050682261208
breakhis_resnet50_s42_std_r0,breakhis,resnet50,0,10,61.0,24,True,1.8122820235201276,27.66584449839605,2.0179587406488793,0.611334570377137,2048,0.18832290624999992,0.7802100952721829,0.6397624531879221,0.14044764208426075,0.7537567182187123,0.6321785048339836,0.12157821338472863,0.6434697855750486
breakhis_resnet50_s42_std_r0,breakhis,resnet50,0,20,61.0,24,True,1.8122820235201276,27.66584449839605,2.0179587406488793,0.611334570377137,2048,0.18216068359375004,0.7607938899568764,0.634940221564111,0.12585366839276535,0.7285830018723457,0.626024381453799,0.10255862041854669,0.582943469785575
breakhis_resnet50_s42_std_r0,breakhis,resnet50,0,50,61.0,24,True,1.8122820235201276,27.66584449839605,2.0179587406488793,0.611334570377137,2048,0.1653913671874998,0.7291237306824152,0.6230550463028252,0.10606868437959005,0.6808506953464609,0.6082318745201273,0.07261882082633364,0.4887719298245614
breakhis_resnet50_s42_std_r0,breakhis,resnet50,0,100,61.0,24,False,1.8122820235201276,27.66584449839605,2.0179587406488793,0.611334570377137,2048,0.1449563867187501,0.6895697068711045,0.6031138845798273,0.08645582229127724,0.5998491347376887,0.5657171061909463,0.034132028546742466,0.3839376218323587
breakhis_resnet50_s42_std_r0,breakhis,resnet50,0,200,61.0,24,False,1.8122820235201276,27.66584449839605,2.0179587406488793,0.611334570377137,2048,0.11943848437499982,0.6124725546453608,0.5656270076309563,0.046845547014404465,0.5230925839332344,0.5262774408875099,-0.0031848569542755056,0.2633820662768031
breakhis_resnet50_s42_std_r0,breakhis,resnet50,1,1,59.0,28,True,1.8521973154055709,28.504442823924048,2.051331534135583,0.6298651504606536,2048,0.18165037109374982,0.853634889296291,0.658879017220577,0.1947558720757141,0.853634889296291,0.658879017220577,0.1947558720757141,0.7896825396825397
breakhis_resnet50_s42_std_r0,breakhis,resnet50,1,5,59.0,28,True,1.8521973154055709,28.504442823924048,2.051331534135583,0.6298651504606536,2048,0.19439184765625028,0.846293815321456,0.6522979050126138,0.19399591030884222,0.8348552155314248,0.6422934598754207,0.19256175565600409,0.7075396825396826
breakhis_resnet50_s42_std_r0,breakhis,resnet50,1,10,59.0,28,True,1.8521973154055709,28.504442823924048,2.051331534135583,0.6298651504606536,2048,0.19426796874999996,0.8370587129224839,0.644231231803321,0.19282748111916292,0.8177345304689826,0.6319772778441662,0.18575725262481635,0.6523809523809525
breakhis_resnet50_s42_std_r0,breakhis,resnet50,1,20,59.0,28,True,1.8521973154055709,28.504442823924048,2.051331534135583,0.6298651504606536,2048,0.1889458867187499,0.8236281514909353,0.6353775191516138,0.1882506323393215,0.7959698522383616,0.6220478804777656,0.17392197176059598,0.5835317460317461
breakhis_resnet50_s42_std_r0,breakhis,resnet50,1,50,59.0,28,True,1.8521973154055709,28.504442823924048,2.051331534135583,0.6298651504606536,2048,0.170330296875,0.7938799573794638,0.6200754711171919,0.17380448626227196,0.7448859273883953,0.601409743509811,0.1434761838785843,0.47448412698412695
breakhis_resnet50_s42_std_r0,breakhis,resnet50,1,100,59.0,28,False,1.8521973154055709,28.504442823924048,2.051331534135583,0.6298651504606536,2048,0.14547055078125004,0.7522857612936587,0.597251327287177,0.15503443400648165,0.6715300302417775,0.5512354979804452,0.12029453226133224,0.36884920634920626
breakhis_resnet50_s42_std_r0,breakhis,resnet50,1,200,59.0,28,False,1.8521973154055709,28.504442823924048,2.051331534135583,0.6298651504606536,2048,0.11423603515625003,0.6931086353593757,0.5649365269046258,0.1281721084547499,0.5854526081574453,0.5314036434730569,0.054048964684388356,0.249890873015873
breakhis_resnet50_s42_std_r1,breakhis,resnet50,0,1,55.0,25,True,1.976677146804406,28.986871357465162,2.021418363979287,0.6405254156951787,2048,0.26449627343750004,0.7878891662561103,0.5171427065096653,0.27074645974644496,0.7878891662561103,0.5171427065096653,0.27074645974644496,0.7328385899814471
breakhis_resnet50_s42_std_r1,breakhis,resnet50,0,5,55.0,25,True,1.976677146804406,28.986871357465162,2.021418363979287,0.6405254156951787,2048,0.28148025781249997,0.7690487484592688,0.5090635731803316,0.2599851752789373,0.7507925722563996,0.503096940510018,0.24769563174638165,0.673469387755102
breakhis_resnet50_s42_std_r1,breakhis,resnet50,0,10,55.0,25,True,1.976677146804406,28.986871357465162,2.021418363979287,0.6405254156951787,2048,0.27868192578124995,0.7552082665606851,0.503171477968727,0.2520367885919581,0.7330675247753234,0.49475601708180394,0.2383115076935195,0.6363636363636364
breakhis_resnet50_s42_std_r1,breakhis,resnet50,0,20,55.0,25,True,1.976677146804406,28.986871357465162,2.021418363979287,0.6405254156951787,2048,0.26900024609375006,0.7369227867041998,0.49284713094413507,0.24407565576006468,0.7065000998155702,0.4783032365618961,0.22819686325367405,0.5862708719851577
breakhis_resnet50_s42_std_r1,breakhis,resnet50,0,50,55.0,25,True,1.976677146804406,28.986871357465162,2.021418363979287,0.6405254156951787,2048,0.23781646484374996,0.7019268983730977,0.4759725774871423,0.22595432088595546,0.6520868780070586,0.45678554482337347,0.1953013331836851,0.4866790352504638
breakhis_resnet50_s42_std_r1,breakhis,resnet50,0,100,55.0,25,False,1.976677146804406,28.986871357465162,2.021418363979287,0.6405254156951787,2048,0.19797872265625,0.6576435833240233,0.45786724696805253,0.19977633635597075,0.5654579520042783,0.42588885919510455,0.13956909280917373,0.38094619666048235
breakhis_resnet50_s42_std_r1,breakhis,resnet50,0,200,55.0,25,False,1.976677146804406,28.986871357465162,2.021418363979287,0.6405254156951787,2048,0.15216542968749996,0.5669322920768415,0.42949210902830426,0.13744018304853722,0.4875340426038494,0.4013769432006385,0.08615709940321092,0.2676252319109462
breakhis_resnet50_s42_std_r1,breakhis,resnet50,1,1,74.0,32,True,1.9566871036143705,27.436807804369902,2.0464105724166433,0.6062735266431858,2048,0.22168132812500008,0.8269840144420871,0.5801152732474126,0.2468687411946745,0.8269840144420871,0.5801152732474126,0.2468687411946745,0.8139963167587477
breakhis_resnet50_s42_std_r1,breakhis,resnet50,1,5,74.0,32,True,1.9566871036143705,27.436807804369902,2.0464105724166433,0.6062735266431858,2048,0.24099356640624991,0.8175704788031829,0.5590331259489347,0.25853735285424817,0.8016649123094068,0.5420608160701237,0.25960409623928316,0.7186003683241253
breakhis_resnet50_s42_std_r1,breakhis,resnet50,1,10,74.0,32,True,1.9566871036143705,27.436807804369902,2.0464105724166433,0.6062735266431858,2048,0.24097026953125,0.8016867281509802,0.5462677218423939,0.25541900630858627,0.7736715515971923,0.5302532751411612,0.2434182764560311,0.665561694290976
breakhis_resnet50_s42_std_r1,breakhis,resnet50,1,20,74.0,32,True,1.9566871036143705,27.436807804369902,2.0464105724166433,0.6062735266431858,2048,0.23385583984375014,0.7807507921877471,0.5342019424659391,0.24654884972180802,0.7458145398948113,0.5211178611263225,0.22469667876848876,0.6011049723756906
breakhis_resnet50_s42_std_r1,breakhis,resnet50,1,50,74.0,32,True,1.9566871036143705,27.436807804369902,2.0464105724166433,0.6062735266431858,2048,0.20968218359375002,0.7366791562359675,0.519579419311474,0.21709973692449347,0.6810051285407566,0.5004789315887892,0.18052619695196737,0.5003683241252304
breakhis_resnet50_s42_std_r1,breakhis,resnet50,1,100,74.0,32,False,1.9566871036143705,27.436807804369902,2.0464105724166433,0.6062735266431858,2048,0.17753180859374984,0.6904568419024141,0.5001730747041705,0.19028376719824358,0.6209642965572784,0.4571864463276112,0.16377785022966718,0.4078268876611418
breakhis_resnet50_s42_std_r1,breakhis,resnet50,1,200,74.0,32,False,1.9566871036143705,27.436807804369902,2.0464105724166433,0.6062735266431858,2048,0.13760863281250002,0.6382915287269184,0.4568714320512374,0.181420096675681,0.5528334233236798,0.41781149325924394,0.13502193006443586,0.27966850828729284
breakhis_resnet50_s42_std_r2,breakhis,resnet50,0,1,58.0,31,True,2.101125282666212,27.512644189809556,2.0237062586617216,0.6079492898433438,2048,0.2302238671875001,0.8611420706443474,0.6503283402721147,0.21081373037223272,0.8611420706443474,0.6503283402721147,0.21081373037223272,0.8046594982078853
breakhis_resnet50_s42_std_r2,breakhis,resnet50,0,5,58.0,31,True,2.101125282666212,27.512644189809556,2.0237062586617216,0.6079492898433438,2048,0.25221246484375004,0.8481850637058738,0.6277074776487888,0.220477586057085,0.832758370573229,0.6144637668718754,0.21829460370135356,0.7272401433691756
breakhis_resnet50_s42_std_r2,breakhis,resnet50,0,10,58.0,31,True,2.101125282666212,27.512644189809556,2.0237062586617216,0.6079492898433438,2048,0.25447511718750004,0.8356261079090108,0.6156916605862912,0.2199344473227196,0.8131477176632098,0.5994547256180056,0.2136929920452042,0.6698924731182796
breakhis_resnet50_s42_std_r2,breakhis,resnet50,0,20,58.0,31,True,2.101125282666212,27.512644189809556,2.0237062586617216,0.6079492898433438,2048,0.2503674453124999,0.8188018129902663,0.6024871379066465,0.2163146750836198,0.7862819192787667,0.5816316057602771,0.2046503135184896,0.6080645161290323
breakhis_resnet50_s42_std_r2,breakhis,resnet50,0,50,58.0,31,True,2.101125282666212,27.512644189809556,2.0237062586617216,0.6079492898433438,2048,0.22946719531249982,0.7816680642684528,0.5787634102601903,0.20290465400826252,0.7273915797146062,0.5551012639094419,0.1722903158051643,0.5159139784946236
breakhis_resnet50_s42_std_r2,breakhis,resnet50,0,100,58.0,31,False,2.101125282666212,27.512644189809556,2.0237062586617216,0.6079492898433438,2048,0.19424395703125008,0.7409978522929515,0.55849010127324,0.1825077510197115,0.6119160589752571,0.5040914239648278,0.10782463501042938,0.41516129032258065
breakhis_resnet50_s42_std_r2,breakhis,resnet50,0,200,58.0,31,False,2.101125282666212,27.512644189809556,2.0237062586617216,0.6079492898433438,2048,0.14998841796874995,0.6396451860579492,0.5050617958971928,0.13458339016075638,0.49513669960761003,0.40274354002877527,0.09239315957883476,0.27297491039426525
breakhis_resnet50_s42_std_r2,breakhis,resnet50,1,1,61.5,29,True,2.009836960700797,26.621635028003066,1.9151758819481568,0.5882605829554466,2048,0.2262466875000001,0.8338312709819604,0.6164856860809477,0.21734558490101274,0.8338312709819604,0.6164856860809477,0.21734558490101274,0.77882797731569
breakhis_resnet50_s42_std_r2,breakhis,resnet50,1,5,61.5,29,True,2.009836960700797,26.621635028003066,1.9151758819481568,0.5882605829554466,2048,0.23638867578125,0.8234501574055241,0.6196311746577645,0.20381898274775956,0.8047443723093173,0.6148474844936966,0.18989688781562064,0.6979206049149338
breakhis_resnet50_s42_std_r2,breakhis,resnet50,1,10,61.5,29,True,2.009836960700797,26.621635028003066,1.9151758819481568,0.5882605829554466,2048,0.2340241796875,0.8094637388803774,0.6163989993878858,0.1930647394924916,0.7847808359007757,0.6090783966146193,0.17570243928615648,0.6616257088846881
breakhis_resnet50_s42_std_r2,breakhis,resnet50,1,20,61.5,29,True,2.009836960700797,26.621635028003066,1.9151758819481568,0.5882605829554466,2048,0.22661758203125015,0.7943763214319703,0.6107572878741239,0.18361903355784648,0.7682359944539512,0.5989112858997901,0.16932470855416104,0.6054820415879018
breakhis_resnet50_s42_std_r2,breakhis,resnet50,1,50,61.5,29,True,2.009836960700797,26.621635028003066,1.9151758819481568,0.5882605829554466,2048,0.20724033203125014,0.7638133377622104,0.5900303226514098,0.17378301511080063,0.6955028859234489,0.5547912973636631,0.14071158855978583,0.5216257088846881
breakhis_resnet50_s42_std_r2,breakhis,resnet50,1,100,61.5,29,False,2.009836960700797,26.621635028003066,1.9151758819481568,0.5882605829554466,2048,0.1818132265625002,0.7079273788574617,0.5524631404642869,0.1554642383931748,0.6125211569072754,0.4742929727166902,0.1382281841905852,0.40763705103969755
breakhis_resnet50_s42_std_r2,breakhis,resnet50,1,200,61.5,29,False,2.009836960700797,26.621635028003066,1.9151758819481568,0.5882605829554466,2048,0.1458157109375,0.6416696368756263,0.49206374479437565,0.14960589208125064,0.5517198909451236,0.4239704628361763,0.12774942810894735,0.28233459357277885
breakhis_resnet50_s42_std_r3,breakhis,resnet50,0,1,65.0,27,True,1.901349629676921,28.156498024800566,1.8315895393505879,0.6221765839938159,2048,0.19189301171875017,0.8007209843463545,0.6171596654656972,0.1835613188806573,0.8007209843463545,0.6171596654656972,0.1835613188806573,0.8678571428571429
breakhis_resnet50_s42_std_r3,breakhis,resnet50,0,5,65.0,27,True,1.901349629676921,28.156498024800566,1.8315895393505879,0.6221765839938159,2048,0.20534088671875006,0.7740780566915809,0.6126230409081267,0.16145501578345423,0.7513890847553236,0.6072696234902277,0.1441194612650959,0.7796428571428572
breakhis_resnet50_s42_std_r3,breakhis,resnet50,0,10,65.0,27,True,1.901349629676921,28.156498024800566,1.8315895393505879,0.6221765839938159,2048,0.2038667109375002,0.7538446622479199,0.6084689226184808,0.14537573962943906,0.7211394725708645,0.5995042451514407,0.12163522741942379,0.7235714285714286
breakhis_resnet50_s42_std_r3,breakhis,resnet50,0,20,65.0,27,True,1.901349629676921,28.156498024800566,1.8315895393505879,0.6221765839938159,2048,0.1986614648437498,0.7272528557326188,0.5985220893193894,0.12873076641322934,0.6874012833168806,0.5815030658963091,0.10589821742057148,0.656875
breakhis_resnet50_s42_std_r3,breakhis,resnet50,0,50,65.0,27,True,1.901349629676921,28.156498024800566,1.8315895393505879,0.6221765839938159,2048,0.18079235937500004,0.676984910449866,0.5795153695695384,0.09746954088032755,0.6135929347059653,0.556392949190139,0.05719998551582628,0.5408571428571428
breakhis_resnet50_s42_std_r3,breakhis,resnet50,0,100,65.0,27,False,1.901349629676921,28.156498024800566,1.8315895393505879,0.6221765839938159,2048,0.15574906640624986,0.6224086870681145,0.5577676332884014,0.06464105377971308,0.5269408405020448,0.516816077957784,0.010124762544260868,0.4203928571428572
breakhis_resnet50_s42_std_r3,breakhis,resnet50,0,200,65.0,27,False,1.901349629676921,28.156498024800566,1.8315895393505879,0.6221765839938159,2048,0.12438742968749994,0.5503331688055282,0.5254617218127122,0.02487144699281596,0.49148039768720914,0.4953990676200928,-0.003918669932883645,0.28350892857142856
breakhis_resnet50_s42_std_r3,breakhis,resnet50,1,1,64.0,33,True,1.6822770879352502,26.671125065373285,1.977281493918929,0.5893541686124985,2048,0.14170695312500003,0.7805917321854805,0.5874453532647017,0.1931463789207788,0.7805917321854805,0.5874453532647017,0.1931463789207788,0.7495769881556683
breakhis_resnet50_s42_std_r3,breakhis,resnet50,1,5,64.0,33,True,1.6822770879352502,26.671125065373285,1.977281493918929,0.5893541686124985,2048,0.15247826953125,0.7709906578272642,0.5819648145536596,0.1890258432736046,0.7595204807886644,0.5768333098293612,0.1826871709593032,0.6626057529610829
breakhis_resnet50_s42_std_r3,breakhis,resnet50,1,10,64.0,33,True,1.6822770879352502,26.671125065373285,1.977281493918929,0.5893541686124985,2048,0.15036051953124985,0.7604792519580479,0.5757721054858271,0.18470714647222075,0.7442436147343419,0.5656430686786067,0.17860054605573517,0.5989847715736041
breakhis_resnet50_s42_std_r3,breakhis,resnet50,1,20,64.0,33,True,1.6822770879352502,26.671125065373285,1.977281493918929,0.5893541686124985,2048,0.14394832031249982,0.7470965435798244,0.5668188548864758,0.1802776886933486,0.7237436172398415,0.5554223663799182,0.16832125085992333,0.522673434856176
breakhis_resnet50_s42_std_r3,breakhis,resnet50,1,50,64.0,33,True,1.6822770879352502,26.671125065373285,1.977281493918929,0.5893541686124985,2048,0.12700955859374996,0.7233427373083919,0.5539610069101678,0.16938173039822413,0.6901031096590349,0.5417571569595262,0.14834595269950868,0.42690355329949237
breakhis_resnet50_s42_std_r3,breakhis,resnet50,1,100,64.0,33,False,1.6822770879352502,26.671125065373285,1.977281493918929,0.5893541686124985,2048,0.10779817968750005,0.6958273410135247,0.5390124806092229,0.15681486040430181,0.6402219538553793,0.5079414045973769,0.13228054925800237,0.3436548223350254
breakhis_resnet50_s42_std_r3,breakhis,resnet50,1,200,64.0,33,False,1.6822770879352502,26.671125065373285,1.977281493918929,0.5893541686124985,2048,0.08572945703125012,0.6498480832093111,0.5125881398956423,0.13725994331366875,0.5776896955483954,0.47502820476660557,0.10266149078178988,0.24939932318104907
breakhis_resnet50_s42_std_r4,breakhis,resnet50,0,1,57.0,29,True,1.972972809550022,28.411476207763897,1.988915117822701,0.6278108590634408,2048,0.23589341406249997,0.7971301397247963,0.5239808534073127,0.2731492863174836,0.7971301397247963,0.5239808534073127,0.2731492863174836,0.7813620071684588
breakhis_resnet50_s42_std_r4,breakhis,resnet50,0,5,57.0,29,True,1.972972809550022,28.411476207763897,1.988915117822701,0.6278108590634408,2048,0.24998218359375002,0.7713063507732807,0.5156692895890402,0.25563706118424045,0.748735966485863,0.5097224823278093,0.2390134841580538,0.6845878136200717
breakhis_resnet50_s42_std_r4,breakhis,resnet50,0,10,57.0,29,True,1.972972809550022,28.411476207763897,1.988915117822701,0.6278108590634408,2048,0.2451953281249999,0.7555859843539364,0.5120348650819094,0.243551119272027,0.7331801278717178,0.5091987442983974,0.22398138357332043,0.646415770609319
breakhis_resnet50_s42_std_r4,breakhis,resnet50,0,20,57.0,29,True,1.972972809550022,28.411476207763897,1.988915117822701,0.6278108590634408,2048,0.23296565234374988,0.7381478061190191,0.5082084032973276,0.22993940282169145,0.710029473475641,0.5013077579885921,0.208721715487049,0.5922939068100358
breakhis_resnet50_s42_std_r4,breakhis,resnet50,0,50,57.0,29,True,1.972972809550022,28.411476207763897,1.988915117822701,0.6278108590634408,2048,0.20192778124999994,0.7051307907595523,0.4981145430941173,0.20701624766543503,0.6527295693617383,0.48339274321283127,0.16933682614890705,0.4953046594982079
breakhis_resnet50_s42_std_r4,breakhis,resnet50,0,100,57.0,29,False,1.972972809550022,28.411476207763897,1.988915117822701,0.6278108590634408,2048,0.1659900859374998,0.6621288836523049,0.4825674590452732,0.17956142460703173,0.6038117377320639,0.46069584152004645,0.14311589621201742,0.39872759856630824
breakhis_resnet50_s42_std_r4,breakhis,resnet50,0,200,57.0,29,False,1.972972809550022,28.411476207763897,1.988915117822701,0.6278108590634408,2048,0.12498347265624987,0.6086838837053785,0.46128147586202517,0.14740240784335334,0.49202659335449195,0.42681157810203685,0.0652150152524551,0.2857078853046595
breakhis_resnet50_s42_std_r4,breakhis,resnet50,1,1,71.0,28,True,2.016780473781467,28.6813356114505,2.0701971862176425,0.6337739657607456,2048,0.23355847656249995,0.7947946788216211,0.6023557551118612,0.1924389237097599,0.7947946788216211,0.6023557551118612,0.1924389237097599,0.8070739549839229
breakhis_resnet50_s42_std_r4,breakhis,resnet50,1,5,71.0,28,True,2.016780473781467,28.6813356114505,2.0701971862176425,0.6337739657607456,2048,0.24873278515624997,0.7750322971784804,0.5972553931506898,0.17777690402779067,0.7579219344660888,0.5909113425115081,0.16701059195458068,0.7459807073954985
breakhis_resnet50_s42_std_r4,breakhis,resnet50,1,10,71.0,28,True,2.016780473781467,28.6813356114505,2.0701971862176425,0.6337739657607456,2048,0.24843697656249997,0.7619848719063747,0.5905840560172949,0.17140081588907974,0.7406195344762461,0.5789538862175234,0.16166564825872265,0.6996784565916399
breakhis_resnet50_s42_std_r4,breakhis,resnet50,1,20,71.0,28,True,2.016780473781467,28.6813356114505,2.0701971862176425,0.6337739657607456,2048,0.24325933593749993,0.747261484940151,0.5804753261365687,0.16678615880358227,0.7225315274422857,0.5658093529634465,0.15672217447883918,0.6392282958199357
breakhis_resnet50_s42_std_r4,breakhis,resnet50,1,50,71.0,28,True,2.016780473781467,28.6813356114505,2.0701971862176425,0.6337739657607456,2048,0.22364552734374998,0.7205238649962069,0.5596086007352447,0.16091526426096225,0.676504477166609,0.5319873897398337,0.14451708742677527,0.5260450160771705
breakhis_resnet50_s42_std_r4,breakhis,resnet50,1,100,71.0,28,False,2.016780473781467,28.6813356114505,2.0701971862176425,0.6337739657607456,2048,0.1909899960937499,0.6860984056144717,0.5388409458402771,0.14725745977419458,0.6062172465346001,0.5066554150877305,0.09956183144686959,0.4133118971061094
breakhis_resnet50_s42_std_r4,breakhis,resnet50,1,200,71.0,28,False,2.016780473781467,28.6813356114505,2.0701971862176425,0.6337739657607456,2048,0.1463948085937501,0.6202788190818396,0.49914905511504565,0.12112976396679392,0.5451255860311132,0.45254876568763774,0.09257682034347542,0.29004823151125403
breakhis_resnet50_s43_std_r0,breakhis,resnet50,0,1,61.0,24,True,1.8796181947875248,27.389694226621234,2.0004398287311997,0.6052324538209345,2048,0.19621551171874985,0.812226628873379,0.6413391779877466,0.1708874508856324,0.812226628873379,0.6413391779877466,0.1708874508856324,0.7816764132553606
breakhis_resnet50_s43_std_r0,breakhis,resnet50,0,5,61.0,24,True,1.8796181947875248,27.389694226621234,2.0004398287311997,0.6052324538209345,2048,0.20703809765625003,0.7996166790784134,0.6431450665162413,0.15647161256217212,0.7823807077197216,0.6402893338974287,0.14209137382229287,0.704093567251462
breakhis_resnet50_s43_std_r0,breakhis,resnet50,0,10,61.0,24,True,1.8796181947875248,27.389694226621234,2.0004398287311997,0.6052324538209345,2048,0.20549019921875,0.7840182885644515,0.6400523355113681,0.14396595305308346,0.7558946175353928,0.6302864350741942,0.12560818246119854,0.661598440545809
breakhis_resnet50_s43_std_r0,breakhis,resnet50,0,20,61.0,24,True,1.8796181947875248,27.389694226621234,2.0004398287311997,0.6052324538209345,2048,0.20029647265624995,0.7634975340072239,0.632021811686175,0.13147572232104887,0.7322911314702243,0.620442188063116,0.11184894340710827,0.6017543859649124
breakhis_resnet50_s43_std_r0,breakhis,resnet50,0,50,61.0,24,True,1.8796181947875248,27.389694226621234,2.0004398287311997,0.6052324538209345,2048,0.18251615624999995,0.7317080680202206,0.6176941819834219,0.11401388603679874,0.6757416740271212,0.5975610711543584,0.07818060287276274,0.5040545808966862
breakhis_resnet50_s43_std_r0,breakhis,resnet50,0,100,61.0,24,False,1.8796181947875248,27.389694226621234,2.0004398287311997,0.6052324538209345,2048,0.15901995703124983,0.6886056316616923,0.5939434181043263,0.09466221355736604,0.5922981744148679,0.5542393331139629,0.03805884130090498,0.39576998050682266
breakhis_resnet50_s43_std_r0,breakhis,resnet50,0,200,61.0,24,False,1.8796181947875248,27.389694226621234,2.0004398287311997,0.6052324538209345,2048,0.1266234648437501,0.6088144568946772,0.5537751296635798,0.05503932723109739,0.5034396894946591,0.5084633886460145,-0.005023699151355365,0.2681286549707602
breakhis_resnet50_s43_std_r0,breakhis,resnet50,1,1,59.0,28,True,1.9403438177476378,28.016917580865957,1.9746706467141777,0.6190922627929663,2048,0.19360346484375013,0.8608956580328743,0.6628603976762131,0.1980352603566612,0.8608956580328743,0.6628603976762131,0.1980352603566612,0.8174603174603174
breakhis_resnet50_s43_std_r0,breakhis,resnet50,1,5,59.0,28,True,1.9403438177476378,28.016917580865957,1.9746706467141777,0.6190922627929663,2048,0.20510849999999992,0.8584003196540215,0.6609765061991383,0.19742381345488325,0.8466169949388114,0.6514743038357108,0.19514269110310056,0.7130952380952381
breakhis_resnet50_s43_std_r0,breakhis,resnet50,1,10,59.0,28,True,1.9403438177476378,28.016917580865957,1.9746706467141777,0.6190922627929663,2048,0.20528463281249998,0.8511219229383099,0.6538315735593233,0.1972903493789866,0.8359618608878234,0.6402460027440544,0.19571585814376902,0.6615079365079365
breakhis_resnet50_s43_std_r0,breakhis,resnet50,1,20,59.0,28,True,1.9403438177476378,28.016917580865957,1.9746706467141777,0.6190922627929663,2048,0.20133055859374993,0.839932073520425,0.6425878780531453,0.19734419546727966,0.8171665178081763,0.6244878951794315,0.1926786226287448,0.6039682539682539
breakhis_resnet50_s43_std_r0,breakhis,resnet50,1,50,59.0,28,True,1.9403438177476378,28.016917580865957,1.9746706467141777,0.6190922627929663,2048,0.1834423046875,0.8155388677353139,0.6243070108088032,0.19123185692651068,0.7713944906689231,0.6021294323886935,0.16926505828022953,0.49674603174603177
breakhis_resnet50_s43_std_r0,breakhis,resnet50,1,100,59.0,28,False,1.9403438177476378,28.016917580865957,1.9746706467141777,0.6190922627929663,2048,0.15682774999999993,0.777617167301274,0.6040421883929963,0.17357497890827767,0.6733280841128817,0.5562887145471445,0.11703936956573724,0.3906746031746032
breakhis_resnet50_s43_std_r0,breakhis,resnet50,1,200,59.0,28,False,1.9403438177476378,28.016917580865957,1.9746706467141777,0.6190922627929663,2048,0.12445331640624979,0.7035659443112553,0.5637607784955424,0.1398051658157129,0.5795041445337595,0.51992325884361,0.05958088569014952,0.2607638888888889
breakhis_resnet50_s43_std_r1,breakhis,resnet50,0,1,55.0,25,True,1.9589203648579425,28.468756095606807,2.017602987177733,0.6290765777234197,2048,0.25887201562499984,0.7574756367592357,0.4745436398640873,0.28293199689514836,0.7574756367592357,0.4745436398640873,0.28293199689514836,0.7829313543599258
breakhis_resnet50_s43_std_r1,breakhis,resnet50,0,5,55.0,25,True,1.9589203648579425,28.468756095606807,2.017602987177733,0.6290765777234197,2048,0.27383870703124996,0.7282287589719546,0.4700004908564354,0.2582282681155192,0.7059085323081938,0.46247947947402007,0.24342905283417376,0.6923933209647496
breakhis_resnet50_s43_std_r1,breakhis,resnet50,0,10,55.0,25,True,1.9589203648579425,28.468756095606807,2.017602987177733,0.6290765777234197,2048,0.26934170703125,0.7113864840560652,0.462157695810813,0.2492287882452522,0.6875589507094232,0.4479501289861633,0.23960882172325987,0.6404452690166977
breakhis_resnet50_s43_std_r1,breakhis,resnet50,0,20,55.0,25,True,1.9589203648579425,28.468756095606807,2.017602987177733,0.6290765777234197,2048,0.2568208046874999,0.691500292120797,0.4498081114934943,0.2416921806273027,0.6601875067535764,0.4294848370811131,0.23070266967246328,0.5832096474953619
breakhis_resnet50_s43_std_r1,breakhis,resnet50,0,50,55.0,25,True,1.9589203648579425,28.468756095606807,2.017602987177733,0.6290765777234197,2048,0.22114121093749994,0.6560611860287505,0.4271432700855726,0.2289179159431779,0.6084537377725927,0.4027513412197601,0.20570239655283262,0.48909090909090913
breakhis_resnet50_s43_std_r1,breakhis,resnet50,0,100,55.0,25,False,1.9589203648579425,28.468756095606807,2.017602987177733,0.6290765777234197,2048,0.1772329101562501,0.6169133362759085,0.40512926795125614,0.21178406832465235,0.5409106476656893,0.3785721168092877,0.1623385308564016,0.39
breakhis_resnet50_s43_std_r1,breakhis,resnet50,0,200,55.0,25,False,1.9589203648579425,28.468756095606807,2.017602987177733,0.6290765777234197,2048,0.12948844921874997,0.5389766065270225,0.3779776351264137,0.16099897140060881,0.44625068909372956,0.34961885906784546,0.0966318300258841,0.27627087198515776
breakhis_resnet50_s43_std_r1,breakhis,resnet50,1,1,74.0,32,True,1.9891701136804798,26.804327282607847,1.9719794824398074,0.5922975495836122,2048,0.24904094921874986,0.7773529748626965,0.5259877620616585,0.25136521280103796,0.7773529748626965,0.5259877620616585,0.25136521280103796,0.7882136279926335
breakhis_resnet50_s43_std_r1,breakhis,resnet50,1,5,74.0,32,True,1.9891701136804798,26.804327282607847,1.9719794824398074,0.5922975495836122,2048,0.2672030507812502,0.758056862991061,0.5123047873012617,0.2457520756897993,0.7443656044169807,0.5003049411454432,0.24406066327153753,0.7314917127071823
breakhis_resnet50_s43_std_r1,breakhis,resnet50,1,10,74.0,32,True,1.9891701136804798,26.804327282607847,1.9719794824398074,0.5922975495836122,2048,0.26548373046874985,0.7449273623374947,0.5026620537831933,0.2422653085543014,0.7204518060789843,0.4906145891902485,0.22983721688873582,0.6825046040515654
breakhis_resnet50_s43_std_r1,breakhis,resnet50,1,20,74.0,32,True,1.9891701136804798,26.804327282607847,1.9719794824398074,0.5922975495836122,2048,0.2563106054687502,0.7252240214231565,0.49227940301131673,0.23294461841183972,0.6932347257294218,0.4782924028446522,0.2149423228847696,0.6204419889502762
breakhis_resnet50_s43_std_r1,breakhis,resnet50,1,50,74.0,32,True,1.9891701136804798,26.804327282607847,1.9719794824398074,0.5922975495836122,2048,0.22953164453125008,0.6854773760632951,0.47406168785381875,0.21141568820947632,0.6275145029896793,0.45077260914237366,0.1767418938473056,0.5173112338858195
breakhis_resnet50_s43_std_r1,breakhis,resnet50,1,100,74.0,32,False,1.9891701136804798,26.804327282607847,1.9719794824398074,0.5922975495836122,2048,0.19394008593749995,0.6419565901112426,0.45234401756754034,0.18961257254370228,0.5655084272778012,0.40962478503022853,0.15588364224757262,0.4126887661141805
breakhis_resnet50_s43_std_r1,breakhis,resnet50,1,200,74.0,32,False,1.9891701136804798,26.804327282607847,1.9719794824398074,0.5922975495836122,2048,0.14867844140624992,0.5965396439291057,0.4107108516923776,0.18582879223672816,0.5313084596379661,0.37837793288364435,0.15293052675432178,0.28355432780847145
breakhis_resnet50_s43_std_r2,breakhis,resnet50,0,1,58.0,31,True,2.0624577241658724,28.281326183634974,2.063927045093408,0.6249349226686547,2048,0.22636296093750008,0.8672543670633025,0.6502145081800488,0.21703985888325372,0.8672543670633025,0.6502145081800488,0.21703985888325372,0.8010752688172043
breakhis_resnet50_s43_std_r2,breakhis,resnet50,0,5,58.0,31,True,2.0624577241658724,28.281326183634974,2.063927045093408,0.6249349226686547,2048,0.24799738281249983,0.8599815304270293,0.6275190015619256,0.23246252886510366,0.8479391565561677,0.6134728678409411,0.23446628871522657,0.717921146953405
breakhis_resnet50_s43_std_r2,breakhis,resnet50,0,10,58.0,31,True,2.0624577241658724,28.281326183634974,2.063927045093408,0.6249349226686547,2048,0.250150078125,0.8496038948861927,0.6153762897082726,0.23422760517792007,0.8296677245981453,0.5984134418905831,0.2312542827075622,0.6740143369175626
breakhis_resnet50_s43_std_r2,breakhis,resnet50,0,20,58.0,31,True,2.0624577241658724,28.281326183634974,2.063927045093408,0.6249349226686547,2048,0.24545403124999998,0.8355836491205724,0.6033324811477261,0.23225116797284628,0.8118226496406925,0.5873493357617513,0.2244733138789412,0.6112903225806452
breakhis_resnet50_s43_std_r2,breakhis,resnet50,0,50,58.0,31,True,2.0624577241658724,28.281326183634974,2.063927045093408,0.6249349226686547,2048,0.22252429687499997,0.8095475662268644,0.586468536623143,0.2230790296037214,0.7639379818630209,0.56515767610851,0.1987803057545109,0.5208960573476703
breakhis_resnet50_s43_std_r2,breakhis,resnet50,0,100,58.0,31,False,2.0624577241658724,28.281326183634974,2.063927045093408,0.6249349226686547,2048,0.18925968359375012,0.7743333085657067,0.5664172935207147,0.20791601504499202,0.63781415080654,0.5072619276438436,0.13055222316269643,0.42055555555555557
breakhis_resnet50_s43_std_r2,breakhis,resnet50,0,200,58.0,31,False,2.0624577241658724,28.281326183634974,2.063927045093408,0.6249349226686547,2048,0.14776812109374993,0.6679032788799372,0.5131494727334818,0.1547538061464554,0.5134965873748792,0.43893468090625276,0.07456190646862648,0.27520609318996414
breakhis_resnet50_s43_std_r2,breakhis,resnet50,1,1,61.5,29,True,2.045304504210607,27.20132017581586,1.945312763770166,0.6010699360483076,2048,0.23550497265625014,0.8394799552882471,0.630035346941375,0.20944460834687217,0.8394799552882471,0.630035346941375,0.20944460834687217,0.7996219281663516
breakhis_resnet50_s43_std_r2,breakhis,resnet50,1,5,61.5,29,True,2.045304504210607,27.20132017581586,1.945312763770166,0.6010699360483076,2048,0.24798389062499981,0.8268352625695822,0.6273073697842032,0.19952789278537897,0.8091073138052203,0.6206484164641028,0.18845889734111743,0.7270321361058601
breakhis_resnet50_s43_std_r2,breakhis,resnet50,1,10,61.5,29,True,2.045304504210607,27.20132017581586,1.945312763770166,0.6010699360483076,2048,0.24642822265625008,0.8148530353047434,0.6228297367201293,0.1920232985846141,0.7942512927406848,0.6147643360330046,0.17948695670768022,0.682608695652174
breakhis_resnet50_s43_std_r2,breakhis,resnet50,1,20,61.5,29,True,2.045304504210607,27.20132017581586,1.945312763770166,0.6010699360483076,2048,0.2390126445312497,0.8007154626901323,0.6178549820080884,0.18286048068204386,0.7751834842697112,0.6067750073418322,0.16840847692787897,0.626843100189036
breakhis_resnet50_s43_std_r2,breakhis,resnet50,1,50,61.5,29,True,2.045304504210607,27.20132017581586,1.945312763770166,0.6010699360483076,2048,0.21776068359375,0.7683964790427654,0.6024194432945189,0.16597703574824652,0.6977981887634662,0.5710795500783719,0.12671863868509436,0.5372022684310018
breakhis_resnet50_s43_std_r2,breakhis,resnet50,1,100,61.5,29,False,2.045304504210607,27.20132017581586,1.945312763770166,0.6010699360483076,2048,0.18992959765625006,0.7088548304928183,0.5680808981449048,0.14077393234791347,0.6089737010545331,0.49509247170298665,0.11388122935154643,0.42202268431001894
breakhis_resnet50_s43_std_r2,breakhis,resnet50,1,200,61.5,29,False,2.045304504210607,27.20132017581586,1.945312763770166,0.6010699360483076,2048,0.15114961718749997,0.6343283999873105,0.503028726908611,0.1312996730786995,0.5501598314538597,0.44434360482190305,0.10581622663195667,0.2897069943289225
breakhis_resnet50_s43_std_r3,breakhis,resnet50,0,1,65.0,27,True,2.061917010561869,29.608479274520125,2.0251007060366715,0.654261139863579,2048,0.21751336718750003,0.8222024397123113,0.6741430773882005,0.14805936232411088,0.8222024397123113,0.6741430773882005,0.14805936232411088,0.8553571428571428
breakhis_resnet50_s43_std_r3,breakhis,resnet50,0,5,65.0,27,True,2.061917010561869,29.608479274520125,2.0251007060366715,0.654261139863579,2048,0.23040304296874992,0.7961059794105204,0.6724443486786831,0.12366163073183734,0.7731948949372444,0.6662641164021694,0.10693077853507493,0.785
breakhis_resnet50_s43_std_r3,breakhis,resnet50,0,10,65.0,27,True,2.061917010561869,29.608479274520125,2.0251007060366715,0.654261139863579,2048,0.23227910156249998,0.776373219574108,0.6659467531231053,0.11042646645100274,0.7467476378507968,0.653813453864566,0.09293418398623077,0.7351785714285713
breakhis_resnet50_s43_std_r3,breakhis,resnet50,0,20,65.0,27,True,2.061917010561869,29.608479274520125,2.0251007060366715,0.654261139863579,2048,0.23100812109375013,0.7525437173882387,0.6554804462461771,0.09706327114206159,0.7154720772810605,0.6368478810990124,0.07862419618204819,0.6734821428571429
breakhis_resnet50_s43_std_r3,breakhis,resnet50,0,50,65.0,27,True,2.061917010561869,29.608479274520125,2.0251007060366715,0.654261139863579,2048,0.21807413671874987,0.7088122267663235,0.6338078749521867,0.07500435181413678,0.6432343816104922,0.6050480805367783,0.0381863010737139,0.5675357142857143
breakhis_resnet50_s43_std_r3,breakhis,resnet50,0,100,65.0,27,False,2.061917010561869,29.608479274520125,2.0251007060366715,0.654261139863579,2048,0.1901550703125,0.648142010999859,0.6044935299649397,0.04364848103491936,0.542048018615146,0.5369235471860734,0.005124471429072575,0.4463928571428571
breakhis_resnet50_s43_std_r3,breakhis,resnet50,0,200,65.0,27,False,2.061917010561869,29.608479274520125,2.0251007060366715,0.654261139863579,2048,0.14596267968749987,0.5650772105485827,0.5457462463440585,0.01933096420452418,0.4946040755887745,0.49244591879174787,0.0021581567970266335,0.3026875
breakhis_resnet50_s43_std_r3,breakhis,resnet50,1,1,64.0,33,True,1.8390019680668503,28.444194879152114,2.128121058827269,0.628533846388754,2048,0.1946042695312502,0.790964500411737,0.623499858976167,0.16746464143557005,0.790964500411737,0.623499858976167,0.16746464143557005,0.7529610829103215
breakhis_resnet50_s43_std_r3,breakhis,resnet50,1,5,64.0,33,True,1.8390019680668503,28.444194879152114,2.128121058827269,0.628533846388754,2048,0.2094467929687499,0.7806735785048181,0.6135929347059653,0.1670806437988528,0.7683164546178862,0.605885982230997,0.16243047238688924,0.6693739424703892
breakhis_resnet50_s43_std_r3,breakhis,resnet50,1,10,64.0,33,True,1.8390019680668503,28.444194879152114,2.128121058827269,0.628533846388754,2048,0.20902523046874988,0.7712863067767082,0.6067268368354252,0.164559469941283,0.756655859611848,0.5964708785784798,0.1601849810333682,0.6125211505922166
breakhis_resnet50_s43_std_r3,breakhis,resnet50,1,20,64.0,33,True,1.8390019680668503,28.444194879152114,2.128121058827269,0.628533846388754,2048,0.20367307421875014,0.7600716906944076,0.5976043576364406,0.162467333057967,0.7404051893907126,0.5823385277111832,0.15806666167952943,0.5478849407783417
breakhis_resnet50_s43_std_r3,breakhis,resnet50,1,50,64.0,33,True,1.8390019680668503,28.444194879152114,2.128121058827269,0.628533846388754,2048,0.18620429296874996,0.7363462800847861,0.5762498237202087,0.16009645636457737,0.7050191837750529,0.5583133549569878,0.14670582881806515,0.4502876480541455
breakhis_resnet50_s43_std_r3,breakhis,resnet50,1,100,64.0,33,False,1.8390019680668503,28.444194879152114,2.128121058827269,0.628533846388754,2048,0.15994236718749988,0.7101838535585611,0.5577087152728811,0.15247513828567993,0.6551931489619716,0.5198737836694401,0.1353193652925314,0.36490693739424707
breakhis_resnet50_s43_std_r3,breakhis,resnet50,1,200,64.0,33,False,1.8390019680668503,28.444194879152114,2.128121058827269,0.628533846388754,2048,0.1257877773437499,0.6641962440891089,0.5247479198984628,0.13944832419064612,0.5666220687742929,0.47245804540967423,0.09416402336461865,0.26034686971235194
breakhis_resnet50_s43_std_r4,breakhis,resnet50,0,1,57.0,29,True,1.9890664365704473,28.91401742827382,1.9873053717567917,0.6389155560899511,2048,0.2508547148437501,0.7862677663492872,0.530245077656066,0.2560226886932212,0.7862677663492872,0.530245077656066,0.2560226886932212,0.7849462365591398
breakhis_resnet50_s43_std_r4,breakhis,resnet50,0,5,57.0,29,True,1.9890664365704473,28.91401742827382,1.9873053717567917,0.6389155560899511,2048,0.26620665234374985,0.7606792698503682,0.522500103160521,0.23817916668984718,0.7412402212102878,0.515572477407846,0.2256677438024418,0.6996415770609319
breakhis_resnet50_s43_std_r4,breakhis,resnet50,0,10,57.0,29,True,1.9890664365704473,28.91401742827382,1.9873053717567917,0.6389155560899511,2048,0.26228850390625014,0.7465723373916858,0.5188291756998251,0.2277431616918607,0.7248139774331539,0.514125055944744,0.2106889214884099,0.6519713261648745
breakhis_resnet50_s43_std_r4,breakhis,resnet50,0,20,57.0,29,True,1.9890664365704473,28.91401742827382,1.9873053717567917,0.6389155560899511,2048,0.2507594218750002,0.7312747897405414,0.5137885939379704,0.217486195802571,0.7068397569942009,0.5050278850823539,0.20181187191184702,0.5968637992831541
breakhis_resnet50_s43_std_r4,breakhis,resnet50,0,50,57.0,29,True,1.9890664365704473,28.91401742827382,1.9873053717567917,0.6389155560899511,2048,0.2192873203125001,0.6989247311827957,0.500404706659091,0.19852002452370476,0.6481086378866846,0.4821183140079291,0.1659903238787555,0.5056272401433691
breakhis_resnet50_s43_std_r4,breakhis,resnet50,0,100,57.0,29,False,1.9890664365704473,28.91401742827382,1.9873053717567917,0.6389155560899511,2048,0.18048317187500001,0.65726381414373,0.48214688153680607,0.17511693260692396,0.5988016006963242,0.4545617582361773,0.14423984246014687,0.4068279569892473
breakhis_resnet50_s43_std_r4,breakhis,resnet50,0,200,57.0,29,False,1.9890664365704473,28.91401742827382,1.9873053717567917,0.6389155560899511,2048,0.13447871093750002,0.6052146468667183,0.456888424754716,0.1483262221120023,0.48828668173953654,0.4215646752982926,0.06672200644124393,0.28774193548387095
breakhis_resnet50_s43_std_r4,breakhis,resnet50,1,1,71.0,28,True,2.0253272416472092,29.117255044762725,2.089590060173541,0.6434065153653103,2048,0.24201319921874986,0.7854800773227781,0.598221330587665,0.1872587467351131,0.7854800773227781,0.598221330587665,0.1872587467351131,0.8102893890675241
breakhis_resnet50_s43_std_r4,breakhis,resnet50,1,5,71.0,28,True,2.0253272416472092,29.117255044762725,2.089590060173541,0.6434065153653103,2048,0.25951284765624993,0.7629180778496903,0.5892094527415993,0.17370862510809104,0.743958761184981,0.5802258807544927,0.1637328804304884,0.7488745980707395
breakhis_resnet50_s43_std_r4,breakhis,resnet50,1,10,71.0,28,True,2.0253272416472092,29.117255044762725,2.089590060173541,0.6434065153653103,2048,0.26057208984375,0.7482645226207216,0.5791909477863049,0.16907357483441676,0.7260675526832845,0.5645745098663609,0.16149304281692356,0.6937299035369775
breakhis_resnet50_s43_std_r4,breakhis,resnet50,1,20,71.0,28,True,2.0253272416472092,29.117255044762725,2.089590060173541,0.6434065153653103,2048,0.2558118867187501,0.7312001853715208,0.565685514830501,0.16551467054101976,0.7037674222249026,0.546846196577114,0.15692122564778865,0.6349678456591641
breakhis_resnet50_s43_std_r4,breakhis,resnet50,1,50,71.0,28,True,2.0253272416472092,29.117255044762725,2.089590060173541,0.6434065153653103,2048,0.23317714843749993,0.7010058944334583,0.5440333018430652,0.1569725925903931,0.6558453925337177,0.5182130511239195,0.1376323414097982,0.5318327974276528
breakhis_resnet50_s43_std_r4,breakhis,resnet50,1,100,71.0,28,False,2.0253272416472092,29.117255044762725,2.089590060173541,0.6434065153653103,2048,0.19468035546875007,0.6654678885104574,0.5244385709787105,0.14102931753174686,0.5889148465447573,0.49244587389032185,0.09646897265443549,0.4195659163987139
breakhis_resnet50_s43_std_r4,breakhis,resnet50,1,200,71.0,28,False,2.0253272416472092,29.117255044762725,2.089590060173541,0.6434065153653103,2048,0.14428819921874997,0.6018241954272909,0.4882406847187282,0.11358351070856271,0.5460762499087426,0.45513344443382975,0.09094280547491285,0.2951768488745981
camelyon_conch_v1_5_s42,camelyon,conch_v1_5,0,1,6265.0,1430,True,0.9541554004840528,7.5535809608192395,1.1254109144572937,0.27256637506716375,768,0.04037939843750005,0.9805507836802524,0.8308789847675092,0.14967179891274318,0.9805507836802524,0.8308789847675092,0.14967179891274318,0.8327737954813538
camelyon_conch_v1_5_s42,camelyon,conch_v1_5,0,5,6265.0,1430,True,0.9541554004840528,7.5535809608192395,1.1254109144572937,0.27256637506716375,768,0.04656933203125002,0.9750430661463111,0.8128249042481086,0.16221816189820248,0.9690231455235854,0.8015149773396648,0.16750816818392056,0.7809999092641323
camelyon_conch_v1_5_s42,camelyon,conch_v1_5,0,10,6265.0,1430,True,0.9541554004840528,7.5535809608192395,1.1254109144572937,0.27256637506716375,768,0.048211902343749946,0.9704389937497865,0.80390403018112,0.16653496356866648,0.9623793798045223,0.7923926408147491,0.16998673898977312,0.7548679793122223
camelyon_conch_v1_5_s42,camelyon,conch_v1_5,0,20,6265.0,1430,True,0.9541554004840528,7.5535809608192395,1.1254109144572937,0.27256637506716375,768,0.049230984375000064,0.9645903494259459,0.7954079497299771,0.16918239969596882,0.9549371984023719,0.7842708389152039,0.17066635948716802,0.7271436348788677
camelyon_conch_v1_5_s42,camelyon,conch_v1_5,0,50,6265.0,1430,True,0.9541554004840528,7.5535809608192395,1.1254109144572937,0.27256637506716375,768,0.04975360156249997,0.9552127632352831,0.7848677120695025,0.1703450511657807,0.9441176379784468,0.7740279598634954,0.17008967811495146,0.687307866799746
camelyon_conch_v1_5_s42,camelyon,conch_v1_5,0,100,6265.0,1430,True,0.9541554004840528,7.5535809608192395,1.1254109144572937,0.27256637506716375,768,0.049680984374999904,0.9471047516353701,0.7771361326381458,0.16996861899722426,0.9347079495499528,0.7663086723493822,0.16839927720057069,0.6548325923237456
camelyon_conch_v1_5_s42,camelyon,conch_v1_5,0,200,6265.0,1430,True,0.9541554004840528,7.5535809608192395,1.1254109144572937,0.27256637506716375,768,0.049310531249999956,0.9379832664556981,0.7692955941552707,0.16868767230042736,0.923544253392509,0.7579958653024249,0.1655483880900841,0.6189778604482353
camelyon_conch_v1_5_s42,camelyon,conch_v1_5,1,1,7103.0,3084,True,1.0650080382988356,10.109070142807415,1.5691287977766917,0.36477964801291685,768,0.037729546875000075,0.986882725166002,0.8685295607086122,0.11835316445738975,0.986882725166002,0.8685295607086122,0.11835316445738975,0.8872620790629575
camelyon_conch_v1_5_s42,camelyon,conch_v1_5,1,5,7103.0,3084,True,1.0650080382988356,10.109070142807415,1.5691287977766917,0.36477964801291685,768,0.041934441406250134,0.9830361964735921,0.8609435241135588,0.1220926723600333,0.978835820812278,0.8547640236207523,0.12407179719152572,0.8510581658458671
camelyon_conch_v1_5_s42,camelyon,conch_v1_5,1,10,7103.0,3084,True,1.0650080382988356,10.109070142807415,1.5691287977766917,0.36477964801291685,768,0.04307275781249997,0.979927545355362,0.8556930245334173,0.12423452082194464,0.9747003141740809,0.8477049215980077,0.12699539257607317,0.8312303119038112
camelyon_conch_v1_5_s42,camelyon,conch_v1_5,1,20,7103.0,3084,True,1.0650080382988356,10.109070142807415,1.5691287977766917,0.36477964801291685,768,0.04405330468750002,0.9761629688637046,0.8494066677116073,0.12675630115209724,0.9702257443569388,0.8401566146269535,0.1300691297299853,0.8116265140423267
camelyon_conch_v1_5_s42,camelyon,conch_v1_5,1,50,7103.0,3084,True,1.0650080382988356,10.109070142807415,1.5691287977766917,0.36477964801291685,768,0.0450799648437501,0.9704952286281636,0.8398535977507712,0.13064163087739245,0.9638379760135326,0.828854290611625,0.13498368540190764,0.7842273392785838
camelyon_conch_v1_5_s42,camelyon,conch_v1_5,1,100,7103.0,3084,True,1.0650080382988356,10.109070142807415,1.5691287977766917,0.36477964801291685,768,0.04568401953125001,0.9656523712910627,0.8314728771497519,0.1341794941413108,0.9581408705942664,0.8188252835321983,0.13931558706206815,0.7621961932650073
camelyon_conch_v1_5_s42,camelyon,conch_v1_5,1,200,7103.0,3084,True,1.0650080382988356,10.109070142807415,1.5691287977766917,0.36477964801291685,768,0.046145875,0.9600910804985756,0.8217790659941594,0.13831201450441621,0.9514691607361113,0.8070956878204973,0.14437347291561398,0.7387266515817027
camelyon_conch_v1_5_s43,camelyon,conch_v1_5,0,1,6265.0,1430,True,0.8616899309547527,7.70945813479851,1.1449456322915035,0.27819110808950437,768,0.04354007812500005,0.9848096343977685,0.6810406994429213,0.30376893495484714,0.9848096343977685,0.6810406994429213,0.30376893495484714,0.8517103235747303
camelyon_conch_v1_5_s43,camelyon,conch_v1_5,0,5,6265.0,1430,True,0.8616899309547527,7.70945813479851,1.1449456322915035,0.27819110808950437,768,0.048133007812500184,0.9801929201290883,0.6640279265669387,0.31616499356214967,0.9750894048168003,0.6546256966908733,0.32046370812592695,0.7977072419106318
camelyon_conch_v1_5_s43,camelyon,conch_v1_5,0,10,6265.0,1430,True,0.8616899309547527,7.70945813479851,1.1449456322915035,0.27819110808950437,768,0.04851032031250002,0.9764264247171098,0.6558139609489779,0.3206124637681319,0.9698861156746138,0.6455183113143839,0.32436780436022994,0.7691278890600923
camelyon_conch_v1_5_s43,camelyon,conch_v1_5,0,20,6265.0,1430,True,0.8616899309547527,7.70945813479851,1.1449456322915035,0.27819110808950437,768,0.048286082031249844,0.9717128656015975,0.6476677586574583,0.32404510694413924,0.9641501501647299,0.6371902119916909,0.32695993817303903,0.7409738058551618
camelyon_conch_v1_5_s43,camelyon,conch_v1_5,0,50,6265.0,1430,True,0.8616899309547527,7.70945813479851,1.1449456322915035,0.27819110808950437,768,0.047459457031249874,0.9644321687702941,0.6370827792674837,0.32734938950281045,0.9557177513946274,0.6263424971932353,0.32937525420139213,0.7027118644067796
camelyon_conch_v1_5_s43,camelyon,conch_v1_5,0,100,6265.0,1430,True,0.8616899309547527,7.70945813479851,1.1449456322915035,0.27819110808950437,768,0.046558570312500214,0.9580472813374105,0.6290203385542902,0.3290269427831203,0.9480184230281258,0.6178913650195076,0.3301270580086182,0.6717436055469954
camelyon_conch_v1_5_s43,camelyon,conch_v1_5,0,200,6265.0,1430,True,0.8616899309547527,7.70945813479851,1.1449456322915035,0.27819110808950437,768,0.045324210937500053,0.950593428128665,0.6206531829599844,0.3299402451686806,0.9389201117694721,0.6091636356316338,0.3297564761378383,0.6392859784283513
camelyon_conch_v1_5_s43,camelyon,conch_v1_5,1,1,6601.0,3084,True,1.0905539151796495,10.240150875668832,1.5833740137852441,0.3695096165381114,768,0.02576655859374999,0.9827693713291318,0.9241556545079691,0.058613716821162676,0.9827693713291318,0.9241556545079691,0.058613716821162676,0.8968560715315835
camelyon_conch_v1_5_s43,camelyon,conch_v1_5,1,5,6601.0,3084,True,1.0905539151796495,10.240150875668832,1.5833740137852441,0.3695096165381114,768,0.028769140625000023,0.9776969800193241,0.9211161548669724,0.056580825152351744,0.9725103485215918,0.9172632819907433,0.05524706653084854,0.8663628497259879
camelyon_conch_v1_5_s43,camelyon,conch_v1_5,1,10,6601.0,3084,True,1.0905539151796495,10.240150875668832,1.5833740137852441,0.3695096165381114,768,0.02983164062499999,0.9737151068227519,0.9179903350080542,0.055724771814697704,0.9670716685941368,0.91283271466839,0.05423895392574685,0.8499163541967119
camelyon_conch_v1_5_s43,camelyon,conch_v1_5,1,20,6601.0,3084,True,1.0905539151796495,10.240150875668832,1.5833740137852441,0.3695096165381114,768,0.03081353906249995,0.968912574443536,0.913982212985837,0.05493036145769892,0.9612452799714087,0.9076031038090077,0.05364217616240108,0.833181424862994
camelyon_conch_v1_5_s43,camelyon,conch_v1_5,1,50,6601.0,3084,True,1.0905539151796495,10.240150875668832,1.5833740137852441,0.3695096165381114,768,0.0321216054687502,0.961380715740547,0.9073937902153197,0.053986925525227214,0.9526506111670661,0.8993198940450158,0.053330717122050286,0.8085826362849726
camelyon_conch_v1_5_s43,camelyon,conch_v1_5,1,100,6601.0,3084,True,1.0905539151796495,10.240150875668832,1.5833740137852441,0.3695096165381114,768,0.03307861718749994,0.9549933424605481,0.901407317667815,0.05358602479273311,0.9454304070651015,0.8922557122506746,0.05317469481442694,0.7879688491491204
camelyon_conch_v1_5_s43,camelyon,conch_v1_5,1,200,6601.0,3084,True,1.0905539151796495,10.240150875668832,1.5833740137852441,0.3695096165381114,768,0.033899027343750165,0.9479460684197648,0.8946576508287692,0.05328841759099556,0.9373467633100888,0.8845920439993836,0.05275471931070519,0.7653810210556679
camelyon_conch_v1_5_s44,camelyon,conch_v1_5,0,1,6601.0,1430,True,1.10020808892854,10.523779961533592,1.6210077405930976,0.37974419960523803,768,0.030919269531249904,0.9867998567474114,0.900056617483045,0.08674323926436645,0.9867998567474114,0.900056617483045,0.08674323926436645,0.9001798124119162
camelyon_conch_v1_5_s44,camelyon,conch_v1_5,0,5,6601.0,1430,True,1.10020808892854,10.523779961533592,1.6210077405930976,0.37974419960523803,768,0.03493849609374999,0.98275417604193,0.8953046472783657,0.08744952876356438,0.9785007795858637,0.8904417010039162,0.0880590785819475,0.8705156242406572
camelyon_conch_v1_5_s44,camelyon,conch_v1_5,0,10,6601.0,1430,True,1.10020808892854,10.523779961533592,1.6210077405930976,0.37974419960523803,768,0.036271878906249944,0.9795563065407332,0.891202980034843,0.08835332650589023,0.9741499392535921,0.8849541804017884,0.08919575885180364,0.8547553093259465
camelyon_conch_v1_5_s44,camelyon,conch_v1_5,0,20,6601.0,1430,True,1.10020808892854,10.523779961533592,1.6210077405930976,0.37974419960523803,768,0.03745813281250032,0.9756585960599751,0.8863502234258014,0.08930837263417368,0.9694690129473578,0.8789315466047848,0.09053746634257298,0.8383243427127375
camelyon_conch_v1_5_s44,camelyon,conch_v1_5,0,50,6601.0,1430,True,1.10020808892854,10.523779961533592,1.6210077405930976,0.37974419960523803,768,0.0388829023437498,0.9697130625986119,0.8786820818252917,0.09103098077332017,0.9627907391564313,0.8697260659507058,0.09306467320572553,0.8156368761238276
camelyon_conch_v1_5_s44,camelyon,conch_v1_5,0,100,6601.0,1430,True,1.10020808892854,10.523779961533592,1.6210077405930976,0.37974419960523803,768,0.03990280468750007,0.9646421916597913,0.8718217727688278,0.09282041889096349,0.9569127750942096,0.8613913769686622,0.09552139812554739,0.7968464790785829
camelyon_conch_v1_5_s44,camelyon,conch_v1_5,0,200,6601.0,1430,True,1.10020808892854,10.523779961533592,1.6210077405930976,0.37974419960523803,768,0.04089650781249998,0.9589397890745244,0.8638689816154438,0.09507080745908059,0.9502374764663714,0.8520068970740793,0.09823057939229207,0.7759714730038393
camelyon_conch_v1_5_s44,camelyon,conch_v1_5,1,1,6598.0,3137,True,0.962329556621069,7.806107866933596,1.1659061125912218,0.28167865489358546,768,0.04804084375000017,0.9785246806546455,0.8046942117493038,0.1738304689053417,0.9785246806546455,0.8046942117493038,0.1738304689053417,0.840483709466225
camelyon_conch_v1_5_s44,camelyon,conch_v1_5,1,5,6598.0,3137,True,0.962329556621069,7.806107866933596,1.1659061125912218,0.28167865489358546,768,0.055594359375000124,0.9720930285082188,0.78257142812053,0.18952160038768873,0.9651068446639536,0.7704195524705859,0.19468729219336767,0.7941153816529307
camelyon_conch_v1_5_s44,camelyon,conch_v1_5,1,10,6598.0,3137,True,0.962329556621069,7.806107866933596,1.1659061125912218,0.28167865489358546,768,0.05746652343750003,0.9668080542208868,0.7725798636992254,0.1942281905216614,0.9578365718251937,0.7600528409534071,0.19778373087178658,0.7697912655010398
camelyon_conch_v1_5_s44,camelyon,conch_v1_5,1,20,6598.0,3137,True,0.962329556621069,7.806107866933596,1.1659061125912218,0.28167865489358546,768,0.058596914062500005,0.9603311661904887,0.7630716024369752,0.1972595637535135,0.9498794709830722,0.7507575246894055,0.19912194629366675,0.7444196256643303
camelyon_conch_v1_5_s44,camelyon,conch_v1_5,1,50,6598.0,3137,True,0.962329556621069,7.806107866933596,1.1659061125912218,0.28167865489358546,768,0.05925123437500002,0.9500647577144158,0.750975001854663,0.19908975585975275,0.9379831806079199,0.7387399879091247,0.1992431926987952,0.7062435492567203
camelyon_conch_v1_5_s44,camelyon,conch_v1_5,1,100,6598.0,3137,True,0.962329556621069,7.806107866933596,1.1659061125912218,0.28167865489358546,768,0.059175289062500025,0.9412050664168313,0.7419667565458464,0.1992383098709849,0.9276500973802199,0.729519484969295,0.1981306124109249,0.6751952553338982
camelyon_conch_v1_5_s44,camelyon,conch_v1_5,1,200,6598.0,3137,True,0.962329556621069,7.806107866933596,1.1659061125912218,0.28167865489358546,768,0.05870328125000013,0.9311889794055941,0.7327254080375609,0.19846357136803316,0.9156927070472771,0.7196650997356318,0.19602760731164537,0.6416024801663713
camelyon_convnext_tiny_s42,camelyon,convnext_tiny,0,1,6265.0,1430,True,0.5730936608736261,10.184297411823328,1.595406362816862,0.367494178263963,768,0.00860632421874985,0.8990431015471041,0.8358787847030456,0.06316431684405854,0.8990431015471041,0.8358787847030456,0.06316431684405854,0.8712458034661102
camelyon_convnext_tiny_s42,camelyon,convnext_tiny,0,5,6265.0,1430,True,0.5730936608736261,10.184297411823328,1.595406362816862,0.367494178263963,768,0.01139851562500005,0.8890948397248624,0.838898672571319,0.05019616715354336,0.883654762839256,0.8407028463194659,0.042951916519790134,0.832955267217131
camelyon_convnext_tiny_s42,camelyon,convnext_tiny,0,10,6265.0,1430,True,0.5730936608736261,10.184297411823328,1.595406362816862,0.367494178263963,768,0.01199212890625001,0.8851849008782172,0.8406059048027232,0.04457899607549398,0.8797041105204391,0.8425051035634559,0.037199006956983194,0.8107703475183741
camelyon_convnext_tiny_s42,camelyon,convnext_tiny,0,20,6265.0,1430,True,0.5730936608736261,10.184297411823328,1.595406362816862,0.367494178263963,768,0.012229632812500224,0.8820127171587786,0.8429836964869278,0.03902902067185077,0.8776671183432612,0.8460469837326762,0.03162013461058499,0.7881816532075131
camelyon_convnext_tiny_s42,camelyon,convnext_tiny,0,50,6265.0,1430,True,0.5730936608736261,10.184297411823328,1.595406362816862,0.367494178263963,768,0.012317597656249957,0.8792203750714436,0.8476826172675482,0.03153775780389534,0.8758274729982704,0.8521252356114687,0.02370223738680166,0.7541620542600489
camelyon_convnext_tiny_s42,camelyon,convnext_tiny,0,100,6265.0,1430,True,0.5730936608736261,10.184297411823328,1.595406362816862,0.367494178263963,768,0.012050753906249989,0.8785579810463532,0.8530017024138458,0.025556278632507423,0.8741511797389979,0.8573244735213631,0.016826706217634824,0.7244524090372926
camelyon_convnext_tiny_s42,camelyon,convnext_tiny,0,200,6265.0,1430,True,0.5730936608736261,10.184297411823328,1.595406362816862,0.367494178263963,768,0.01175794531249974,0.8762669585229337,0.8573939486227885,0.018873009900145177,0.8678945344493507,0.858416255444811,0.00947827900453968,0.6904718265130206
camelyon_convnext_tiny_s42,camelyon,convnext_tiny,1,1,7103.0,3084,True,0.5568400361627418,11.08857144847403,1.7711945331321939,0.40012435691905496,768,0.004946480468750014,0.9615519605700333,0.8795155168074001,0.0820364437626332,0.9615519605700333,0.8795155168074001,0.0820364437626332,0.9323838679621989
camelyon_convnext_tiny_s42,camelyon,convnext_tiny,1,5,7103.0,3084,True,0.5568400361627418,11.08857144847403,1.7711945331321939,0.40012435691905496,768,0.005949562500000005,0.9572824248776561,0.8781514127970628,0.07913101208059337,0.9544098245791195,0.876122764086656,0.07828706049246348,0.9080527086383602
camelyon_convnext_tiny_s42,camelyon,convnext_tiny,1,10,7103.0,3084,True,0.5568400361627418,11.08857144847403,1.7711945331321939,0.40012435691905496,768,0.0060732070312500275,0.9552400887124214,0.8769703615246448,0.07826972718777658,0.9522816599087256,0.8746304100786502,0.07765124983007543,0.8947025156395582
camelyon_convnext_tiny_s42,camelyon,convnext_tiny,1,20,7103.0,3084,True,0.5568400361627418,11.08857144847403,1.7711945331321939,0.40012435691905496,768,0.0060009843750000735,0.9531936023819519,0.8755232378329878,0.07767036454896414,0.9502134858872311,0.873120929614239,0.07709255627299205,0.880165490926838
camelyon_convnext_tiny_s42,camelyon,convnext_tiny,1,50,7103.0,3084,True,0.5568400361627418,11.08857144847403,1.7711945331321939,0.40012435691905496,768,0.006019996093750035,0.9505737438077106,0.8738795226057138,0.07669422120199687,0.9475191491654652,0.8715498434064317,0.07596930575903349,0.8583912329739563
camelyon_convnext_tiny_s42,camelyon,convnext_tiny,1,100,7103.0,3084,True,0.5568400361627418,11.08857144847403,1.7711945331321939,0.40012435691905496,768,0.0060068046874998116,0.9484147533625084,0.8726688099408771,0.07574594342163121,0.9448252866141617,0.8698909881100595,0.07493429850410216,0.839575846310839
camelyon_convnext_tiny_s42,camelyon,convnext_tiny,1,200,7103.0,3084,True,0.5568400361627418,11.08857144847403,1.7711945331321939,0.40012435691905496,768,0.00602878515625016,0.9458376066446537,0.8711428367010816,0.07469476994357205,0.9414324905417103,0.8671699052670557,0.07426258527465457,0.8180558143662097
camelyon_convnext_tiny_s43,camelyon,convnext_tiny,0,1,6265.0,1430,True,0.5666954779630285,11.699443843743374,1.8262478197980185,0.42216731578463423,768,0.007865621093749997,0.9251333776062433,0.8269510466039699,0.09818233100227336,0.9251333776062433,0.8269510466039699,0.09818233100227336,0.9074884437596301
camelyon_convnext_tiny_s43,camelyon,convnext_tiny,0,5,6265.0,1430,True,0.5666954779630285,11.699443843743374,1.8262478197980185,0.42216731578463423,768,0.011204265624999987,0.9148403535750677,0.8243803273346242,0.09046002624044347,0.9086088167390295,0.8221465995619986,0.08646221717703084,0.8692141756548536
camelyon_convnext_tiny_s43,camelyon,convnext_tiny,0,10,6265.0,1430,True,0.5666954779630285,11.699443843743374,1.8262478197980185,0.42216731578463423,768,0.012041214843749981,0.9098868787174561,0.8227447889041584,0.08714208981329774,0.9031694075037546,0.8202508297736691,0.08291857773008549,0.8488628659476116
camelyon_convnext_tiny_s43,camelyon,convnext_tiny,0,20,6265.0,1430,True,0.5666954779630285,11.699443843743374,1.8262478197980185,0.42216731578463423,768,0.012505441406249984,0.9049333908163772,0.8211604960187867,0.08377289479759054,0.8980994733229026,0.8186937850555641,0.07940568826733851,0.8260154083204931
camelyon_convnext_tiny_s43,camelyon,convnext_tiny,0,50,6265.0,1430,True,0.5666954779630285,11.699443843743374,1.8262478197980185,0.42216731578463423,768,0.012897121093750186,0.8983960223511408,0.8192950454543855,0.07910097689675533,0.8913284376610846,0.816992808972971,0.07433562868811361,0.7929134052388289
camelyon_convnext_tiny_s43,camelyon,convnext_tiny,0,100,6265.0,1430,True,0.5666954779630285,11.699443843743374,1.8262478197980185,0.42216731578463423,768,0.013000121093749928,0.8932031737799638,0.8179542714915418,0.07524890228842207,0.8856678525231664,0.8155183294233089,0.07014952309985745,0.7642878274268105
camelyon_convnext_tiny_s43,camelyon,convnext_tiny,0,200,6265.0,1430,True,0.5666954779630285,11.699443843743374,1.8262478197980185,0.42216731578463423,768,0.013037589843750141,0.8875202364867595,0.8163911226413795,0.07112911384538001,0.8790104131434963,0.8132048267488275,0.06580558639466871,0.7315805855161788
camelyon_convnext_tiny_s43,camelyon,convnext_tiny,1,1,6601.0,3084,True,0.6075767269635161,12.278411491468798,2.026657603991942,0.4430590112387816,768,0.011134460937500035,0.9138205417323604,0.8379290227403071,0.07589151899205326,0.9138205417323604,0.8379290227403071,0.07589151899205326,0.9223536198442458
camelyon_convnext_tiny_s43,camelyon,convnext_tiny,1,5,6601.0,3084,True,0.6075767269635161,12.278411491468798,2.026657603991942,0.4430590112387816,768,0.014466242187500034,0.9044064827266051,0.8348662694955,0.06954021323110504,0.8988399442926057,0.8321985079505188,0.06664143634208697,0.8954254398615519
camelyon_convnext_tiny_s43,camelyon,convnext_tiny,1,10,6601.0,3084,True,0.6075767269635161,12.278411491468798,2.026657603991942,0.4430590112387816,768,0.015076828124999997,0.900012444290554,0.8326612394489671,0.06735120484158696,0.8938547511874724,0.8289708207851856,0.0648839304022868,0.8811133544851457
camelyon_convnext_tiny_s43,camelyon,convnext_tiny,1,20,6601.0,3084,True,0.6075767269635161,12.278411491468798,2.026657603991942,0.4430590112387816,768,0.015599046875000133,0.895409455310052,0.8300524836519158,0.06535697165813625,0.888874324053002,0.826084996378445,0.06278932767455703,0.8660109604845688
camelyon_convnext_tiny_s43,camelyon,convnext_tiny,1,50,6601.0,3084,True,0.6075767269635161,12.278411491468798,2.026657603991942,0.4430590112387816,768,0.016180902343750025,0.8889326524259934,0.8264140953795582,0.06251855704643516,0.8815805095443225,0.8219606860472544,0.05961982349706818,0.8439573117969427
camelyon_convnext_tiny_s43,camelyon,convnext_tiny,1,100,6601.0,3084,True,0.6075767269635161,12.278411491468798,2.026657603991942,0.4430590112387816,768,0.016565468749999868,0.8834690079548981,0.823450714515709,0.060018293439189185,0.8751796108641586,0.8185967960968729,0.05658281476728577,0.8248947216613788
camelyon_convnext_tiny_s43,camelyon,convnext_tiny,1,200,6601.0,3084,True,0.6075767269635161,12.278411491468798,2.026657603991942,0.4430590112387816,768,0.016880507812500056,0.8771560006375155,0.8199434993224463,0.057212501315069275,0.8675262148224889,0.8141579034191384,0.05336831140335052,0.8030164407268533
camelyon_convnext_tiny_s44,camelyon,convnext_tiny,0,1,6601.0,1430,True,0.602564616873294,11.989499036352335,1.9452746708459523,0.4326337810054237,768,0.006496601562500093,0.930288611994816,0.8671485053228803,0.0631401066719357,0.930288611994816,0.8671485053228803,0.0631401066719357,0.9291927880643438
camelyon_convnext_tiny_s44,camelyon,convnext_tiny,0,5,6601.0,1430,True,0.602564616873294,11.989499036352335,1.9452746708459523,0.4326337810054237,768,0.00808706250000013,0.9213438250234126,0.8619139269544907,0.05942989806892196,0.9158517013885797,0.858089233508066,0.05776246788051376,0.9050298877387376
camelyon_convnext_tiny_s44,camelyon,convnext_tiny,0,10,6601.0,1430,True,0.602564616873294,11.989499036352335,1.9452746708459523,0.4326337810054237,768,0.008708960937499954,0.9173348821825532,0.8593199489391629,0.058014933243390354,0.9118057629918073,0.8553924478180959,0.0564133151737114,0.8933906789133499
camelyon_convnext_tiny_s44,camelyon,convnext_tiny,0,20,6601.0,1430,True,0.602564616873294,11.989499036352335,1.9452746708459523,0.4326337810054237,768,0.00926742578124995,0.9132751204478521,0.856454999357658,0.056820121090194076,0.9073616189853158,0.851538405201195,0.055823213784120806,0.8805656801282987
camelyon_convnext_tiny_s44,camelyon,convnext_tiny,0,50,6601.0,1430,True,0.602564616873294,11.989499036352335,1.9452746708459523,0.4326337810054237,768,0.009776628906250195,0.9075905991241269,0.8518434295569495,0.0557471695671774,0.9011168447975715,0.8457712040022978,0.05534564079527371,0.8610497157019974
camelyon_convnext_tiny_s44,camelyon,convnext_tiny,0,100,6601.0,1430,True,0.602564616873294,11.989499036352335,1.9452746708459523,0.4326337810054237,768,0.010167718749999999,0.9028210818659989,0.8474605920259718,0.05536048984002706,0.8954646543031505,0.8398883529989015,0.055576301304248954,0.8442100403362978
camelyon_convnext_tiny_s44,camelyon,convnext_tiny,0,200,6601.0,1430,True,0.602564616873294,11.989499036352335,1.9452746708459523,0.4326337810054237,768,0.01052897656250007,0.8973244769167621,0.8419617461522843,0.05536273076447784,0.8887625992057333,0.8327914375933679,0.05597116161236537,0.824956747825242
camelyon_convnext_tiny_s44,camelyon,convnext_tiny,1,1,6598.0,3137,True,0.5285854469263183,10.432359484450155,1.6128209201366115,0.37644534728939016,768,0.005529464843750054,0.9116239361586781,0.7882327309446864,0.12339120521399172,0.9116239361586781,0.7882327309446864,0.12339120521399172,0.8921666795039667
camelyon_convnext_tiny_s44,camelyon,convnext_tiny,1,5,6598.0,3137,True,0.5285854469263183,10.432359484450155,1.6128209201366115,0.37644534728939016,768,0.008248023437500307,0.9000803185071341,0.7856625837155726,0.11441773479156148,0.8934243171322647,0.7841579716911181,0.10926634544114655,0.8579681121466533
camelyon_convnext_tiny_s44,camelyon,convnext_tiny,1,10,6598.0,3137,True,0.5285854469263183,10.432359484450155,1.6128209201366115,0.37644534728939016,768,0.008687890625000083,0.8949655221369204,0.7848561671032328,0.11010935503368757,0.8880707862834302,0.7837257839708723,0.10434500231255783,0.8400292690441347
camelyon_convnext_tiny_s44,camelyon,convnext_tiny,1,20,6598.0,3137,True,0.5285854469263183,10.432359484450155,1.6128209201366115,0.37644534728939016,768,0.008888437499999902,0.8899550303767311,0.7843681369374127,0.10558689343931837,0.8829062541672286,0.7834954919491247,0.09941076221810385,0.8195101286297466
camelyon_convnext_tiny_s44,camelyon,convnext_tiny,1,50,6598.0,3137,True,0.5285854469263183,10.432359484450155,1.6128209201366115,0.37644534728939016,768,0.009092425781249691,0.8830379210897568,0.7841065671352511,0.0989313539545057,0.8751529194656498,0.783360389719007,0.09179252974664276,0.7899961488099823
camelyon_convnext_tiny_s44,camelyon,convnext_tiny,1,100,6598.0,3137,True,0.5285854469263183,10.432359484450155,1.6128209201366115,0.37644534728939016,768,0.009116039062500136,0.8772062402822247,0.7841587241953983,0.09304751608682638,0.8681036107709661,0.7831333374081697,0.08497027336279639,0.7629546329815913
camelyon_convnext_tiny_s44,camelyon,convnext_tiny,1,200,6598.0,3137,True,0.5285854469263183,10.432359484450155,1.6128209201366115,0.37644534728939016,768,0.009114734374999989,0.8702081914365223,0.7835754282447293,0.08663276319179303,0.8595947221597463,0.781840350499741,0.07775437166000532,0.7303100207964262
camelyon_densenet121_s42,camelyon,densenet121,0,1,6265.0,1430,True,0.5233841160163943,11.693355985771404,1.2745594678453909,0.3654173745553564,1024,0.010193566406249799,0.9790730054025233,0.8107027864247986,0.16837021897772464,0.9790730054025233,0.8107027864247986,0.16837021897772464,0.7870429180655113
camelyon_densenet121_s42,camelyon,densenet121,0,5,6265.0,1430,True,0.5233841160163943,11.693355985771404,1.2745594678453909,0.3654173745553564,1024,0.01349372656250003,0.9772012450180644,0.8127884739766585,0.16441277104140584,0.9749250233203683,0.8132741173819443,0.16165090593842402,0.7515833408946557
camelyon_densenet121_s42,camelyon,densenet121,0,10,6265.0,1430,True,0.5233841160163943,11.693355985771404,1.2745594678453909,0.3654173745553564,1024,0.014545191406249991,0.9752891861478259,0.8131749703726663,0.1621142157751596,0.9721035063028123,0.8135029132370724,0.15860059306573993,0.73129480083477
camelyon_densenet121_s42,camelyon,densenet121,0,20,6265.0,1430,True,0.5233841160163943,11.693355985771404,1.2745594678453909,0.3654173745553564,1024,0.015156773437500104,0.9727300920162236,0.8137288092972607,0.15900128271896297,0.9687238624581306,0.8145162374239339,0.15420762503419672,0.7104164776336086
camelyon_densenet121_s42,camelyon,densenet121,0,50,6265.0,1430,True,0.5233841160163943,11.693355985771404,1.2745594678453909,0.3654173745553564,1024,0.01566550000000022,0.9683717459708827,0.814807819916606,0.1535639260542767,0.9630993662598785,0.8155945067933046,0.14750485946657388,0.6782941656836947
camelyon_densenet121_s42,camelyon,densenet121,0,100,6265.0,1430,True,0.5233841160163943,11.693355985771404,1.2745594678453909,0.3654173745553564,1024,0.015859695312499977,0.9641384388459847,0.8154453762706049,0.14869306257537984,0.9573062842400711,0.8157426905399987,0.14156359370007243,0.6508792305598403
camelyon_densenet121_s42,camelyon,densenet121,0,200,6265.0,1430,True,0.5233841160163943,11.693355985771404,1.2745594678453909,0.3654173745553564,1024,0.01598574609374992,0.9584118367927776,0.8154653775005686,0.14294645929220906,0.9491755998746182,0.8148660740270356,0.1343095258475826,0.6202154976862354
camelyon_densenet121_s42,camelyon,densenet121,1,1,7103.0,3084,True,0.4960420099331061,11.578600178626546,1.3107639386773304,0.36183125558207957,1024,0.0015400507812500797,0.9879458648983107,0.9565935808492395,0.0313522840490712,0.9879458648983107,0.9565935808492395,0.0313522840490712,0.8758596211012024
camelyon_densenet121_s42,camelyon,densenet121,1,5,7103.0,3084,True,0.4960420099331061,11.578600178626546,1.3107639386773304,0.36183125558207957,1024,0.002059421874999967,0.9871155433846448,0.9570758921161433,0.0300396512685015,0.9859124993705244,0.9555618062629008,0.030350693107623616,0.8508895691911796
camelyon_densenet121_s42,camelyon,densenet121,1,10,7103.0,3084,True,0.4960420099331061,11.578600178626546,1.3107639386773304,0.36183125558207957,1024,0.0021721367187500507,0.9861133176034559,0.9556656243367752,0.03044769326668073,0.9844649670150073,0.9530448177814701,0.0314201492335372,0.837104574293447
camelyon_densenet121_s42,camelyon,densenet121,1,20,7103.0,3084,True,0.4960420099331061,11.578600178626546,1.3107639386773304,0.36183125558207957,1024,0.00231114062499993,0.9848178552101934,0.9535841368705601,0.031233718339633287,0.9827368389416009,0.950238831282934,0.03249800765866695,0.8226806868095301
camelyon_densenet121_s42,camelyon,densenet121,1,50,7103.0,3084,True,0.4960420099331061,11.578600178626546,1.3107639386773304,0.36183125558207957,1024,0.002528429687500222,0.9825724295928928,0.9499891790964711,0.032583250496421745,0.9797991938273777,0.9455154134939241,0.034283780333453584,0.8006903589334045
camelyon_densenet121_s42,camelyon,densenet121,1,100,7103.0,3084,True,0.4960420099331061,11.578600178626546,1.3107639386773304,0.36183125558207957,1024,0.0027120468750000404,0.9803726823967965,0.9464165217736522,0.03395616062314433,0.9768217423897437,0.9406000821007372,0.03622166028900653,0.7813221527130751
camelyon_densenet121_s42,camelyon,densenet121,1,200,7103.0,3084,True,0.4960420099331061,11.578600178626546,1.3107639386773304,0.36183125558207957,1024,0.0029199726562499917,0.9775082634948838,0.941813573787558,0.03569468970732581,0.9728454798242174,0.9345858603399846,0.03825961948423284,0.7587264297439992
camelyon_dinov2_vitb14_s42,camelyon,dinov2_vitb14,0,1,6265.0,1430,True,0.4757120998711201,3.6705774903469344,0.6000521207918902,0.13245055638332398,768,0.01799303515625006,0.7370365147934744,0.6851549678740748,0.05188154691939961,0.7370365147934744,0.6851549678740748,0.05188154691939961,0.7829598040105255
camelyon_dinov2_vitb14_s42,camelyon,dinov2_vitb14,0,5,6265.0,1430,True,0.4757120998711201,3.6705774903469344,0.6000521207918902,0.13245055638332398,768,0.018629781250000033,0.7049582842983527,0.6829318042730788,0.022026480025273965,0.6863091916133994,0.6803879475558454,0.005921244057554009,0.7137646311586971
camelyon_dinov2_vitb14_s42,camelyon,dinov2_vitb14,0,10,6265.0,1430,True,0.4757120998711201,3.6705774903469344,0.6000521207918902,0.13245055638332398,768,0.01843059375,0.6912092079817855,0.6806731206618613,0.010536087319924281,0.6741284523531411,0.6772408375094788,-0.003112385156337716,0.6801469921059796
camelyon_dinov2_vitb14_s42,camelyon,dinov2_vitb14,0,20,6265.0,1430,True,0.4757120998711201,3.6705774903469344,0.6000521207918902,0.13245055638332398,768,0.018219160156250136,0.6793964741736248,0.6778324186292997,0.0015640555443251491,0.664786553925411,0.673626256940738,-0.008839703015326994,0.6465112058796844
camelyon_dinov2_vitb14_s42,camelyon,dinov2_vitb14,0,50,6265.0,1430,True,0.4757120998711201,3.6705774903469344,0.6000521207918902,0.13245055638332398,768,0.017847878906249837,0.6662339187145607,0.6732125596440063,-0.0069786409294455565,0.6539603121138899,0.668011462610319,-0.014051150496429021,0.6012757463025133
camelyon_dinov2_vitb14_s42,camelyon,dinov2_vitb14,0,100,6265.0,1430,True,0.4757120998711201,3.6705774903469344,0.6000521207918902,0.13245055638332398,768,0.017485343750000215,0.657407325638928,0.6691787059720741,-0.011771380333146064,0.6461215370711068,0.6634582003187379,-0.017336663247631168,0.5654123945195536
camelyon_dinov2_vitb14_s42,camelyon,dinov2_vitb14,0,200,6265.0,1430,True,0.4757120998711201,3.6705774903469344,0.6000521207918902,0.13245055638332398,768,0.01712353124999988,0.6490158345941648,0.6647441876489887,-0.015728353054823896,0.6380515527332479,0.6585123921758669,-0.020460839442619005,0.5278259686053898
camelyon_dinov2_vitb14_s42,camelyon,dinov2_vitb14,1,1,7103.0,3084,True,0.715612880650114,5.326342195674861,0.8871899826860346,0.19219781877930897,768,0.04033413281249998,0.8735087924500311,0.6004881814574492,0.2730206109925819,0.8735087924500311,0.6004881814574492,0.2730206109925819,0.876392031589689
camelyon_dinov2_vitb14_s42,camelyon,dinov2_vitb14,1,5,7103.0,3084,True,0.715612880650114,5.326342195674861,0.8871899826860346,0.19219781877930897,768,0.042693535156250184,0.8505635977074241,0.5957992384762871,0.25476435923113694,0.8343501796312638,0.5927918918324335,0.24155828779883026,0.8243489063401216
camelyon_dinov2_vitb14_s42,camelyon,dinov2_vitb14,1,10,7103.0,3084,True,0.715612880650114,5.326342195674861,0.8871899826860346,0.19219781877930897,768,0.04275284765624998,0.838957947008948,0.5931068931742477,0.2458510538347003,0.82359690224197,0.5895431287217785,0.23405377352019152,0.7967656062824439
camelyon_dinov2_vitb14_s42,camelyon,dinov2_vitb14,1,20,7103.0,3084,True,0.715612880650114,5.326342195674861,0.8871899826860346,0.19219781877930897,768,0.042497835937500006,0.8287792687599359,0.5901744553080106,0.2386048134519253,0.8158507586309564,0.5862193768232771,0.22963138180767928,0.7688783885709215
camelyon_dinov2_vitb14_s42,camelyon,dinov2_vitb14,1,50,7103.0,3084,True,0.715612880650114,5.326342195674861,0.8871899826860346,0.19219781877930897,768,0.04176618749999994,0.8176605441787004,0.5860415482199669,0.23161899595873348,0.8072274591315582,0.5818412170446104,0.2253862420869478,0.7337051333244599
camelyon_dinov2_vitb14_s42,camelyon,dinov2_vitb14,1,100,7103.0,3084,True,0.715612880650114,5.326342195674861,0.8871899826860346,0.19219781877930897,768,0.04106146093749996,0.8104114762280356,0.5827493331536723,0.22766214307436328,0.8009438257159789,0.5783300267807895,0.2226137989351894,0.7073858645015307
camelyon_dinov2_vitb14_s42,camelyon,dinov2_vitb14,1,200,7103.0,3084,True,0.715612880650114,5.326342195674861,0.8871899826860346,0.19219781877930897,768,0.04024332421874999,0.8036435582785174,0.5793099590053825,0.2243335992731349,0.7945876901239546,0.574769688899765,0.2198180012241896,0.6805636896046853
camelyon_dinov2_vitb14_s43,camelyon,dinov2_vitb14,0,1,6265.0,1430,True,0.49652621079240467,3.598873599371294,0.5661319296843061,0.12986316508602838,768,0.021675445312499875,0.8262482078366384,0.6336943619977791,0.19255384583885937,0.8262482078366384,0.6336943619977791,0.19255384583885937,0.8379661016949153
camelyon_dinov2_vitb14_s43,camelyon,dinov2_vitb14,0,5,6265.0,1430,True,0.49652621079240467,3.598873599371294,0.5661319296843061,0.12986316508602838,768,0.023141203124999787,0.795324984330629,0.6278745888977273,0.16745039543290174,0.7746605160437728,0.6236486494414526,0.15101186660232024,0.766804314329738
camelyon_dinov2_vitb14_s43,camelyon,dinov2_vitb14,0,10,6265.0,1430,True,0.49652621079240467,3.598873599371294,0.5661319296843061,0.12986316508602838,768,0.023241191406249917,0.7803121881456403,0.6238987153847303,0.15641347276091,0.7609808716463751,0.6183253877994095,0.14265548384696558,0.7308104776579354
camelyon_dinov2_vitb14_s43,camelyon,dinov2_vitb14,0,20,6265.0,1430,True,0.49652621079240467,3.598873599371294,0.5661319296843061,0.12986316508602838,768,0.02306992968749999,0.7674167959932497,0.6192442461891683,0.14817254980408145,0.7514445897382042,0.6127766496927258,0.13866794004547833,0.6940893682588597
camelyon_dinov2_vitb14_s43,camelyon,dinov2_vitb14,0,50,6265.0,1430,True,0.49652621079240467,3.598873599371294,0.5661319296843061,0.12986316508602838,768,0.022642785156250178,0.7536611755722088,0.6122306866262108,0.14143048894599797,0.7410571201335593,0.6047366620119494,0.13632045812160987,0.6466600924499228
camelyon_dinov2_vitb14_s43,camelyon,dinov2_vitb14,0,100,6265.0,1430,True,0.49652621079240467,3.598873599371294,0.5661319296843061,0.12986316508602838,768,0.022337925781249823,0.7449207147399841,0.6063354969745921,0.138585217765392,0.7337707305533767,0.5982667493365097,0.13550398121686702,0.6119137134052387
camelyon_dinov2_vitb14_s43,camelyon,dinov2_vitb14,0,200,6265.0,1430,True,0.49652621079240467,3.598873599371294,0.5661319296843061,0.12986316508602838,768,0.022005949218749987,0.7369744315068143,0.6000326204817138,0.1369418110251005,0.7266440560574895,0.5915107692251556,0.13513328683233394,0.5768302003081663
camelyon_dinov2_vitb14_s43,camelyon,dinov2_vitb14,1,1,6601.0,3084,True,0.6946059197156678,5.394603371014089,0.909250128520941,0.19466098177664043,768,0.032241320312500044,0.8271363171854601,0.6673797996472685,0.15975651753819164,0.8271363171854601,0.6673797996472685,0.15975651753819164,0.8564176521488318
camelyon_dinov2_vitb14_s43,camelyon,dinov2_vitb14,1,5,6601.0,3084,True,0.6946059197156678,5.394603371014089,0.909250128520941,0.19466098177664043,768,0.0349541484375,0.8058638042392913,0.664400124594099,0.14146367964519224,0.7924273812943173,0.661659427602651,0.13076795369166638,0.812218055956158
camelyon_dinov2_vitb14_s43,camelyon,dinov2_vitb14,1,10,6601.0,3084,True,0.6946059197156678,5.394603371014089,0.909250128520941,0.19466098177664043,768,0.03516132812500006,0.7961818362340181,0.6620189613610105,0.1341628748730076,0.7836504329331924,0.6585862794389701,0.12506415349422229,0.7910873954427459
camelyon_dinov2_vitb14_s43,camelyon,dinov2_vitb14,1,20,6601.0,3084,True,0.6946059197156678,5.394603371014089,0.909250128520941,0.19466098177664043,768,0.03514053125000005,0.7876525664222995,0.6592679803201613,0.1283845861021382,0.7767569274048257,0.6553265959234889,0.12143033148133686,0.7684164984136141
camelyon_dinov2_vitb14_s43,camelyon,dinov2_vitb14,1,50,6601.0,3084,True,0.6946059197156678,5.394603371014089,0.909250128520941,0.19466098177664043,768,0.0346319062499999,0.7778801704482567,0.6550235389296596,0.12285663151859716,0.7684999324035199,0.6503780065690525,0.11812192583446735,0.7379128929910587
camelyon_dinov2_vitb14_s43,camelyon,dinov2_vitb14,1,100,6601.0,3084,True,0.6946059197156678,5.394603371014089,0.909250128520941,0.19466098177664043,768,0.03407323046874988,0.7711534365900625,0.6513431006923436,0.11981033589771894,0.7623145278973722,0.64619895787768,0.1161155700196922,0.7131566195558119
camelyon_dinov2_vitb14_s43,camelyon,dinov2_vitb14,1,200,6601.0,3084,True,0.6946059197156678,5.394603371014089,0.909250128520941,0.19466098177664043,768,0.03332958203125003,0.7646170811154167,0.6472571272857273,0.11735995382968945,0.7558282805645473,0.6415040458480777,0.11432423471646957,0.6867438707816558
camelyon_dinov2_vitb14_s44,camelyon,dinov2_vitb14,0,1,6601.0,1430,True,0.7406140549097289,5.626796413472673,0.932834336352821,0.20303952649960427,768,0.03224815234375,0.862391854635865,0.6552421370317615,0.2071497176041035,0.862391854635865,0.6552421370317615,0.2071497176041035,0.8782135393886379
camelyon_dinov2_vitb14_s44,camelyon,dinov2_vitb14,0,5,6601.0,1430,True,0.7406140549097289,5.626796413472673,0.932834336352821,0.20303952649960427,768,0.03548126953124986,0.8392405342152331,0.6512908760234476,0.18794965819178555,0.8234965579568586,0.6484981877600381,0.17499837019682052,0.83466005734558
camelyon_dinov2_vitb14_s44,camelyon,dinov2_vitb14,0,10,6601.0,1430,True,0.7406140549097289,5.626796413472673,0.932834336352821,0.20303952649960427,768,0.035754546874999904,0.8279475042135068,0.6488913800702979,0.17905612414320893,0.8130627415705153,0.6455588215632757,0.16750392000723957,0.814798075521213
camelyon_dinov2_vitb14_s44,camelyon,dinov2_vitb14,0,20,6601.0,1430,True,0.7406140549097289,5.626796413472673,0.932834336352821,0.20303952649960427,768,0.03554502343749999,0.8179621906629888,0.6462082642167417,0.1717539264462471,0.805212512928232,0.6424911300601739,0.16272138286805815,0.793903387277057
camelyon_dinov2_vitb14_s44,camelyon,dinov2_vitb14,0,50,6601.0,1430,True,0.7406140549097289,5.626796413472673,0.932834336352821,0.20303952649960427,768,0.03484624609374998,0.8067951528471553,0.6422514927112712,0.16454366013588406,0.796296561098064,0.6380402141176524,0.15825634698041158,0.7650969529085874
camelyon_dinov2_vitb14_s44,camelyon,dinov2_vitb14,0,100,6601.0,1430,True,0.7406140549097289,5.626796413472673,0.932834336352821,0.20303952649960427,768,0.03413849999999996,0.7994382698963711,0.6389690367129895,0.16046923318338158,0.7898494723920515,0.634481526903648,0.1553679454884035,0.7429805122223843
camelyon_dinov2_vitb14_s44,camelyon,dinov2_vitb14,0,200,6601.0,1430,True,0.7406140549097289,5.626796413472673,0.932834336352821,0.20303952649960427,768,0.03336260937499991,0.7925251199213276,0.6354519394895214,0.15707318043180618,0.7833270972612262,0.6307167643021413,0.15261033295908488,0.7196440200223551
camelyon_dinov2_vitb14_s44,camelyon,dinov2_vitb14,1,1,6598.0,3137,True,0.48884329761923967,3.669816995456273,0.5809981709747789,0.13242311438770893,768,0.013950816406250066,0.7689889246179402,0.6750494489303737,0.09393947568756655,0.7689889246179402,0.6750494489303737,0.09393947568756655,0.8042825232996995
camelyon_dinov2_vitb14_s44,camelyon,dinov2_vitb14,1,5,6598.0,3137,True,0.48884329761923967,3.669816995456273,0.5809981709747789,0.13242311438770893,768,0.015703531250000125,0.7373493796160953,0.6708338576722592,0.06651552194383603,0.7174749008989384,0.6672143875061005,0.05026051339283788,0.742540244935685
camelyon_dinov2_vitb14_s44,camelyon,dinov2_vitb14,1,10,6598.0,3137,True,0.48884329761923967,3.669816995456273,0.5809981709747789,0.13242311438770893,768,0.01594878906250008,0.7227343955892289,0.6675037925387227,0.0552306030505062,0.7041629244112236,0.6626301948537325,0.0415327295574911,0.7109373796503119
camelyon_dinov2_vitb14_s44,camelyon,dinov2_vitb14,1,20,6598.0,3137,True,0.48884329761923967,3.669816995456273,0.5809981709747789,0.13242311438770893,768,0.015955765624999896,0.7100636073290832,0.6635783445330711,0.04648526279601217,0.6943653437808278,0.6580733786156241,0.03629196516520372,0.6795463298159131
camelyon_dinov2_vitb14_s44,camelyon,dinov2_vitb14,1,50,6598.0,3137,True,0.48884329761923967,3.669816995456273,0.5809981709747789,0.13242311438770893,768,0.01560996484374999,0.6962529738640824,0.6575744522792463,0.03867852158483609,0.6833938207822341,0.6510635881212606,0.03233023266097346,0.6352306862820611
camelyon_dinov2_vitb14_s44,camelyon,dinov2_vitb14,1,100,6598.0,3137,True,0.48884329761923967,3.669816995456273,0.5809981709747789,0.13242311438770893,768,0.015282972656250116,0.687180557453339,0.6525606591043404,0.03461989834899859,0.6754627093826593,0.6456634334226078,0.029799275960051497,0.6005692058846183
camelyon_dinov2_vitb14_s44,camelyon,dinov2_vitb14,1,200,6598.0,3137,True,0.48884329761923967,3.669816995456273,0.5809981709747789,0.13242311438770893,768,0.014825257812499881,0.6786367249548914,0.6472269893301715,0.031409735624719826,0.6673991477277641,0.6399534320868299,0.027445715640934232,0.5636151120696294
camelyon_dinov2_vitl14_s42,camelyon,dinov2_vitl14,0,1,6265.0,1430,True,0.3804606077890606,3.830788018775345,0.5275840598463776,0.11971212558672953,1024,0.0070123984375002335,0.7639728185235894,0.7307830357224074,0.03318978280118201,0.7639728185235894,0.7307830357224074,0.03318978280118201,0.7972960711369205
camelyon_dinov2_vitl14_s42,camelyon,dinov2_vitl14,0,5,6265.0,1430,True,0.3804606077890606,3.830788018775345,0.5275840598463776,0.11971212558672953,1024,0.00811545703125005,0.7391692408109003,0.7265839615520764,0.012585279258823912,0.7236422582431217,0.7233759485090231,0.00026630973409857983,0.7295526721713094
camelyon_dinov2_vitl14_s42,camelyon,dinov2_vitl14,0,10,6265.0,1430,True,0.3804606077890606,3.830788018775345,0.5275840598463776,0.11971212558672953,1024,0.008253328125000237,0.727747905312446,0.7238872409370071,0.0038606643754389713,0.7127850546062457,0.7200021484668865,-0.007217093860640733,0.6985663732873606
camelyon_dinov2_vitl14_s42,camelyon,dinov2_vitl14,0,20,6265.0,1430,True,0.3804606077890606,3.830788018775345,0.5275840598463776,0.11971212558672953,1024,0.00819818750000001,0.7174439180081877,0.720871296664658,-0.003427378656470248,0.7041745030197109,0.7165336901248539,-0.012359187105143055,0.6641910897377734
camelyon_dinov2_vitl14_s42,camelyon,dinov2_vitl14,0,50,6265.0,1430,True,0.3804606077890606,3.830788018775345,0.5275840598463776,0.11971212558672953,1024,0.008152859374999766,0.7054550358115441,0.7165253856212672,-0.011070349809723101,0.693886908211349,0.7118859573236589,-0.017999049112309873,0.6171218582705744
camelyon_dinov2_vitl14_s42,camelyon,dinov2_vitl14,0,100,6265.0,1430,True,0.3804606077890606,3.830788018775345,0.5275840598463776,0.11971212558672953,1024,0.007996546874999955,0.6972524862576189,0.7130328212666878,-0.015780335009068835,0.6865774349768756,0.7081744780126286,-0.02159704303575294,0.5797758824063153
camelyon_dinov2_vitl14_s42,camelyon,dinov2_vitl14,0,200,6265.0,1430,True,0.3804606077890606,3.830788018775345,0.5275840598463776,0.11971212558672953,1024,0.007773679687499979,0.6894870261886732,0.7093726128757908,-0.019885586687117596,0.6792213552500996,0.7043246629902817,-0.0251033077401821,0.5391665910534436
camelyon_dinov2_vitl14_s42,camelyon,dinov2_vitl14,1,1,7103.0,3084,True,0.6052375648211689,5.410824731678147,0.7638379362377192,0.1690882728649421,1024,0.02665933203125015,0.8969773675767536,0.6466701981546368,0.25030716942211684,0.8969773675767536,0.6466701981546368,0.25030716942211684,0.887350814144372
camelyon_dinov2_vitl14_s42,camelyon,dinov2_vitl14,1,5,7103.0,3084,True,0.6052375648211689,5.410824731678147,0.7638379362377192,0.1690882728649421,1024,0.028729867187500036,0.8806335489719753,0.6402644735374774,0.24036907543449793,0.8687876133045839,0.636171829730712,0.23261578357387191,0.8348640134877324
camelyon_dinov2_vitl14_s42,camelyon,dinov2_vitl14,1,10,7103.0,3084,True,0.6052375648211689,5.410824731678147,0.7638379362377192,0.1690882728649421,1024,0.029037808593749936,0.8719549900955076,0.6367519327009762,0.2352030573945314,0.8592275616274943,0.6319445660451771,0.22728299558231713,0.808199121522694
camelyon_dinov2_vitl14_s42,camelyon,dinov2_vitl14,1,20,7103.0,3084,True,0.6052375648211689,5.410824731678147,0.7638379362377192,0.1690882728649421,1024,0.029043445312500027,0.8633424275054891,0.6328248769991535,0.2305175505063356,0.8514678251298938,0.6273810289647124,0.22408679616518146,0.7810417498558055
camelyon_dinov2_vitl14_s42,camelyon,dinov2_vitl14,1,50,7103.0,3084,True,0.6052375648211689,5.410824731678147,0.7638379362377192,0.1690882728649421,1024,0.028775867187499804,0.8527304226588681,0.6271396167651234,0.2255908058937447,0.8419154139090876,0.6210113324206634,0.22090408148842422,0.746195483384356
camelyon_dinov2_vitl14_s42,camelyon,dinov2_vitl14,1,100,7103.0,3084,True,0.6052375648211689,5.410824731678147,0.7638379362377192,0.1690882728649421,1024,0.028380953124999997,0.8450944070938788,0.6224199231856135,0.22267448390826539,0.8345946356310008,0.6157882326104428,0.21880640302055798,0.7195616486978127
camelyon_dinov2_vitl14_s42,camelyon,dinov2_vitl14,1,200,7103.0,3084,True,0.6052375648211689,5.410824731678147,0.7638379362377192,0.1690882728649421,1024,0.0279235312499998,0.8374912527417003,0.6173685925372939,0.2201226602044064,0.8268905528700624,0.6103108346864112,0.21657971818365118,0.6921152225032167
camelyon_dinov2_vitl14_s43,camelyon,dinov2_vitl14,0,1,6265.0,1430,True,0.4026598461919592,3.7681780045101414,0.5062739229706976,0.11775556264094192,1024,0.018142207031249913,0.8604022808241862,0.6755367073371646,0.1848655734870216,0.8604022808241862,0.6755367073371646,0.1848655734870216,0.8504160246533128
camelyon_dinov2_vitl14_s43,camelyon,dinov2_vitl14,0,5,6265.0,1430,True,0.4026598461919592,3.7681780045101414,0.5062739229706976,0.11775556264094192,1024,0.020088230468749968,0.839328136067133,0.6672758490985035,0.1720522869686295,0.824152353786082,0.6619437486732415,0.16220860511284052,0.7779352850539291
camelyon_dinov2_vitl14_s43,camelyon,dinov2_vitl14,0,10,6265.0,1430,True,0.4026598461919592,3.7681780045101414,0.5062739229706976,0.11775556264094192,1024,0.020331496093749957,0.8281132367172302,0.662666511142425,0.16544672557480522,0.8121935246213382,0.6563245349707726,0.15586898965056561,0.7423790446841295
camelyon_dinov2_vitl14_s43,camelyon,dinov2_vitl14,0,20,6265.0,1430,True,0.4026598461919592,3.7681780045101414,0.5062739229706976,0.11775556264094192,1024,0.020403117187499986,0.817409125347468,0.6576935195190372,0.1597156058284308,0.8029798149081253,0.6509392648423447,0.15204055006578066,0.7044622496147921
camelyon_dinov2_vitl14_s43,camelyon,dinov2_vitl14,0,50,6265.0,1430,True,0.4026598461919592,3.7681780045101414,0.5062739229706976,0.11775556264094192,1024,0.02033103515625001,0.8047143815785951,0.6508534638056744,0.15386091777292066,0.7920989007871478,0.643725549432757,0.1483733513543909,0.6562699537750385
camelyon_dinov2_vitl14_s43,camelyon,dinov2_vitl14,0,100,6265.0,1430,True,0.4026598461919592,3.7681780045101414,0.5062739229706976,0.11775556264094192,1024,0.02020605859374991,0.7958760447409772,0.6455008412884361,0.15037520345254107,0.7839551720663421,0.6381515442887777,0.1458036277775644,0.6202958397534668
camelyon_dinov2_vitl14_s43,camelyon,dinov2_vitl14,0,200,6265.0,1430,True,0.4026598461919592,3.7681780045101414,0.5062739229706976,0.11775556264094192,1024,0.020054800781249993,0.7873108004294055,0.6399944156686993,0.1473163847607062,0.7756981021356395,0.6324580168479335,0.14324008528770604,0.5837950693374422
camelyon_dinov2_vitl14_s43,camelyon,dinov2_vitl14,1,1,6601.0,3084,True,0.6118855442892719,5.837516676491926,0.844066779321511,0.1824223961403727,1024,0.019729128906250004,0.8438404800658411,0.720729229102454,0.12311125096338715,0.8438404800658411,0.720729229102454,0.12311125096338715,0.8672050764349581
camelyon_dinov2_vitl14_s43,camelyon,dinov2_vitl14,1,5,6601.0,3084,True,0.6118855442892719,5.837516676491926,0.844066779321511,0.1824223961403727,1024,0.021686671875000063,0.8258199407602123,0.7156532898541426,0.1101666509060697,0.8144854112566394,0.711775682215917,0.1027097290407224,0.8244476492644939
camelyon_dinov2_vitl14_s43,camelyon,dinov2_vitl14,1,10,6601.0,3084,True,0.6118855442892719,5.837516676491926,0.844066779321511,0.1824223961403727,1024,0.02200614843750004,0.8174577898759565,0.7122041622936329,0.1052536275823236,0.8060216136871298,0.7072053983433275,0.09881621534380225,0.8027805018748198
camelyon_dinov2_vitl14_s43,camelyon,dinov2_vitl14,1,20,6601.0,3084,True,0.6118855442892719,5.837516676491926,0.844066779321511,0.1824223961403727,1024,0.0220598164062501,0.8095316089897289,0.7081713765238529,0.101360232465876,0.7990195054759117,0.702359566874274,0.09665993860163768,0.7802913181424863
camelyon_dinov2_vitl14_s43,camelyon,dinov2_vitl14,1,50,6601.0,3084,True,0.6118855442892719,5.837516676491926,0.844066779321511,0.1824223961403727,1024,0.02187642187499983,0.7998711960312236,0.7020508939430956,0.09782030208812798,0.7901913970275414,0.6952631322082594,0.09492826481928196,0.7496083068935679
camelyon_dinov2_vitl14_s43,camelyon,dinov2_vitl14,1,100,6601.0,3084,True,0.6118855442892719,5.837516676491926,0.844066779321511,0.1824223961403727,1024,0.021622187500000112,0.7928787106450752,0.6967719881972562,0.09610672244781904,0.7833263591363789,0.689190282921141,0.0941360762152379,0.7251231612344967
camelyon_dinov2_vitl14_s43,camelyon,dinov2_vitl14,1,200,6601.0,3084,True,0.6118855442892719,5.837516676491926,0.844066779321511,0.1824223961403727,1024,0.021233847656250138,0.7858147994532515,0.6909413285633856,0.09487347088986586,0.7759552229086937,0.6826479608368442,0.09330726207184947,0.6981072973752523
camelyon_dinov2_vitl14_s44,camelyon,dinov2_vitl14,0,1,6601.0,1430,True,0.6454532768845525,5.866795977275128,0.8246948883710236,0.18333737428984775,1024,0.030420679687500063,0.8825398041995748,0.6966556974779696,0.18588410672160516,0.8825398041995748,0.6966556974779696,0.18588410672160516,0.8860378092044516
camelyon_dinov2_vitl14_s44,camelyon,dinov2_vitl14,0,5,6601.0,1430,True,0.6454532768845525,5.866795977275128,0.8246948883710236,0.18333737428984775,1024,0.03239566015624995,0.865290146869283,0.6912208340456304,0.17406931282365257,0.8531795486788785,0.6875137908454825,0.165665757833396,0.843524323273558
camelyon_dinov2_vitl14_s44,camelyon,dinov2_vitl14,0,10,6601.0,1430,True,0.6454532768845525,5.866795977275128,0.8246948883710236,0.18333737428984775,1024,0.03247069921875012,0.8564421272630234,0.6879936125178616,0.16844851474516176,0.8436030037955048,0.6834783482768266,0.16012465551867816,0.8236574816542743
camelyon_dinov2_vitl14_s44,camelyon,dinov2_vitl14,0,20,6601.0,1430,True,0.6454532768845525,5.866795977275128,0.8246948883710236,0.18333737428984775,1024,0.03237035937499988,0.8476570586108808,0.6843230472693923,0.1633340113414885,0.8356403223305974,0.6791291460597996,0.1565111762707978,0.8022622345337028
camelyon_dinov2_vitl14_s44,camelyon,dinov2_vitl14,0,50,6601.0,1430,True,0.6454532768845525,5.866795977275128,0.8246948883710236,0.18333737428984775,1024,0.03203557031249993,0.8368527112881775,0.6788052510812433,0.15804746020693416,0.8259294580043982,0.6727715700279023,0.15315788797649588,0.7733790154055499
camelyon_dinov2_vitl14_s44,camelyon,dinov2_vitl14,0,100,6601.0,1430,True,0.6454532768845525,5.866795977275128,0.8246948883710236,0.18333737428984775,1024,0.03168407421874986,0.829132906436341,0.6741241204230016,0.15500878601333934,0.8185521551614596,0.6675299199302939,0.15102223523116576,0.750476745881324
camelyon_dinov2_vitl14_s44,camelyon,dinov2_vitl14,0,200,6601.0,1430,True,0.6454532768845525,5.866795977275128,0.8246948883710236,0.18333737428984775,1024,0.03125841406250007,0.8214754434501153,0.6690342856540409,0.15244115779607437,0.8108280626922206,0.6619607452612609,0.1488673174309597,0.7263984059872673
camelyon_dinov2_vitl14_s44,camelyon,dinov2_vitl14,1,1,6598.0,3137,True,0.39072068320038017,3.8535965751537966,0.5186537036797707,0.12042489297355614,1024,0.01360846484374989,0.8027118061188999,0.730999849443149,0.07171195667575092,0.8027118061188999,0.730999849443149,0.07171195667575092,0.8163752599553261
camelyon_dinov2_vitl14_s44,camelyon,dinov2_vitl14,1,5,6598.0,3137,True,0.39072068320038017,3.8535965751537966,0.5186537036797707,0.12042489297355614,1024,0.015088781249999905,0.779050482060193,0.7257971954066056,0.05325328665358742,0.7635299118959256,0.7220301441238594,0.04149976777206621,0.7563583147192482
camelyon_dinov2_vitl14_s44,camelyon,dinov2_vitl14,1,10,6598.0,3137,True,0.39072068320038017,3.8535965751537966,0.5186537036797707,0.12042489297355614,1024,0.015323375000000028,0.7676073718922021,0.7225379942353692,0.04506937765683283,0.7522667518348339,0.7178954456474278,0.034371306187406137,0.7250712470153278
camelyon_dinov2_vitl14_s44,camelyon,dinov2_vitl14,1,20,6598.0,3137,True,0.39072068320038017,3.8535965751537966,0.5186537036797707,0.12042489297355614,1024,0.015468066406250203,0.7571441340723356,0.7188708894626533,0.03827324460968229,0.7435090885014478,0.7137370658555829,0.02977202264586487,0.6919625664330278
camelyon_dinov2_vitl14_s44,camelyon,dinov2_vitl14,1,50,6598.0,3137,True,0.39072068320038017,3.8535965751537966,0.5186537036797707,0.12042489297355614,1024,0.015496011718750147,0.7449857668069425,0.7136527808051742,0.03133298600176826,0.7331659559743317,0.7081634900604109,0.025002465913920746,0.6461742278364013
camelyon_dinov2_vitl14_s44,camelyon,dinov2_vitl14,1,100,6598.0,3137,True,0.39072068320038017,3.8535965751537966,0.5186537036797707,0.12042489297355614,1024,0.015406421875000076,0.736628600248905,0.7094867411254168,0.02714185912348821,0.725524756493938,0.7037344618479467,0.02179029464599125,0.6100870368944004
camelyon_dinov2_vitl14_s44,camelyon,dinov2_vitl14,1,200,6598.0,3137,True,0.39072068320038017,3.8535965751537966,0.5186537036797707,0.12042489297355614,1024,0.01530558984375019,0.7285650186710948,0.7051647450764219,0.023400273594672893,0.7177421206179962,0.6992549558540593,0.01848716476393697,0.5722202110452129
camelyon_effb3_s42,camelyon,effb3,0,1,6265.0,1430,True,0.7395880379730768,21.567274172087306,1.71837822025921,0.5503001756700043,1536,0.027933058593749838,0.929585376726151,0.6909474535425438,0.23863792318360721,0.929585376726151,0.6909474535425438,0.23863792318360721,0.6694492332819164
camelyon_effb3_s42,camelyon,effb3,0,5,6265.0,1430,True,0.7395880379730768,21.567274172087306,1.71837822025921,0.5503001756700043,1536,0.03372600390624991,0.9287191443722232,0.7031380652317567,0.22558107914046654,0.9250664746859251,0.7078130229291006,0.21725345175682442,0.6299428364032302
camelyon_effb3_s42,camelyon,effb3,0,10,6265.0,1430,True,0.7395880379730768,21.567274172087306,1.71837822025921,0.5503001756700043,1536,0.034861246093749965,0.9254133766397913,0.7071492813068202,0.2182640953329711,0.9199172029818161,0.7105524084529861,0.20936479452883006,0.6074857091008076
camelyon_effb3_s42,camelyon,effb3,0,20,6265.0,1430,True,0.7395880379730768,21.567274172087306,1.71837822025921,0.5503001756700043,1536,0.035327136718749874,0.920728189872221,0.710059084425162,0.21066910544705908,0.9135689278433119,0.7122770201533599,0.20129190768995198,0.584384357136376
camelyon_effb3_s42,camelyon,effb3,0,50,6265.0,1430,True,0.7395880379730768,21.567274172087306,1.71837822025921,0.5503001756700043,1536,0.03560996093750013,0.9121901510236188,0.7116932912755296,0.20049685974808917,0.9021517379415681,0.711145305148061,0.19100643279350715,0.5515905997640868
camelyon_effb3_s42,camelyon,effb3,0,100,6265.0,1430,True,0.7395880379730768,21.567274172087306,1.71837822025921,0.5503001756700043,1536,0.035726000000000147,0.9033542020851063,0.7105846259624408,0.19276957612266554,0.891127016353005,0.7074171291943924,0.18370988715861258,0.5243789129843026
camelyon_effb3_s42,camelyon,effb3,0,200,6265.0,1430,True,0.7395880379730768,21.567274172087306,1.71837822025921,0.5503001756700043,1536,0.03597937890625014,0.8926780786672827,0.707435679222787,0.1852423994444956,0.8787378024377888,0.7022636359539406,0.17647416648384817,0.4952989746846929
camelyon_effb3_s42,camelyon,effb3,1,1,7103.0,3084,True,0.6854608687063651,20.99912973773926,1.702566518025073,0.5358036760413076,1536,0.007234222656250067,0.9594545121301166,0.8723510114414266,0.08710350068869,0.9594545121301166,0.8723510114414266,0.08710350068869,0.7861040862504991
camelyon_effb3_s42,camelyon,effb3,1,5,7103.0,3084,True,0.6854608687063651,20.99912973773926,1.702566518025073,0.5358036760413076,1536,0.008550429687500194,0.9602024876050772,0.8810862371017562,0.07911625050332105,0.9590084027523325,0.8826173758019924,0.07639102695034006,0.76398243045388
camelyon_effb3_s42,camelyon,effb3,1,10,7103.0,3084,True,0.6854608687063651,20.99912973773926,1.702566518025073,0.5358036760413076,1536,0.009095285156250021,0.9593456302812698,0.882896247724405,0.07644938255686484,0.9576381059316489,0.8837583984898063,0.07387970744184258,0.7502861706375616
camelyon_effb3_s42,camelyon,effb3,1,20,7103.0,3084,True,0.6854608687063651,20.99912973773926,1.702566518025073,0.5358036760413076,1536,0.009421738281249925,0.9581173900276869,0.8836252347972204,0.07449215523046648,0.9561122874589978,0.8835901871161268,0.07252210034287099,0.7344491769821199
camelyon_effb3_s42,camelyon,effb3,1,50,7103.0,3084,True,0.6854608687063651,20.99912973773926,1.702566518025073,0.5358036760413076,1536,0.00962955468749993,0.9560328803382075,0.8839914096152586,0.07204147072294897,0.9536533463774968,0.8838909551714481,0.06976239120604866,0.7101592794711389
camelyon_effb3_s42,camelyon,effb3,1,100,7103.0,3084,True,0.6854608687063651,20.99912973773926,1.702566518025073,0.5358036760413076,1536,0.009708867187500081,0.9541691791571904,0.8841135809690629,0.07005559818812745,0.9514309313294308,0.8836529322051965,0.06777799912423432,0.688838014108878
camelyon_effb3_s42,camelyon,effb3,1,200,7103.0,3084,True,0.6854608687063651,20.99912973773926,1.702566518025073,0.5358036760413076,1536,0.009694859375000142,0.9520095570063447,0.8841213632974219,0.06788819370892285,0.949008268722235,0.88402405485585,0.06498421386638498,0.6652151825724301
camelyon_efficientnet_v2_s_s42,camelyon,efficientnet_v2_s,0,1,6265.0,1430,True,0.6338257224029893,16.978885490200536,2.127446729197651,0.47457427672841546,1280,0.017452015624999873,0.8550676731111522,0.7423428520294172,0.11272482108173498,0.8550676731111522,0.7423428520294172,0.11272482108173498,0.7807821431811995
camelyon_efficientnet_v2_s_s42,camelyon,efficientnet_v2_s,0,5,6265.0,1430,True,0.6338257224029893,16.978885490200536,2.127446729197651,0.47457427672841546,1280,0.022903624999999983,0.8494050397701303,0.738694487467285,0.11071055230284521,0.8455407462262263,0.7358592214417509,0.10968152478447546,0.7396243535069413
camelyon_efficientnet_v2_s_s42,camelyon,efficientnet_v2_s,0,10,6265.0,1430,True,0.6338257224029893,16.978885490200536,2.127446729197651,0.47457427672841546,1280,0.024470539062499963,0.8458693215702393,0.7357682714782868,0.11010105009195248,0.8405666211825223,0.7313093555460777,0.10925726563644467,0.7197441248525542
camelyon_efficientnet_v2_s_s42,camelyon,efficientnet_v2_s,0,20,6265.0,1430,True,0.6338257224029893,16.978885490200536,2.127446729197651,0.47457427672841546,1280,0.025486999999999926,0.8415291122438061,0.7319309601588905,0.10959815208491563,0.8351633095309442,0.7263922829678472,0.108771026563097,0.6976000362943472
camelyon_efficientnet_v2_s_s42,camelyon,efficientnet_v2_s,0,50,6265.0,1430,True,0.6338257224029893,16.978885490200536,2.127446729197651,0.47457427672841546,1280,0.026443832031250114,0.8345162433322915,0.7258430876796176,0.10867315565267388,0.8264186127930038,0.7190330233311178,0.10738558946188592,0.6639560838399421
camelyon_efficientnet_v2_s_s42,camelyon,efficientnet_v2_s,0,100,6265.0,1430,True,0.6338257224029893,16.978885490200536,2.127446729197651,0.47457427672841546,1280,0.026855503906250133,0.8279238900533388,0.7204089053477751,0.10751498470556364,0.8183939547837698,0.7126295223351883,0.10576443244858147,0.633947917611832
camelyon_efficientnet_v2_s_s42,camelyon,efficientnet_v2_s,0,200,6265.0,1430,True,0.6338257224029893,16.978885490200536,2.127446729197651,0.47457427672841546,1280,0.027248558593749972,0.8202411477604453,0.7142128416705819,0.10602830608986347,0.8097229922732713,0.7055784630661788,0.1041445292070925,0.6003960620633336
camelyon_efficientnet_v2_s_s42,camelyon,efficientnet_v2_s,1,1,7103.0,3084,True,0.5936532247057411,16.212896797185106,2.067595707909898,0.45316424188368143,1280,0.008248406250000118,0.8961255795472838,0.8304274837554857,0.06569809579179808,0.8961255795472838,0.8304274837554857,0.06569809579179808,0.8610408625049913
camelyon_efficientnet_v2_s_s42,camelyon,efficientnet_v2_s,1,5,7103.0,3084,True,0.5936532247057411,16.212896797185106,2.067595707909898,0.45316424188368143,1280,0.011304113281249806,0.8942211336130852,0.8294366530707807,0.06478448054230446,0.8925180447655998,0.8282891826252422,0.06422886214035761,0.8360974311193932
camelyon_efficientnet_v2_s_s42,camelyon,efficientnet_v2_s,1,10,7103.0,3084,True,0.5936532247057411,16.212896797185106,2.067595707909898,0.45316424188368143,1280,0.011929957031250216,0.8929101362687349,0.8284827689766252,0.06442736729210974,0.8908974365398552,0.8268204753739746,0.06407696116588057,0.8222059541239629
camelyon_efficientnet_v2_s_s42,camelyon,efficientnet_v2_s,1,20,7103.0,3084,True,0.5936532247057411,16.212896797185106,2.067595707909898,0.45316424188368143,1280,0.012475117187500162,0.8913277965726465,0.827171961380611,0.06415583519203549,0.88876938558691,0.8247850076583765,0.06398437792853351,0.8063112826656017
camelyon_efficientnet_v2_s_s42,camelyon,efficientnet_v2_s,1,50,7103.0,3084,True,0.5936532247057411,16.212896797185106,2.067595707909898,0.45316424188368143,1280,0.013092371093750055,0.8886327144277885,0.8245892567635746,0.06404345766421382,0.8852598173439251,0.8213200846434836,0.06393973270044151,0.7813851546208793
camelyon_efficientnet_v2_s_s42,camelyon,efficientnet_v2_s,1,100,7103.0,3084,True,0.5936532247057411,16.212896797185106,2.067595707909898,0.45316424188368143,1280,0.013407804687500025,0.8859378044240225,0.8219549092769658,0.06398289514705668,0.8817406608421194,0.8179245208966632,0.06381613994545621,0.759809663250366
camelyon_efficientnet_v2_s_s42,camelyon,efficientnet_v2_s,1,200,7103.0,3084,True,0.5936532247057411,16.212896797185106,2.067595707909898,0.45316424188368143,1280,0.01365066015625016,0.8826046990576589,0.8187961160695987,0.06380858298806025,0.8776033842805134,0.8142852438560427,0.0633181404244707,0.7351588357957319
camelyon_mobilenet_v3_large_s42,camelyon,mobilenet_v3_large,0,1,6265.0,1430,True,0.9294947441537852,11.833420348573387,1.705766505371786,0.38192199948913913,960,0.04296192578124969,0.9253891868802929,0.7706136936237624,0.1547754932565305,0.9253891868802929,0.7706136936237624,0.1547754932565305,0.8441157789674258
camelyon_mobilenet_v3_large_s42,camelyon,mobilenet_v3_large,0,5,6265.0,1430,True,0.9294947441537852,11.833420348573387,1.705766505371786,0.38192199948913913,960,0.04820600390624985,0.9187387344396185,0.7769229249413521,0.14181580949826644,0.9139316526202378,0.7794722458341551,0.1344594067860827,0.8018873060520822
camelyon_mobilenet_v3_large_s42,camelyon,mobilenet_v3_large,0,10,6265.0,1430,True,0.9294947441537852,11.833420348573387,1.705766505371786,0.38192199948913913,960,0.048690550781250175,0.9152433008570673,0.7790630262923723,0.13618027456469495,0.9103246431719236,0.7815947303701548,0.12872991280176882,0.7813537791488975
camelyon_mobilenet_v3_large_s42,camelyon,mobilenet_v3_large,0,20,6265.0,1430,True,0.9294947441537852,11.833420348573387,1.705766505371786,0.38192199948913913,960,0.048651281249999956,0.9117024203971449,0.780999775284932,0.13070264511221286,0.9066442547415882,0.7833468778639224,0.12329737687766573,0.7586153706560205
camelyon_mobilenet_v3_large_s42,camelyon,mobilenet_v3_large,0,50,6265.0,1430,True,0.9294947441537852,11.833420348573387,1.705766505371786,0.38192199948913913,960,0.04815897265625002,0.9067965558143565,0.7832424226493366,0.12355413316501984,0.9010807028688321,0.785108429999346,0.11597227286948608,0.7261609654296344
camelyon_mobilenet_v3_large_s42,camelyon,mobilenet_v3_large,0,100,6265.0,1430,True,0.9294947441537852,11.833420348573387,1.705766505371786,0.38192199948913913,960,0.04747767578124995,0.9025249931315484,0.7845130727299358,0.11801192040161268,0.8958169834651094,0.7857209424326668,0.11009604103244264,0.6983050539878414
camelyon_mobilenet_v3_large_s42,camelyon,mobilenet_v3_large,0,200,6265.0,1430,True,0.9294947441537852,11.833420348573387,1.705766505371786,0.38192199948913913,960,0.046648562500000046,0.8974694614127592,0.7852315280941883,0.1122379333185709,0.8896179188708943,0.7855478926444229,0.10407002622647132,0.6664336267126395
camelyon_mobilenet_v3_large_s42,camelyon,mobilenet_v3_large,1,1,7103.0,3084,True,0.7706292418911728,11.228184508873301,1.7048392454198755,0.36238809675842,960,0.01875866796875003,0.933543576760524,0.8598735771799491,0.07366999958057496,0.933543576760524,0.8598735771799491,0.07366999958057496,0.910909978259905
camelyon_mobilenet_v3_large_s42,camelyon,mobilenet_v3_large,1,5,7103.0,3084,True,0.7706292418911728,11.228184508873301,1.7048392454198755,0.36238809675842,960,0.02115732031249995,0.9266306555013951,0.8612256999250637,0.06540495557633141,0.9222977431970041,0.8609364810797239,0.06136126211728021,0.8821864324060519
camelyon_mobilenet_v3_large_s42,camelyon,mobilenet_v3_large,1,10,7103.0,3084,True,0.7706292418911728,11.228184508873301,1.7048392454198755,0.36238809675842,960,0.021464164062499846,0.9237389068537593,0.8611391181883101,0.06259978866544913,0.919881871816705,0.8603753351999244,0.059506536616780625,0.8674874661697503
camelyon_mobilenet_v3_large_s42,camelyon,mobilenet_v3_large,1,20,7103.0,3084,True,0.7706292418911728,11.228184508873301,1.7048392454198755,0.36238809675842,960,0.021602878906250123,0.9212256709069431,0.8607049581445472,0.0605207127623959,0.9177005489338425,0.859448381482341,0.05825216745150141,0.8519100226274459
camelyon_mobilenet_v3_large_s42,camelyon,mobilenet_v3_large,1,50,7103.0,3084,True,0.7706292418911728,11.228184508873301,1.7048392454198755,0.36238809675842,960,0.021697968750000185,0.9180870828879065,0.8594114540942469,0.05867562879365962,0.914596501807362,0.8573060787738008,0.05729042303356113,0.829102444651493
camelyon_mobilenet_v3_large_s42,camelyon,mobilenet_v3_large,1,100,7103.0,3084,True,0.7706292418911728,11.228184508873301,1.7048392454198755,0.36238809675842,960,0.02167553124999999,0.9156247088957205,0.8578380518569855,0.05778665703873498,0.9118473903117823,0.8549356893027562,0.056911701009026094,0.8096938639691204
camelyon_mobilenet_v3_large_s42,camelyon,mobilenet_v3_large,1,200,7103.0,3084,True,0.7706292418911728,11.228184508873301,1.7048392454198755,0.36238809675842,960,0.021564730468749738,0.9128678380100119,0.8557169945314843,0.05715084347852761,0.9084318157997506,0.85204281596179,0.05638899983796064,0.7880573672301343
camelyon_regnet_y_3_2gf_s42,camelyon,regnet_y_3_2gf,0,1,6265.0,1430,True,1.1413606488936914,11.326936467099323,1.3686976643875264,0.29129737361353464,1512,0.08812794921875,0.9534952593736108,0.7030837192457537,0.25041154012785705,0.9534952593736108,0.7030837192457537,0.25041154012785705,0.888848561836494
camelyon_regnet_y_3_2gf_s42,camelyon,regnet_y_3_2gf,0,5,6265.0,1430,True,1.1413606488936914,11.326936467099323,1.3686976643875264,0.29129737361353464,1512,0.08905578515625001,0.9518642668396896,0.7257708165895476,0.22609345025014205,0.9485761354955278,0.7406272662602971,0.2079488692352307,0.8520279466473097
camelyon_regnet_y_3_2gf_s42,camelyon,regnet_y_3_2gf,0,10,6265.0,1430,True,1.1413606488936914,11.326936467099323,1.3686976643875264,0.29129737361353464,1512,0.0864504531250001,0.9502432595824567,0.7391072317283349,0.21113602785412178,0.9466296508903825,0.7552548966021334,0.19137475428824913,0.8320206877778787
camelyon_regnet_y_3_2gf_s42,camelyon,regnet_y_3_2gf,0,20,6265.0,1430,True,1.1413606488936914,11.326936467099323,1.3686976643875264,0.29129737361353464,1512,0.08289938671874997,0.9483336191547665,0.7526736732702378,0.19565994588452873,0.9446133162877548,0.7685965234428891,0.1760167928448657,0.8114916976680883
camelyon_regnet_y_3_2gf_s42,camelyon,regnet_y_3_2gf,0,50,6265.0,1430,True,1.1413606488936914,11.326936467099323,1.3686976643875264,0.29129737361353464,1512,0.07746227734374989,0.9453345615707277,0.7698753945647272,0.1754591670060005,0.9406927094104599,0.7841129813607827,0.15657972804967724,0.7821831049813992
camelyon_regnet_y_3_2gf_s42,camelyon,regnet_y_3_2gf,0,100,6265.0,1430,True,1.1413606488936914,11.326936467099323,1.3686976643875264,0.29129737361353464,1512,0.07326395312499989,0.9422645477144281,0.7812770596341801,0.160987488080248,0.9361224717399441,0.7932661160136042,0.14285635572633992,0.7560076218129026
camelyon_regnet_y_3_2gf_s42,camelyon,regnet_y_3_2gf,0,200,6265.0,1430,True,1.1413606488936914,11.326936467099323,1.3686976643875264,0.29129737361353464,1512,0.06925187499999985,0.9379695473682825,0.7905816920105354,0.14738785535774712,0.9301974059117408,0.8004415978205844,0.1297558080911564,0.726283458851284
camelyon_regnet_y_3_2gf_s42,camelyon,regnet_y_3_2gf,1,1,7103.0,3084,True,1.07394690197259,12.196097832363414,1.5783621126087117,0.31364979199984705,1512,0.03473166015625018,0.9786414234420756,0.890852488452673,0.08778893498940266,0.9786414234420756,0.890852488452673,0.08778893498940266,0.9433870180575891
camelyon_regnet_y_3_2gf_s42,camelyon,regnet_y_3_2gf,1,5,7103.0,3084,True,1.07394690197259,12.196097832363414,1.5783621126087117,0.31364979199984705,1512,0.03493995312499987,0.9770546435490945,0.8990602333375245,0.07799441021157005,0.9750536963620369,0.9015360293522073,0.07351766700982953,0.9181596344114645
camelyon_regnet_y_3_2gf_s42,camelyon,regnet_y_3_2gf,1,10,7103.0,3084,True,1.07394690197259,12.196097832363414,1.5783621126087117,0.31364979199984705,1512,0.034279085937500176,0.9760029418098853,0.901516551661847,0.07448639014803837,0.9742571280650215,0.9036639462214163,0.07059318184360519,0.9059141931762722
camelyon_regnet_y_3_2gf_s42,camelyon,regnet_y_3_2gf,1,20,7103.0,3084,True,1.07394690197259,12.196097832363414,1.5783621126087117,0.31364979199984705,1512,0.033496574218750075,0.9751367424411826,0.9033742643835463,0.07176247805763636,0.9737353736317653,0.904987486112011,0.06874788751975436,0.8923798748835352
camelyon_regnet_y_3_2gf_s42,camelyon,regnet_y_3_2gf,1,50,7103.0,3084,True,1.07394690197259,12.196097832363414,1.5783621126087117,0.31364979199984705,1512,0.03230263671874989,0.9742663141396548,0.9051930430605861,0.06907327107906869,0.9730836323301515,0.9062347143789586,0.06684891795119285,0.8728568259461378
camelyon_regnet_y_3_2gf_s42,camelyon,regnet_y_3_2gf,1,100,7103.0,3084,True,1.07394690197259,12.196097832363414,1.5783621126087117,0.31364979199984705,1512,0.03128317578124984,0.9736715567558679,0.9062410479887555,0.06743050876711243,0.9723711606945825,0.906815395556484,0.06555576513809847,0.8562598163183816
camelyon_regnet_y_3_2gf_s42,camelyon,regnet_y_3_2gf,1,200,7103.0,3084,True,1.07394690197259,12.196097832363414,1.5783621126087117,0.31364979199984705,1512,0.03021477343750001,0.9729299776265719,0.9069354525066134,0.0659945251199584,0.9710780023837535,0.906579974522908,0.06449802786084557,0.8372784950530192
camelyon_resnet18_s42,camelyon,resnet18,0,1,6265.0,1430,True,0.5839617352108376,11.891897507680731,1.8371096389389518,0.525552585553528,512,0.0034862050781248044,0.9423234971181926,0.7229107502490624,0.21941274686913026,0.9423234971181926,0.7229107502490624,0.21941274686913026,0.7932129570819345
camelyon_resnet18_s42,camelyon,resnet18,0,5,6265.0,1430,True,0.5839617352108376,11.891897507680731,1.8371096389389518,0.525552585553528,512,0.003471195312499953,0.9414115287832631,0.7313474242877391,0.21006410449552393,0.9399585920817051,0.7359712852926001,0.20398730678910493,0.7546865075764452
camelyon_resnet18_s42,camelyon,resnet18,0,10,6265.0,1430,True,0.5839617352108376,11.891897507680731,1.8371096389389518,0.525552585553528,512,0.0037451523437498357,0.9402427606813353,0.7346696644213636,0.20557309625997167,0.9381835288606618,0.7377174339301337,0.20046609493052814,0.7335631975319845
camelyon_resnet18_s42,camelyon,resnet18,0,20,6265.0,1430,True,0.5839617352108376,11.891897507680731,1.8371096389389518,0.525552585553528,512,0.0037372578125001166,0.9385299283502844,0.7357541710362987,0.20277575731398567,0.9359271507667773,0.7364132940609186,0.19951385670585875,0.7126349696034844
camelyon_resnet18_s42,camelyon,resnet18,0,50,6265.0,1430,True,0.5839617352108376,11.891897507680731,1.8371096389389518,0.525552585553528,512,0.003416156250000024,0.9354401797040858,0.7324313889190545,0.2030087907850313,0.9318164022451962,0.7281181799883741,0.2036982222568221,0.6800145177388622
camelyon_resnet18_s42,camelyon,resnet18,0,100,6265.0,1430,True,0.5839617352108376,11.891897507680731,1.8371096389389518,0.525552585553528,512,0.003199111328125115,0.9322929847796412,0.7257707143481716,0.20652227043146953,0.9278939263289315,0.7180752688969311,0.20981865743200045,0.6522956174575811
camelyon_resnet18_s42,camelyon,resnet18,0,200,6265.0,1430,True,0.5839617352108376,11.891897507680731,1.8371096389389518,0.525552585553528,512,0.0032532617187501778,0.9284687550248425,0.7170919942850451,0.2113767607397974,0.923443759476985,0.7079360010468182,0.21550775843016678,0.6213601306596498
camelyon_resnet18_s42,camelyon,resnet18,1,1,7103.0,3084,True,0.569440359326911,10.791887762711063,1.7164346361166505,0.47693856367606946,512,0.0007574433593747765,0.9483074213051286,0.8523112268133475,0.0959961944917811,0.9483074213051286,0.8523112268133475,0.0959961944917811,0.8767469719153468
camelyon_resnet18_s42,camelyon,resnet18,1,5,7103.0,3084,True,0.569440359326911,10.791887762711063,1.7164346361166505,0.47693856367606946,512,0.00039581640625019343,0.9494714711888086,0.864842317001781,0.08462915418702754,0.9487575775634923,0.8693641804873156,0.07939339707617676,0.8535338746173301
camelyon_resnet18_s42,camelyon,resnet18,1,10,7103.0,3084,True,0.569440359326911,10.791887762711063,1.7164346361166505,0.47693856367606946,512,0.00018469140625021474,0.9489327551199604,0.869016684324142,0.07991607079581842,0.9478036837845218,0.8731483272505538,0.07465535653396804,0.8408092639424997
camelyon_resnet18_s42,camelyon,resnet18,1,20,7103.0,3084,True,0.569440359326911,10.791887762711063,1.7164346361166505,0.47693856367606946,512,3.1874999998349196e-06,0.9479431806657493,0.8726220348936902,0.07532114577205917,0.946356617774872,0.8765591878865229,0.06979742988834914,0.8270996938639692
camelyon_resnet18_s42,camelyon,resnet18,1,50,7103.0,3084,True,0.569440359326911,10.791887762711063,1.7164346361166505,0.47693856367606946,512,-0.00023120703125001363,0.9465116297848796,0.8779751406594243,0.06853648912545529,0.9452052619926231,0.8833456118454501,0.061859650147172984,0.8069648165402192
camelyon_resnet18_s42,camelyon,resnet18,1,100,7103.0,3084,True,0.569440359326911,10.791887762711063,1.7164346361166505,0.47693856367606946,512,-0.00034035156250000753,0.9459564257292622,0.8837834032868462,0.06217302244241596,0.9451154992810538,0.8903692480002995,0.05474625128075428,0.7896588136119617
camelyon_resnet18_s42,camelyon,resnet18,1,200,7103.0,3084,True,0.569440359326911,10.791887762711063,1.7164346361166505,0.47693856367606946,512,-0.000373511718749997,0.9457195162906677,0.890584956646841,0.05513455964382674,0.9448267425104877,0.897343139128229,0.047483603382258655,0.7702389192067084
camelyon_resnet50_s42,camelyon,resnet50,0,1,6265.0,1430,True,0.6370944697580563,23.863966217433642,1.7509966717821241,0.5273241355735628,2048,0.012913099609375034,0.8753376290349247,0.5136077741829953,0.36172985485192943,0.8753376290349247,0.5136077741829953,0.36172985485192943,0.7478450231376463
camelyon_resnet50_s42,camelyon,resnet50,0,5,6265.0,1430,True,0.6370944697580563,23.863966217433642,1.7509966717821241,0.5273241355735628,2048,0.015148464843749765,0.8714337485628856,0.5157518040023895,0.35568194456049607,0.8688824740977495,0.5193641357825021,0.3495183383152475,0.7168859450140641
camelyon_resnet50_s42,camelyon,resnet50,0,10,6265.0,1430,True,0.6370944697580563,23.863966217433642,1.7509966717821241,0.5273241355735628,2048,0.01607889843749999,0.8710609595658446,0.5208440551803675,0.35021690438547715,0.8687691113368528,0.5266809798541788,0.3420881314826739,0.6966972144088559
camelyon_resnet50_s42,camelyon,resnet50,0,20,6265.0,1430,True,0.6370944697580563,23.863966217433642,1.7509966717821241,0.5273241355735628,2048,0.01662475195312496,0.8687856595859967,0.5249548392279247,0.343830820358072,0.8647112431763996,0.5293336965113927,0.33537754666500685,0.6752654024135741
camelyon_resnet50_s42,camelyon,resnet50,0,50,6265.0,1430,True,0.6370944697580563,23.863966217433642,1.7509966717821241,0.5273241355735628,2048,0.017025132812499955,0.8628757711649989,0.5280111782332351,0.33486459293176385,0.8558592665886389,0.5301639324761522,0.32569533411248663,0.644123037836857
camelyon_resnet50_s42,camelyon,resnet50,0,100,6265.0,1430,True,0.6370944697580563,23.863966217433642,1.7509966717821241,0.5273241355735628,2048,0.017757871093750044,0.857089526286035,0.5295335903988245,0.32755593588721044,0.8492794397112752,0.5313035367598585,0.31797590295141664,0.6169558116323384
camelyon_resnet50_s42,camelyon,resnet50,0,200,6265.0,1430,True,0.6370944697580563,23.863966217433642,1.7509966717821241,0.5273241355735628,2048,0.017706976562499976,0.8510051067500007,0.5309503647926906,0.3200547419573101,0.8434972700200194,0.5333341365541011,0.3101631334659183,0.5876440431902732
camelyon_resnet50_s42,camelyon,resnet50,1,1,7103.0,3084,True,0.6094475398784963,22.702790555368587,1.7171408164855007,0.5016655360487198,2048,0.004633449218750085,0.9106068805714619,0.8238744048313702,0.08673247574009169,0.9106068805714619,0.8238744048313702,0.08673247574009169,0.8397444429655264
camelyon_resnet50_s42,camelyon,resnet50,1,5,7103.0,3084,True,0.6094475398784963,22.702790555368587,1.7171408164855007,0.5016655360487198,2048,0.006452171874999912,0.9031955179993214,0.8205158964890118,0.08267962151030961,0.8983288561574044,0.8176216117675905,0.08070724438981391,0.8164514840942367
camelyon_resnet50_s42,camelyon,resnet50,1,10,7103.0,3084,True,0.6094475398784963,22.702790555368587,1.7171408164855007,0.5016655360487198,2048,0.007148449218750019,0.8993776716643055,0.8191868956335274,0.08019077603077807,0.894957714391039,0.8178721824714924,0.07708553191954659,0.8029859354895958
camelyon_resnet50_s42,camelyon,resnet50,1,20,7103.0,3084,True,0.6094475398784963,22.702790555368587,1.7171408164855007,0.5016655360487198,2048,0.007256117187499855,0.8963725587181167,0.8193297352299126,0.07704282348820413,0.8928975678824651,0.8196133874968594,0.07328418038560569,0.7892586183947825
camelyon_resnet50_s42,camelyon,resnet50,1,50,7103.0,3084,True,0.6094475398784963,22.702790555368587,1.7171408164855007,0.5016655360487198,2048,0.00731210546874983,0.8936945425367853,0.8218687595954535,0.0718257829413318,0.8914758029618519,0.824533375485425,0.06694242747642687,0.7679364656817073
camelyon_resnet50_s42,camelyon,resnet50,1,100,7103.0,3084,True,0.6094475398784963,22.702790555368587,1.7171408164855007,0.5016655360487198,2048,0.007098632812500116,0.8928549165362805,0.8260435163009333,0.06681140023534715,0.8918675606155967,0.8313969986481493,0.06047056196744738,0.7492555126669329
camelyon_resnet50_s42,camelyon,resnet50,1,200,7103.0,3084,True,0.6094475398784963,22.702790555368587,1.7171408164855007,0.5016655360487198,2048,0.00676666796875014,0.8932788348407557,0.8332028690081029,0.060075965832652733,0.8935757083246263,0.8404324493610401,0.05314325896358618,0.7274200275078753
camelyon_resnet50_s43,camelyon,resnet50,0,1,6265.0,1430,True,0.6140535534479344,24.664839061335815,1.8797650109596327,0.5450210924107936,2048,0.004415765625000012,0.9769089453295021,0.7658796686072132,0.21102927672228888,0.9769089453295021,0.7658796686072132,0.21102927672228888,0.7715870570107858
camelyon_resnet50_s43,camelyon,resnet50,0,5,6265.0,1430,True,0.6140535534479344,24.664839061335815,1.8797650109596327,0.5450210924107936,2048,0.00826862109375015,0.9758786229996982,0.7713366650002612,0.20454195799943697,0.9746719928458031,0.773352460337232,0.20131953250857104,0.7356302003081664
camelyon_resnet50_s43,camelyon,resnet50,0,10,6265.0,1430,True,0.6140535534479344,24.664839061335815,1.8797650109596327,0.5450210924107936,2048,0.00883351171875002,0.9747169841126582,0.7731483910637161,0.20156859304894204,0.9729941819251382,0.7755716894397477,0.19742249248539046,0.7180770416024653
camelyon_resnet50_s43,camelyon,resnet50,0,20,6265.0,1430,True,0.6140535534479344,24.664839061335815,1.8797650109596327,0.5450210924107936,2048,0.008995890625000058,0.9732479505542441,0.7754287557617326,0.19781919479251142,0.9711556986745989,0.7786252394506881,0.19253045922391088,0.6991124807395995
camelyon_resnet50_s43,camelyon,resnet50,0,50,6265.0,1430,True,0.6140535534479344,24.664839061335815,1.8797650109596327,0.5450210924107936,2048,0.009202078124999957,0.9708466779176235,0.778868628829969,0.19197804908765448,0.9682084757682992,0.7824046541863707,0.18580382158192843,0.6703137134052388
camelyon_resnet50_s43,camelyon,resnet50,0,100,6265.0,1430,True,0.6140535534479344,24.664839061335815,1.8797650109596327,0.5450210924107936,2048,0.009515625000000028,0.9686532224991262,0.7815901052399165,0.18706311725920977,0.9655252011927671,0.7851696015118823,0.18035559968088477,0.6458884437596302
camelyon_resnet50_s43,camelyon,resnet50,0,200,6265.0,1430,True,0.6140535534479344,24.664839061335815,1.8797650109596327,0.5450210924107936,2048,0.009654441406250047,0.966063545671683,0.7842672982064995,0.1817962474651834,0.9622849270814013,0.7878549333212083,0.17442999376019308,0.6189553158705702
camelyon_resnet50_s43,camelyon,resnet50,1,1,6601.0,3084,True,0.6494934491605445,25.13323587560733,1.9255991629477331,0.5553712975250924,2048,0.002383593749999857,0.9758471445029622,0.8939187021691974,0.08192844233376473,0.9758471445029622,0.8939187021691974,0.08192844233376473,0.8234208249206807
camelyon_resnet50_s43,camelyon,resnet50,1,5,6601.0,3084,True,0.6494934491605445,25.13323587560733,1.9255991629477331,0.5553712975250924,2048,0.0033307578125001402,0.9744372283580693,0.8959794497272702,0.07845777863079917,0.973013110610827,0.8963038081526237,0.07670930245820329,0.7997692529564465
camelyon_resnet50_s43,camelyon,resnet50,1,10,6601.0,3084,True,0.6494934491605445,25.13323587560733,1.9255991629477331,0.5553712975250924,2048,0.003465890624999912,0.9732145171262921,0.8968191562738915,0.07639536085240062,0.9714119960939794,0.8975216114856136,0.07389038460836583,0.7872108451110471
camelyon_resnet50_s43,camelyon,resnet50,1,20,6601.0,3084,True,0.6494934491605445,25.13323587560733,1.9255991629477331,0.5553712975250924,2048,0.003763535156249942,0.9716192537591398,0.8971818523484564,0.07443740141068345,0.9693008094506397,0.8972975037013556,0.07200330574928404,0.7743784251514277
camelyon_resnet50_s43,camelyon,resnet50,1,50,6601.0,3084,True,0.6494934491605445,25.13323587560733,1.9255991629477331,0.5553712975250924,2048,0.0040619843750000495,0.9689499310534893,0.8971760030779684,0.07177392797552085,0.9660043312615073,0.8969596786205577,0.06904465264094961,0.7540501874819728
camelyon_resnet50_s43,camelyon,resnet50,1,100,6601.0,3084,True,0.6494934491605445,25.13323587560733,1.9255991629477331,0.5553712975250924,2048,0.004189171874999897,0.9664536835517156,0.8969768720844906,0.06947681146722495,0.9630250597206238,0.8961574713180492,0.06686758840257456,0.7371427747331988
camelyon_resnet50_s43,camelyon,resnet50,1,200,6601.0,3084,True,0.6494934491605445,25.13323587560733,1.9255991629477331,0.5553712975250924,2048,0.004231316406249963,0.9635315534692567,0.8961111293276821,0.06742042414157456,0.959500507419542,0.8943442887710638,0.0651562186484782,0.7176212864147679
camelyon_resnet50_s44,camelyon,resnet50,0,1,6601.0,1430,True,0.6842821231131954,25.841793139033243,1.9562759037548678,0.5710283489572001,2048,0.001266017578124723,0.9590978081168458,0.9206997014303064,0.03839810668653931,0.9590978081168458,0.9206997014303064,0.03839810668653931,0.8593575351120183
camelyon_resnet50_s44,camelyon,resnet50,0,5,6601.0,1430,True,0.6842821231131954,25.841793139033243,1.9562759037548678,0.5710283489572001,2048,0.0010028437500000376,0.956109910164942,0.9208943790992857,0.035215531065656225,0.9535598302880125,0.9198919603505521,0.033667869937460404,0.8395295718520679
camelyon_resnet50_s44,camelyon,resnet50,0,10,6601.0,1430,True,0.6842821231131954,25.841793139033243,1.9562759037548678,0.5710283489572001,2048,0.0008734726562499295,0.9538347583267481,0.9201326436524893,0.033702114674258876,0.9507672457648205,0.9189187585565863,0.03184848720823419,0.8286387714438452
camelyon_resnet50_s44,camelyon,resnet50,0,20,6601.0,1430,True,0.6842821231131954,25.841793139033243,1.9562759037548678,0.5710283489572001,2048,0.0008572148437498983,0.9514281307919724,0.9194881391651688,0.03193999162680361,0.9484721145665905,0.9188590097346641,0.029613104831926473,0.8168197502065414
camelyon_resnet50_s44,camelyon,resnet50,0,50,6601.0,1430,True,0.6842821231131954,25.841793139033243,1.9562759037548678,0.5710283489572001,2048,0.0007799414062499288,0.948713350754613,0.9198669253967486,0.028846425357864414,0.9462815637506102,0.9203039626092818,0.02597760114132841,0.7981212032852214
camelyon_resnet50_s44,camelyon,resnet50,0,100,6601.0,1430,True,0.6842821231131954,25.841793139033243,1.9562759037548678,0.5710283489572001,2048,0.0007629531249999655,0.9474328878714833,0.9212869664774008,0.02614592139408245,0.9458439627991184,0.922468942308257,0.023375020490861376,0.782141225640278
camelyon_resnet50_s44,camelyon,resnet50,0,200,6601.0,1430,True,0.6842821231131954,25.841793139033243,1.9562759037548678,0.5710283489572001,2048,0.0006989882812499237,0.946547676575955,0.9228651855412647,0.023682491034690223,0.9452522875961563,0.9241217183533701,0.021130569242786224,0.7641291247509356
camelyon_resnet50_s44,camelyon,resnet50,1,1,6598.0,3137,True,0.568873631864909,22.11353671869594,1.635672760145527,0.4886447428064879,2048,0.0023946738281249713,0.9511365770317759,0.7918227865927379,0.15931379043903804,0.9511365770317759,0.7918227865927379,0.15931379043903804,0.7778633597781714
camelyon_resnet50_s44,camelyon,resnet50,1,5,6598.0,3137,True,0.568873631864909,22.11353671869594,1.635672760145527,0.4886447428064879,2048,0.002511144531250231,0.9481113620889253,0.7917052610799087,0.15640610100901664,0.9459397815659937,0.7909350092404726,0.15500477232552112,0.7477316490795655
camelyon_resnet50_s44,camelyon,resnet50,1,10,6598.0,3137,True,0.568873631864909,22.11353671869594,1.635672760145527,0.4886447428064879,2048,0.0026873515624998845,0.9461920074803808,0.7908198000923755,0.15537220738800528,0.9437057454214682,0.7897836976899064,0.15392204773156182,0.7308942463221135
camelyon_resnet50_s44,camelyon,resnet50,1,20,6598.0,3137,True,0.568873631864909,22.11353671869594,1.635672760145527,0.4886447428064879,2048,0.002431054687500156,0.9444364898684796,0.7906474846114846,0.15378900525699502,0.9422222344617343,0.7907322873299858,0.15148994713174846,0.7106909034891781
camelyon_resnet50_s44,camelyon,resnet50,1,50,6598.0,3137,True,0.568873631864909,22.11353671869594,1.635672760145527,0.4886447428064879,2048,0.0020593710937499843,0.9420626184062982,0.7905843673864901,0.15147825101980816,0.9395704229410801,0.7898347377068738,0.14973568523420622,0.6814357236386042
camelyon_resnet50_s44,camelyon,resnet50,1,100,6598.0,3137,True,0.568873631864909,22.11353671869594,1.635672760145527,0.4886447428064879,2048,0.0018977265625000905,0.9400043992694078,0.790057007015942,0.14994739225346587,0.9371553862086857,0.7893529464129109,0.1478024397957748,0.6541854733112532
camelyon_resnet50_s44,camelyon,resnet50,1,200,6598.0,3137,True,0.568873631864909,22.11353671869594,1.635672760145527,0.4886447428064879,2048,0.001744171874999978,0.9375254914828715,0.7899966061199895,0.147528885362882,0.9343433301551877,0.7901227885746182,0.14422054158056952,0.6238427173996764
camelyon_uni_s42,camelyon,uni,0,1,6265.0,1430,True,1.3900935913992774,8.012834526327435,0.9187197430444707,0.25040107894773234,1024,0.06621845703124996,0.9984395210150677,0.8786041724227648,0.11983534859230294,0.9984395210150677,0.8786041724227648,0.11983534859230294,0.966609200617004
camelyon_uni_s42,camelyon,uni,0,5,6265.0,1430,True,1.3900935913992774,8.012834526327435,0.9187197430444707,0.25040107894773234,1024,0.06970695703124996,0.9977481846228246,0.8775261403994451,0.12022204422337945,0.9965017564581756,0.8764868766365878,0.12001487982158787,0.934924235550313
camelyon_uni_s42,camelyon,uni,0,10,6265.0,1430,True,1.3900935913992774,8.012834526327435,0.9187197430444707,0.25040107894773234,1024,0.06975292187500026,0.9970156845675161,0.8771652820717025,0.11985040249581358,0.9951574043065863,0.8763697700950241,0.11878763421156213,0.9149351238544597
camelyon_uni_s42,camelyon,uni,0,20,6265.0,1430,True,1.3900935913992774,8.012834526327435,0.9187197430444707,0.25040107894773234,1024,0.06911349218750018,0.9959436370986714,0.8770216924056043,0.11892194469306705,0.9934361420977159,0.8766910521424517,0.11674508995526423,0.8916931312948008
camelyon_uni_s42,camelyon,uni,0,50,6265.0,1430,True,1.3900935913992774,8.012834526327435,0.9187197430444707,0.25040107894773234,1024,0.06726126953125022,0.9938718554067415,0.8775651199239748,0.11630673548276671,0.990247733370462,0.8782926789437923,0.11195505442666975,0.8532692133200254
camelyon_uni_s42,camelyon,uni,0,100,6265.0,1430,True,1.3900935913992774,8.012834526327435,0.9187197430444707,0.25040107894773234,1024,0.06505460546874997,0.9916260546652464,0.878681112187904,0.11294494247734244,0.9865219716721669,0.8805265345931561,0.10599543707901082,0.8181680428273297
camelyon_uni_s42,camelyon,uni,0,200,6265.0,1430,True,1.3900935913992774,8.012834526327435,0.9187197430444707,0.25040107894773234,1024,0.06211380859374982,0.9884775795771238,0.8806570138893647,0.1078205656877591,0.9810467724292523,0.8838947437012826,0.09715202872796969,0.7774494147536521
camelyon_uni_s42,camelyon,uni,1,1,7103.0,3084,True,1.3156817951051112,9.090037021070302,1.0488681025992426,0.2840636569084469,1024,0.030409062499999973,0.9996783152467452,0.9404025667136658,0.059275748533079375,0.9996783152467452,0.9404025667136658,0.059275748533079375,0.9804782820888238
camelyon_uni_s42,camelyon,uni,1,5,7103.0,3084,True,1.3156817951051112,9.090037021070302,1.0488681025992426,0.2840636569084469,1024,0.032954441406250146,0.9995565556793028,0.9377466740723567,0.061809881606946115,0.9992336398564209,0.9349563994493615,0.0642772404070594,0.9638404543236169
camelyon_uni_s42,camelyon,uni,1,10,7103.0,3084,True,1.3156817951051112,9.090037021070302,1.0488681025992426,0.2840636569084469,1024,0.033860566406250014,0.9993885240647086,0.9355877431044426,0.06380078096026598,0.998871894741235,0.9318013475203434,0.06707054722089156,0.9525622254758419
camelyon_uni_s42,camelyon,uni,1,20,7103.0,3084,True,1.3156817951051112,9.090037021070302,1.0488681025992426,0.2840636569084469,1024,0.034701363281250064,0.9991199589225868,0.9329315261550017,0.06618843276758501,0.9983633122313498,0.927865348808427,0.0704979634229228,0.938759483561826
camelyon_uni_s42,camelyon,uni,1,50,7103.0,3084,True,1.3156817951051112,9.090037021070302,1.0488681025992426,0.2840636569084469,1024,0.03595009374999991,0.9985170816956573,0.9282357044276768,0.07028137726798056,0.9972816558555854,0.920535654321857,0.07674600153372835,0.9161444607125429
camelyon_uni_s42,camelyon,uni,1,100,7103.0,3084,True,1.3156817951051112,9.090037021070302,1.0488681025992426,0.2840636569084469,1024,0.03714973828125001,0.9978016800100478,0.9232674041287076,0.0745342758813402,0.9960689615075231,0.9139695059933924,0.08209945551413067,0.8951963263676296
camelyon_uni_s42,camelyon,uni,1,200,7103.0,3084,True,1.3156817951051112,9.090037021070302,1.0488681025992426,0.2840636569084469,1024,0.038399746093749854,0.9967568232266215,0.9172474589695113,0.0795093642571102,0.994193776950755,0.9054476228104061,0.08874615414034881,0.8701184613336882
camelyon_uni_s43,camelyon,uni,0,1,6265.0,1430,True,1.2660308455243936,7.8019958542455425,0.8250306859541618,0.2438123704451732,1024,0.0803227890624999,0.9994743562351379,0.8083176999163781,0.19115665631875978,0.9994743562351379,0.8083176999163781,0.19115665631875978,0.9735593220338983
camelyon_uni_s43,camelyon,uni,0,5,6265.0,1430,True,1.2660308455243936,7.8019958542455425,0.8250306859541618,0.2438123704451732,1024,0.08667903124999987,0.9992807962515103,0.7988865344196509,0.2003942618318595,0.9988479748730644,0.7931116762015131,0.2057362986715513,0.9516055469953774
camelyon_uni_s43,camelyon,uni,0,10,6265.0,1430,True,1.2660308455243936,7.8019958542455425,0.8250306859541618,0.2438123704451732,1024,0.08759467187499992,0.9990522819491854,0.7946942558604874,0.20435802608869802,0.9984212694315509,0.788486674364339,0.2099345950672119,0.936166409861325
camelyon_uni_s43,camelyon,uni,0,20,6265.0,1430,True,1.2660308455243936,7.8019958542455425,0.8250306859541618,0.2438123704451732,1024,0.08765847656250003,0.9986897271788505,0.7906927761917472,0.20799695098710336,0.9977088308948149,0.7846642254976528,0.21304460539716208,0.9166163328197227
camelyon_uni_s43,camelyon,uni,0,50,6265.0,1430,True,1.2660308455243936,7.8019958542455425,0.8250306859541618,0.2438123704451732,1024,0.08668902734374995,0.9978837633577334,0.7857592986498766,0.21212446470785684,0.9962085451885312,0.779672023492444,0.21653652169608717,0.8845325115562404
camelyon_uni_s43,camelyon,uni,0,100,6265.0,1430,True,1.2660308455243936,7.8019958542455425,0.8250306859541618,0.2438123704451732,1024,0.08525438281249997,0.9968918909958879,0.7822019495254882,0.21468994147039977,0.9943992546672877,0.7756938202357119,0.21870543443157586,0.8550372881355931
camelyon_uni_s43,camelyon,uni,0,200,6265.0,1430,True,1.2660308455243936,7.8019958542455425,0.8250306859541618,0.2438123704451732,1024,0.08322201562499976,0.9953867422501785,0.7786252503024784,0.2167614919477001,0.9918879024122552,0.7722889387653751,0.21959896364688014,0.8196018489984592
camelyon_uni_s43,camelyon,uni,1,1,6601.0,3084,True,1.4377640491600403,9.115754321706131,1.0965465650510184,0.2848673225533166,1024,0.011283882812500035,0.9990573829718006,0.9831283807263494,0.01592900224545113,0.9990573829718006,0.9831283807263494,0.01592900224545113,0.9803865012979521
camelyon_uni_s43,camelyon,uni,1,5,6601.0,3084,True,1.4377640491600403,9.115754321706131,1.0965465650510184,0.2848673225533166,1024,0.011234257812500092,0.9986087930198626,0.9839066626864768,0.014702130333385854,0.9976781706111557,0.9831767017005747,0.014501468910581017,0.962665128353043
camelyon_uni_s43,camelyon,uni,1,10,6601.0,3084,True,1.4377640491600403,9.115754321706131,1.0965465650510184,0.2848673225533166,1024,0.011511652343749956,0.9980820735687765,0.9834644420405012,0.014617631528275332,0.9967182531162323,0.9822727517292287,0.014445501387003623,0.9508162676665707
camelyon_uni_s43,camelyon,uni,1,20,6601.0,3084,True,1.4377640491600403,9.115754321706131,1.0965465650510184,0.2848673225533166,1024,0.011904164062500167,0.9973165313074253,0.9827234390348153,0.014593092272609964,0.9955016548335919,0.9811181744305069,0.014383480403085014,0.9369541390250938
camelyon_uni_s43,camelyon,uni,1,50,6601.0,3084,True,1.4377640491600403,9.115754321706131,1.0965465650510184,0.2848673225533166,1024,0.012553281249999992,0.9958464263857375,0.9813953713009587,0.014451055084778841,0.993086522429779,0.9792588194582301,0.013827702971548894,0.9145809056821461
camelyon_uni_s43,camelyon,uni,1,100,6601.0,3084,True,1.4377640491600403,9.115754321706131,1.0965465650510184,0.2848673225533166,1024,0.013109976562500014,0.9942087162407331,0.9801312288761499,0.014077487364583252,0.9899611715481603,0.9772778138626913,0.012683357685469021,0.8933187193539083
camelyon_uni_s43,camelyon,uni,1,200,6601.0,3084,True,1.4377640491600403,9.115754321706131,1.0965465650510184,0.2848673225533166,1024,0.013776804687500088,0.9917725523890355,0.978510810661281,0.013261741727754517,0.9860951574909818,0.974723920338762,0.01137123715221977,0.8678710700894146
camelyon_uni_s44,camelyon,uni,0,1,6601.0,1430,True,1.3217302942073073,9.32974253486531,1.0843557492874205,0.29155445421454096,1024,0.02632289453125003,0.999412006182822,0.9491349226727646,0.05027708351005744,0.999412006182822,0.9491349226727646,0.05027708351005744,0.9815327793167129
camelyon_uni_s44,camelyon,uni,0,5,6601.0,1430,True,1.3217302942073073,9.32974253486531,1.0843557492874205,0.29155445421454096,1024,0.028146101562499748,0.9990674049326745,0.9473393473236039,0.05172805760907062,0.998472452879259,0.9453861563607852,0.05308629651847385,0.9657967633765856
camelyon_uni_s44,camelyon,uni,0,10,6601.0,1430,True,1.3217302942073073,9.32974253486531,1.0843557492874205,0.29155445421454096,1024,0.028609527343750107,0.998735599683557,0.9459090015679895,0.05282659811556745,0.9978984332436923,0.9434475190873343,0.054450914156358055,0.9553530641006952
camelyon_uni_s44,camelyon,uni,0,20,6601.0,1430,True,1.3217302942073073,9.32974253486531,1.0843557492874205,0.29155445421454096,1024,0.02897253906249997,0.9982561270398365,0.9442544279325962,0.054001699107240286,0.9970685735803925,0.9413750550662577,0.05569351851413473,0.9430140448073092
camelyon_uni_s44,camelyon,uni,0,50,6601.0,1430,True,1.3217302942073073,9.32974253486531,1.0843557492874205,0.29155445421454096,1024,0.029251707031249907,0.9972882488352219,0.9417997509385689,0.055488497896653,0.995472749695059,0.938232372805713,0.05724037688934591,0.9225057102590272
camelyon_uni_s44,camelyon,uni,0,100,6601.0,1430,True,1.3217302942073073,9.32974253486531,1.0843557492874205,0.29155445421454096,1024,0.029339007812500095,0.996213808710891,0.939617019922377,0.05659678878851404,0.9936115180643212,0.9350481394948749,0.05856337856944638,0.9034596880011663
camelyon_uni_s44,camelyon,uni,0,200,6601.0,1430,True,1.3217302942073073,9.32974253486531,1.0843557492874205,0.29155445421454096,1024,0.02941614843750029,0.9946452018254704,0.9368519339520378,0.05779326787343264,0.9911260267096692,0.9309153852593406,0.06021064145032862,0.8808592117412645
camelyon_uni_s44,camelyon,uni,1,1,6598.0,3137,True,1.4395444753893718,8.190448722972661,0.8988091546845316,0.25595152259289566,1024,0.08204173828124994,0.9992615354234472,0.8536113198648643,0.14565021555858293,0.9992615354234472,0.8536113198648643,0.14565021555858293,0.9702688130632364
camelyon_uni_s44,camelyon,uni,1,5,6598.0,3137,True,1.4395444753893718,8.190448722972661,0.8988091546845316,0.25595152259289566,1024,0.08840451562500029,0.9990670651339008,0.8479604206837867,0.151106644450114,0.998480319893769,0.8448040651924501,0.15367625470131885,0.9428329353770314
camelyon_uni_s44,camelyon,uni,1,10,6598.0,3137,True,1.4395444753893718,8.190448722972661,0.8988091546845316,0.25595152259289566,1024,0.08932724999999986,0.9987594616662478,0.8457565127739876,0.1530029488922603,0.9978092690278703,0.8427237405406427,0.15508552848722756,0.9252946160363553
camelyon_uni_s44,camelyon,uni,1,20,6598.0,3137,True,1.4395444753893718,8.190448722972661,0.8988091546845316,0.25595152259289566,1024,0.0893495820312501,0.9982550514944776,0.843891741459107,0.15436331003537063,0.9968404828763261,0.8414759455995926,0.1553645372767335,0.9045482554109219
camelyon_uni_s44,camelyon,uni,1,50,6598.0,3137,True,1.4395444753893718,8.190448722972661,0.8988091546845316,0.25595152259289566,1024,0.0880146015625003,0.9971294883028772,0.8425491326928782,0.15458035560999894,0.9946621955757542,0.8418411810084891,0.15282101456726505,0.87075868443349
camelyon_uni_s44,camelyon,uni,1,100,6598.0,3137,True,1.4395444753893718,8.190448722972661,0.8988091546845316,0.25595152259289566,1024,0.0859195195312501,0.9956788275131275,0.8427393602897005,0.152939467223427,0.9912664977289208,0.8434934507141276,0.1477730470147932,0.83966956789648
camelyon_uni_s44,camelyon,uni,1,200,6598.0,3137,True,1.4395444753893718,8.190448722972661,0.8988091546845316,0.25595152259289566,1024,0.08281871484375003,0.9932272639273542,0.8442272092385484,0.14900005468880573,0.987129898370802,0.8469334448954926,0.1401964534753094,0.802255641993376
camelyon_virchow2_s42,camelyon,virchow2,0,1,6265.0,1430,True,0.7837699807874674,12.243164823980203,0.8146422132940773,0.2419767913289495,2560,0.02155155078125015,0.9891821656634341,0.8796705770977838,0.10951158856565024,0.9891821656634341,0.8796705770977838,0.10951158856565024,0.9401143271935396
camelyon_virchow2_s42,camelyon,virchow2,0,5,6265.0,1430,True,0.7837699807874674,12.243164823980203,0.8146422132940773,0.2419767913289495,2560,0.023550929687499944,0.984277307075936,0.8776538221420899,0.1066234849338461,0.9789405084618531,0.8756742507055331,0.10326625775632003,0.8987024770891935
camelyon_virchow2_s42,camelyon,virchow2,0,10,6265.0,1430,True,0.7837699807874674,12.243164823980203,0.8146422132940773,0.2419767913289495,2560,0.023763093749999964,0.9803926642635676,0.8764311081391978,0.10396155612436986,0.9730736911478006,0.8742225374080407,0.09885115373975994,0.8713819072679431
camelyon_virchow2_s42,camelyon,virchow2,0,20,6265.0,1430,True,0.7837699807874674,12.243164823980203,0.8146422132940773,0.2419767913289495,2560,0.02376782421875001,0.975328786944401,0.8749648989968455,0.10036388794755546,0.9660887874118314,0.8722024100518638,0.09388637735996752,0.8384130296706289
camelyon_virchow2_s42,camelyon,virchow2,0,50,6265.0,1430,True,0.7837699807874674,12.243164823980203,0.8146422132940773,0.2419767913289495,2560,0.023684054687500122,0.9665060172909532,0.872465459897728,0.09404055739322525,0.9539722355583866,0.8687970101216448,0.08517522543674183,0.7863424371654114
camelyon_virchow2_s42,camelyon,virchow2,0,100,6265.0,1430,True,0.7837699807874674,12.243164823980203,0.8146422132940773,0.2419767913289495,2560,0.023568992187500193,0.9577026826557432,0.8701399907592366,0.08756269189650656,0.9416550585869361,0.8656920809024781,0.07596297768445803,0.7404010525360676
camelyon_virchow2_s42,camelyon,virchow2,0,200,6265.0,1430,True,0.7837699807874674,12.243164823980203,0.8146422132940773,0.2419767913289495,2560,0.023391980468749796,0.9463677955436594,0.8672784100987821,0.0790893854448772,0.9268082024447939,0.8614861038743604,0.06532209857043347,0.6894837129117141
camelyon_virchow2_s42,camelyon,virchow2,1,1,7103.0,3084,True,0.9162650393031544,14.699322970491101,1.0096936165918202,0.29052087905739943,2560,0.027143148437499987,0.992462962433035,0.8825160785837606,0.10994688384927442,0.992462962433035,0.8825160785837606,0.10994688384927442,0.9567860153511691
camelyon_virchow2_s42,camelyon,virchow2,1,5,7103.0,3084,True,0.9162650393031544,14.699322970491101,1.0096936165918202,0.29052087905739943,2560,0.03094550390624995,0.9879225856846447,0.8719680312747059,0.11595455440993885,0.9834290568736046,0.8638030086521974,0.11962604822140721,0.9263942499667244
camelyon_virchow2_s42,camelyon,virchow2,1,10,7103.0,3084,True,0.9162650393031544,14.699322970491101,1.0096936165918202,0.29052087905739943,2560,0.032237023437500234,0.9846177824003538,0.8648036283218266,0.11981415407852725,0.9789705566882144,0.8543101853276528,0.12466037136056163,0.907356138249257
camelyon_virchow2_s42,camelyon,virchow2,1,20,7103.0,3084,True,0.9162650393031544,14.699322970491101,1.0096936165918202,0.29052087905739943,2560,0.03338074218750009,0.9806129871880195,0.8564841955568903,0.12412879163112922,0.9738765042884472,0.8443420927032362,0.12953441158521095,0.885667065974533
camelyon_virchow2_s42,camelyon,virchow2,1,50,7103.0,3084,True,0.9162650393031544,14.699322970491101,1.0096936165918202,0.29052087905739943,2560,0.03471010937500019,0.97423489317398,0.8441428320263505,0.1300920611476295,0.9661929981260314,0.830318194048691,0.13587480407734043,0.851793779670793
camelyon_virchow2_s42,camelyon,virchow2,1,100,7103.0,3084,True,0.9162650393031544,14.699322970491101,1.0096936165918202,0.29052087905739943,2560,0.035559996093750046,0.9684959100001636,0.8338058261004281,0.13469008389973547,0.9591833252270007,0.8186455282825527,0.140537796944448,0.8235418607746572
camelyon_virchow2_s42,camelyon,virchow2,1,200,7103.0,3084,True,0.9162650393031544,14.699322970491101,1.0096936165918202,0.29052087905739943,2560,0.036242683593749936,0.9617427179386009,0.822555322043981,0.13918739589461993,0.9505060996615359,0.8058115972404425,0.14469450242109339,0.7921933093748613
camelyon_virchow2_s43,camelyon,virchow2,0,1,6265.0,1430,True,0.7713963624261476,11.919892192851094,0.7518399368333847,0.23558755495667805,2560,0.03293237499999979,0.9934625213899279,0.7423213128436249,0.25114120854630295,0.9934625213899279,0.7423213128436249,0.25114120854630295,0.9454545454545454
camelyon_virchow2_s43,camelyon,virchow2,0,5,6265.0,1430,True,0.7713963624261476,11.919892192851094,0.7518399368333847,0.23558755495667805,2560,0.03630744921874984,0.9898923946548885,0.730713377908735,0.2591790167461535,0.9860989528885538,0.7238004666663217,0.26229848622223206,0.9057257318952233
camelyon_virchow2_s43,camelyon,virchow2,0,10,6265.0,1430,True,0.7713963624261476,11.919892192851094,0.7518399368333847,0.23558755495667805,2560,0.036758261718750074,0.9871748925716475,0.7251046409315871,0.26207025164006037,0.9821022301321995,0.7172976452584876,0.26480458487371195,0.8809861325115562
camelyon_virchow2_s43,camelyon,virchow2,0,20,6265.0,1430,True,0.7713963624261476,11.919892192851094,0.7518399368333847,0.23558755495667805,2560,0.03669648437500006,0.9836232542269983,0.7193652619636767,0.2642579922633216,0.9771800407557631,0.7112481322966717,0.2659319084590914,0.85
camelyon_virchow2_s43,camelyon,virchow2,0,50,6265.0,1430,True,0.7713963624261476,11.919892192851094,0.7518399368333847,0.23558755495667805,2560,0.036204718749999976,0.9773926297090405,0.7119232398068845,0.26546938990215596,0.9686559261200616,0.7039953545113392,0.26466057160872236,0.8016394453004623
camelyon_virchow2_s43,camelyon,virchow2,0,100,6265.0,1430,True,0.7713963624261476,11.919892192851094,0.7518399368333847,0.23558755495667805,2560,0.035516183593750084,0.971181236334477,0.7066023777669768,0.2645788585675002,0.9604047692279097,0.699008704553355,0.2613960646745548,0.7611790446841294
camelyon_virchow2_s43,camelyon,virchow2,0,200,6265.0,1430,True,0.7713963624261476,11.919892192851094,0.7518399368333847,0.23558755495667805,2560,0.03458180859375015,0.9634159478780144,0.7015686303607497,0.26184731751726475,0.9499857619683868,0.6943566837929848,0.25562907817540204,0.7158804314329738
camelyon_virchow2_s43,camelyon,virchow2,1,1,6601.0,3084,True,0.8733542308033978,14.121776040791808,1.0017238810630524,0.2791061055981062,2560,0.01465523828125015,0.9850658455098842,0.9392885034914645,0.04577734201841965,0.9850658455098842,0.9392885034914645,0.04577734201841965,0.9611768099221228
camelyon_virchow2_s43,camelyon,virchow2,1,5,6601.0,3084,True,0.8733542308033978,14.121776040791808,1.0017238810630524,0.2791061055981062,2560,0.017277476562500005,0.977767360661944,0.9335501713168862,0.044217189345057806,0.9705412314824626,0.9285095914593984,0.042031640023064254,0.9350562445918662
camelyon_virchow2_s43,camelyon,virchow2,1,10,6601.0,3084,True,0.8733542308033978,14.121776040791808,1.0017238810630524,0.2791061055981062,2560,0.018242109374999815,0.9722311706160593,0.9293061516651635,0.042925018950895844,0.9628935760378742,0.9226170550654976,0.04027652097237655,0.9187308912604558
camelyon_virchow2_s43,camelyon,virchow2,1,20,6601.0,3084,True,0.8733542308033978,14.121776040791808,1.0017238810630524,0.2791061055981062,2560,0.019196175781250102,0.9654675298189733,0.924008307529309,0.041459222289664366,0.9543578324549905,0.915485989993559,0.038871842461431494,0.8985635996538793
camelyon_virchow2_s43,camelyon,virchow2,1,50,6601.0,3084,True,0.8733542308033978,14.121776040791808,1.0017238810630524,0.2791061055981062,2560,0.020545683593749975,0.9547173468425282,0.9152024329834798,0.03951491385904837,0.9416284463785469,0.9043332217513007,0.037295224627246215,0.8667262763195848
camelyon_virchow2_s43,camelyon,virchow2,1,100,6601.0,3084,True,0.8733542308033978,14.121776040791808,1.0017238810630524,0.2791061055981062,2560,0.021574765624999825,0.9452221178016235,0.9070499470235949,0.03817217077802859,0.9304291383212534,0.8940272759917628,0.03640186232949061,0.8381153735217768
camelyon_virchow2_s43,camelyon,virchow2,1,200,6601.0,3084,True,0.8733542308033978,14.121776040791808,1.0017238810630524,0.2791061055981062,2560,0.022633171875000024,0.9344304769167193,0.8973404667090313,0.037090010207687985,0.9175141968038235,0.8816743703438218,0.03583982646000172,0.8059483703490049
camelyon_virchow2_s44,camelyon,virchow2,0,1,6601.0,1430,True,0.942942238886981,15.439606207661658,1.0557839693866673,0.3051520112017843,2560,0.024076972656249862,0.9911139597864387,0.9100495948185323,0.08106436496790637,0.9911139597864387,0.9100495948185323,0.08106436496790637,0.9639403217184236
camelyon_virchow2_s44,camelyon,virchow2,0,5,6601.0,1430,True,0.942942238886981,15.439606207661658,1.0557839693866673,0.3051520112017843,2560,0.027818894531250193,0.9866987571974135,0.9024162648895422,0.08428249230787133,0.9820886302878123,0.8963108857932467,0.08577774449456566,0.9374058414734899
camelyon_virchow2_s44,camelyon,virchow2,0,10,6601.0,1430,True,0.942942238886981,15.439606207661658,1.0557839693866673,0.3051520112017843,2560,0.029150800781249875,0.9833092882218113,0.8972497323315626,0.08605955589024872,0.9773699244956175,0.889428841742164,0.08794108275345358,0.921144967682364
camelyon_virchow2_s44,camelyon,virchow2,0,20,6601.0,1430,True,0.942942238886981,15.439606207661658,1.0557839693866673,0.3051520112017843,2560,0.030335906250000155,0.9790521783828161,0.8911782864873549,0.08787389189546124,0.97176262428121,0.8819934124664391,0.08976921181477082,0.9022209262769112
camelyon_virchow2_s44,camelyon,virchow2,0,50,6601.0,1430,True,0.942942238886981,15.439606207661658,1.0557839693866673,0.3051520112017843,2560,0.031760082031250025,0.9721041972301536,0.8817257734605803,0.09037842376957328,0.9632126152253895,0.8704667564602103,0.09274585876517916,0.8732915390970503
camelyon_virchow2_s44,camelyon,virchow2,0,100,6601.0,1430,True,0.942942238886981,15.439606207661658,1.0557839693866673,0.3051520112017843,2560,0.03282755468749998,0.9657228729414898,0.8732540392745602,0.0924688336669296,0.9553998592393034,0.8602497703970083,0.09515008884229503,0.847763036399864
camelyon_virchow2_s44,camelyon,virchow2,0,200,6601.0,1430,True,0.942942238886981,15.439606207661658,1.0557839693866673,0.3051520112017843,2560,0.03393350781250015,0.9582436706199333,0.8635123686826114,0.09473130193732193,0.946097613879321,0.8484174588408561,0.09768015503846494,0.8196267677504011
camelyon_virchow2_s44,camelyon,virchow2,1,1,6598.0,3137,True,0.8043353697939254,12.066106869969177,0.7885848837502106,0.23847737625067333,2560,0.02764296093749996,0.9847763799774117,0.8182907562011961,0.16648562377621567,0.9847763799774117,0.8182907562011961,0.16648562377621567,0.9392282215204497
camelyon_virchow2_s44,camelyon,virchow2,1,5,6598.0,3137,True,0.8043353697939254,12.066106869969177,0.7885848837502106,0.23847737625067333,2560,0.030115351562500003,0.9771949084904383,0.8162630828511475,0.16093182563929087,0.9694299424288795,0.8141098824165609,0.15532006001231857,0.8950319648771471
camelyon_virchow2_s44,camelyon,virchow2,1,10,6598.0,3137,True,0.8043353697939254,12.066106869969177,0.7885848837502106,0.23847737625067333,2560,0.030406050781250027,0.9713168960386129,0.8145673061706303,0.1567495898679826,0.9610350735654811,0.8115941560455887,0.1494409175198924,0.8692520988985596
camelyon_virchow2_s44,camelyon,virchow2,1,20,6598.0,3137,True,0.8043353697939254,12.066106869969177,0.7885848837502106,0.23847737625067333,2560,0.03041432421875012,0.9639556198523161,0.8122963271029442,0.15165929274937195,0.9515180383674807,0.8083819015422965,0.14313613682518422,0.8391820072402372
camelyon_virchow2_s44,camelyon,virchow2,1,50,6598.0,3137,True,0.8043353697939254,12.066106869969177,0.7885848837502106,0.23847737625067333,2560,0.030085812499999975,0.9517754523900371,0.8085061098873669,0.1432693425026702,0.9362285142478391,0.8033923130646723,0.13283620118316686,0.7897358083647846
camelyon_virchow2_s44,camelyon,virchow2,1,100,6598.0,3137,True,0.8043353697939254,12.066106869969177,0.7885848837502106,0.23847737625067333,2560,0.029604828125000204,0.9405569495427963,0.80499303708418,0.13556391245861632,0.9225780528687185,0.7988529501262939,0.12372510274242465,0.7481668335515674
camelyon_virchow2_s44,camelyon,virchow2,1,200,6598.0,3137,True,0.8043353697939254,12.066106869969177,0.7885848837502106,0.23847737625067333,2560,0.029003964843750007,0.927459454101517,0.8006893616860902,0.1267700924154268,0.9068239046384532,0.7933382776464224,0.1134856269920308,0.7027285681275515
dermamnist_convnext_tiny_s42_std,dermamnist,convnext_tiny,0,1,1.0,1,True,2.7580877813532045,19.49688128554838,2.173329271247158,0.703533103660596,768,0.03370898437499992,0.9450523660046352,0.8863816555745804,0.058670710430054784,0.9450523660046352,0.8863816555745804,0.058670710430054784,0.7387640449438202
dermamnist_convnext_tiny_s42_std,dermamnist,convnext_tiny,0,5,1.0,1,False,2.7580877813532045,19.49688128554838,2.173329271247158,0.703533103660596,768,0.020415726562500125,0.9144639696462972,0.8850710074300191,0.029392962216278073,0.8921485219194023,0.8813430850720404,0.010805436847361904,0.20224719101123595
dermamnist_convnext_tiny_s42_std,dermamnist,convnext_tiny,0,10,1.0,1,False,2.7580877813532045,19.49688128554838,2.173329271247158,0.703533103660596,768,0.013848429687499997,0.9020704374101564,0.8825168576468249,0.019553579763331497,0.8842105005818445,0.8770224656713489,0.007188034910495578,0.10477528089887642
dermamnist_convnext_tiny_s42_std,dermamnist,convnext_tiny,0,20,1.0,1,False,2.7580877813532045,19.49688128554838,2.173329271247158,0.703533103660596,768,0.008591386718749927,0.8921900822405413,0.8791414544449696,0.013048627795571699,0.8766611904831754,0.8733358642400952,0.003325326243080129,0.05519662921348314
dermamnist_convnext_tiny_s42_std,dermamnist,convnext_tiny,0,50,1.0,1,False,2.7580877813532045,19.49688128554838,2.173329271247158,0.703533103660596,768,0.003852175781249967,0.8798038841787191,0.8731421723960714,0.006661711782647739,0.8607460322116937,0.8572594411861172,0.0034865910255764687,0.023202247191011233
dermamnist_convnext_tiny_s42_std,dermamnist,convnext_tiny,0,100,1.0,1,False,2.7580877813532045,19.49688128554838,2.173329271247158,0.703533103660596,768,0.0015351718749999632,0.8681070985028505,0.8632031982397286,0.00490390026312193,0.8434239348334165,0.840206811238259,0.0032171235951574673,0.011769662921348312
dermamnist_convnext_tiny_s42_std,dermamnist,convnext_tiny,0,200,1.0,1,False,2.7580877813532045,19.49688128554838,2.173329271247158,0.703533103660596,768,-9.346093749995621e-05,0.8533776317462181,0.850317525496303,0.00306010624991504,0.8081001065900001,0.8105926195659753,-0.002492512975975192,0.006011235955056178
dermamnist_convnext_tiny_s42_std,dermamnist,convnext_tiny,1,1,1.0,1,True,2.733310656912862,19.51433297161028,2.2556651357249553,0.7041628371384491,768,0.03544185156249968,0.9389328354161663,0.8807842188126461,0.05814861660352022,0.9389328354161663,0.8807842188126461,0.05814861660352022,0.7210682492581603
dermamnist_convnext_tiny_s42_std,dermamnist,convnext_tiny,1,5,1.0,1,False,2.733310656912862,19.51433297161028,2.2556651357249553,0.7041628371384491,768,0.02173977343750022,0.9073868904194848,0.8825126392270758,0.024874251192409047,0.884200685410872,0.8805923079179746,0.003608377492897441,0.19287833827893175
dermamnist_convnext_tiny_s42_std,dermamnist,convnext_tiny,1,10,1.0,1,False,2.733310656912862,19.51433297161028,2.2556651357249553,0.7041628371384491,768,0.015115203125000032,0.8959087117426326,0.8815567518408778,0.014351959901754863,0.879762559624806,0.878339494039761,0.0014230655850450136,0.10089020771513353
dermamnist_convnext_tiny_s42_std,dermamnist,convnext_tiny,1,20,1.0,1,False,2.733310656912862,19.51433297161028,2.2556651357249553,0.7041628371384491,768,0.009948472656250207,0.8873630275843012,0.8793320522975523,0.008030975286748898,0.8756756617159032,0.8742127986231311,0.0014628630927721042,0.05356083086053413
dermamnist_convnext_tiny_s42_std,dermamnist,convnext_tiny,1,50,1.0,1,False,2.733310656912862,19.51433297161028,2.2556651357249553,0.7041628371384491,768,0.005340859374999951,0.8775299383026913,0.8740465573385748,0.0034833809641164892,0.8535935002182261,0.8586081203978057,-0.005014620179579543,0.02225519287833828
dermamnist_convnext_tiny_s42_std,dermamnist,convnext_tiny,1,100,1.0,1,False,2.733310656912862,19.51433297161028,2.2556651357249553,0.7041628371384491,768,0.0032291210937499537,0.865953622424867,0.8656709302666705,0.00028269215819642923,0.8409079757136253,0.8470103460752388,-0.0061023703616135405,0.011602373887240357
dermamnist_convnext_tiny_s42_std,dermamnist,convnext_tiny,1,200,1.0,1,False,2.733310656912862,19.51433297161028,2.2556651357249553,0.7041628371384491,768,0.0018322695312500414,0.8520168486078722,0.8533177359892823,-0.0013008873814100985,0.8143592802927587,0.8098028573943146,0.004556422898444157,0.00599406528189911
dermamnist_convnext_tiny_s43_std,dermamnist,convnext_tiny,0,1,1.0,1,True,2.726019291823935,19.922879214426658,2.1707287268974187,0.7189049798426019,768,0.04091027734375008,0.9302678929406127,0.852007809655151,0.07826008328546175,0.9302678929406127,0.852007809655151,0.07826008328546175,0.7612359550561798
dermamnist_convnext_tiny_s43_std,dermamnist,convnext_tiny,0,5,1.0,1,False,2.726019291823935,19.922879214426658,2.1707287268974187,0.7189049798426019,768,0.024382699218750137,0.8853766342985107,0.8519484108229838,0.033428223475526875,0.855791797459442,0.8504853917611237,0.005306405698318306,0.20842696629213484
dermamnist_convnext_tiny_s43_std,dermamnist,convnext_tiny,0,10,1.0,1,False,2.726019291823935,19.922879214426658,2.1707287268974187,0.7189049798426019,768,0.01625380078125005,0.8704136963260676,0.851373791685713,0.019039904640354544,0.8496482041051818,0.8498423348389647,-0.00019413073378282686,0.10814606741573034
dermamnist_convnext_tiny_s43_std,dermamnist,convnext_tiny,0,20,1.0,1,False,2.726019291823935,19.922879214426658,2.1707287268974187,0.7189049798426019,768,0.010056710937500046,0.8598916009035703,0.8508611539385299,0.009030446965040406,0.8454127184361585,0.8490481982784669,-0.0036354798423083867,0.05632022471910112
dermamnist_convnext_tiny_s43_std,dermamnist,convnext_tiny,0,50,1.0,1,False,2.726019291823935,19.922879214426658,2.1707287268974187,0.7189049798426019,768,0.004661109374999972,0.8520611474560194,0.8513143928535457,0.0007467546024736427,0.8361472115469241,0.843148344709501,-0.007001133162576889,0.02359550561797753
dermamnist_convnext_tiny_s43_std,dermamnist,convnext_tiny,0,100,1.0,1,False,2.726019291823935,19.922879214426658,2.1707287268974187,0.7189049798426019,768,0.002168652343749966,0.8448748789861238,0.8461505682918704,-0.001275689305746619,0.8249283695641545,0.8276568710244749,-0.0027285014603204427,0.01196629213483146
dermamnist_convnext_tiny_s43_std,dermamnist,convnext_tiny,0,200,1.0,1,False,2.726019291823935,19.922879214426658,2.1707287268974187,0.7189049798426019,768,0.0004936835937502382,0.8402971318488964,0.8428009906692182,-0.0025038588203217804,0.8144661698985928,0.8166835824210448,-0.0022174125224520003,0.006081460674157303
dermamnist_convnext_tiny_s43_std,dermamnist,convnext_tiny,1,1,1.0,1,True,2.73945634673395,20.03200982779728,2.1825226208123283,0.7228428916554992,768,0.04397771484374979,0.9328031341922921,0.8455789597207146,0.08722417447157749,0.9328031341922921,0.8455789597207146,0.08722417447157749,0.7537091988130564
dermamnist_convnext_tiny_s43_std,dermamnist,convnext_tiny,1,5,1.0,1,False,2.73945634673395,20.03200982779728,2.1825226208123283,0.7228428916554992,768,0.027110449218749944,0.8863351695320146,0.8446793010042929,0.04165586852772174,0.8565414900842688,0.8431391243973754,0.013402365686893458,0.20890207715133532
dermamnist_convnext_tiny_s43_std,dermamnist,convnext_tiny,1,10,1.0,1,False,2.73945634673395,20.03200982779728,2.1825226208123283,0.7228428916554992,768,0.019062847656249993,0.8718431457621516,0.8447978701557779,0.02704527560637371,0.8535224798754174,0.8443785998572281,0.009143880018189332,0.10919881305637982
dermamnist_convnext_tiny_s43_std,dermamnist,convnext_tiny,1,20,1.0,1,False,2.73945634673395,20.03200982779728,2.1825226208123283,0.7228428916554992,768,0.012791941406249951,0.8630844005753939,0.8455019508903687,0.017582449685025203,0.8520413829081152,0.8451034607523885,0.006937922155726639,0.05697329376854599
dermamnist_convnext_tiny_s43_std,dermamnist,convnext_tiny,1,50,1.0,1,False,2.73945634673395,20.03200982779728,2.1825226208123283,0.7228428916554992,768,0.007190910156249841,0.8572943057180414,0.8467145343777197,0.01057977134032173,0.8367616789725552,0.8373353477865462,-0.0005736688139910129,0.023620178041543025
dermamnist_convnext_tiny_s43_std,dermamnist,convnext_tiny,1,100,1.0,1,False,2.73945634673395,20.03200982779728,2.1825226208123283,0.7228428916554992,768,0.004603402343749896,0.8495634185835703,0.8436195128152473,0.005943905768323043,0.829413010410291,0.8293129834443238,0.00010002696596722593,0.012017804154302673
dermamnist_convnext_tiny_s43_std,dermamnist,convnext_tiny,1,200,1.0,1,False,2.73945634673395,20.03200982779728,2.1825226208123283,0.7228428916554992,768,0.0029782070312501796,0.8426434546360788,0.83942314274259,0.003220311893488814,0.8153238656759975,0.8146788609538338,0.0006450047221636668,0.006112759643916914
dermamnist_densenet121_s42_std,dermamnist,densenet121,0,1,1.0,1,True,2.5686954922519556,21.643824894286723,2.276693433007316,0.6763695279464601,1024,0.03488390234375005,0.8922291978369076,0.8046230369331608,0.08760616090374673,0.8922291978369076,0.8046230369331608,0.08760616090374673,0.5955056179775281
dermamnist_densenet121_s42_std,dermamnist,densenet121,0,5,1.0,1,False,2.5686954922519556,21.643824894286723,2.276693433007316,0.6763695279464601,1024,0.02151993359375015,0.8573490871397698,0.8217905907084732,0.035558496431296605,0.8293997711737613,0.8270267268919174,0.002373044281843928,0.17640449438202246
dermamnist_densenet121_s42_std,dermamnist,densenet121,0,10,1.0,1,False,2.5686954922519556,21.643824894286723,2.276693433007316,0.6763695279464601,1024,0.015607437500000043,0.8481520325441761,0.8293084168145181,0.018843615729658092,0.834616813839098,0.8365796086391728,-0.001962794800074774,0.09606741573033709
dermamnist_densenet121_s42_std,dermamnist,densenet121,0,20,1.0,1,False,2.5686954922519556,21.643824894286723,2.276693433007316,0.6763695279464601,1024,0.010982613281250164,0.8453430437801313,0.8371296934762005,0.008213350303930778,0.8418018599466072,0.8449006102584365,-0.003098750311829379,0.050702247191011234
dermamnist_densenet121_s42_std,dermamnist,densenet121,0,50,1.0,1,False,2.5686954922519556,21.643824894286723,2.276693433007316,0.6763695279464601,1024,0.006714253906250023,0.8486116408014786,0.8466399630177706,0.0019716777837079924,0.8454811707297992,0.8449458050220421,0.0005353657077571405,0.02202247191011236
dermamnist_densenet121_s42_std,dermamnist,densenet121,0,100,1.0,1,False,2.5686954922519556,21.643824894286723,2.276693433007316,0.6763695279464601,1024,0.004739589843749892,0.8543628558296907,0.8514073649386772,0.002955490891013546,0.8506700990602478,0.8398930304509404,0.010777068609307383,0.01148876404494382
dermamnist_densenet121_s42_std,dermamnist,densenet121,0,200,1.0,1,False,2.5686954922519556,21.643824894286723,2.276693433007316,0.6763695279464601,1024,0.003477605468749756,0.8625429049197642,0.853794939736011,0.008747965183753204,0.8418874253136582,0.8406923321272788,0.0011950931863794478,0.00598314606741573
dermamnist_densenet121_s42_std,dermamnist,densenet121,1,1,1.0,1,True,2.575229266729804,21.767578356286325,2.3300040286683688,0.6802368236339477,1024,0.03564355078124992,0.900309390438854,0.8108027498264245,0.08950664061242952,0.900309390438854,0.8108027498264245,0.08950664061242952,0.6261127596439169
dermamnist_densenet121_s42_std,dermamnist,densenet121,1,5,1.0,1,False,2.575229266729804,21.767578356286325,2.3300040286683688,0.6802368236339477,1024,0.02184888281249997,0.873690965954139,0.829821486197084,0.04386947975705502,0.8511646044941673,0.8339420698017818,0.01722253469238555,0.17151335311572702
dermamnist_densenet121_s42_std,dermamnist,densenet121,1,10,1.0,1,False,2.575229266729804,21.767578356286325,2.3300040286683688,0.6802368236339477,1024,0.01600626953125006,0.8660453032310382,0.8366679379235485,0.02937736530748969,0.8539395629795488,0.8414241499691965,0.012515413010352305,0.09228486646884274
dermamnist_densenet121_s42_std,dermamnist,densenet121,1,20,1.0,1,False,2.575229266729804,21.767578356286325,2.3300040286683688,0.6802368236339477,1024,0.01152778124999998,0.8618034518469163,0.8420499995110551,0.019753452335861232,0.8541280897077319,0.8477046479107382,0.006423441796993723,0.050741839762611284
dermamnist_densenet121_s42_std,dermamnist,densenet121,1,50,1.0,1,False,2.575229266729804,21.767578356286325,2.3300040286683688,0.6802368236339477,1024,0.007300499999999821,0.8630404970907485,0.8527041100712882,0.01033638701946027,0.8508792318439722,0.8545621008986808,-0.003682869054708604,0.021543026706231455
dermamnist_densenet121_s42_std,dermamnist,densenet121,1,100,1.0,1,False,2.575229266729804,21.767578356286325,2.3300040286683688,0.6802368236339477,1024,0.005302976562500006,0.8619790657854979,0.8597815882887905,0.0021974774967074007,0.8465792729066431,0.8602925357663235,-0.01371326285968033,0.011454005934718103
dermamnist_densenet121_s42_std,dermamnist,densenet121,1,200,1.0,1,False,2.575229266729804,21.767578356286325,2.3300040286683688,0.6802368236339477,1024,0.003948273437500038,0.8597671049267458,0.8676010404748633,-0.00783393554811751,0.8513389271537888,0.8529009104155054,-0.0015619832617166374,0.005949554896142433
dermamnist_densenet121_s43_std,dermamnist,densenet121,0,1,1.0,1,True,2.521397214638669,21.967995779945984,2.2732300495289337,0.686499868123312,1024,0.028874386718749978,0.8944257830453447,0.8211449512283937,0.073280831816951,0.8944257830453447,0.8211449512283937,0.073280831816951,0.5561797752808989
dermamnist_densenet121_s43_std,dermamnist,densenet121,0,5,1.0,1,False,2.521397214638669,21.967995779945984,2.2732300495289337,0.686499868123312,1024,0.018594550781250052,0.8722802436901653,0.834029332692859,0.038250910997306375,0.8520880394285212,0.8396760955856337,0.012411943842887463,0.17022471910112358
dermamnist_densenet121_s43_std,dermamnist,densenet121,0,10,1.0,1,False,2.521397214638669,21.967995779945984,2.2732300495289337,0.686499868123312,1024,0.013590429687499905,0.8663578979278512,0.8418673959810233,0.02449050194682789,0.8562465162671986,0.8502787871274983,0.00596772913970034,0.09382022471910112
dermamnist_densenet121_s43_std,dermamnist,densenet121,0,20,1.0,1,False,2.521397214638669,21.967995779945984,2.2732300495289337,0.686499868123312,1024,0.00955085937500022,0.8647773833621811,0.8509076399810956,0.013869743381085486,0.8641295312973666,0.8605728629978849,0.0035566682994816468,0.04943820224719101
dermamnist_densenet121_s43_std,dermamnist,densenet121,0,50,1.0,1,False,2.521397214638669,21.967995779945984,2.2732300495289337,0.686499868123312,1024,0.005655984374999923,0.874596620412474,0.8675832164725874,0.007013403939886587,0.8757920908264147,0.8707287720195345,0.005063318806880268,0.02140449438202247
dermamnist_densenet121_s43_std,dermamnist,densenet121,0,100,1.0,1,False,2.521397214638669,21.967995779945984,2.2732300495289337,0.686499868123312,1024,0.003864605468749893,0.8832350553974634,0.8745587054153657,0.008676349982097653,0.8782258143378219,0.8585675067727582,0.019658307565063704,0.011376404494382021
dermamnist_densenet121_s43_std,dermamnist,densenet121,0,200,1.0,1,False,2.521397214638669,21.967995779945984,2.2732300495289337,0.686499868123312,1024,0.0028202187500002696,0.8890241636596552,0.872471998615749,0.01655216504390622,0.876317706652585,0.8636809714549873,0.01263673519759767,0.005926966292134831
dermamnist_densenet121_s43_std,dermamnist,densenet121,1,1,1.0,1,True,2.37804477973431,20.76589112381057,2.272517936429264,0.6489340976190803,1024,0.017165683593750147,0.9133810073525424,0.8395001515729359,0.07388085577960646,0.9133810073525424,0.8395001515729359,0.07388085577960646,0.6053412462908012
dermamnist_densenet121_s43_std,dermamnist,densenet121,1,5,1.0,1,False,2.37804477973431,20.76589112381057,2.272517936429264,0.6489340976190803,1024,0.01076955468749996,0.8885471303907668,0.8550913838120104,0.033455746578756385,0.8659613700986278,0.8585103314068903,0.007451038691737577,0.17151335311572702
dermamnist_densenet121_s43_std,dermamnist,densenet121,1,10,1.0,1,False,2.37804477973431,20.76589112381057,2.272517936429264,0.6489340976190803,1024,0.007709207031249776,0.8808562729040605,0.8617764837034647,0.01907978920059583,0.8708359481732276,0.8671536558414253,0.0036822923318022838,0.09525222551928784
dermamnist_densenet121_s43_std,dermamnist,densenet121,1,20,1.0,1,False,2.37804477973431,20.76589112381057,2.272517936429264,0.6489340976190803,1024,0.005149398437500063,0.8787721486623641,0.8685825974711767,0.010189551191187363,0.8751888495479232,0.8752615855506987,-7.273600277546421e-05,0.050741839762611284
dermamnist_densenet121_s43_std,dermamnist,densenet121,1,50,1.0,1,False,2.37804477973431,20.76589112381057,2.272517936429264,0.6489340976190803,1024,0.002696851562500102,0.8841503255314258,0.8810066887669786,0.0031436367644471774,0.8738510845451987,0.8840467040220612,-0.010195619476862539,0.021543026706231455
dermamnist_densenet121_s43_std,dermamnist,densenet121,1,100,1.0,1,False,2.37804477973431,20.76589112381057,2.272517936429264,0.6489340976190803,1024,0.0014871562500000657,0.8853757492646166,0.8897270220318596,-0.0043512727672430085,0.8658219119709307,0.8857237852162604,-0.01990187324532966,0.011275964391691394
dermamnist_densenet121_s43_std,dermamnist,densenet121,1,200,1.0,1,False,2.37804477973431,20.76589112381057,2.272517936429264,0.6489340976190803,1024,0.0006797578124998482,0.8791892317664954,0.8938659410723541,-0.014676709305858626,0.8694788139861007,0.882753444617205,-0.013274630631104234,0.005905044510385757
dermamnist_effb3_s42_std,dermamnist,effb3,0,1,1.0,1,True,2.9000412222101324,28.757061753238165,2.4167536618038112,0.7337513312202013,1536,0.06803191406250009,0.9154333030187461,0.8373956969419931,0.07803760607675303,0.9154333030187461,0.8373956969419931,0.07803760607675303,0.6432584269662921
dermamnist_effb3_s42_std,dermamnist,effb3,0,5,1.0,1,False,2.9000412222101324,28.757061753238165,2.4167536618038112,0.7337513312202013,1536,0.03718994531250008,0.8847507847566521,0.8516449602673464,0.03310582448930577,0.8609782810651176,0.8572813929284399,0.0036968881366777895,0.18033707865168538
dermamnist_effb3_s42_std,dermamnist,effb3,0,10,1.0,1,False,2.9000412222101324,28.757061753238165,2.4167536618038112,0.7337513312202013,1536,0.02411965234375002,0.8744303791279178,0.85736274350293,0.01706763562498781,0.8609831705146634,0.8623199634309798,-0.0013367929163163872,0.09691011235955056
dermamnist_effb3_s42_std,dermamnist,effb3,0,20,1.0,1,False,2.9000412222101324,28.757061753238165,2.4167536618038112,0.7337513312202013,1536,0.014662335937500437,0.8712693499965773,0.8633000441617404,0.007969305834836904,0.8685984881822004,0.8716287934547652,-0.0030303052725647595,0.05196629213483146
dermamnist_effb3_s42_std,dermamnist,effb3,0,50,1.0,1,False,2.9000412222101324,28.757061753238165,2.4167536618038112,0.7337513312202013,1536,0.006812183593750132,0.8775425137638004,0.8758370715859229,0.001705442177877492,0.8798026618163327,0.8817007693440044,-0.0018981075276717219,0.022022471910112362
dermamnist_effb3_s42_std,dermamnist,effb3,0,100,1.0,1,False,2.9000412222101324,28.757061753238165,2.4167536618038112,0.7337513312202013,1536,0.0036402500000000115,0.8840503711092206,0.8829210279613546,0.0011293431478659466,0.878541183833524,0.8727199241760994,0.005821259657424527,0.011376404494382025
dermamnist_effb3_s42_std,dermamnist,effb3,0,200,1.0,1,False,2.9000412222101324,28.757061753238165,2.4167536618038112,0.7337513312202013,1536,0.0018051562500002172,0.8887369084988412,0.8847391487372583,0.0039977597615828975,0.8851394959955409,0.8795469160384595,0.0055925799570814005,0.0059269662921348325
dermamnist_effb3_s42_std,dermamnist,effb3,1,1,1.0,1,True,2.8686275162380137,28.77074199446525,2.5006286854717756,0.734100389663582,1536,0.05637102343749989,0.9249960615991715,0.8488121082328551,0.07618395336631634,0.9249960615991715,0.8488121082328551,0.07618395336631634,0.6498516320474778
dermamnist_effb3_s42_std,dermamnist,effb3,1,5,1.0,1,False,2.8686275162380137,28.77074199446525,2.5006286854717756,0.734100389663582,1536,0.03223617187499994,0.8949157182222705,0.8537162261272626,0.04119949209500784,0.8717979509985461,0.8556561152345469,0.01614183576399919,0.17982195845697332
dermamnist_effb3_s42_std,dermamnist,effb3,1,10,1.0,1,False,2.8686275162380137,28.77074199446525,2.5006286854717756,0.734100389663582,1536,0.021228410156249877,0.8856520829620906,0.856664564203362,0.028987518758728625,0.8738058897815931,0.8598243709723159,0.013981518809277227,0.09703264094955491
dermamnist_effb3_s42_std,dermamnist,effb3,1,20,1.0,1,False,2.8686275162380137,28.77074199446525,2.5006286854717756,0.734100389663582,1536,0.012937082031249658,0.8822586018547931,0.8613523239553691,0.02090627789942401,0.8796063148706268,0.8670069723550523,0.012599342515574485,0.05148367952522255
dermamnist_effb3_s42_std,dermamnist,effb3,1,50,1.0,1,False,2.8686275162380137,28.77074199446525,2.5006286854717756,0.734100389663582,1536,0.0059732070312499275,0.8871615880665163,0.8733498107783025,0.013811777288213811,0.8856688695885727,0.8800177975963466,0.005651071992226142,0.02201780415430267
dermamnist_effb3_s42_std,dermamnist,effb3,1,100,1.0,1,False,2.8686275162380137,28.77074199446525,2.5006286854717756,0.734100389663582,1536,0.0030474414062501287,0.8893490146250255,0.8818134479420306,0.007535566682994821,0.8748970205029273,0.8792489316552743,-0.00435191115234701,0.011483679525222553
dermamnist_effb3_s42_std,dermamnist,effb3,1,200,1.0,1,False,2.8686275162380137,28.77074199446525,2.5006286854717756,0.734100389663582,1536,0.0013639804687500812,0.8863855294114609,0.887018266983503,-0.0006327375720420747,0.8826137035688368,0.8878555852182162,-0.005241881649379332,0.0060237388724035616
dermamnist_efficientnet_v2_s_s42_std,dermamnist,efficientnet_v2_s,0,1,1.0,1,True,2.364973202373558,28.990472340089063,2.7672166801169293,0.8103083356533318,1280,0.03347014453124986,0.9012196731891924,0.8656398416375484,0.035579831551644014,0.9012196731891924,0.8656398416375484,0.035579831551644014,0.5926966292134831
dermamnist_efficientnet_v2_s_s42_std,dermamnist,efficientnet_v2_s,0,5,1.0,1,False,2.364973202373558,28.990472340089063,2.7672166801169293,0.8103083356533318,1280,0.02118865234374978,0.8774435024104986,0.8639159842257362,0.013527518184762388,0.8629462845072902,0.8608298275109565,0.002116456996333671,0.17247191011235957
dermamnist_efficientnet_v2_s_s42_std,dermamnist,efficientnet_v2_s,0,10,1.0,1,False,2.364973202373558,28.990472340089063,2.7672166801169293,0.8103083356533318,1280,0.01512232812500014,0.8693783553847508,0.8616833629036216,0.007694992481129259,0.8589650502146469,0.8582266091272762,0.0007384410873706448,0.09157303370786517
dermamnist_efficientnet_v2_s_s42_std,dermamnist,efficientnet_v2_s,0,20,1.0,1,False,2.364973202373558,28.990472340089063,2.7672166801169293,0.8103083356533318,1280,0.010209386718749824,0.8637334858841592,0.8603352676692156,0.0033982182149435713,0.8573943145480681,0.8591305043993874,-0.001736189851319292,0.04845505617977528
dermamnist_efficientnet_v2_s_s42_std,dermamnist,efficientnet_v2_s,0,50,1.0,1,False,2.364973202373558,28.990472340089063,2.7672166801169293,0.8103083356533318,1280,0.0053524804687499206,0.8686400485033395,0.8682520989739497,0.0003879495293898083,0.8603169830140522,0.8602345479103233,8.243510372896168e-05,0.02056179775280899
dermamnist_efficientnet_v2_s_s42_std,dermamnist,efficientnet_v2_s,0,100,1.0,1,False,2.364973202373558,28.990472340089063,2.7672166801169293,0.8103083356533318,1280,0.003303980468749912,0.8668162838227672,0.8622760599463345,0.004540223876432714,0.8602742003305268,0.8483199169449372,0.01195428338558957,0.010730337078651685
dermamnist_efficientnet_v2_s_s42_std,dermamnist,efficientnet_v2_s,0,200,1.0,1,False,2.364973202373558,28.990472340089063,2.7672166801169293,0.8103083356533318,1280,0.0017897500000001454,0.8689383049256315,0.8653208957343891,0.0036174091912424267,0.8364466903316025,0.837263986488057,-0.0008172961564545389,0.005660112359550562
dermamnist_efficientnet_v2_s_s42_std,dermamnist,efficientnet_v2_s,1,1,1.0,1,True,2.3475984515523822,29.143525920003448,2.8105867733606478,0.8145863132644351,1280,0.025654167968750308,0.9048856830736571,0.8588428139760026,0.04604286909765454,0.9048856830736571,0.8588428139760026,0.04604286909765454,0.5756676557863502
dermamnist_efficientnet_v2_s_s42_std,dermamnist,efficientnet_v2_s,1,5,1.0,1,False,2.3475984515523822,29.143525920003448,2.8105867733606478,0.8145863132644351,1280,0.016788707031250016,0.8839333906661192,0.8591031771643148,0.024830213501804366,0.8689442244965949,0.8569554864513353,0.011988738045259573,0.15845697329376854
dermamnist_efficientnet_v2_s_s42_std,dermamnist,efficientnet_v2_s,1,10,1.0,1,False,2.3475984515523822,29.143525920003448,2.8105867733606478,0.8145863132644351,1280,0.012274730468750161,0.8759403739027357,0.8581558463148219,0.017784527587913823,0.8661511881057713,0.8573111939057901,0.00883999419998116,0.0857566765578635
dermamnist_efficientnet_v2_s_s42_std,dermamnist,efficientnet_v2_s,1,20,1.0,1,False,2.3475984515523822,29.143525920003448,2.8105867733606478,0.8145863132644351,1280,0.008473832031249962,0.8706964900455305,0.8582487458561915,0.012447744189339027,0.8644144179043576,0.8582157420717575,0.006198675832600031,0.04658753709198814
dermamnist_efficientnet_v2_s_s42_std,dermamnist,efficientnet_v2_s,1,50,1.0,1,False,2.3475984515523822,29.143525920003448,2.8105867733606478,0.8145863132644351,1280,0.004634621093750013,0.8749254286400509,0.8671120955202863,0.00781333311976451,0.8530847363079236,0.8604991150096322,-0.007414378701708579,0.02041543026706232
dermamnist_efficientnet_v2_s_s42_std,dermamnist,efficientnet_v2_s,1,100,1.0,1,False,2.3475984515523822,29.143525920003448,2.8105867733606478,0.8145863132644351,1280,0.002889765624999985,0.8674076025340058,0.8688454053842618,-0.0014378028502559648,0.8522144142887764,0.8654863535463178,-0.013271939257541332,0.010652818991097924
dermamnist_efficientnet_v2_s_s42_std,dermamnist,efficientnet_v2_s,1,200,1.0,1,False,2.3475984515523822,29.143525920003448,2.8105867733606478,0.8145863132644351,1280,0.001713460937500022,0.8678582588911012,0.8734243748838756,-0.005566115992774345,0.8358758616058861,0.8363061186571615,-0.0004302570512754178,0.005578635014836795
dermamnist_fm_conch_v1_5_s42_std,dermamnist,fm_conch_v1_5,0,1,1.0,1,True,2.5400048276873815,16.38052721211965,2.282572701406439,0.5910813622115794,768,0.019568992187499967,0.9227907022227437,0.8728606735827568,0.04993002863998697,0.9227907022227437,0.8728606735827568,0.04993002863998697,0.41292134831460675
dermamnist_fm_conch_v1_5_s42_std,dermamnist,fm_conch_v1_5,0,5,1.0,1,False,2.5400048276873815,16.38052721211965,2.282572701406439,0.5910813622115794,768,0.01314221484375,0.8871111665248727,0.8707300632984947,0.01638110322637798,0.8622959877177028,0.8639560138735012,-0.0016600261557984108,0.12808988764044943
dermamnist_fm_conch_v1_5_s42_std,dermamnist,fm_conch_v1_5,0,10,1.0,1,False,2.5400048276873815,16.38052721211965,2.282572701406439,0.5910813622115794,768,0.009726796874999999,0.8726151709840506,0.8674773315978545,0.0051378393861961635,0.852993809956875,0.8619196669533306,-0.008925856996455539,0.07078651685393259
dermamnist_fm_conch_v1_5_s42_std,dermamnist,fm_conch_v1_5,0,20,1.0,1,False,2.5400048276873815,16.38052721211965,2.282572701406439,0.5910813622115794,768,0.00685028906250007,0.860769257097036,0.8634059290364735,-0.002636671939437507,0.8445754002014453,0.8557383145710501,-0.011162914369604815,0.040168539325842696
dermamnist_fm_conch_v1_5_s42_std,dermamnist,fm_conch_v1_5,0,50,1.0,1,False,2.5400048276873815,16.38052721211965,2.282572701406439,0.5910813622115794,768,0.0040841367187500754,0.8472279265800257,0.855925550020273,-0.008697623440247382,0.833553358562893,0.847505119921077,-0.01395176135818399,0.018258426966292134
dermamnist_fm_conch_v1_5_s42_std,dermamnist,fm_conch_v1_5,0,100,1.0,1,False,2.5400048276873815,16.38052721211965,2.282572701406439,0.5910813622115794,768,0.0025934843749999548,0.8384366962967309,0.8503924196759923,-0.01195572337926143,0.8259245949091051,0.8419913587611986,-0.01606676385209349,0.009943820224719102
dermamnist_fm_conch_v1_5_s42_std,dermamnist,fm_conch_v1_5,0,200,1.0,1,False,2.5400048276873815,16.38052721211965,2.282572701406439,0.5910813622115794,768,0.0015766249999999982,0.829520785050019,0.8452518381355998,-0.01573105308558076,0.8179486803375676,0.8381975811762519,-0.020248900838684247,0.005393258426966292
dermamnist_fm_conch_v1_5_s42_std,dermamnist,fm_conch_v1_5,1,1,1.0,1,True,2.4341663007963916,15.845220769460727,2.2133298504623125,0.571765154788575,768,0.017082234374999783,0.9179895819613494,0.855283294706682,0.06270628725466743,0.9179895819613494,0.855283294706682,0.06270628725466743,0.4391691394658754
dermamnist_fm_conch_v1_5_s42_std,dermamnist,fm_conch_v1_5,1,5,1.0,1,False,2.4341663007963916,15.845220769460727,2.2133298504623125,0.571765154788575,768,0.011324003906249769,0.8930356160562791,0.8594087677609255,0.03362684829535367,0.8730104619421352,0.8549605910366611,0.018049870905474052,0.12166172106824927
dermamnist_fm_conch_v1_5_s42_std,dermamnist,fm_conch_v1_5,1,10,1.0,1,False,2.4341663007963916,15.845220769460727,2.2133298504623125,0.571765154788575,768,0.008605875000000096,0.8804714717739333,0.8569175932173556,0.023553878556577645,0.8632535581191747,0.8493548371324356,0.013898720986739055,0.06706231454005936
dermamnist_fm_conch_v1_5_s42_std,dermamnist,fm_conch_v1_5,1,20,1.0,1,False,2.4341663007963916,15.845220769460727,2.2133298504623125,0.571765154788575,768,0.006217933593749891,0.870034063938969,0.8524425245205894,0.017591539418379543,0.8557873831715361,0.8447722005456626,0.011015182625873532,0.03738872403560831
dermamnist_fm_conch_v1_5_s42_std,dermamnist,fm_conch_v1_5,1,50,1.0,1,False,2.4341663007963916,15.845220769460727,2.2133298504623125,0.571765154788575,768,0.003688242187499857,0.8591150090518656,0.8441304602927803,0.014984548759085281,0.8483702768243835,0.8327355981263629,0.0156346786980206,0.0170919881305638
dermamnist_fm_conch_v1_5_s42_std,dermamnist,fm_conch_v1_5,1,100,1.0,1,False,2.4341663007963916,15.845220769460727,2.2133298504623125,0.571765154788575,768,0.0023580703125000158,0.8522880171895055,0.8362339992763614,0.016054017913144092,0.8420778744515293,0.8249185906650629,0.01715928378646636,0.00964391691394659
dermamnist_fm_conch_v1_5_s42_std,dermamnist,fm_conch_v1_5,1,200,1.0,1,False,2.4341663007963916,15.845220769460727,2.2133298504623125,0.571765154788575,768,0.0013949179687497981,0.8450374858282134,0.8279097114246878,0.01712777440352553,0.8354342442015118,0.8160735764367647,0.019360667764747097,0.005326409495548962
dermamnist_fm_dinov2_vitb14_s42_std,dermamnist,fm_dinov2_vitb14,0,1,1.0,1,True,2.491912224327435,16.153128375297563,2.2714243818709487,0.5828758134832894,768,0.019534093749999926,0.9157376712529703,0.8575189882571091,0.05821868299586119,0.9157376712529703,0.8575189882571091,0.05821868299586119,0.5056179775280899
dermamnist_fm_dinov2_vitb14_s42_std,dermamnist,fm_dinov2_vitb14,0,5,1.0,1,False,2.491912224327435,16.153128375297563,2.2714243818709487,0.5828758134832894,768,0.013897636718749995,0.8667918365750383,0.8458212921570298,0.020970544418008497,0.8324605665894134,0.8340758187354247,-0.0016152521460113256,0.14438202247191012
dermamnist_fm_dinov2_vitb14_s42_std,dermamnist,fm_dinov2_vitb14,0,10,1.0,1,False,2.491912224327435,16.153128375297563,2.2714243818709487,0.5828758134832894,768,0.010786054687499935,0.8445595094904216,0.836508588296364,0.008050921194057592,0.813878213590714,0.8226131354060944,-0.008734921815380381,0.08061797752808988
dermamnist_fm_dinov2_vitb14_s42_std,dermamnist,fm_dinov2_vitb14,0,20,1.0,1,False,2.491912224327435,16.153128375297563,2.2714243818709487,0.5828758134832894,768,0.008087652343750085,0.8233295195626876,0.8251711590261691,-0.0018416394634814814,0.7959999413266055,0.8071035838156261,-0.011103642489020626,0.04452247191011236
dermamnist_fm_dinov2_vitb14_s42_std,dermamnist,fm_dinov2_vitb14,0,50,1.0,1,False,2.491912224327435,16.153128375297563,2.2714243818709487,0.5828758134832894,768,0.005367855468750071,0.7987893722924673,0.8074302773925462,-0.008640905100078977,0.7748836311008107,0.789109611505812,-0.014225980405001337,0.019101123595505618
dermamnist_fm_dinov2_vitb14_s42_std,dermamnist,fm_dinov2_vitb14,0,100,1.0,1,False,2.491912224327435,16.153128375297563,2.2714243818709487,0.5828758134832894,768,0.003885019531249978,0.7820332286991131,0.7948738807839613,-0.012840652084848192,0.7609829260421862,0.7780549723278919,-0.01707204628570569,0.010224719101123596
dermamnist_fm_dinov2_vitb14_s42_std,dermamnist,fm_dinov2_vitb14,0,200,1.0,1,False,2.491912224327435,16.153128375297563,2.2714243818709487,0.5828758134832894,768,0.0027686132812497766,0.768443003686645,0.7838708927644474,-0.015427889077802459,0.7515426213316905,0.7700296735905044,-0.018487052258813974,0.00544943820224719
dermamnist_fm_dinov2_vitb14_s42_std,dermamnist,fm_dinov2_vitb14,1,1,1.0,1,True,2.405283233715307,15.561643376786728,2.2725103252755687,0.5615324370387984,768,0.016382460937499954,0.9130426922649808,0.8361961060423817,0.0768465862225991,0.9130426922649808,0.8361961060423817,0.0768465862225991,0.46587537091988135
dermamnist_fm_dinov2_vitb14_s42_std,dermamnist,fm_dinov2_vitb14,1,5,1.0,1,False,2.405283233715307,15.561643376786728,2.2725103252755687,0.5615324370387984,768,0.011090503906250215,0.8737167915333421,0.82540753561964,0.048309255913702165,0.8417021122741231,0.8153548273535366,0.026347284920586467,0.1281899109792285
dermamnist_fm_dinov2_vitb14_s42_std,dermamnist,fm_dinov2_vitb14,1,10,1.0,1,False,2.405283233715307,15.561643376786728,2.2725103252755687,0.5615324370387984,768,0.008308847656250173,0.8528820055111787,0.8157716529273135,0.03711035258386519,0.8248470480071691,0.8012475430516033,0.023599504955565842,0.07032640949554896
dermamnist_fm_dinov2_vitb14_s42_std,dermamnist,fm_dinov2_vitb14,1,20,1.0,1,False,2.405283233715307,15.561643376786728,2.2725103252755687,0.5615324370387984,768,0.005937566406249761,0.8353683889745437,0.8050637584220769,0.030304630552466794,0.8119846182850265,0.7893991844398157,0.022585433845210834,0.03857566765578635
dermamnist_fm_dinov2_vitb14_s42_std,dermamnist,fm_dinov2_vitb14,1,50,1.0,1,False,2.405283233715307,15.561643376786728,2.2725103252755687,0.5615324370387984,768,0.00342051953125011,0.8141927053068982,0.7900054761834913,0.024187229123406984,0.7929188844382807,0.773536587750951,0.019382296687329714,0.017329376854599406
dermamnist_fm_dinov2_vitb14_s42_std,dermamnist,fm_dinov2_vitb14,1,100,1.0,1,False,2.405283233715307,15.561643376786728,2.2725103252755687,0.5615324370387984,768,0.0020793007812499598,0.8001319687097282,0.7782316816772767,0.021900287032451504,0.7824517771872329,0.7626001114794496,0.019851665707783295,0.009347181008902078
dermamnist_fm_dinov2_vitb14_s42_std,dermamnist,fm_dinov2_vitb14,1,200,1.0,1,False,2.405283233715307,15.561643376786728,2.2725103252755687,0.5615324370387984,768,0.0010603359374999899,0.7885582353898242,0.7680274004752545,0.02053083491456964,0.7744419737973673,0.755828223858558,0.018613749938809376,0.005118694362017805
dermamnist_fm_dinov2_vitl14_s42_std,dermamnist,fm_dinov2_vitl14,0,1,1.0,1,True,2.6469039321091534,18.4934701949399,2.181618782445407,0.5779209435918718,1024,0.02674056640625,0.9046435102336179,0.8543773065470426,0.050266203686575306,0.9046435102336179,0.8543773065470426,0.050266203686575306,0.5140449438202247
dermamnist_fm_dinov2_vitl14_s42_std,dermamnist,fm_dinov2_vitl14,0,5,1.0,1,False,2.6469039321091534,18.4934701949399,2.181618782445407,0.5779209435918718,1024,0.017933632812499933,0.8592889762470541,0.8427790389268955,0.016509937320158596,0.8263487546572007,0.8315707375527165,-0.0052219828955157865,0.15393258426966294
dermamnist_fm_dinov2_vitl14_s42_std,dermamnist,fm_dinov2_vitl14,0,10,1.0,1,False,2.6469039321091534,18.4934701949399,2.181618782445407,0.5779209435918718,1024,0.013244566406250047,0.8374025777178006,0.8334418007659867,0.003960776951813849,0.8079265311311252,0.8169276341445147,-0.009001103013389522,0.08314606741573034
dermamnist_fm_dinov2_vitl14_s42_std,dermamnist,fm_dinov2_vitl14,0,20,1.0,1,False,2.6469039321091534,18.4934701949399,2.181618782445407,0.5779209435918718,1024,0.009435351562500083,0.8182713840075885,0.8204928553535135,-0.0022214713459249857,0.792529654511495,0.8005697122772221,-0.008040057765727027,0.0452247191011236
dermamnist_fm_dinov2_vitl14_s42_std,dermamnist,fm_dinov2_vitl14,0,50,1.0,1,False,2.6469039321091534,18.4934701949399,2.181618782445407,0.5779209435918718,1024,0.005733332031250038,0.7948985928164207,0.8020817999395682,-0.0071832071231474615,0.7709341782302148,0.7817777295700299,-0.010843551339815072,0.019606741573033708
dermamnist_fm_dinov2_vitl14_s42_std,dermamnist,fm_dinov2_vitl14,0,100,1.0,1,False,2.6469039321091534,18.4934701949399,2.181618782445407,0.5779209435918718,1024,0.0037562226562498635,0.7776999540391742,0.7873650936306374,-0.009665139591463201,0.754541076265634,0.7662268570528366,-0.011685780787202504,0.010533707865168539
dermamnist_fm_dinov2_vitl14_s42_std,dermamnist,fm_dinov2_vitl14,0,200,1.0,1,False,2.6469039321091534,18.4934701949399,2.181618782445407,0.5779209435918718,1024,0.0023139023437499517,0.7619999315477064,0.7729686245038261,-0.010968692956119686,0.7414275725838785,0.7536872470707336,-0.012259674486855165,0.0056179775280898875
dermamnist_fm_dinov2_vitl14_s42_std,dermamnist,fm_dinov2_vitl14,1,1,1.0,1,True,2.594439191755146,18.032755410587598,2.2649120825808366,0.5635236065808624,1024,0.02613348828125006,0.9107183901366948,0.8263169732351532,0.08440141690154157,0.9107183901366948,0.8263169732351532,0.08440141690154157,0.44510385756676557
dermamnist_fm_dinov2_vitl14_s42_std,dermamnist,fm_dinov2_vitl14,1,5,1.0,1,False,2.594439191755146,18.032755410587598,2.2649120825808366,0.5635236065808624,1024,0.017640914062500013,0.869303200047519,0.8180452469660966,0.05125795308142245,0.8369347103532164,0.8105546102619767,0.0263801000912397,0.12403560830860534
dermamnist_fm_dinov2_vitl14_s42_std,dermamnist,fm_dinov2_vitl14,1,10,1.0,1,False,2.594439191755146,18.032755410587598,2.2649120825808366,0.5635236065808624,1024,0.01318785546875012,0.8487098831909052,0.8112880276938422,0.037421855497063006,0.8204605733795095,0.8005300163307615,0.01993055704874802,0.06943620178041543
dermamnist_fm_dinov2_vitl14_s42_std,dermamnist,fm_dinov2_vitl14,1,20,1.0,1,False,2.594439191755146,18.032755410587598,2.2649120825808366,0.5635236065808624,1024,0.009578949218750132,0.8296725574812829,0.8023586704608795,0.027313887020403382,0.8043131299827226,0.7871243680386462,0.01718876194407648,0.03857566765578635
dermamnist_fm_dinov2_vitl14_s42_std,dermamnist,fm_dinov2_vitl14,1,50,1.0,1,False,2.594439191755146,18.032755410587598,2.2649120825808366,0.5635236065808624,1024,0.006171632812499994,0.8070041553356938,0.7864325109279198,0.020571644407774037,0.7836023067407344,0.7677034744428473,0.015898832297887133,0.017566765578635016
dermamnist_fm_dinov2_vitl14_s42_std,dermamnist,fm_dinov2_vitl14,1,100,1.0,1,False,2.594439191755146,18.032755410587598,2.2649120825808366,0.5635236065808624,1024,0.004444777343749817,0.7909238584448353,0.7729853023146654,0.017938556130169814,0.7684749737224732,0.7545068501188136,0.013968123603659621,0.009732937685459941
dermamnist_fm_dinov2_vitl14_s42_std,dermamnist,fm_dinov2_vitl14,1,200,1.0,1,False,2.594439191755146,18.032755410587598,2.2649120825808366,0.5635236065808624,1024,0.0032357382812499003,0.7762381428309484,0.7600123703073508,0.01622577252359758,0.7567604909959118,0.7421683241900627,0.014592166805849072,0.005178041543026707
dermamnist_fm_uni_s42_std,dermamnist,fm_uni,0,1,1.0,1,True,3.5685006207371663,18.810160300698524,2.084713689149887,0.5878175093968289,1024,0.014882667968750152,0.9911097583634034,0.9784408064811874,0.012668951882216062,0.9911097583634034,0.9784408064811874,0.012668951882216062,0.5926966292134831
dermamnist_fm_uni_s42_std,dermamnist,fm_uni,0,5,1.0,1,False,3.5685006207371663,18.810160300698524,2.084713689149887,0.5878175093968289,1024,0.009658035156250189,0.986440334047193,0.979810853457916,0.006629480589277037,0.974485629907785,0.9763915467714153,-0.001905916863630286,0.16123595505617977
dermamnist_fm_uni_s42_std,dermamnist,fm_uni,0,10,1.0,1,False,3.5685006207371663,18.810160300698524,2.084713689149887,0.5878175093968289,1024,0.007355042968750003,0.9811255023909409,0.9774723472610682,0.0036531551298726317,0.9701230185505716,0.9719159738955045,-0.001792955344932956,0.08707865168539326
dermamnist_fm_uni_s42_std,dermamnist,fm_uni,0,20,1.0,1,False,3.5685006207371663,18.810160300698524,2.084713689149887,0.5878175093968289,1024,0.005247468750000039,0.9750943663762334,0.9740504580166471,0.001043908359586232,0.9654927098307272,0.9675772765893708,-0.002084566758643547,0.046067415730337076
dermamnist_fm_uni_s42_std,dermamnist,fm_uni,0,50,1.0,1,False,3.5685006207371663,18.810160300698524,2.084713689149887,0.5878175093968289,1024,0.0030194843750001032,0.9679129873558835,0.9686942328899082,-0.0007812455340246993,0.9591645397561143,0.961792346847859,-0.002627807091744705,0.02039325842696629
dermamnist_fm_uni_s42_std,dermamnist,fm_uni,0,100,1.0,1,False,3.5685006207371663,18.810160300698524,2.084713689149887,0.5878175093968289,1024,0.0018340625000000665,0.9625859320757669,0.9641812129241528,-0.0015952808483858938,0.9524928858509109,0.9563973833523152,-0.0039044975014043137,0.010870786516853933
dermamnist_fm_uni_s42_std,dermamnist,fm_uni,0,200,1.0,1,False,3.5685006207371663,18.810160300698524,2.084713689149887,0.5878175093968289,1024,0.0010268398437499604,0.9565621302353781,0.9593130912443539,-0.002750961008975872,0.9449289074036045,0.9496104211377201,-0.004681513734115628,0.005688202247191012
dermamnist_fm_uni_s42_std,dermamnist,fm_uni,1,1,1.0,1,True,3.415314785375533,18.229366168434552,2.0091826498362315,0.5696676927635798,1024,0.013671925781249872,0.9932324069698073,0.9774547481444539,0.015777658825353424,0.9932324069698073,0.9774547481444539,0.015777658825353424,0.5519287833827894
dermamnist_fm_uni_s42_std,dermamnist,fm_uni,1,5,1.0,1,False,3.415314785375533,18.229366168434552,2.0091826498362315,0.5696676927635798,1024,0.00950354687499988,0.9887968637416615,0.9768472340383919,0.011949629703269626,0.9797746976470315,0.9730469093789421,0.006727788268089396,0.15192878338278934
dermamnist_fm_uni_s42_std,dermamnist,fm_uni,1,10,1.0,1,False,3.415314785375533,18.229366168434552,2.0091826498362315,0.5696676927635798,1024,0.007273003906250075,0.9846466931637109,0.9740688043340081,0.010577888829702786,0.9745269399529458,0.9687185241685491,0.0058084157843967255,0.08100890207715133
dermamnist_fm_uni_s42_std,dermamnist,fm_uni,1,20,1.0,1,False,3.415314785375533,18.229366168434552,2.0091826498362315,0.5696676927635798,1024,0.0052102343749999,0.9791019413087887,0.9705361770371892,0.008565764271599496,0.9687962439277606,0.9646260548987395,0.00417018902902111,0.04480712166172107
dermamnist_fm_uni_s42_std,dermamnist,fm_uni,1,50,1.0,1,False,3.415314785375533,18.229366168434552,2.0091826498362315,0.5696676927635798,1024,0.0030329531250000707,0.9715776588079429,0.9652115664818455,0.006366092326097417,0.9621306619354205,0.9580191862000176,0.004111475735402936,0.019821958456973297
dermamnist_fm_uni_s42_std,dermamnist,fm_uni,1,100,1.0,1,False,3.415314785375533,18.229366168434552,2.0091826498362315,0.5696676927635798,1024,0.001896453125000197,0.9660393633478215,0.9606387087941639,0.005400654553657569,0.9564154612577573,0.9514734356206178,0.004942025637139524,0.010771513353115728
dermamnist_fm_uni_s42_std,dermamnist,fm_uni,1,200,1.0,1,False,3.415314785375533,18.229366168434552,2.0091826498362315,0.5696676927635798,1024,0.0011147539062500433,0.9601524225684571,0.9551564134909691,0.004996009077487984,0.9488640618987483,0.9437236580905721,0.005140403808176153,0.005712166172106826
dermamnist_fm_virchow2_s42_std,dermamnist,fm_virchow2,0,1,1.0,1,True,2.629075926186912,29.092358876343173,2.1471640624362713,0.5749882284766329,2560,0.010117546874999994,0.982918708011852,0.9553850206475506,0.027533687364301396,0.982918708011852,0.9553850206475506,0.027533687364301396,0.4185393258426966
dermamnist_fm_virchow2_s42_std,dermamnist,fm_virchow2,0,5,1.0,1,False,2.629075926186912,29.092358876343173,2.1471640624362713,0.5749882284766329,2560,0.006305253906249919,0.9747997770411008,0.9572121803761754,0.017587596664925376,0.9623121229012038,0.9547819933731564,0.007530129528047436,0.12359550561797752
dermamnist_fm_virchow2_s42_std,dermamnist,fm_virchow2,0,10,1.0,1,False,2.629075926186912,29.092358876343173,2.1471640624362713,0.5749882284766329,2560,0.004486746093750216,0.9681183442368059,0.9556329462079011,0.012485398028904804,0.9560071777119332,0.9504562088566242,0.005550968855309035,0.06966292134831462
dermamnist_fm_virchow2_s42_std,dermamnist,fm_virchow2,0,20,1.0,1,False,2.629075926186912,29.092358876343173,2.1471640624362713,0.5749882284766329,2560,0.003088007812500182,0.9604541320738111,0.9515124750460341,0.00894165702777705,0.9471841660065909,0.942726613001113,0.004457553005477899,0.039185393258426966
dermamnist_fm_virchow2_s42_std,dermamnist,fm_virchow2,0,50,1.0,1,False,2.629075926186912,29.092358876343173,2.1471640624362713,0.5749882284766329,2560,0.0017742773437499082,0.9492682938754755,0.9427550211382366,0.0065132727372388954,0.9354164833123088,0.9307822826196435,0.004634200692665291,0.018202247191011236
dermamnist_fm_virchow2_s42_std,dermamnist,fm_virchow2,0,100,1.0,1,False,2.629075926186912,29.092358876343173,2.1471640624362713,0.5749882284766329,2560,0.0010338906249999225,0.9400260118715835,0.934232580001188,0.0057934318703954935,0.9254346720646189,0.9199742777231137,0.005460394341505248,0.009887640449438202
dermamnist_fm_virchow2_s42_std,dermamnist,fm_virchow2,0,200,1.0,1,False,2.629075926186912,29.092358876343173,2.1471640624362713,0.5749882284766329,2560,0.0004790312499998173,0.9302079971836771,0.9242458285233192,0.005962168660357925,0.9141363765267306,0.9080919287317316,0.006044447794999019,0.005308988764044944
dermamnist_fm_virchow2_s42_std,dermamnist,fm_virchow2,1,1,1.0,1,True,2.4813623590114147,27.50981025080648,2.0626670626301484,0.5437103649474776,2560,0.007811328125000183,0.9735416941063446,0.9594175687701079,0.014124125336236748,0.9735416941063446,0.9594175687701079,0.014124125336236748,0.3738872403560831
dermamnist_fm_virchow2_s42_std,dermamnist,fm_virchow2,1,5,1.0,1,False,2.4813623590114147,27.50981025080648,2.0626670626301484,0.5437103649474776,2560,0.005611828125000051,0.9674391097406337,0.960053197211058,0.007385912529575767,0.9564567821844825,0.9566415837904969,-0.00018480160601441753,0.10801186943620181
dermamnist_fm_virchow2_s42_std,dermamnist,fm_virchow2,1,10,1.0,1,False,2.4813623590114147,27.50981025080648,2.0626670626301484,0.5437103649474776,2560,0.004429492187499884,0.9608639172755047,0.9574251180802066,0.0034387991952981034,0.9484043665889317,0.9510382746110443,-0.0026339080221126077,0.06201780415430268
dermamnist_fm_virchow2_s42_std,dermamnist,fm_virchow2,1,20,1.0,1,False,2.4813623590114147,27.50981025080648,2.0626670626301484,0.5437103649474776,2560,0.003448351562500007,0.9533835382593043,0.9528302578695691,0.0005532803897352334,0.9407909858398349,0.9437407711639824,-0.002949785324147469,0.034866468842729974
dermamnist_fm_virchow2_s42_std,dermamnist,fm_virchow2,1,50,1.0,1,False,2.4813623590114147,27.50981025080648,2.0626670626301484,0.5437103649474776,2560,0.0024274414062500638,0.9425781159206948,0.9445817564858549,-0.002003640565160003,0.9284993014180826,0.9336672827373095,-0.005167981319226911,0.01691394658753709
dermamnist_fm_virchow2_s42_std,dermamnist,fm_virchow2,1,100,1.0,1,False,2.4813623590114147,27.50981025080648,2.0626670626301484,0.5437103649474776,2560,0.0018389531249998203,0.932729531291563,0.9366535140473885,-0.003923982755825506,0.9173000389966246,0.9231439649524257,-0.005843925955801077,0.009020771513353116
dermamnist_fm_virchow2_s42_std,dermamnist,fm_virchow2,1,200,1.0,1,False,2.4813623590114147,27.50981025080648,2.0626670626301484,0.5437103649474776,2560,0.001418105468749875,0.9220454891752085,0.9271557583047301,-0.005110269129521616,0.9052730667617048,0.9110572456752819,-0.005784178913577076,0.005059347181008903
dermamnist_mobilenet_v3_large_s42_std,dermamnist,mobilenet_v3_large,0,1,1.0,1,True,3.028126653897189,20.932779472116785,2.35256892856361,0.67560255237784,960,0.09591795312500007,0.8441426839166447,0.7166146281245722,0.1275280557920725,0.8441426839166447,0.7166146281245722,0.1275280557920725,0.5926966292134831
dermamnist_mobilenet_v3_large_s42_std,dermamnist,mobilenet_v3_large,0,5,1.0,1,False,3.028126653897189,20.932779472116785,2.35256892856361,0.67560255237784,960,0.0513120585937501,0.7942079580680806,0.7379078181775922,0.05630013989048843,0.7512138058497374,0.7439393822004943,0.0072744236492431336,0.17191011235955056
dermamnist_mobilenet_v3_large_s42_std,dermamnist,mobilenet_v3_large,0,10,1.0,1,False,3.028126653897189,20.932779472116785,2.35256892856361,0.67560255237784,960,0.033981769531250094,0.7742480026598606,0.7448368210778047,0.029411181582055912,0.7485661689207029,0.7524915227536265,-0.003925353832923584,0.09213483146067415
dermamnist_mobilenet_v3_large_s42_std,dermamnist,mobilenet_v3_large,0,20,1.0,1,False,3.028126653897189,20.932779472116785,2.35256892856361,0.67560255237784,960,0.021437074218749963,0.763877480173282,0.7529163535315189,0.010961126641763186,0.7521855839469592,0.7624421184206108,-0.010256534473651602,0.04957865168539325
dermamnist_mobilenet_v3_large_s42_std,dermamnist,mobilenet_v3_large,0,50,1.0,1,False,3.028126653897189,20.932779472116785,2.35256892856361,0.67560255237784,960,0.01115386328125001,0.7641158408386384,0.7666839698047327,-0.002568128966094374,0.7693512189397718,0.7776792101504857,-0.008327991210713925,0.02151685393258427
dermamnist_mobilenet_v3_large_s42_std,dermamnist,mobilenet_v3_large,0,100,1.0,1,False,3.028126653897189,20.932779472116785,2.35256892856361,0.67560255237784,960,0.006621652343750117,0.7752980119498147,0.7806698122222137,-0.005371800272398919,0.7832727041589658,0.7909057805393931,-0.007633076380427317,0.011432584269662921
dermamnist_mobilenet_v3_large_s42_std,dermamnist,mobilenet_v3_large,0,200,1.0,1,False,3.028126653897189,20.932779472116785,2.35256892856361,0.67560255237784,960,0.003805863281249988,0.7922595124240913,0.7973221456924225,-0.005062633268331229,0.8087992978750452,0.8208234227673141,-0.012024124892268895,0.006081460674157303
dermamnist_mobilenet_v3_large_s42_std,dermamnist,mobilenet_v3_large,1,1,1.0,1,True,2.9578965960416004,20.56365340173852,2.4104903026385243,0.6636890596842898,960,0.08299960546875018,0.8559707447838787,0.7278813526173223,0.12808939216655635,0.8559707447838787,0.7278813526173223,0.12808939216655635,0.5816023738872403
dermamnist_mobilenet_v3_large_s42_std,dermamnist,mobilenet_v3_large,1,5,1.0,1,False,2.9578965960416004,20.56365340173852,2.4104903026385243,0.6636890596842898,960,0.0464489023437501,0.8142094919333803,0.7395720264812587,0.07463746545212158,0.7774429061007766,0.74461916077488,0.0328237453258966,0.1632047477744807
dermamnist_mobilenet_v3_large_s42_std,dermamnist,mobilenet_v3_large,1,10,1.0,1,False,2.9578965960416004,20.56365340173852,2.4104903026385243,0.6636890596842898,960,0.03132311718750003,0.7979251729668168,0.745989429010082,0.051935743956734726,0.774439391239447,0.7508642102072148,0.023575181032232218,0.0881305637982196
dermamnist_mobilenet_v3_large_s42_std,dermamnist,mobilenet_v3_large,1,20,1.0,1,False,2.9578965960416004,20.56365340173852,2.4104903026385243,0.6636890596842898,960,0.020371124999999934,0.7885349923685413,0.7504742766059397,0.038060715762601616,0.7765002724598606,0.7557072099823002,0.02079306247756041,0.04836795252225519
dermamnist_mobilenet_v3_large_s42_std,dermamnist,mobilenet_v3_large,1,50,1.0,1,False,2.9578965960416004,20.56365340173852,2.4104903026385243,0.6636890596842898,960,0.011082835937499924,0.7872966558457489,0.7592838423250311,0.028012813520717827,0.7820463155937429,0.767177858616677,0.014868456977065958,0.021246290801186948
dermamnist_mobilenet_v3_large_s42_std,dermamnist,mobilenet_v3_large,1,100,1.0,1,False,2.9578965960416004,20.56365340173852,2.4104903026385243,0.6636890596842898,960,0.006879042968750082,0.7909793834401221,0.7722115469240473,0.01876783651607483,0.7911537060997436,0.7823510429195881,0.008802663180155434,0.011275964391691396
dermamnist_mobilenet_v3_large_s42_std,dermamnist,mobilenet_v3_large,1,200,1.0,1,False,2.9578965960416004,20.56365340173852,2.4104903026385243,0.6636890596842898,960,0.004242519531249989,0.8018635737953013,0.7900042538211048,0.011859319974196425,0.8219223011624093,0.8093236913388291,0.012598609823580187,0.005934718100890208
dermamnist_regnet_y_3_2gf_s42_std,dermamnist,regnet_y_3_2gf,0,1,1.0,1,True,3.734040652625028,25.82655785055641,2.104521627391877,0.6641873990551029,1512,0.11662516406250012,0.9462759507534642,0.8425246569717443,0.10375129378171988,0.9462759507534642,0.8425246569717443,0.10375129378171988,0.6432584269662921
dermamnist_regnet_y_3_2gf_s42_std,dermamnist,regnet_y_3_2gf,0,5,1.0,1,False,3.734040652625028,25.82655785055641,2.104521627391877,0.6641873990551029,1512,0.06135108203125017,0.9303974633535756,0.8659161753350223,0.06448128801855335,0.9013455765149959,0.8718534759938329,0.029492100521163023,0.18932584269662922
dermamnist_regnet_y_3_2gf_s42_std,dermamnist,regnet_y_3_2gf,0,10,1.0,1,False,3.734040652625028,25.82655785055641,2.104521627391877,0.6641873990551029,1512,0.03861973046874978,0.9197519093300476,0.8723635311830956,0.04738837814695196,0.899080539012918,0.877129641825042,0.021950897187875906,0.09999999999999998
dermamnist_regnet_y_3_2gf_s42_std,dermamnist,regnet_y_3_2gf,0,20,1.0,1,False,3.734040652625028,25.82655785055641,2.104521627391877,0.6641873990551029,1512,0.022767285156249706,0.9127624412043692,0.8783925126480774,0.03436992855629184,0.8992088870634944,0.8811054897433712,0.018103397320123227,0.05210674157303371
dermamnist_regnet_y_3_2gf_s42_std,dermamnist,regnet_y_3_2gf,0,50,1.0,1,False,3.734040652625028,25.82655785055641,2.104521627391877,0.6641873990551029,1512,0.010625578125000201,0.9082445898240776,0.8856688695885727,0.022575720235504915,0.8936141344207469,0.8818660530509048,0.011748081369842067,0.022303370786516855
dermamnist_regnet_y_3_2gf_s42_std,dermamnist,regnet_y_3_2gf,0,100,1.0,1,False,3.734040652625028,25.82655785055641,2.104521627391877,0.6641873990551029,1512,0.005975285156249899,0.9036142811042333,0.8867780782153492,0.0168362028888841,0.8790130157146908,0.8601816054729567,0.01883141024173407,0.01146067415730337
dermamnist_regnet_y_3_2gf_s42_std,dermamnist,regnet_y_3_2gf,0,200,1.0,1,False,3.734040652625028,25.82655785055641,2.104521627391877,0.6641873990551029,1512,0.0036030195312499735,0.8910899560927431,0.8752960257016165,0.015793930391126643,0.8448430975640763,0.8321789299429513,0.012664167621124989,0.006067415730337079
dermamnist_regnet_y_3_2gf_s42_std,dermamnist,regnet_y_3_2gf,1,1,1.0,1,True,3.635888759193767,25.466220535728365,2.2312780527003913,0.6549205232560509,1512,0.0893335351562502,0.9494528851045807,0.8722814660525519,0.07717141905202884,0.9494528851045807,0.8722814660525519,0.07717141905202884,0.6765578635014837
dermamnist_regnet_y_3_2gf_s42_std,dermamnist,regnet_y_3_2gf,1,5,1.0,1,False,3.635888759193767,25.466220535728365,2.2312780527003913,0.6549205232560509,1512,0.05074323046875029,0.923610519274921,0.8841090445037698,0.03950147477115118,0.8892173041710894,0.8850685989771272,0.004148705193962154,0.18338278931750743
dermamnist_regnet_y_3_2gf_s42_std,dermamnist,regnet_y_3_2gf,1,10,1.0,1,False,3.635888759193767,25.466220535728365,2.2312780527003913,0.6549205232560509,1512,0.032933082031249894,0.9111341819618659,0.8883543090718847,0.02277987288998118,0.8866967276408592,0.88963412249049,-0.0029373948496308477,0.09732937685459943
dermamnist_regnet_y_3_2gf_s42_std,dermamnist,regnet_y_3_2gf,1,20,1.0,1,False,3.635888759193767,25.466220535728365,2.2312780527003913,0.6549205232560509,1512,0.020315863281250235,0.9014237641814712,0.8914578871710623,0.009965877010408852,0.8839488860136411,0.8895558912977577,-0.005607005284116617,0.05222551928783383
dermamnist_regnet_y_3_2gf_s42_std,dermamnist,regnet_y_3_2gf,1,50,1.0,1,False,3.635888759193767,25.466220535728365,2.2312780527003913,0.6549205232560509,1512,0.010460253906249939,0.894497343839179,0.8941886447423749,0.00030869909680408814,0.8739182310511269,0.8866417793684787,-0.012723548317351785,0.02195845697329377
dermamnist_regnet_y_3_2gf_s42_std,dermamnist,regnet_y_3_2gf,1,100,1.0,1,False,3.635888759193767,25.466220535728365,2.2312780527003913,0.6549205232560509,1512,0.006517476562500013,0.890376872677312,0.8933109885489091,-0.002934115871597087,0.8549545082422336,0.8731090053881734,-0.018154497145939752,0.011483679525222553
dermamnist_regnet_y_3_2gf_s42_std,dermamnist,regnet_y_3_2gf,1,200,1.0,1,False,3.635888759193767,25.466220535728365,2.2312780527003913,0.6549205232560509,1512,0.004426085937499935,0.8740563978998639,0.8840137002376273,-0.009957302337763374,0.8324191078295409,0.8449262182063543,-0.012507110376813402,0.005979228486646885
dermamnist_resnet18_s42_std,dermamnist,resnet18,0,1,1.0,1,True,2.6582011381247668,16.691964618788155,2.4535556376337033,0.7376875858294393,512,0.05332729296874994,0.8929198325852475,0.8040574567486112,0.08886237583663636,0.8929198325852475,0.8040574567486112,0.08886237583663636,0.5730337078651685
dermamnist_resnet18_s42_std,dermamnist,resnet18,0,5,1.0,1,False,2.6582011381247668,16.691964618788155,2.4535556376337033,0.7376875858294393,512,0.031607902343749994,0.8689285260265399,0.8245048590827271,0.044423666943812834,0.8417004038685325,0.8301374179069401,0.011562985961592442,0.17303370786516856
dermamnist_resnet18_s42_std,dermamnist,resnet18,0,10,1.0,1,False,2.6582011381247668,16.691964618788155,2.4535556376337033,0.7376875858294393,512,0.02247014453125007,0.858344090122334,0.8317127782383339,0.02663131188400014,0.8418837582264989,0.8374111922895151,0.004472565936983752,0.09241573033707864
dermamnist_resnet18_s42_std,dermamnist,resnet18,0,20,1.0,1,False,2.6582011381247668,16.691964618788155,2.4535556376337033,0.7376875858294393,512,0.015631082031249965,0.852430300896725,0.8388858328620166,0.013544468034708435,0.8429838843742972,0.8451007584972612,-0.0021168741229640187,0.049578651685393264
dermamnist_resnet18_s42_std,dermamnist,resnet18,0,50,1.0,1,False,2.6582011381247668,16.691964618788155,2.4535556376337033,0.7376875858294393,512,0.009534847656250012,0.8526833299107186,0.8511555655414462,0.0015277643692723775,0.8483512776131663,0.857965770777324,-0.009614493164157745,0.02151685393258427
dermamnist_resnet18_s42_std,dermamnist,resnet18,0,100,1.0,1,False,2.6582011381247668,16.691964618788155,2.4535556376337033,0.7376875858294393,512,0.006731855468749992,0.8560130450513881,0.8593758474018176,-0.003362802350429517,0.8501530397707826,0.8524907479862505,-0.0023377082154678597,0.01154494382022472
dermamnist_resnet18_s42_std,dermamnist,resnet18,0,200,1.0,1,False,2.6582011381247668,16.691964618788155,2.4535556376337033,0.7376875858294393,512,0.005116675781249969,0.8589186004439621,0.8619700268327768,-0.0030514263888147264,0.8368207332218539,0.8493206581390604,-0.012499924917206529,0.006025280898876405
dermamnist_resnet18_s42_std,dermamnist,resnet18,1,1,1.0,1,True,2.6150694124144973,16.55132242562967,2.52032339985806,0.7314720202979822,512,0.04761442968750007,0.8957782925676565,0.8106621781519836,0.0851161144156729,0.8957782925676565,0.8106621781519836,0.0851161144156729,0.56973293768546
dermamnist_resnet18_s42_std,dermamnist,resnet18,1,5,1.0,1,False,2.6150694124144973,16.55132242562967,2.52032339985806,0.7314720202979822,512,0.02856105859374991,0.8731292596064698,0.8269244873412152,0.04620477226525466,0.8455488322964363,0.8275466697959144,0.01800216250052189,0.16617210682492584
dermamnist_resnet18_s42_std,dermamnist,resnet18,1,10,1.0,1,False,2.6150694124144973,16.55132242562967,2.52032339985806,0.7314720202979822,512,0.020146167968750017,0.8626931430504657,0.833116975190933,0.029576167859532765,0.8466541670863323,0.8376152687730415,0.009038898313290855,0.08991097922848666
dermamnist_resnet18_s42_std,dermamnist,resnet18,1,20,1.0,1,False,2.6150694124144973,16.55132242562967,2.52032339985806,0.7314720202979822,512,0.013732847656250047,0.8579192847347584,0.8399915412522858,0.017927743482472613,0.852535942749856,0.8454701694683212,0.007065773281534793,0.0486646884272997
dermamnist_resnet18_s42_std,dermamnist,resnet18,1,50,1.0,1,False,2.6150694124144973,16.55132242562967,2.52032339985806,0.7314720202979822,512,0.008055332031249862,0.8619248320691713,0.8505111919500102,0.011413640119161017,0.8581542975055073,0.8520807052542024,0.006073592251304882,0.021543026706231455
dermamnist_resnet18_s42_std,dermamnist,resnet18,1,100,1.0,1,False,2.6150694124144973,16.55132242562967,2.52032339985806,0.7314720202979822,512,0.005547937499999822,0.86443378708876,0.8555986642023841,0.00883512288637589,0.8540841862230866,0.8523655156902435,0.0017186705328430252,0.01142433234421365
dermamnist_resnet18_s42_std,dermamnist,resnet18,1,200,1.0,1,False,2.6150694124144973,16.55132242562967,2.52032339985806,0.7314720202979822,512,0.004003847656250059,0.8634717842634416,0.8593244247562609,0.0041473595071807035,0.8529620648067084,0.8461742502029121,0.006787814603796294,0.005934718100890208
dermamnist_resnet18_s43_std,dermamnist,resnet18,0,1,1.0,1,True,2.6993236253387294,16.534141634798047,2.4207390048833832,0.730712729441533,512,0.05847397656249986,0.8868251337264451,0.792571530397998,0.09425360332844712,0.8868251337264451,0.792571530397998,0.09425360332844712,0.6123595505617977
dermamnist_resnet18_s43_std,dermamnist,resnet18,0,5,1.0,1,False,2.6993236253387294,16.534141634798047,2.4207390048833832,0.730712729441533,512,0.03386284375000004,0.848761991375011,0.8061803193591124,0.042581672015898575,0.8096072794124838,0.808712517399984,0.0008947620124998279,0.17303370786516853
dermamnist_resnet18_s43_std,dermamnist,resnet18,0,10,1.0,1,False,2.6993236253387294,16.534141634798047,2.4207390048833832,0.730712729441533,512,0.023557167968749848,0.8308458258769228,0.8093271661850197,0.02151865969190314,0.8049965284908225,0.8093452440904618,-0.004348715599639341,0.09297752808988764
dermamnist_resnet18_s43_std,dermamnist,resnet18,0,20,1.0,1,False,2.6993236253387294,16.534141634798047,2.4207390048833832,0.730712729441533,512,0.01586298046875001,0.8204459666930697,0.8117896351620426,0.008656331531027073,0.8055233666793792,0.8113996689160746,-0.005876302236695441,0.04957865168539325
dermamnist_resnet18_s43_std,dermamnist,resnet18,0,50,1.0,1,False,2.6993236253387294,16.534141634798047,2.4207390048833832,0.730712729441533,512,0.009231585937500175,0.8147937630181594,0.8141746274014561,0.0006191356167033479,0.8043132279168012,0.8106339404927004,-0.006320712575899279,0.021629213483146066
dermamnist_resnet18_s43_std,dermamnist,resnet18,0,100,1.0,1,False,2.6993236253387294,16.534141634798047,2.4207390048833832,0.730712729441533,512,0.0061224648437500084,0.8156689744868523,0.8169431294920367,-0.001274155005184463,0.8049219643852495,0.7999318204709036,0.004990143914345935,0.01162921348314607
dermamnist_resnet18_s43_std,dermamnist,resnet18,0,200,1.0,1,False,2.6993236253387294,16.534141634798047,2.4207390048833832,0.730712729441533,512,0.004255281249999965,0.8163314949003041,0.8171226172674988,-0.0007911223671946965,0.7975718993555706,0.795139884249754,0.0024320151058165873,0.006081460674157303
dermamnist_resnet18_s43_std,dermamnist,resnet18,1,1,1.0,1,True,2.680154743684417,16.518506988047367,2.5112322352839045,0.7300217691453541,512,0.05130254296875003,0.8815406507529447,0.7762636782351043,0.1052769725178404,0.8815406507529447,0.7762636782351043,0.1052769725178404,0.5905044510385757
dermamnist_resnet18_s43_std,dermamnist,resnet18,1,5,1.0,1,False,2.680154743684417,16.518506988047367,2.5112322352839045,0.7300217691453541,512,0.030437328125000107,0.8441710376459468,0.7832176978515759,0.0609533397943709,0.8092070772417248,0.7813878213590714,0.027819255882653438,0.16973293768545997
dermamnist_resnet18_s43_std,dermamnist,resnet18,1,10,1.0,1,False,2.680154743684417,16.518506988047367,2.5112322352839045,0.7300217691453541,512,0.02128606640625008,0.8286201651287535,0.7852187050781823,0.04340146005057122,0.8047896119190213,0.7873981772132094,0.017391434705811948,0.09080118694362019
dermamnist_resnet18_s43_std,dermamnist,resnet18,1,20,1.0,1,False,2.680154743684417,16.518506988047367,2.5112322352839045,0.7300217691453541,512,0.014124398437499908,0.8191060217503028,0.7896913290501756,0.0294146927001272,0.8069253873191241,0.7931102766450553,0.01381511067406882,0.047922848664688426
dermamnist_resnet18_s43_std,dermamnist,resnet18,1,50,1.0,1,False,2.680154743684417,16.518506988047367,2.5112322352839045,0.7300217691453541,512,0.007684214843749926,0.8156789673900411,0.7962321901800296,0.019446777210011534,0.8045171520584278,0.7988871612833827,0.005629990775045113,0.021186943620178044
dermamnist_resnet18_s43_std,dermamnist,resnet18,1,100,1.0,1,False,2.680154743684417,16.518506988047367,2.5112322352839045,0.7300217691453541,512,0.004707773437499951,0.8150023372149179,0.8012328747029659,0.013769462511951991,0.7928762722325955,0.7946321178161763,-0.001755845583580773,0.011216617210682494
dermamnist_resnet18_s43_std,dermamnist,resnet18,1,200,1.0,1,False,2.680154743684417,16.518506988047367,2.5112322352839045,0.7300217691453541,512,0.0028418164062501416,0.8077970006172314,0.8030260803238771,0.004770920293354242,0.7833492160645433,0.7912657318039135,-0.007916515739370134,0.00583086053412463
dermamnist_resnet50_s42_std,dermamnist,resnet50,0,1,1.0,1,True,2.412269801198504,36.315177034042065,2.6272583221039234,0.8024596231487848,2048,0.037037863281249805,0.8792746012653896,0.8221689354437997,0.057105665821589935,0.8792746012653896,0.8221689354437997,0.057105665821589935,0.4747191011235955
dermamnist_resnet50_s42_std,dermamnist,resnet50,0,5,1.0,1,False,2.412269801198504,36.315177034042065,2.6272583221039234,0.8024596231487848,2048,0.022044035156250197,0.8540927137422869,0.8350558994661853,0.0190368142761016,0.833083971406499,0.8375235335590488,-0.004439562152549814,0.14157303370786517
dermamnist_resnet50_s42_std,dermamnist,resnet50,0,10,1.0,1,False,2.412269801198504,36.315177034042065,2.6272583221039234,0.8024596231487848,2048,0.01549144921875012,0.8439214363246985,0.837597136459778,0.006324299864920557,0.8301062966331251,0.8372381609088538,-0.007131864275728761,0.07893258426966292
dermamnist_resnet50_s42_std,dermamnist,resnet50,0,20,1.0,1,False,2.412269801198504,36.315177034042065,2.6272583221039234,0.8024596231487848,2048,0.010310937499999784,0.8380149812734082,0.8390911462166818,-0.001076164943273561,0.8283436500718749,0.8380400451431125,-0.00969639507123754,0.043539325842696625
dermamnist_resnet50_s42_std,dermamnist,resnet50,0,50,1.0,1,False,2.412269801198504,36.315177034042065,2.6272583221039234,0.8024596231487848,2048,0.005577328125000225,0.8347036015685354,0.8413069809123144,-0.00660337934377897,0.8262521880286717,0.8345432617190022,-0.008291073690330442,0.019775280898876403
dermamnist_resnet50_s42_std,dermamnist,resnet50,0,100,1.0,1,False,2.412269801198504,36.315177034042065,2.6272583221039234,0.8024596231487848,2048,0.003378753906249754,0.8342122118891855,0.8368753115210491,-0.002663099631863619,0.8297958165869687,0.8289055377789485,0.0008902788080201729,0.010702247191011234
dermamnist_resnet50_s42_std,dermamnist,resnet50,0,200,1.0,1,False,2.412269801198504,36.315177034042065,2.6272583221039234,0.8024596231487848,2048,0.00178982421875018,0.8462671497442817,0.8464979223321532,-0.00023077258787140842,0.8391737808157558,0.8392822555027852,-0.0001084746870294584,0.00577247191011236
dermamnist_resnet50_s42_std,dermamnist,resnet50,1,1,1.0,1,True,2.3749794538224447,36.01047685448175,2.654722752904258,0.7957266367989144,2048,0.03379007421875024,0.8850593859193777,0.824493208554581,0.06056617736479675,0.8850593859193777,0.824493208554581,0.06056617736479675,0.46587537091988135
dermamnist_resnet50_s42_std,dermamnist,resnet50,1,5,1.0,1,False,2.3749794538224447,36.01047685448175,2.654722752904258,0.7957266367989144,2048,0.020523132812499956,0.8644363696466802,0.8298948279402705,0.03454154170640977,0.8479247855831287,0.8297628128025347,0.01816197278059395,0.1394658753709199
dermamnist_resnet50_s42_std,dermamnist,resnet50,1,10,1.0,1,False,2.3749794538224447,36.01047685448175,2.654722752904258,0.7957266367989144,2048,0.014642074218749968,0.8548524972043811,0.8285270044298413,0.02632549277453977,0.8401732379852949,0.824194952132289,0.01597828585300587,0.0768545994065282
dermamnist_resnet50_s42_std,dermamnist,resnet50,1,20,1.0,1,False,2.3749794538224447,36.01047685448175,2.654722752904258,0.7957266367989144,2048,0.009904839843750013,0.8484709965832758,0.8277129110804705,0.020758085502805335,0.8390937287746021,0.8248244687613069,0.014269260013295204,0.04243323442136499
dermamnist_resnet50_s42_std,dermamnist,resnet50,1,50,1.0,1,False,2.3749794538224447,36.01047685448175,2.654722752904258,0.7957266367989144,2048,0.005404371093749583,0.8456624648449304,0.8296381318391175,0.016024333005812852,0.8266819554095549,0.8230789352734669,0.003603020136088042,0.01958456973293769
dermamnist_resnet50_s42_std,dermamnist,resnet50,1,100,1.0,1,False,2.3749794538224447,36.01047685448175,2.654722752904258,0.7957266367989144,2048,0.0031603906249999536,0.836134117397918,0.8295146732380868,0.006619444159831178,0.8285904657126698,0.8259624881430848,0.002627977569584994,0.01083086053412463
dermamnist_resnet50_s42_std,dermamnist,resnet50,1,200,1.0,1,False,2.3749794538224447,36.01047685448175,2.654722752904258,0.7957266367989144,2048,0.0016113554687500198,0.8439360248751979,0.8396932848299938,0.004242740045204085,0.8423322564066805,0.835625262807913,0.0067069935987674745,0.005667655786350149
dermamnist_resnet50_s43_std,dermamnist,resnet50,0,1,1.0,1,True,2.4223603519681354,37.27266869306955,2.716193264898586,0.8236173995559064,2048,0.03917724218750018,0.8925690145803385,0.8646972079966323,0.02787180658370625,0.8925690145803385,0.8646972079966323,0.02787180658370625,0.4634831460674157
dermamnist_resnet50_s43_std,dermamnist,resnet50,0,5,1.0,1,False,2.4223603519681354,37.27266869306955,2.716193264898586,0.8236173995559064,2048,0.02359681250000012,0.8755170592894652,0.8741674478904375,0.0013496113990276726,0.8616799170749357,0.8736005764269278,-0.011920659351992047,0.14438202247191012
dermamnist_resnet50_s43_std,dermamnist,resnet50,0,10,1.0,1,False,2.4223603519681354,37.27266869306955,2.716193264898586,0.8236173995559064,2048,0.016722546875000077,0.8684383587095765,0.8743275664814972,-0.0058892077719207014,0.8564738756710769,0.8715784335753191,-0.015104557904242144,0.08089887640449438
dermamnist_resnet50_s43_std,dermamnist,resnet50,0,20,1.0,1,False,2.4223603519681354,37.27266869306955,2.716193264898586,0.8236173995559064,2048,0.0113419062500002,0.8617239221208476,0.8737309956019038,-0.01200707348105623,0.853507202159181,0.8719102922680798,-0.018403090108898845,0.04410112359550562
dermamnist_resnet50_s43_std,dermamnist,resnet50,0,50,1.0,1,False,2.4223603519681354,37.27266869306955,2.716193264898586,0.8236173995559064,2048,0.006477363281250037,0.8593659850774,0.8751681890845607,-0.015802204007160703,0.8498315584631482,0.8665243677252572,-0.016692809262109032,0.020337078651685395
dermamnist_resnet50_s43_std,dermamnist,resnet50,0,100,1.0,1,False,2.4223603519681354,37.27266869306955,2.716193264898586,0.8236173995559064,2048,0.004335937500000164,0.8578991502136689,0.8697667691942161,-0.011867618980547223,0.8518240091530496,0.8585106904985111,-0.006686681345461576,0.010870786516853933
dermamnist_resnet50_s43_std,dermamnist,resnet50,0,200,1.0,1,False,2.4223603519681354,37.27266869306955,2.716193264898586,0.8236173995559064,2048,0.0027749921875002137,0.8676377113464566,0.8765046628083252,-0.008866951461868555,0.8593207576691017,0.8613824949059045,-0.0020617372368028075,0.005898876404494382
dermamnist_resnet50_s43_std,dermamnist,resnet50,1,1,1.0,1,True,2.402723725333457,37.1360986929704,2.7935705106696385,0.8205996003941329,2048,0.03852519140624988,0.9160449158473501,0.8519083521577141,0.06413656368963605,0.9160449158473501,0.8519083521577141,0.06413656368963605,0.5014836795252225
dermamnist_resnet50_s43_std,dermamnist,resnet50,1,5,1.0,1,False,2.402723725333457,37.1360986929704,2.7935705106696385,0.8205996003941329,2048,0.023387859374999986,0.9012649368693716,0.859205855604776,0.042059081264595566,0.8889642134948982,0.8572354074378307,0.031728806057067516,0.14362017804154306
dermamnist_resnet50_s43_std,dermamnist,resnet50,1,10,1.0,1,False,2.402723725333457,37.1360986929704,2.7935705106696385,0.8205996003941329,2048,0.016416335937500026,0.8952566158677524,0.859142292760681,0.03611432310707141,0.8862693143050466,0.8569970467724743,0.029272267532572283,0.08189910979228487
dermamnist_resnet50_s43_std,dermamnist,resnet50,1,20,1.0,1,False,2.402723725333457,37.1360986929704,2.7935705106696385,0.8205996003941329,2048,0.01098854687499995,0.8906493325379055,0.8578465886310519,0.03280274390685356,0.8836363965052826,0.8542540655772973,0.029382330927985256,0.045400593471810094
dermamnist_resnet50_s43_std,dermamnist,resnet50,1,50,1.0,1,False,2.402723725333457,37.1360986929704,2.7935705106696385,0.8205996003941329,2048,0.005896039062500136,0.8876768083716198,0.8592865315222812,0.02839027684933859,0.8615116228019204,0.8502887219956777,0.011222900806242664,0.02047477744807122
dermamnist_resnet50_s43_std,dermamnist,resnet50,1,100,1.0,1,False,2.402723725333457,37.1360986929704,2.7935705106696385,0.8205996003941329,2048,0.0035910390625002453,0.8739776298832942,0.8582939732644899,0.01568365661880433,0.8608233711161557,0.8553725271608922,0.005450843955263518,0.01080118694362018
dermamnist_resnet50_s43_std,dermamnist,resnet50,1,200,1.0,1,False,2.402723725333457,37.1360986929704,2.7935705106696385,0.8205996003941329,2048,0.0019716328124999016,0.8801990119133397,0.8711018863496348,0.0090971255637049,0.8688564175273041,0.8654276801517685,0.0034287373755356176,0.0057863501483679525
isic2019_convnext_tiny_s42_std,isic2019,convnext_tiny,0,1,1.0,1,True,3.4714480629556386,17.996341312166393,1.6835349391508867,0.6493870313129781,768,0.1352144257812501,0.8833555361851663,0.7116424366214106,0.1717130995637557,0.8833555361851663,0.7116424366214106,0.1717130995637557,0.7795010114632501
isic2019_convnext_tiny_s42_std,isic2019,convnext_tiny,0,5,1.0,1,False,3.4714480629556386,17.996341312166393,1.6835349391508867,0.6493870313129781,768,0.07790749218749993,0.8074313767412792,0.7183793618372496,0.08905201490402959,0.7360683957480169,0.7161337200986366,0.01993467564938023,0.3313553607552259
isic2019_convnext_tiny_s42_std,isic2019,convnext_tiny,0,10,1.0,1,False,3.4714480629556386,17.996341312166393,1.6835349391508867,0.6493870313129781,768,0.052437316406250045,0.7689217637287634,0.7166200374178266,0.05230172631093677,0.7127773300659507,0.7118798739007798,0.0008974561651708957,0.18860418071476737
isic2019_convnext_tiny_s42_std,isic2019,convnext_tiny,0,20,1.0,1,False,3.4714480629556386,17.996341312166393,1.6835349391508867,0.6493870313129781,768,0.03330693359374992,0.7374677236320576,0.7124462905431306,0.025021433088927014,0.6942530247959257,0.7033707511600098,-0.009117726364084144,0.10374241402562374
isic2019_convnext_tiny_s42_std,isic2019,convnext_tiny,0,50,1.0,1,False,3.4714480629556386,17.996341312166393,1.6835349391508867,0.6493870313129781,768,0.017279374999999986,0.7059958664320292,0.7028100558978848,0.003185810534144351,0.6747583726680153,0.6889471516108546,-0.01418877894283932,0.04548887390424815
isic2019_convnext_tiny_s42_std,isic2019,convnext_tiny,0,100,1.0,1,False,3.4714480629556386,17.996341312166393,1.6835349391508867,0.6493870313129781,768,0.010273421875000022,0.6861558366089393,0.6920667341789534,-0.005910897570014062,0.6573784736498748,0.6730617394140163,-0.015683265764141474,0.024295347269049226
isic2019_convnext_tiny_s42_std,isic2019,convnext_tiny,0,200,1.0,1,False,3.4714480629556386,17.996341312166393,1.6835349391508867,0.6493870313129781,768,0.0060683124999998395,0.6669736690623818,0.6780665167665048,-0.011092847704122999,0.6386102111189689,0.6548505861554041,-0.016240375036435273,0.012791638570465272
isic2019_convnext_tiny_s42_std,isic2019,convnext_tiny,1,1,1.0,1,True,3.441759442039587,18.008937311719848,1.6335133881982997,0.6498415502962843,768,0.12904681249999994,0.8907173466527065,0.7033424885833484,0.18737485806935816,0.8907173466527065,0.7033424885833484,0.18737485806935816,0.7811400422237861
isic2019_convnext_tiny_s42_std,isic2019,convnext_tiny,1,5,1.0,1,False,3.441759442039587,18.008937311719848,1.6335133881982997,0.6498415502962843,768,0.07524760546874998,0.8203744071219741,0.7021007735363934,0.11827363358558063,0.7490516812275794,0.6958784928375245,0.053173188390054915,0.3377902885292048
isic2019_convnext_tiny_s42_std,isic2019,convnext_tiny,1,10,1.0,1,False,3.441759442039587,18.008937311719848,1.6335133881982997,0.6498415502962843,768,0.05056973437500012,0.781680712655121,0.6975683765603671,0.08411233609475388,0.7233312164226497,0.689118957946154,0.03421225847649578,0.19162561576354675
isic2019_convnext_tiny_s42_std,isic2019,convnext_tiny,1,20,1.0,1,False,3.441759442039587,18.008937311719848,1.6335133881982997,0.6498415502962843,768,0.031663851562499956,0.7502717655607238,0.6918806089611806,0.05839115659954319,0.7080336760440089,0.6820853137728949,0.025948362271113967,0.10672061928219566
isic2019_convnext_tiny_s42_std,isic2019,convnext_tiny,1,50,1.0,1,False,3.441759442039587,18.008937311719848,1.6335133881982997,0.6498415502962843,768,0.015744914062500115,0.7194249440735083,0.6818619147081558,0.037563029365352496,0.6882219666672388,0.6682044197380612,0.020017546929177565,0.04776917663617171
isic2019_convnext_tiny_s42_std,isic2019,convnext_tiny,1,100,1.0,1,False,3.441759442039587,18.008937311719848,1.6335133881982997,0.6498415502962843,768,0.00878068359375006,0.7000180223477112,0.6715307358737782,0.02848728647393295,0.6731504208075156,0.6538109413460959,0.019339479461419784,0.02590429275158339
isic2019_convnext_tiny_s42_std,isic2019,convnext_tiny,1,200,1.0,1,False,3.441759442039587,18.008937311719848,1.6335133881982997,0.6498415502962843,768,0.004516078124999989,0.6818969808276548,0.6580870461435565,0.02380993468409831,0.6542298164009086,0.6357087643701791,0.018521052030729512,0.013831808585503168
isic2019_convnext_tiny_s43_std,isic2019,convnext_tiny,0,1,1.0,1,True,3.3088304426835182,17.843307797017008,1.7101006410442492,0.64386490999007,768,0.10231734765624989,0.8804006381264082,0.7202116338545511,0.16018900427185712,0.8804006381264082,0.7202116338545511,0.16018900427185712,0.7808496291301416
isic2019_convnext_tiny_s43_std,isic2019,convnext_tiny,0,5,1.0,1,False,3.3088304426835182,17.843307797017008,1.7101006410442492,0.64386490999007,768,0.062150121093750066,0.8026193882977265,0.7172865782141283,0.08533281008359817,0.7331916188345969,0.7122145746439871,0.02097704419060986,0.3310856372218476
isic2019_convnext_tiny_s43_std,isic2019,convnext_tiny,0,10,1.0,1,False,3.3088304426835182,17.843307797017008,1.7101006410442492,0.64386490999007,768,0.04255451562500001,0.7655762599433142,0.7143286246374075,0.0512476353059067,0.7134626032706719,0.7092065589902908,0.004256044280381066,0.1892784895482131
isic2019_convnext_tiny_s43_std,isic2019,convnext_tiny,0,20,1.0,1,False,3.3088304426835182,17.843307797017008,1.7101006410442492,0.64386490999007,768,0.027592582031250257,0.737221025278358,0.7107713564820377,0.02644966879632027,0.6995680037717438,0.7031733635422209,-0.0036053597704771567,0.10451786918408631
isic2019_convnext_tiny_s43_std,isic2019,convnext_tiny,0,50,1.0,1,False,3.3088304426835182,17.843307797017008,1.7101006410442492,0.64386490999007,768,0.014880242187499948,0.7088794960774962,0.702207880629123,0.006671615448373247,0.6802898979765253,0.6898854579678801,-0.009595559991354863,0.04600134861766689
isic2019_convnext_tiny_s43_std,isic2019,convnext_tiny,0,100,1.0,1,False,3.3088304426835182,17.843307797017008,1.7101006410442492,0.64386490999007,768,0.009136917968750158,0.6910898036829323,0.693222452984558,-0.002132649301625711,0.664846581034927,0.6767892186311025,-0.011942637596175532,0.02442346594740391
isic2019_convnext_tiny_s43_std,isic2019,convnext_tiny,0,200,1.0,1,False,3.3088304426835182,17.843307797017008,1.7101006410442492,0.64386490999007,768,0.00558054296874988,0.6736441184371386,0.6810444951740158,-0.007400376736877212,0.6472117603846301,0.6599526269717306,-0.012740866587100497,0.012886041807147672
isic2019_convnext_tiny_s43_std,isic2019,convnext_tiny,1,1,1.0,1,True,3.305461770659151,17.979093363814613,1.6511530136737362,0.6487646495864864,768,0.11061100390624967,0.8813600292934668,0.6977424359543662,0.18361759333910055,0.8813600292934668,0.6977424359543662,0.18361759333910055,0.7818437719915552
isic2019_convnext_tiny_s43_std,isic2019,convnext_tiny,1,5,1.0,1,False,3.305461770659151,17.979093363814613,1.6511530136737362,0.6487646495864864,768,0.06455023437500007,0.8118524112756962,0.7032479208810969,0.1086044903945993,0.7456960917251678,0.7012304765663975,0.044465615158770344,0.3386347642505278
isic2019_convnext_tiny_s43_std,isic2019,convnext_tiny,1,10,1.0,1,False,3.305461770659151,17.979093363814613,1.6511530136737362,0.6487646495864864,768,0.04384883203125001,0.7760337103722902,0.7005685026506367,0.07546520772165344,0.7223256838479715,0.6946052552231524,0.02772042862481905,0.19415904292751582
isic2019_convnext_tiny_s43_std,isic2019,convnext_tiny,1,20,1.0,1,False,3.305461770659151,17.979093363814613,1.6511530136737362,0.6487646495864864,768,0.02811889843749993,0.7476828410085649,0.6964911270825452,0.05119171392601962,0.7100890818901152,0.6888873356029582,0.021201746287156986,0.10774102744546096
isic2019_convnext_tiny_s43_std,isic2019,convnext_tiny,1,50,1.0,1,False,3.305461770659151,17.979093363814613,1.6511530136737362,0.6487646495864864,768,0.01472076562500002,0.7200085248565364,0.6874359269553586,0.032572597901177835,0.6921997562692024,0.6746596933265354,0.017540062942666967,0.04819141449683323
isic2019_convnext_tiny_s43_std,isic2019,convnext_tiny,1,100,1.0,1,False,3.305461770659151,17.979093363814613,1.6511530136737362,0.6487646495864864,768,0.008632781249999999,0.7023809523809523,0.6776913419842223,0.02468961039673001,0.677036668325867,0.6611447351830227,0.015891933142844206,0.026059113300492612
isic2019_convnext_tiny_s43_std,isic2019,convnext_tiny,1,200,1.0,1,False,3.305461770659151,17.979093363814613,1.6511530136737362,0.6487646495864864,768,0.004831726562499861,0.6854270724269523,0.6653221606390035,0.02010491178794882,0.6599955373234239,0.6449078718703573,0.015087665453066612,0.013852920478536243
isic2019_densenet121_s42_std,isic2019,densenet121,0,1,1.0,1,True,2.614843261353749,19.654364522438932,1.73327638696556,0.6141988913262166,1024,0.029652593749999956,0.8903028359346304,0.7142342218636824,0.1760686140709481,0.8903028359346304,0.7142342218636824,0.1760686140709481,0.7174645987862441
isic2019_densenet121_s42_std,isic2019,densenet121,0,5,1.0,1,False,2.614843261353749,19.654364522438932,1.73327638696556,0.6141988913262166,1024,0.019098343749999858,0.8387154690832141,0.7282072627200585,0.11050820636315561,0.7748425242175551,0.7276165302117483,0.04722599400580674,0.29804450438300745
isic2019_densenet121_s42_std,isic2019,densenet121,0,10,1.0,1,False,2.614843261353749,19.654364522438932,1.73327638696556,0.6141988913262166,1024,0.013916605468750065,0.8066104194420232,0.7299265374779011,0.07668388196412201,0.7572077035672582,0.7305873568939771,0.02662034667328106,0.17275792312879298
isic2019_densenet121_s42_std,isic2019,densenet121,0,20,1.0,1,False,2.614843261353749,19.654364522438932,1.73327638696556,0.6141988913262166,1024,0.009688195312500092,0.7808523702229605,0.7324224896013914,0.048429880621569055,0.7432459472942673,0.7319361722822013,0.011309775012065981,0.09669588671611601
isic2019_densenet121_s42_std,isic2019,densenet121,0,50,1.0,1,False,2.614843261353749,19.654364522438932,1.73327638696556,0.6141988913262166,1024,0.005689382812499977,0.754019812618895,0.7313268452881573,0.022692967330737668,0.7269391861147202,0.7242566496741674,0.0026825364405528296,0.04283209710047202
isic2019_densenet121_s42_std,isic2019,densenet121,0,100,1.0,1,False,2.614843261353749,19.654364522438932,1.73327638696556,0.6141988913262166,1024,0.003643730468749995,0.7377541678316312,0.7264436472654663,0.011310520566164883,0.7120564226545839,0.7145446067409302,-0.0024881840863463234,0.023256911665542813
isic2019_densenet121_s42_std,isic2019,densenet121,0,200,1.0,1,False,2.614843261353749,19.654364522438932,1.73327638696556,0.6141988913262166,1024,0.0022060859375000463,0.7216283187781305,0.7180618252347196,0.0035664935434108758,0.6951973312720315,0.7015928322548531,-0.0063955009828216,0.012538772757923127
isic2019_densenet121_s42_std,isic2019,densenet121,1,1,1.0,1,True,2.602998958080863,19.581264861507233,1.637173564227158,0.611914526922101,1024,0.028526953124999865,0.9009958062282946,0.737803507502371,0.16319229872592356,0.9009958062282946,0.737803507502371,0.16319229872592356,0.697396199859254
isic2019_densenet121_s42_std,isic2019,densenet121,1,5,1.0,1,False,2.602998958080863,19.581264861507233,1.637173564227158,0.611914526922101,1024,0.018604031249999986,0.8513056189675198,0.7440490874902006,0.10725653147731917,0.7832211942809083,0.739807246352976,0.043413947927932295,0.3035890218156228
isic2019_densenet121_s42_std,isic2019,densenet121,1,10,1.0,1,False,2.602998958080863,19.581264861507233,1.637173564227158,0.611914526922101,1024,0.013968953124999905,0.8155040822047911,0.7415272820968264,0.0739768001079647,0.7579927681753946,0.7338439989254916,0.024148769249903057,0.17424349049964816
isic2019_densenet121_s42_std,isic2019,densenet121,1,20,1.0,1,False,2.602998958080863,19.581264861507233,1.637173564227158,0.611914526922101,1024,0.010044261718749947,0.7850849338894514,0.7380118305566064,0.04707310333284509,0.744141306648816,0.7302161625796972,0.013925144069118711,0.09739619985925405
isic2019_densenet121_s42_std,isic2019,densenet121,1,50,1.0,1,False,2.602998958080863,19.581264861507233,1.637173564227158,0.611914526922101,1024,0.006156390624999952,0.7564522865496073,0.7301777872802329,0.02627449926937442,0.7282558944519776,0.7174741926111102,0.010781701840867353,0.04441942294159043
isic2019_densenet121_s42_std,isic2019,densenet121,1,100,1.0,1,False,2.602998958080863,19.581264861507233,1.637173564227158,0.611914526922101,1024,0.004083386718749971,0.7397959183673469,0.7210787296679441,0.018717188699402865,0.7145574798464381,0.7038454791156138,0.010712000730824345,0.024454609429978888
isic2019_densenet121_s42_std,isic2019,densenet121,1,200,1.0,1,False,2.602998958080863,19.581264861507233,1.637173564227158,0.611914526922101,1024,0.0027246601562501693,0.723484263343689,0.7093632989600294,0.014120964383659618,0.6971015487776271,0.6867890290501016,0.010312519727525449,0.01321252638986629
isic2019_densenet121_s43_std,isic2019,densenet121,0,1,1.0,1,True,2.613363596433705,19.758198586500328,1.7013238418052985,0.6174437058281352,1024,0.03264202734374999,0.8878029592838073,0.7098058735689398,0.1779970857148675,0.8878029592838073,0.7098058735689398,0.1779970857148675,0.7255563047875927
isic2019_densenet121_s43_std,isic2019,densenet121,0,5,1.0,1,False,2.613363596433705,19.758198586500328,1.7013238418052985,0.6174437058281352,1024,0.02131904296875009,0.8210916128041927,0.7096313714720539,0.11146024133213883,0.7503070023957151,0.7038942574506674,0.04641274494504777,0.29912339851652053
isic2019_densenet121_s43_std,isic2019,densenet121,0,10,1.0,1,False,2.613363596433705,19.758198586500328,1.7013238418052985,0.6174437058281352,1024,0.01606162890625007,0.7836085390523494,0.7069880938077502,0.07662044524459921,0.724498242959503,0.7010035300915993,0.023494712867903722,0.17437626432906272
isic2019_densenet121_s43_std,isic2019,densenet121,0,20,1.0,1,False,2.613363596433705,19.758198586500328,1.7013238418052985,0.6174437058281352,1024,0.01164642968749996,0.7515076010503867,0.7041374161102625,0.04737018494012424,0.7060054602568953,0.6978396068267508,0.00816585343014442,0.09696561024949428
isic2019_densenet121_s43_std,isic2019,densenet121,0,50,1.0,1,False,2.613363596433705,19.758198586500328,1.7013238418052985,0.6174437058281352,1024,0.0074223593750001315,0.7192696084074799,0.6991455118632819,0.020124096544198,0.6869672000833292,0.6886796770853001,-0.001712477001970858,0.043277140930546194
isic2019_densenet121_s43_std,isic2019,densenet121,0,100,1.0,1,False,2.613363596433705,19.758198586500328,1.7013238418052985,0.6174437058281352,1024,0.005207425781250108,0.6996694242060425,0.691560392028973,0.008109032177069486,0.6720282442204057,0.6773985456251466,-0.005370301404740818,0.02365475387727579
isic2019_densenet121_s43_std,isic2019,densenet121,0,200,1.0,1,False,2.613363596433705,19.758198586500328,1.7013238418052985,0.6174437058281352,1024,0.0036524765625000066,0.6823402354050513,0.6817653890824622,0.0005748463225890843,0.6550485447538225,0.6612942906346727,-0.006245745880850251,0.012757923128792988
isic2019_densenet121_s43_std,isic2019,densenet121,1,1,1.0,1,True,2.610556795402233,19.682806024327597,1.630454557908429,0.6150876882602374,1024,0.03060920312500004,0.8921233758431885,0.7107914083186685,0.18133196752451997,0.8921233758431885,0.7107914083186685,0.18133196752451997,0.7093596059113301
isic2019_densenet121_s43_std,isic2019,densenet121,1,5,1.0,1,False,2.610556795402233,19.682806024327597,1.630454557908429,0.6150876882602374,1024,0.02059598437500021,0.8327125635788377,0.7150414727343497,0.11767109084448801,0.7591656511216766,0.7104761826444967,0.04868946847717981,0.30696692470091486
isic2019_densenet121_s43_std,isic2019,densenet121,1,10,1.0,1,False,2.610556795402233,19.682806024327597,1.630454557908429,0.6150876882602374,1024,0.01568005078125012,0.7928617199613235,0.7117014511345383,0.08116026882678518,0.731798859156783,0.7029272130212874,0.028871646135495643,0.17804363124560166
isic2019_densenet121_s43_std,isic2019,densenet121,1,20,1.0,1,False,2.610556795402233,19.682806024327597,1.630454557908429,0.6150876882602374,1024,0.01155683203125002,0.7593487352889011,0.7054956169925826,0.05385311829631856,0.714803499196146,0.6940433311952809,0.02076016800086511,0.10063335679099225
isic2019_densenet121_s43_std,isic2019,densenet121,1,50,1.0,1,False,2.610556795402233,19.682806024327597,1.630454557908429,0.6150876882602374,1024,0.007495910156249841,0.726841283191157,0.6951658087046143,0.03167547448654273,0.6955281692155415,0.6815795821478107,0.013948587067730833,0.04608022519352569
isic2019_densenet121_s43_std,isic2019,densenet121,1,100,1.0,1,False,2.610556795402233,19.682806024327597,1.630454557908429,0.6150876882602374,1024,0.005419230468750036,0.7082496581475315,0.6851841192046445,0.023065538942886987,0.68144070075465,0.6678343722075117,0.01360632854713828,0.02505981703026038
isic2019_densenet121_s43_std,isic2019,densenet121,1,200,1.0,1,False,2.610556795402233,19.682806024327597,1.630454557908429,0.6150876882602374,1024,0.003997476562499935,0.6909482043448162,0.6729190993865434,0.018029104958272812,0.6623970866731891,0.650135135875971,0.012261950797218035,0.01360661505981703
isic2019_effb3_s42_std,isic2019,effb3,0,1,1.0,1,True,2.7530082963318145,26.478323699719457,1.8584710241624474,0.6756081490474536,1536,0.04786184375000002,0.8889213251539123,0.7504419766224404,0.13847934853147192,0.8889213251539123,0.7504419766224404,0.13847934853147192,0.7262306136210385
isic2019_effb3_s42_std,isic2019,effb3,0,5,1.0,1,False,2.7530082963318145,26.478323699719457,1.8584710241624474,0.6756081490474536,1536,0.029653023437500092,0.8304058462027641,0.760437227876853,0.06996861832591117,0.7790021325702131,0.7610708707368565,0.017931261833356582,0.30155091031692516
isic2019_effb3_s42_std,isic2019,effb3,0,10,1.0,1,False,2.7530082963318145,26.478323699719457,1.8584710241624474,0.6756081490474536,1536,0.021255851562500205,0.802097210115729,0.7618189412013754,0.0402782689143536,0.7646566233025782,0.7618976101794797,0.0027590131230985637,0.17471341874578558
isic2019_effb3_s42_std,isic2019,effb3,0,20,1.0,1,False,2.7530082963318145,26.478323699719457,1.8584710241624474,0.6756081490474536,1536,0.014320597656249934,0.781386883322643,0.7621364778039054,0.01925040551873769,0.7547215323805294,0.7596791449969391,-0.004957612616409701,0.09726904922454484
isic2019_effb3_s42_std,isic2019,effb3,0,50,1.0,1,False,2.7530082963318145,26.478323699719457,1.8584710241624474,0.6756081490474536,1536,0.007967855468750007,0.7619306064941971,0.759704891207955,0.002225715286242047,0.7426100137602859,0.7543296544858482,-0.011719640725562308,0.04401888064733648
isic2019_effb3_s42_std,isic2019,effb3,0,100,1.0,1,False,2.7530082963318145,26.478323699719457,1.8584710241624474,0.6756081490474536,1536,0.0048674960937500344,0.7505180665427693,0.755955956815022,-0.005437890272252721,0.7328284240360947,0.747498326496284,-0.014669902460189288,0.023715441672285908
isic2019_effb3_s42_std,isic2019,effb3,0,200,1.0,1,False,2.7530082963318145,26.478323699719457,1.8584710241624474,0.6756081490474536,1536,0.002892484375000004,0.7392576572427896,0.7497268040942197,-0.010469146851430078,0.7201563519343892,0.7354920100925147,-0.015335658158125542,0.012650033715441673
isic2019_effb3_s42_std,isic2019,effb3,1,1,1.0,1,True,2.747065487193672,26.44070537083265,1.7893234712373323,0.6746482978938194,1536,0.04633307812500009,0.9070332927115338,0.7534222543843779,0.15361103832715584,0.9070332927115338,0.7534222543843779,0.15361103832715584,0.7163969035890219
isic2019_effb3_s42_std,isic2019,effb3,1,5,1.0,1,False,2.747065487193672,26.44070537083265,1.7893234712373323,0.6746482978938194,1536,0.02964272265625001,0.8523397584433269,0.755543860226195,0.09679589821713186,0.7996401251837993,0.7538018957397935,0.04583822944400584,0.31203377902885293
isic2019_effb3_s42_std,isic2019,effb3,1,10,1.0,1,False,2.747065487193672,26.44070537083265,1.7893234712373323,0.6746482978938194,1536,0.021562601562500006,0.8233366517338643,0.7539499147520133,0.06938673698185094,0.7819767940818043,0.7499369548651657,0.032039839216638666,0.18296973961998592
isic2019_effb3_s42_std,isic2019,effb3,1,20,1.0,1,False,2.747065487193672,26.44070537083265,1.7893234712373323,0.6746482978938194,1536,0.014894691406250105,0.8009031198686372,0.7516953659084804,0.04920775396015675,0.771606792422604,0.7466668311322358,0.02493996129036824,0.10204081632653061
isic2019_effb3_s42_std,isic2019,effb3,1,50,1.0,1,False,2.747065487193672,26.44070537083265,1.7893234712373323,0.6746482978938194,1536,0.00875295703125012,0.7801316489589949,0.7466037859974014,0.03352786296159349,0.7599823781489047,0.7390931916736565,0.020889186475248178,0.046755805770584094
isic2019_effb3_s42_std,isic2019,effb3,1,100,1.0,1,False,2.747065487193672,26.44070537083265,1.7893234712373323,0.6746482978938194,1536,0.005699144531250089,0.7679737159792428,0.7408502321705618,0.027123483808681015,0.7495966426940835,0.7296720556551486,0.01992458703893496,0.02528501055594651
isic2019_effb3_s42_std,isic2019,effb3,1,200,1.0,1,False,2.747065487193672,26.44070537083265,1.7893234712373323,0.6746482978938194,1536,0.0037148710937500162,0.7558687057665792,0.7323062458540971,0.02356245991248207,0.7343420126671358,0.7156280665975912,0.018713946069544685,0.013578465869106264
isic2019_efficientnet_v2_s_s42_std,isic2019,efficientnet_v2_s,0,1,1.0,1,True,2.350138058198545,26.73699124437102,2.2244483844402576,0.7473216242028786,1280,0.023104843750000104,0.8378835474126825,0.7480046686462642,0.0898788787664182,0.8378835474126825,0.7480046686462642,0.0898788787664182,0.638570465273095
isic2019_efficientnet_v2_s_s42_std,isic2019,efficientnet_v2_s,0,5,1.0,1,False,2.350138058198545,26.73699124437102,2.2244483844402576,0.7473216242028786,1280,0.015890124999999977,0.7933517534770762,0.7498140551426626,0.043537698334413566,0.7599337203756393,0.7476756892832827,0.01225803109235668,0.2593391773432232
isic2019_efficientnet_v2_s_s42_std,isic2019,efficientnet_v2_s,0,10,1.0,1,False,2.350138058198545,26.73699124437102,2.2244483844402576,0.7473216242028786,1280,0.01208390234375012,0.7738968471950397,0.748227802475069,0.02566904471997067,0.7498506104413708,0.7453613909819605,0.004489219459410276,0.15198921105866486
isic2019_efficientnet_v2_s_s42_std,isic2019,efficientnet_v2_s,0,20,1.0,1,False,2.350138058198545,26.73699124437102,2.2244483844402576,0.7473216242028786,1280,0.008721824218750118,0.7601379317906463,0.7463454683807922,0.013792463409854072,0.7429992489405677,0.7426094070933672,0.0003898418472004783,0.08513149022252192
isic2019_efficientnet_v2_s_s42_std,isic2019,efficientnet_v2_s,0,50,1.0,1,False,2.350138058198545,26.73699124437102,2.2244483844402576,0.7473216242028786,1280,0.005376761718749901,0.7477797148167031,0.7432974030655155,0.004482311751187629,0.7360217971700957,0.7382425636360516,-0.0022207664659558146,0.03900202292650034
isic2019_efficientnet_v2_s_s42_std,isic2019,efficientnet_v2_s,0,100,1.0,1,False,2.350138058198545,26.73699124437102,2.2244483844402576,0.7473216242028786,1280,0.003579621093750207,0.7399497831795581,0.7393610934701887,0.0005886897093693166,0.7285811007132323,0.7320019681547977,-0.003420867441565334,0.021173297370195552
isic2019_efficientnet_v2_s_s42_std,isic2019,efficientnet_v2_s,0,200,1.0,1,False,2.350138058198545,26.73699124437102,2.2244483844402576,0.7473216242028786,1280,0.002278886718749873,0.7316264548350137,0.7331204979889349,-0.0014940431539212096,0.7130432160693826,0.7168460319367445,-0.003802815867361864,0.01160485502360081
isic2019_efficientnet_v2_s_s42_std,isic2019,efficientnet_v2_s,1,1,1.0,1,True,2.3674604783337543,26.818997283973918,2.162041263233958,0.7496137626918489,1280,0.025366671874999858,0.8451379710841443,0.7395948116595125,0.10554315942463188,0.8451379710841443,0.7395948116595125,0.10554315942463188,0.6354679802955665
isic2019_efficientnet_v2_s_s42_std,isic2019,efficientnet_v2_s,1,5,1.0,1,False,2.3674604783337543,26.818997283973918,2.162041263233958,0.7496137626918489,1280,0.017437902343749978,0.7988262588466841,0.7422961586325236,0.056530100214160495,0.7656737211284851,0.741142158555773,0.02453156257271205,0.26671358198451794
isic2019_efficientnet_v2_s_s42_std,isic2019,efficientnet_v2_s,1,10,1.0,1,False,2.3674604783337543,26.818997283973918,2.162041263233958,0.7496137626918489,1280,0.013363703125000015,0.7793749964241373,0.7423126051894369,0.037062391234700454,0.7549404118249486,0.7410640374104348,0.013876374414513837,0.1560872624912034
isic2019_efficientnet_v2_s_s42_std,isic2019,efficientnet_v2_s,1,20,1.0,1,False,2.3674604783337543,26.818997283973918,2.162041263233958,0.7496137626918489,1280,0.009831484375000032,0.765637962502074,0.7412422084436623,0.024395754058411767,0.7483908618115034,0.7388862391658306,0.009504622645672756,0.08859957776213934
isic2019_efficientnet_v2_s_s42_std,isic2019,efficientnet_v2_s,1,50,1.0,1,False,2.3674604783337543,26.818997283973918,2.162041263233958,0.7496137626918489,1280,0.006117218750000042,0.7523514872727897,0.7383736548086991,0.013977832464090567,0.7398989032114107,0.7330573052864716,0.006841597924939102,0.041463757916959894
isic2019_efficientnet_v2_s_s42_std,isic2019,efficientnet_v2_s,1,100,1.0,1,False,2.3674604783337543,26.818997283973918,2.162041263233958,0.7496137626918489,1280,0.004091925781250061,0.7442728983940086,0.7339563837310659,0.0103165146629427,0.7315986108488812,0.7258962002971344,0.005702410551746806,0.023103448275862068
isic2019_efficientnet_v2_s_s42_std,isic2019,efficientnet_v2_s,1,200,1.0,1,False,2.3674604783337543,26.818997283973918,2.162041263233958,0.7496137626918489,1280,0.0025998828125000095,0.7350142748436633,0.7270858345805306,0.007928440263132774,0.7164841546374647,0.7112519119122411,0.0052322427252236015,0.012755102040816327
isic2019_fm_conch_v1_5_s42_std,isic2019,fm_conch_v1_5,0,1,1.0,1,True,2.473696479812499,15.409333780342212,1.7945766787427146,0.5560364378820857,768,0.023291210937499973,0.7942371264575762,0.6366065349604939,0.15763059149708225,0.7942371264575762,0.6366065349604939,0.15763059149708225,0.5461901550910316
isic2019_fm_conch_v1_5_s42_std,isic2019,fm_conch_v1_5,0,5,1.0,1,False,2.473696479812499,15.409333780342212,1.7945766787427146,0.5560364378820857,768,0.015128574218750024,0.7218051192649485,0.6294734041640205,0.09233171510092797,0.6611200653476528,0.6211316317948542,0.039988433552798575,0.21119352663519894
isic2019_fm_conch_v1_5_s42_std,isic2019,fm_conch_v1_5,0,10,1.0,1,False,2.473696479812499,15.409333780342212,1.7945766787427146,0.5560364378820857,768,0.011505269531250195,0.6835696155343213,0.6232642762740084,0.060305339260312896,0.6358485601039422,0.6140471327302999,0.021801427373642324,0.12211732973701955
isic2019_fm_conch_v1_5_s42_std,isic2019,fm_conch_v1_5,0,20,1.0,1,False,2.473696479812499,15.409333780342212,1.7945766787427146,0.5560364378820857,768,0.008379847656249995,0.6540178938539217,0.6161883592797927,0.037829534574129076,0.6195582454813084,0.6039846552582345,0.015573590223073919,0.06877950101146325
isic2019_fm_conch_v1_5_s42_std,isic2019,fm_conch_v1_5,0,50,1.0,1,False,2.473696479812499,15.409333780342212,1.7945766787427146,0.5560364378820857,768,0.005401292968749916,0.6246744952277574,0.6035026289742137,0.021171866253543725,0.598994567154033,0.5895639163991921,0.009430650754840841,0.03130141604855024
isic2019_fm_conch_v1_5_s42_std,isic2019,fm_conch_v1_5,0,100,1.0,1,False,2.473696479812499,15.409333780342212,1.7945766787427146,0.5560364378820857,768,0.003831453125000106,0.6066490688507694,0.5924989844550099,0.014150084395759488,0.5832483594559479,0.5766750770955985,0.006573282360349375,0.017127444369521242
isic2019_fm_conch_v1_5_s42_std,isic2019,fm_conch_v1_5,0,200,1.0,1,False,2.473696479812499,15.409333780342212,1.7945766787427146,0.5560364378820857,768,0.002654187500000016,0.5903148967430335,0.5803153052642419,0.009999591478791592,0.5704433443525264,0.5633042115079842,0.007139132844542262,0.009369521240728254
isic2019_fm_conch_v1_5_s42_std,isic2019,fm_conch_v1_5,1,1,1.0,1,True,2.452172816836681,15.259420814618897,1.7146095326719313,0.550626919687375,768,0.02183089453125009,0.7994455982561233,0.6334199518664101,0.16602564638971318,0.7994455982561233,0.6334199518664101,0.16602564638971318,0.5594651653764954
isic2019_fm_conch_v1_5_s42_std,isic2019,fm_conch_v1_5,1,5,1.0,1,False,2.452172816836681,15.259420814618897,1.7146095326719313,0.550626919687375,768,0.014739496093750026,0.7170148126534045,0.6269139680607865,0.09010084459261802,0.6513562531825178,0.6200214901677,0.031334763014817746,0.2163265306122449
isic2019_fm_conch_v1_5_s42_std,isic2019,fm_conch_v1_5,1,10,1.0,1,False,2.452172816836681,15.259420814618897,1.7146095326719313,0.550626919687375,768,0.01134690234375002,0.6753989232362415,0.6210658465316953,0.054333076704546235,0.623506004588547,0.6096738647764091,0.013832139812137934,0.12498240675580578
isic2019_fm_conch_v1_5_s42_std,isic2019,fm_conch_v1_5,1,20,1.0,1,False,2.452172816836681,15.259420814618897,1.7146095326719313,0.550626919687375,768,0.00855037109375012,0.6441902244497463,0.6134853543410687,0.030704870108677618,0.6086890601488704,0.6019659117697044,0.0067231483791659885,0.07125263898662913
isic2019_fm_conch_v1_5_s42_std,isic2019,fm_conch_v1_5,1,50,1.0,1,False,2.452172816836681,15.259420814618897,1.7146095326719313,0.550626919687375,768,0.00590673828124999,0.6146779149001905,0.6018864200779567,0.012791494822233851,0.5881822030746697,0.5876382196053923,0.0005439834692774204,0.03269528501055595
isic2019_fm_conch_v1_5_s42_std,isic2019,fm_conch_v1_5,1,100,1.0,1,False,2.452172816836681,15.259420814618897,1.7146095326719313,0.550626919687375,768,0.004424570312499765,0.5957930691199945,0.5906671271702603,0.005125941949734258,0.5717747149322302,0.5740547341414075,-0.0022800192091773086,0.01800140745953554
isic2019_fm_conch_v1_5_s42_std,isic2019,fm_conch_v1_5,1,200,1.0,1,False,2.452172816836681,15.259420814618897,1.7146095326719313,0.550626919687375,768,0.0033202226562499826,0.5784344015150215,0.5781965253907427,0.00023787612427872418,0.5573539760731879,0.5623351917942645,-0.004981215721076571,0.010073891625615764
isic2019_fm_dinov2_vitb14_s42_std,isic2019,fm_dinov2_vitb14,0,1,1.0,1,True,2.3985697887466357,15.50465205328235,1.7088777603023857,0.5594759397908781,768,0.0209569140625,0.7590757583233283,0.5928179514025964,0.1662578069207319,0.7590757583233283,0.5928179514025964,0.1662578069207319,0.5994605529332434
isic2019_fm_dinov2_vitb14_s42_std,isic2019,fm_dinov2_vitb14,0,5,1.0,1,False,2.3985697887466357,15.50465205328235,1.7088777603023857,0.5594759397908781,768,0.01489156640625,0.6522485184393314,0.581789991017433,0.0704585274218984,0.5942182129171258,0.5772643792588524,0.01695383365827341,0.2287255563047876
isic2019_fm_dinov2_vitb14_s42_std,isic2019,fm_dinov2_vitb14,0,10,1.0,1,False,2.3985697887466357,15.50465205328235,1.7088777603023857,0.5594759397908781,768,0.012210406250000028,0.616007159734443,0.5783814787479331,0.03762568098650987,0.5762297912931927,0.5725900116144018,0.003639779678790922,0.13068105192178017
isic2019_fm_dinov2_vitb14_s42_std,isic2019,fm_dinov2_vitb14,0,20,1.0,1,False,2.3985697887466357,15.50465205328235,1.7088777603023857,0.5594759397908781,768,0.009888238281249961,0.5911797115273918,0.5739931801147709,0.017186531412620942,0.5650708024275118,0.5680157681239022,-0.002944965696390356,0.07349966284558328
isic2019_fm_dinov2_vitb14_s42_std,isic2019,fm_dinov2_vitb14,0,50,1.0,1,False,2.3985697887466357,15.50465205328235,1.7088777603023857,0.5594759397908781,768,0.007404105468750144,0.570274767144165,0.5670846134921589,0.0031901536520061446,0.5538158753131699,0.5603133599949652,-0.00649748468179534,0.03344571813890762
isic2019_fm_dinov2_vitb14_s42_std,isic2019,fm_dinov2_vitb14,0,100,1.0,1,False,2.3985697887466357,15.50465205328235,1.7088777603023857,0.5594759397908781,768,0.006022921874999976,0.5591431892066729,0.5619439533593084,-0.0028007641526354154,0.546160003070024,0.5544889949251357,-0.008328991855111711,0.01820633850303439
isic2019_fm_dinov2_vitb14_s42_std,isic2019,fm_dinov2_vitb14,0,200,1.0,1,False,2.3985697887466357,15.50465205328235,1.7088777603023857,0.5594759397908781,768,0.004966253906250051,0.5504662598884923,0.5566202090592335,-0.006153949170741191,0.5393100121156302,0.5483871429143566,-0.009077130798726407,0.009952798381658799
isic2019_fm_dinov2_vitb14_s42_std,isic2019,fm_dinov2_vitb14,1,1,1.0,1,True,2.445306899877538,15.622787102828896,1.6161464223270643,0.5637387712069049,768,0.021022972656249972,0.7741814135241986,0.5731844371714115,0.20099697635278702,0.7741814135241986,0.5731844371714115,0.20099697635278702,0.6108374384236454
isic2019_fm_dinov2_vitb14_s42_std,isic2019,fm_dinov2_vitb14,1,5,1.0,1,False,2.445306899877538,15.622787102828896,1.6161464223270643,0.5637387712069049,768,0.014668335937500054,0.666768221165674,0.5734009835041034,0.09336723766157062,0.6064376970300315,0.5707489762018322,0.035688720828199294,0.24081632653061225
isic2019_fm_dinov2_vitb14_s42_std,isic2019,fm_dinov2_vitb14,1,10,1.0,1,False,2.445306899877538,15.622787102828896,1.6161464223270643,0.5637387712069049,768,0.01176424609374993,0.6276568659423399,0.5704035985066527,0.05725326743568726,0.5859494344415647,0.5650324271280475,0.0209170073135172,0.13715693173821256
isic2019_fm_dinov2_vitb14_s42_std,isic2019,fm_dinov2_vitb14,1,20,1.0,1,False,2.445306899877538,15.622787102828896,1.6161464223270643,0.5637387712069049,768,0.009475414062499854,0.6019149459615638,0.5653216124204398,0.03659333354112404,0.574317868442583,0.5574354883805075,0.01688238006207554,0.07660098522167488
isic2019_fm_dinov2_vitb14_s42_std,isic2019,fm_dinov2_vitb14,1,50,1.0,1,False,2.445306899877538,15.622787102828896,1.6161464223270643,0.5637387712069049,768,0.006978878906250041,0.580422581143475,0.5574396000197359,0.022982981123739088,0.5634458156685719,0.5500564665120691,0.013389349156502806,0.034904996481351154
isic2019_fm_dinov2_vitb14_s42_std,isic2019,fm_dinov2_vitb14,1,100,1.0,1,False,2.445306899877538,15.622787102828896,1.6161464223270643,0.5637387712069049,768,0.005489195312499806,0.5698566222115423,0.5522013716428466,0.01765525056869577,0.5574927195436628,0.54506356594247,0.012429153601192788,0.01900774102744546
isic2019_fm_dinov2_vitb14_s42_std,isic2019,fm_dinov2_vitb14,1,200,1.0,1,False,2.445306899877538,15.622787102828896,1.6161464223270643,0.5637387712069049,768,0.004368097656250014,0.5610657214946534,0.5465245684149357,0.014541153079717706,0.5499633831665551,0.5383821521964377,0.011581230970117429,0.010404644616467276
isic2019_fm_dinov2_vitl14_s42_std,isic2019,fm_dinov2_vitl14,0,1,1.0,1,True,2.579254625082804,17.41842615990282,1.6710323086571839,0.5443258174969631,1024,0.028640800781249975,0.7677759869304694,0.5932213087085129,0.17455467822195658,0.7677759869304694,0.5932213087085129,0.17455467822195658,0.5893459204315576
isic2019_fm_dinov2_vitl14_s42_std,isic2019,fm_dinov2_vitl14,0,5,1.0,1,False,2.579254625082804,17.41842615990282,1.6710323086571839,0.5443258174969631,1024,0.01925308203124998,0.6661253008349368,0.5872496180978699,0.07887568273706691,0.6105112686325784,0.5838725734196117,0.02663869521296669,0.22346594740391099
isic2019_fm_dinov2_vitl14_s42_std,isic2019,fm_dinov2_vitl14,0,10,1.0,1,False,2.579254625082804,17.41842615990282,1.6710323086571839,0.5443258174969631,1024,0.015279792968749928,0.6315943840490327,0.5840871251780779,0.04750725887095475,0.591734782823216,0.5785316649788595,0.01320311784435646,0.12892784895482132
isic2019_fm_dinov2_vitl14_s42_std,isic2019,fm_dinov2_vitl14,0,20,1.0,1,False,2.579254625082804,17.41842615990282,1.6710323086571839,0.5443258174969631,1024,0.011910621093749851,0.607254850363743,0.5799119479583255,0.02734290240541759,0.5806292452675033,0.573818678017885,0.00681056724961826,0.07171274443695212
isic2019_fm_dinov2_vitl14_s42_std,isic2019,fm_dinov2_vitl14,0,50,1.0,1,False,2.579254625082804,17.41842615990282,1.6710323086571839,0.5443258174969631,1024,0.008648945312499934,0.5863732052694768,0.5737843497365305,0.012588855532946308,0.5682600639222846,0.5665482340959933,0.0017118298262912557,0.03247471341874579
isic2019_fm_dinov2_vitl14_s42_std,isic2019,fm_dinov2_vitl14,0,100,1.0,1,False,2.579254625082804,17.41842615990282,1.6710323086571839,0.5443258174969631,1024,0.006881652343750044,0.5740506225021792,0.5679056315545562,0.006144990947622997,0.558152284152646,0.5588086369955888,-0.0006563528429428533,0.017768037761294674
isic2019_fm_dinov2_vitl14_s42_std,isic2019,fm_dinov2_vitl14,0,200,1.0,1,False,2.579254625082804,17.41842615990282,1.6710323086571839,0.5443258174969631,1024,0.005593718750000032,0.5629642725961986,0.5609198262988964,0.0020444462973022715,0.5475250672938287,0.5503238301207783,-0.0027987628269496856,0.009747134187457858
isic2019_fm_dinov2_vitl14_s42_std,isic2019,fm_dinov2_vitl14,1,1,1.0,1,True,2.618390862276264,17.46276366330492,1.5824425813999339,0.5457113644782787,1024,0.031207996093750023,0.7699862114736559,0.5891252624596374,0.1808609490140185,0.7699862114736559,0.5891252624596374,0.1808609490140185,0.6052076002814919
isic2019_fm_dinov2_vitl14_s42_std,isic2019,fm_dinov2_vitl14,1,5,1.0,1,False,2.618390862276264,17.46276366330492,1.5824425813999339,0.5457113644782787,1024,0.020694867187500132,0.668476053163065,0.5845627134626032,0.08391333970046178,0.6086518711774028,0.5800590979611752,0.028592773216227663,0.23983110485573542
isic2019_fm_dinov2_vitl14_s42_std,isic2019,fm_dinov2_vitl14,1,10,1.0,1,False,2.618390862276264,17.46276366330492,1.5824425813999339,0.5457113644782787,1024,0.015936597656250107,0.6315202279397882,0.5816228914143491,0.04989733652543915,0.5923259127031805,0.5775729267744464,0.014752985928734086,0.1370865587614356
isic2019_fm_dinov2_vitl14_s42_std,isic2019,fm_dinov2_vitl14,1,20,1.0,1,False,2.618390862276264,17.46276366330492,1.5824425813999339,0.5457113644782787,1024,0.011974746093750155,0.6072086530154535,0.5781019576884913,0.029106695326962195,0.5797245727559316,0.5719276461139527,0.007796926641978841,0.07558057705840958
isic2019_fm_dinov2_vitl14_s42_std,isic2019,fm_dinov2_vitl14,1,50,1.0,1,False,2.618390862276264,17.46276366330492,1.5824425813999339,0.5457113644782787,1024,0.008199773437500113,0.5855074578191243,0.5712793776622864,0.014228080156837852,0.5669558824370792,0.5619980373775417,0.004957845059537447,0.034524982406755805
isic2019_fm_dinov2_vitl14_s42_std,isic2019,fm_dinov2_vitl14,1,100,1.0,1,False,2.618390862276264,17.46276366330492,1.5824425813999339,0.5457113644782787,1024,0.006218128906250064,0.573760033870571,0.5642950731597673,0.009464960710803605,0.5592720687938758,0.5542640439890576,0.005008024804818212,0.0190570021111893
isic2019_fm_dinov2_vitl14_s42_std,isic2019,fm_dinov2_vitl14,1,200,1.0,1,False,2.618390862276264,17.46276366330492,1.5824425813999339,0.5457113644782787,1024,0.004809515624999983,0.5638506033195448,0.5566871700409519,0.007163433278592923,0.5505197873935108,0.5456912761979946,0.004828511195516194,0.010404644616467276
isic2019_fm_uni_s42_std,isic2019,fm_uni,0,1,1.0,1,True,3.1160264883806743,18.30975606994757,1.5185278989758664,0.5721798771858616,1024,0.07804538671875005,0.8496647643482503,0.6497285205082874,0.1999362438399629,0.8496647643482503,0.6497285205082874,0.1999362438399629,0.6743088334457181
isic2019_fm_uni_s42_std,isic2019,fm_uni,0,5,1.0,1,False,3.1160264883806743,18.30975606994757,1.5185278989758664,0.5721798771858616,1024,0.04522572265625002,0.7541993541985319,0.6494195659760961,0.10477978822243583,0.6856405111589888,0.646126911656168,0.03951359950282085,0.2674308833445718
isic2019_fm_uni_s42_std,isic2019,fm_uni,0,10,1.0,1,False,3.1160264883806743,18.30975606994757,1.5185278989758664,0.5721798771858616,1024,0.030820941406249913,0.7151552280863335,0.6465874827643421,0.06856774532199139,0.6665666167787774,0.6405056555843531,0.026060961194424248,0.15320296695886715
isic2019_fm_uni_s42_std,isic2019,fm_uni,0,20,1.0,1,False,3.1160264883806743,18.30975606994757,1.5185278989758664,0.5721798771858616,1024,0.01981816015624993,0.6876867369482865,0.6428485607868042,0.044838176161482335,0.6553582882423564,0.6374518688888507,0.017906419353505676,0.08347943358057991
isic2019_fm_uni_s42_std,isic2019,fm_uni,0,50,1.0,1,False,3.1160264883806743,18.30975606994757,1.5185278989758664,0.5721798771858616,1024,0.010081597656250052,0.6645354669999836,0.6376077765000029,0.026927690499980672,0.6435976295029302,0.630411710521046,0.013185918981884148,0.037046527309507755
isic2019_fm_uni_s42_std,isic2019,fm_uni,0,100,1.0,1,False,3.1160264883806743,18.30975606994757,1.5185278989758664,0.5721798771858616,1024,0.005564375000000177,0.6513645160052409,0.6327417426179892,0.018622773387251712,0.633874973274345,0.6252238490013331,0.008651124273011956,0.019932569116655426
isic2019_fm_uni_s42_std,isic2019,fm_uni,0,200,1.0,1,False,3.1160264883806743,18.30975606994757,1.5185278989758664,0.5721798771858616,1024,0.0026458828125,0.6406728834651799,0.6277083583643718,0.012964525100808144,0.6257298159630281,0.6202133502686188,0.005516465694409334,0.01067093728927849
isic2019_fm_uni_s42_std,isic2019,fm_uni,1,1,1.0,1,True,3.084921802891618,18.14784702680579,1.4555133504827336,0.5671202195876809,1024,0.07268698437499987,0.8466426940835207,0.658683233831664,0.1879594602518566,0.8466426940835207,0.658683233831664,0.1879594602518566,0.6783954961294862
isic2019_fm_uni_s42_std,isic2019,fm_uni,1,5,1.0,1,False,3.084921802891618,18.14784702680579,1.4555133504827336,0.5671202195876809,1024,0.043802980468749975,0.7511528581154918,0.6582569938983274,0.09289586421716445,0.6792637155787462,0.655214380869365,0.024049334709381198,0.27797325826882474
isic2019_fm_uni_s42_std,isic2019,fm_uni,1,10,1.0,1,False,3.084921802891618,18.14784702680579,1.4555133504827336,0.5671202195876809,1024,0.030680265624999925,0.7088589851415755,0.6557886398149214,0.05307034532665411,0.6563338539789338,0.6513096941488633,0.00502415983007054,0.1565095003518649
isic2019_fm_uni_s42_std,isic2019,fm_uni,1,20,1.0,1,False,3.084921802891618,18.14784702680579,1.4555133504827336,0.5671202195876809,1024,0.0204560507812499,0.6794081804294468,0.6519675564253957,0.027440624004051117,0.645537609492914,0.6454286795059454,0.0001089299869686533,0.08613652357494722
isic2019_fm_uni_s42_std,isic2019,fm_uni,1,50,1.0,1,False,3.084921802891618,18.14784702680579,1.4555133504827336,0.5671202195876809,1024,0.011417757812499985,0.6552110331096274,0.6457987270364949,0.009412306073132481,0.6336214048277007,0.6376549402715874,-0.004033535443886738,0.038226600985221675
isic2019_fm_uni_s42_std,isic2019,fm_uni,1,100,1.0,1,False,3.084921802891618,18.14784702680579,1.4555133504827336,0.5671202195876809,1024,0.007152156249999986,0.6421777289553332,0.6394763964497365,0.0027013325055966764,0.6252124062408816,0.6287998399201794,-0.0035874336792978134,0.020527797325826883
isic2019_fm_uni_s42_std,isic2019,fm_uni,1,200,1.0,1,False,3.084921802891618,18.14784702680579,1.4555133504827336,0.5671202195876809,1024,0.004316851562499946,0.6317633865993832,0.6322522463255651,-0.000488859726181845,0.6184711899898732,0.6217552313756448,-0.003284041385771652,0.011006333567909922
isic2019_fm_virchow2_s42_std,isic2019,fm_virchow2,0,1,1.0,1,True,2.2856555610276366,29.094150481537252,1.6871323099526905,0.5750236381833896,2560,0.015045296874999892,0.7607327489323443,0.6026973447074372,0.15803540422490714,0.7607327489323443,0.6026973447074372,0.15803540422490714,0.5603506405933918
isic2019_fm_virchow2_s42_std,isic2019,fm_virchow2,0,5,1.0,1,False,2.2856555610276366,29.094150481537252,1.6871323099526905,0.5750236381833896,2560,0.009847964843750057,0.6662431678261489,0.5980058129223094,0.06823735490383953,0.6149586917312194,0.5939221777861692,0.02103651394505024,0.21591368846931897
isic2019_fm_virchow2_s42_std,isic2019,fm_virchow2,0,10,1.0,1,False,2.2856555610276366,29.094150481537252,1.6871323099526905,0.5750236381833896,2560,0.0073913945312500395,0.6334418806089612,0.5938435088080649,0.039598371800896315,0.5957107379570087,0.5869349421854528,0.00877579577155585,0.12299393122049901
isic2019_fm_virchow2_s42_std,isic2019,fm_virchow2,0,20,1.0,1,False,2.2856555610276366,29.094150481537252,1.6871323099526905,0.5750236381833896,2560,0.005498906250000046,0.6087857507030903,0.5867075173214786,0.022078233381611634,0.580015240476073,0.5759041211101766,0.004111119365896365,0.06780175320296697
isic2019_fm_virchow2_s42_std,isic2019,fm_virchow2,0,50,1.0,1,False,2.2856555610276366,29.094150481537252,1.6871323099526905,0.5750236381833896,2560,0.0035229843749999823,0.586358129258973,0.5756809872813717,0.010677141977601279,0.5675994605529332,0.5643741096102024,0.003225350942730798,0.030950775455158466
isic2019_fm_virchow2_s42_std,isic2019,fm_virchow2,0,100,1.0,1,False,2.2856555610276366,29.094150481537252,1.6871323099526905,0.5750236381833896,2560,0.002326328124999999,0.5738162590661645,0.5673706825034471,0.006445576562717381,0.5576068066816878,0.5559722627486655,0.0016345439330223144,0.017140930546190158
isic2019_fm_virchow2_s42_std,isic2019,fm_virchow2,0,200,1.0,1,False,2.2856555610276366,29.094150481537252,1.6871323099526905,0.5750236381833896,2560,0.0013465820312499321,0.562203619338958,0.5585425928150907,0.00366102652386735,0.5475826302430253,0.5462387646395817,0.0013438656034436836,0.00932906271072151
isic2019_fm_virchow2_s42_std,isic2019,fm_virchow2,1,1,1.0,1,True,2.2333497105779636,28.76540983102859,1.6073869021441283,0.5685263305890599,2560,0.013703730468749842,0.7762353890252485,0.6007858713111743,0.17544951771407413,0.7762353890252485,0.6007858713111743,0.17544951771407413,0.5798733286418015
isic2019_fm_virchow2_s42_std,isic2019,fm_virchow2,1,5,1.0,1,False,2.2333497105779636,28.76540983102859,1.6073869021441283,0.5685263305890599,2560,0.009642132812499926,0.6755162115308697,0.5930409135514146,0.08247529797945508,0.6160567675346,0.5860936138019506,0.02996315373264946,0.22575650950035187
isic2019_fm_virchow2_s42_std,isic2019,fm_virchow2,1,10,1.0,1,False,2.2333497105779636,28.76540983102859,1.6073869021441283,0.5685263305890599,2560,0.007874097656250134,0.6370585239983294,0.5866884309436486,0.050370093054680765,0.5928093693322577,0.5777373923435796,0.015071976988678126,0.1271639690358902
isic2019_fm_virchow2_s42_std,isic2019,fm_virchow2,1,20,1.0,1,False,2.2333497105779636,28.76540983102859,1.6073869021441283,0.5685263305890599,2560,0.00629860156249995,0.6088678532809255,0.5792600694044702,0.02960778387645535,0.577626256558132,0.5695100022476961,0.008116254310435944,0.07023223082336384
isic2019_fm_virchow2_s42_std,isic2019,fm_virchow2,1,50,1.0,1,False,2.2333497105779636,28.76540983102859,1.6073869021441283,0.5685263305890599,2560,0.004625550781250043,0.5838940285954584,0.5689083323739509,0.014985696221507472,0.5623001092783623,0.5578781748707575,0.004421934407604744,0.031780436312456015
isic2019_fm_virchow2_s42_std,isic2019,fm_virchow2,1,100,1.0,1,False,2.2333497105779636,28.76540983102859,1.6073869021441283,0.5685263305890599,2560,0.0037346054687499297,0.5696291973475681,0.5606233793288709,0.009005818018697265,0.553420527167974,0.5504319962282562,0.0029885309397177373,0.01729767769176636
isic2019_fm_virchow2_s42_std,isic2019,fm_virchow2,1,200,1.0,1,False,2.2333497105779636,28.76540983102859,1.6073869021441283,0.5685263305890599,2560,0.00304062890625012,0.5579389872012724,0.5523302030053342,0.005608784195938243,0.5425212978378904,0.5403845205006332,0.0021367773372571452,0.009437016185784658
isic2019_mobilenet_v3_large_s42_std,isic2019,mobilenet_v3_large,0,1,1.0,1,True,2.7460636300523547,19.185584683703613,1.8147814783768867,0.6192120830603015,960,0.043542601562499894,0.8664306585749607,0.6943324007483566,0.17209825782660415,0.8664306585749607,0.6943324007483566,0.17209825782660415,0.6749831422791639
isic2019_mobilenet_v3_large_s42_std,isic2019,mobilenet_v3_large,0,5,1.0,1,False,2.7460636300523547,19.185584683703613,1.8147814783768867,0.6192120830603015,960,0.02698300390625019,0.8024741103783256,0.6950490036216337,0.10742510675669192,0.7361752983679534,0.6913830292419744,0.044792269125979,0.27390424814565073
isic2019_mobilenet_v3_large_s42_std,isic2019,mobilenet_v3_large,0,10,1.0,1,False,2.7460636300523547,19.185584683703613,1.8147814783768867,0.6192120830603015,960,0.019331273437500074,0.7683762862578053,0.6949245636017233,0.07345172265608202,0.7206949766733001,0.6935557233827089,0.027139253290591192,0.15873229939312206
isic2019_mobilenet_v3_large_s42_std,isic2019,mobilenet_v3_large,0,20,1.0,1,False,2.7460636300523547,19.185584683703613,1.8147814783768867,0.6192120830603015,960,0.013112019531250074,0.7421741800020832,0.6945998752739111,0.047574304728172145,0.7084326979480179,0.6922884376627018,0.016144260285316125,0.08799730276466622
isic2019_mobilenet_v3_large_s42_std,isic2019,mobilenet_v3_large,0,50,1.0,1,False,2.7460636300523547,19.185584683703613,1.8147814783768867,0.6192120830603015,960,0.007236503906249858,0.7178826154411241,0.692075316249292,0.02580729919183211,0.6932388204529382,0.6857961014515142,0.007442719001424014,0.040269723533378286
isic2019_mobilenet_v3_large_s42_std,isic2019,mobilenet_v3_large,0,100,1.0,1,False,2.7460636300523547,19.185584683703613,1.8147814783768867,0.6192120830603015,960,0.004281652343749998,0.7031040135081054,0.6883721528981651,0.01473186060994025,0.6828583019478206,0.6804523323206491,0.0024059696271715447,0.02205664194200944
isic2019_mobilenet_v3_large_s42_std,isic2019,mobilenet_v3_large,0,200,1.0,1,False,2.7460636300523547,19.185584683703613,1.8147814783768867,0.6192120830603015,960,0.0022643046875001627,0.6902112834344797,0.6828038195934387,0.007407463841040962,0.670378106343437,0.6724724372507623,-0.002094330907325359,0.012056641942009443
isic2019_mobilenet_v3_large_s42_std,isic2019,mobilenet_v3_large,1,1,1.0,1,True,2.7271869398163395,19.156374963324893,1.7487998965066427,0.6182693433888502,960,0.03587063671874979,0.8704007254710127,0.7092344675975418,0.16116625787347083,0.8704007254710127,0.7092344675975418,0.16116625787347083,0.6805066854327938
isic2019_mobilenet_v3_large_s42_std,isic2019,mobilenet_v3_large,1,5,1.0,1,False,2.7271869398163395,19.156374963324893,1.7487998965066427,0.6182693433888502,960,0.02316973046875004,0.7991352133788755,0.7091536053593847,0.08998160801949084,0.7317030260380014,0.7044800421031857,0.027222983934815703,0.2750175932441943
isic2019_mobilenet_v3_large_s42_std,isic2019,mobilenet_v3_large,1,10,1.0,1,False,2.7271869398163395,19.156374963324893,1.7487998965066427,0.6182693433888502,960,0.016806476562499895,0.7633680048975015,0.706581089748861,0.05678691514864043,0.7133702934495918,0.7001806380167646,0.01318965543282724,0.15784658691062634
isic2019_mobilenet_v3_large_s42_std,isic2019,mobilenet_v3_large,1,20,1.0,1,False,2.7271869398163395,19.156374963324893,1.7487998965066427,0.6182693433888502,960,0.011729945312500045,0.7355949949365785,0.7021624481248184,0.03343254681176011,0.7013768501513306,0.6950493122598117,0.006327537891518853,0.08937368050668544
isic2019_mobilenet_v3_large_s42_std,isic2019,mobilenet_v3_large,1,50,1.0,1,False,2.7271869398163395,19.156374963324893,1.7487998965066427,0.6182693433888502,960,0.006986882812499928,0.7119957318503516,0.6954508823577784,0.016544849492573177,0.690426128399215,0.6853060978350849,0.005120030564130129,0.04218156228008445
isic2019_mobilenet_v3_large_s42_std,isic2019,mobilenet_v3_large,1,100,1.0,1,False,2.7271869398163395,19.156374963324893,1.7487998965066427,0.6182693433888502,960,0.004441886718749899,0.6988923407882918,0.688270589718709,0.010621751069582741,0.6806625930439459,0.6762207456868905,0.0044418473570554395,0.023448275862068966
isic2019_mobilenet_v3_large_s42_std,isic2019,mobilenet_v3_large,1,200,1.0,1,False,2.7271869398163395,19.156374963324893,1.7487998965066427,0.6182693433888502,960,0.0026619296875000087,0.687496781723623,0.6793359976755533,0.008160784048069747,0.6678223854722714,0.6632389300966509,0.004583455375620438,0.012846586910626321
isic2019_regnet_y_3_2gf_s42_std,isic2019,regnet_y_3_2gf,0,1,1.0,1,True,3.634408069492808,23.08786711273307,1.6816763237811645,0.5937558731623872,1512,0.13496987500000002,0.8891625413219743,0.6980055268532981,0.19115701446867617,0.8891625413219743,0.6980055268532981,0.19115701446867617,0.7457855697909642
isic2019_regnet_y_3_2gf_s42_std,isic2019,regnet_y_3_2gf,0,5,1.0,1,False,3.634408069492808,23.08786711273307,1.6816763237811645,0.5937558731623872,1512,0.07693633203125017,0.8323163878975269,0.705539154265575,0.12677723363195192,0.7491954892576572,0.7004914665613933,0.04870402269626395,0.3113958192852327
isic2019_regnet_y_3_2gf_s42_std,isic2019,regnet_y_3_2gf,0,10,1.0,1,False,3.634408069492808,23.08786711273307,1.6816763237811645,0.5937558731623872,1512,0.051060351562499995,0.7915316678453366,0.7049412700319825,0.08659039781335409,0.7206716773843396,0.6984246179548355,0.022247059429504112,0.18031018206338506
isic2019_regnet_y_3_2gf_s42_std,isic2019,regnet_y_3_2gf,0,20,1.0,1,False,3.634408069492808,23.08786711273307,1.6816763237811645,0.5937558731623872,1512,0.03156765234375003,0.756116748625342,0.702635553800999,0.05348119482434299,0.7017992533263161,0.6944282338671381,0.007371019459177952,0.099527983816588
isic2019_regnet_y_3_2gf_s42_std,isic2019,regnet_y_3_2gf,0,50,1.0,1,False,3.634408069492808,23.08786711273307,1.6816763237811645,0.5937558731623872,1512,0.015375546874999868,0.7162091782751947,0.6933840819759359,0.022825096299258774,0.671341600469275,0.6741030306151056,-0.0027614301458305235,0.04442346594740391
isic2019_regnet_y_3_2gf_s42_std,isic2019,regnet_y_3_2gf,0,100,1.0,1,False,3.634408069492808,23.08786711273307,1.6816763237811645,0.5937558731623872,1512,0.008223347656250102,0.6879759222406789,0.6787516520485402,0.009224270192138784,0.6459604515128091,0.651143131769108,-0.005182680256298866,0.02377612946729602
isic2019_regnet_y_3_2gf_s42_std,isic2019,regnet_y_3_2gf,0,200,1.0,1,False,3.634408069492808,23.08786711273307,1.6816763237811645,0.5937558731623872,1512,0.003829433593749876,0.6600195165808704,0.6583520708535727,0.0016674457272977117,0.6197775329068193,0.6245472957896363,-0.004769762882817052,0.012734322319622385
isic2019_regnet_y_3_2gf_s42_std,isic2019,regnet_y_3_2gf,1,1,1.0,1,True,3.6139319657234483,23.13646680200372,1.5946154557972294,0.5950057223059836,1512,0.13415375000000007,0.9009314407007547,0.7135434655088291,0.18738797519192563,0.9009314407007547,0.7135434655088291,0.18738797519192563,0.7318789584799437
isic2019_regnet_y_3_2gf_s42_std,isic2019,regnet_y_3_2gf,1,5,1.0,1,False,3.6139319657234483,23.13646680200372,1.5946154557972294,0.5950057223059836,1512,0.08026567578125021,0.8425719320528884,0.7109545033413921,0.1316174287114963,0.7602927630261525,0.7040592843554868,0.05623347867066564,0.3103448275862069
isic2019_regnet_y_3_2gf_s42_std,isic2019,regnet_y_3_2gf,1,10,1.0,1,False,3.6139319657234483,23.13646680200372,1.5946154557972294,0.5950057223059836,1512,0.054831765624999806,0.8034505644141593,0.7073376313668733,0.09611293304728596,0.7292042132243982,0.6968337636849059,0.03237044953949231,0.18036593947923998
isic2019_regnet_y_3_2gf_s42_std,isic2019,regnet_y_3_2gf,1,20,1.0,1,False,3.6139319657234483,23.13646680200372,1.5946154557972294,0.5950057223059836,1512,0.035522886718749924,0.7661400136168849,0.701684127427923,0.06445588618896192,0.7091479148429767,0.6865628888925437,0.02258502595043299,0.10151301900070372
isic2019_regnet_y_3_2gf_s42_std,isic2019,regnet_y_3_2gf,1,50,1.0,1,False,3.6139319657234483,23.13646680200372,1.5946154557972294,0.5950057223059836,1512,0.01950919140625007,0.7245541614459072,0.6849826488824564,0.03957151256345082,0.6795569363153167,0.6606842315894501,0.01887270472586655,0.0464039408866995
isic2019_regnet_y_3_2gf_s42_std,isic2019,regnet_y_3_2gf,1,100,1.0,1,False,3.6139319657234483,23.13646680200372,1.5946154557972294,0.5950057223059836,1512,0.012398402343749892,0.6962776700251169,0.6670531607541295,0.02922450927098741,0.6534531390352609,0.6373959070002029,0.016057232035058044,0.02532723434201267
isic2019_regnet_y_3_2gf_s42_std,isic2019,regnet_y_3_2gf,1,200,1.0,1,False,3.6139319657234483,23.13646680200372,1.5946154557972294,0.5950057223059836,1512,0.008028531250000137,0.667257399174977,0.6459152234812975,0.021342175693679466,0.6226921382514318,0.6123203898930426,0.010371748358389166,0.01367698803659395
isic2019_resnet18_s42_std,isic2019,resnet18,0,1,1.0,1,True,2.54819308343162,15.700474608234986,2.0231890463420537,0.6938695039581351,512,0.032820214843750195,0.8533227527150524,0.6921382514317754,0.161184501283277,0.8533227527150524,0.6921382514317754,0.161184501283277,0.638570465273095
isic2019_resnet18_s42_std,isic2019,resnet18,0,5,1.0,1,False,2.54819308343162,15.700474608234986,2.0231890463420537,0.6938695039581351,512,0.02281208593750017,0.7897348815025574,0.697836746136638,0.0918981353659194,0.734563535790449,0.6954537912726066,0.039109744517842326,0.2596089008766015
isic2019_resnet18_s42_std,isic2019,resnet18,0,10,1.0,1,False,2.54819308343162,15.700474608234986,2.0231890463420537,0.6938695039581351,512,0.017929355468750074,0.7596678343722075,0.6975277916044467,0.06214004276776086,0.7176729218404794,0.6956640519959035,0.02200886984457584,0.15354012137559
isic2019_resnet18_s42_std,isic2019,resnet18,0,20,1.0,1,False,2.54819308343162,15.700474608234986,2.0231890463420537,0.6938695039581351,512,0.013774339843749761,0.7365508280841406,0.6977995571651705,0.03875127091897013,0.7067099211113487,0.6964035403900837,0.010306380721264996,0.08860418071476735
isic2019_resnet18_s42_std,isic2019,resnet18,0,50,1.0,1,False,2.54819308343162,15.700474608234986,2.0231890463420537,0.6938695039581351,512,0.009521609374999906,0.7159501450038102,0.6977852537146061,0.018164891289204066,0.696236205450389,0.6952063415778422,0.0010298638725467768,0.040525960890087656
isic2019_resnet18_s42_std,isic2019,resnet18,0,100,1.0,1,False,2.54819308343162,15.700474608234986,2.0231890463420537,0.6938695039581351,512,0.007304164062499896,0.7042429375743522,0.6956769251014114,0.008566012472940754,0.686520401953851,0.6902644994078372,-0.0037440974539861838,0.02225893459204316
isic2019_resnet18_s42_std,isic2019,resnet18,0,200,1.0,1,False,2.54819308343162,15.700474608234986,2.0231890463420537,0.6938695039581351,512,0.005821164062500106,0.6928112099731921,0.6918564734556565,0.000954736517535637,0.6743855840446469,0.6822617188170474,-0.007876134772400567,0.012063385030343897
isic2019_resnet18_s42_std,isic2019,resnet18,1,1,1.0,1,True,2.538237179380244,15.687843831422704,1.937851510984718,0.6933112972121589,512,0.030168546875000146,0.8526630164260827,0.688592668124928,0.16407034830115463,0.8526630164260827,0.688592668124928,0.16407034830115463,0.6361717100633357
isic2019_resnet18_s42_std,isic2019,resnet18,1,5,1.0,1,False,2.538237179380244,15.687843831422704,1.937851510984718,0.6933112972121589,512,0.019837863281250145,0.7931377765572166,0.6995584099468776,0.09357936661033905,0.7363373440208716,0.7012195121951219,0.03511783182574968,0.26544686840253345
isic2019_resnet18_s42_std,isic2019,resnet18,1,10,1.0,1,False,2.538237179380244,15.687843831422704,1.937851510984718,0.6933112972121589,512,0.014968722656249933,0.7611652735105817,0.6998969349100099,0.06126833860057179,0.7179116390037933,0.6963431080703255,0.021568530933467778,0.1537649542575651
isic2019_resnet18_s42_std,isic2019,resnet18,1,20,1.0,1,False,2.538237179380244,15.687843831422704,1.937851510984718,0.6933112972121589,512,0.010972285156249928,0.7368737234170372,0.6973518302276752,0.039521893189361945,0.7076403311534875,0.6921670531607541,0.015473277992733347,0.08852920478536243
isic2019_resnet18_s42_std,isic2019,resnet18,1,50,1.0,1,False,2.538237179380244,15.687843831422704,1.937851510984718,0.6933112972121589,512,0.006960855468750027,0.7163382594417077,0.6930798370694429,0.02325842237226483,0.6986148538473421,0.686948012433597,0.011666841413745077,0.04132301196340605
isic2019_resnet18_s42_std,isic2019,resnet18,1,100,1.0,1,False,2.538237179380244,15.687843831422704,1.937851510984718,0.6933112972121589,512,0.004830750000000217,0.7054790797732045,0.6881321645313554,0.01734691524184906,0.6910397464284284,0.6782135201662198,0.012826226262208529,0.023061224489795914
isic2019_resnet18_s42_std,isic2019,resnet18,1,200,1.0,1,False,2.538237179380244,15.687843831422704,1.937851510984718,0.6933112972121589,512,0.003265917968749976,0.696346326587826,0.6809738006348371,0.01537252595298888,0.6799345474102172,0.6672477783442703,0.012686769065946901,0.012783251231527093
isic2019_resnet18_s43_std,isic2019,resnet18,0,1,1.0,1,True,2.5248184519799617,15.607578483053365,1.964815541848131,0.6897640364542676,512,0.03005580078125003,0.8567861234917137,0.6917978293083423,0.16498829418337135,0.8567861234917137,0.6917978293083423,0.16498829418337135,0.6513823331085637
isic2019_resnet18_s43_std,isic2019,resnet18,0,5,1.0,1,False,2.5248184519799617,15.607578483053365,1.964815541848131,0.6897640364542676,512,0.020034808593749953,0.7898568601329978,0.6961560906953194,0.09370076943767847,0.7349376949602268,0.6951920381272778,0.03974565683294895,0.2602832097100472
isic2019_resnet18_s43_std,isic2019,resnet18,0,10,1.0,1,False,2.5248184519799617,15.607578483053365,1.964815541848131,0.6897640364542676,512,0.015150406250000192,0.7599241265507732,0.6969670963423216,0.06295703020845167,0.7183444895811062,0.6957055320025403,0.022638957578565932,0.15475387727579232
isic2019_resnet18_s43_std,isic2019,resnet18,0,20,1.0,1,False,2.5248184519799617,15.607578483053365,1.964815541848131,0.6897640364542676,512,0.011143792968750121,0.7367851915201552,0.6973218219163191,0.03946336960383612,0.705973937689478,0.6949374367072313,0.011036500982246733,0.08769386378961565
isic2019_resnet18_s43_std,isic2019,resnet18,0,50,1.0,1,False,2.5248184519799617,15.607578483053365,1.964815541848131,0.6897640364542676,512,0.007274589843750068,0.7148016271126972,0.695250682274592,0.019550944838105266,0.693197704060655,0.6900299228185808,0.0031677812420741747,0.0402832097100472
isic2019_resnet18_s43_std,isic2019,resnet18,0,100,1.0,1,False,2.5248184519799617,15.607578483053365,1.964815541848131,0.6897640364542676,512,0.005157609375000094,0.7012140300094842,0.6915818472048197,0.00963218280466449,0.6804132471533751,0.6836262680008925,-0.0032130208475174005,0.022137559002022925
isic2019_resnet18_s43_std,isic2019,resnet18,0,200,1.0,1,False,2.5248184519799617,15.607578483053365,1.964815541848131,0.6897640364542676,512,0.003623929687499805,0.6873495825315636,0.6858089745570222,0.0015406079745414747,0.6646108470525028,0.6724080717232225,-0.007797224670719638,0.012080242751180041
isic2019_resnet18_s43_std,isic2019,resnet18,1,1,1.0,1,True,2.536480344707922,15.680590466558575,1.8915377736791503,0.6929907407445436,512,0.028195375000000023,0.8577908034534251,0.698751158111716,0.1590396453417091,0.8577908034534251,0.698751158111716,0.1590396453417091,0.6418015482054891
isic2019_resnet18_s43_std,isic2019,resnet18,1,5,1.0,1,False,2.536480344707922,15.680590466558575,1.8915377736791503,0.6929907407445436,512,0.018192167968750006,0.7946768278379476,0.7018472224506466,0.092829605387301,0.7377290697607891,0.7001628209134417,0.03756624884734738,0.2600985221674877
isic2019_resnet18_s43_std,isic2019,resnet18,1,10,1.0,1,False,2.536480344707922,15.680590466558575,1.8915377736791503,0.6929907407445436,512,0.013501535156250077,0.7623739150832747,0.7009947425839734,0.06137917249930125,0.7204991332108958,0.6975848231172804,0.02291431009361533,0.1525686136523575
isic2019_resnet18_s43_std,isic2019,resnet18,1,20,1.0,1,False,2.536480344707922,15.680590466558575,1.8915377736791503,0.6929907407445436,512,0.009494874999999903,0.7394011431317691,0.6994981059048622,0.03990303722690691,0.7102478501913801,0.6936993240465109,0.016548526144869236,0.0870865587614356
isic2019_resnet18_s43_std,isic2019,resnet18,1,50,1.0,1,False,2.536480344707922,15.680590466558575,1.8915377736791503,0.6929907407445436,512,0.0054395273437500835,0.7186296722221268,0.6942859179097522,0.024343754312374566,0.6979626165016048,0.6851512260908179,0.012811390410786938,0.04084447572132301
isic2019_resnet18_s43_std,isic2019,resnet18,1,100,1.0,1,False,2.536480344707922,15.680590466558575,1.8915377736791503,0.6929907407445436,512,0.00331232031249995,0.7062428840333442,0.6874770433476418,0.018765840685702417,0.6870490837209569,0.6741005103914829,0.012948573329473967,0.022850105559465164
isic2019_resnet18_s43_std,isic2019,resnet18,1,200,1.0,1,False,2.536480344707922,15.680590466558575,1.8915377736791503,0.6929907407445436,512,0.001850773437500175,0.6933082736879445,0.6771773870806813,0.01613088660726314,0.6704041582991481,0.6575018228267245,0.012902335472423587,0.012656579873328641
isic2019_resnet50_s42_std,isic2019,resnet50,0,1,1.0,1,True,2.332996523415995,34.495327089267846,2.1070399224489327,0.7622462407521656,2048,0.0184291523437502,0.851342313153408,0.7226775487318561,0.12866476442155195,0.851342313153408,0.7226775487318561,0.12866476442155195,0.5940660822656777
isic2019_resnet50_s42_std,isic2019,resnet50,0,5,1.0,1,False,2.332996523415995,34.495327089267846,2.1070399224489327,0.7622462407521656,2048,0.011642937500000117,0.7987818583512875,0.7284847496610082,0.07029710869027928,0.7556041642682104,0.7256555271393671,0.029948637128843325,0.2442346594740391
isic2019_resnet50_s42_std,isic2019,resnet50,0,10,1.0,1,False,2.332996523415995,34.495327089267846,2.1070399224489327,0.7622462407521656,2048,0.008233644531249973,0.7759279969738335,0.7294430808488239,0.0464849161250096,0.7429855434764732,0.726306334140048,0.016679209336425194,0.14484153742414027
isic2019_resnet50_s42_std,isic2019,resnet50,0,20,1.0,1,False,2.332996523415995,34.495327089267846,2.1070399224489327,0.7622462407521656,2048,0.0053286679687502,0.7564717201453875,0.7275793412402808,0.028892378905106764,0.7296460152733691,0.7221225748499568,0.007523440423412353,0.08280512474713418
isic2019_resnet50_s42_std,isic2019,resnet50,0,50,1.0,1,False,2.332996523415995,34.495327089267846,2.1070399224489327,0.7622462407521656,2048,0.0023599921875001595,0.7346676973175665,0.7217435334099999,0.012924163907566677,0.7115794725040979,0.710642625426958,0.000936847077139924,0.038813216453135534
isic2019_resnet50_s42_std,isic2019,resnet50,0,100,1.0,1,False,2.332996523415995,34.495327089267846,2.1070399224489327,0.7622462407521656,2048,0.0007177304687500108,0.7186185988629947,0.7134375196672446,0.005181079195750171,0.693804856120038,0.6959172230708937,-0.002112366950855704,0.021611598111935266
isic2019_resnet50_s42_std,isic2019,resnet50,0,200,1.0,1,False,2.332996523415995,34.495327089267846,2.1070399224489327,0.7622462407521656,2048,-0.0005465820312499092,0.700324545389756,0.6994086953536671,0.00091585003608885,0.67022323459917,0.674078714749146,-0.003855480149976054,0.01184423465947404
isic2019_resnet50_s42_std,isic2019,resnet50,1,1,1.0,1,True,2.3482582961256293,34.63227774354354,2.0597973706629764,0.7652724512623619,2048,0.022304382812499912,0.8485707992196038,0.7338467400183105,0.11472405920129325,0.8485707992196038,0.7338467400183105,0.11472405920129325,0.5784658691062632
isic2019_resnet50_s42_std,isic2019,resnet50,1,5,1.0,1,False,2.3482582961256293,34.63227774354354,2.0597973706629764,0.7652724512623619,2048,0.015539464843749795,0.804191483153396,0.7347033315242121,0.06948815162918387,0.7626199344329826,0.7281781600688563,0.03444177436412632,0.247009148486981
isic2019_resnet50_s42_std,isic2019,resnet50,1,10,1.0,1,False,2.3482582961256293,34.63227774354354,2.0597973706629764,0.7652724512623619,2048,0.011894527343749961,0.7797969482157876,0.7320499536755314,0.047746994540256216,0.7452898737291385,0.7256782834180331,0.019611590311105376,0.14560168895144268
isic2019_resnet50_s42_std,isic2019,resnet50,1,20,1.0,1,False,2.3482582961256293,34.63227774354354,2.0597973706629764,0.7652724512623619,2048,0.00873005859375009,0.7596262222298508,0.7284001885871859,0.031226033642664852,0.7330904607427495,0.720567515857222,0.01252294488552752,0.0838494018296974
isic2019_resnet50_s42_std,isic2019,resnet50,1,50,1.0,1,False,2.3482582961256293,34.63227774354354,2.0597973706629764,0.7652724512623619,2048,0.005548804687500075,0.7387288809552417,0.7208429956855199,0.01788588526972179,0.7163268166812562,0.7076939734333284,0.00863284324792779,0.039704433497536946
isic2019_resnet50_s42_std,isic2019,resnet50,1,100,1.0,1,False,2.3482582961256293,34.63227774354354,2.0597973706629764,0.7652724512623619,2048,0.003826136718750095,0.7234370619568264,0.7098937004204836,0.013543361536342835,0.6982615586184011,0.6896575826850648,0.008603975933336283,0.02225897255453906
isic2019_resnet50_s42_std,isic2019,resnet50,1,200,1.0,1,False,2.3482582961256293,34.63227774354354,2.0597973706629764,0.7652724512623619,2048,0.002562249999999988,0.7051973017970855,0.6942269844141462,0.010970317382939299,0.6734722484452149,0.665753882757978,0.007718365687236939,0.012382125263898662
isic2019_resnet50_s43_std,isic2019,resnet50,0,1,1.0,1,True,2.3675067280844178,34.445346016955945,2.1435200872618476,0.7611418046533307,2048,0.02901496484374988,0.8541354867358518,0.7296547719171773,0.12448071481867451,0.8541354867358518,0.7296547719171773,0.12448071481867451,0.5846257585974376
isic2019_resnet50_s43_std,isic2019,resnet50,0,5,1.0,1,False,2.3675067280844178,34.445346016955945,2.1435200872618476,0.7611418046533307,2048,0.01993626953124994,0.799854996189881,0.72915129045731,0.07070370573257101,0.7592731170062881,0.7262691451685804,0.033003971837707646,0.24180714767363454
isic2019_resnet50_s43_std,isic2019,resnet50,0,10,1.0,1,False,2.3675067280844178,34.445346016955945,2.1435200872618476,0.7611418046533307,2048,0.015407597656249883,0.7766064174465076,0.7285834434699027,0.04802297397660493,0.7434515292556837,0.7253866222687562,0.01806490698692753,0.14457181389076196
isic2019_resnet50_s43_std,isic2019,resnet50,0,20,1.0,1,False,2.3675067280844178,34.445346016955945,2.1435200872618476,0.7611418046533307,2048,0.011460882812500128,0.757284454166187,0.7270515439144539,0.030232910251733025,0.7284522693507448,0.721520399581195,0.006931869769549848,0.08368172623061361
isic2019_resnet50_s43_std,isic2019,resnet50,0,50,1.0,1,False,2.3675067280844178,34.445346016955945,2.1435200872618476,0.7611418046533307,2048,0.007413066406249946,0.7333643076821867,0.7209582739740135,0.01240603370817328,0.7070964151988115,0.7082067477958383,-0.001110332597026753,0.03901550910316925
isic2019_resnet50_s43_std,isic2019,resnet50,0,100,1.0,1,False,2.3675067280844178,34.445346016955945,2.1435200872618476,0.7611418046533307,2048,0.005285554687500027,0.7144918836241633,0.7104137702179274,0.004078113406235873,0.6857501548717443,0.6911784898989032,-0.005428335027158893,0.02162508428860418
isic2019_resnet50_s43_std,isic2019,resnet50,0,200,1.0,1,False,2.3675067280844178,34.445346016955945,2.1435200872618476,0.7611418046533307,2048,0.0037856250000001257,0.6940159202670921,0.6955896740529686,-0.0015737537858764306,0.6612502672565499,0.6698477540721923,-0.00859748681564243,0.011834120026972353
isic2019_resnet50_s43_std,isic2019,resnet50,1,1,1.0,1,True,2.3657901151298706,34.460708046869556,2.0675272876562,0.7614812607634777,2048,0.03043690234374996,0.8440695033269826,0.7190571737140163,0.12501232961296627,0.8440695033269826,0.7190571737140163,0.12501232961296627,0.5883180858550316
isic2019_resnet50_s43_std,isic2019,resnet50,1,5,1.0,1,False,2.3657901151298706,34.460708046869556,2.0675272876562,0.7614812607634777,2048,0.020638140625000245,0.7984186105055984,0.7271817728291915,0.07123683767640687,0.7578511640148069,0.7255371171378605,0.03231404687694639,0.24560168895144263
isic2019_resnet50_s43_std,isic2019,resnet50,1,10,1.0,1,False,2.3657901151298706,34.460708046869556,2.0675272876562,0.7614812607634777,2048,0.016010433593749984,0.7748393722501616,0.7259578748855594,0.04888149736460223,0.7425808001922384,0.7208142142109216,0.021766585981316755,0.14334975369458128
isic2019_resnet50_s43_std,isic2019,resnet50,1,20,1.0,1,False,2.3657901151298706,34.460708046869556,2.0675272876562,0.7614812607634777,2048,0.012198621093750028,0.7555640422695571,0.721794154893673,0.033769887375884045,0.7307632893359194,0.7128691566753833,0.017894132660536077,0.08296973961998592
isic2019_resnet50_s43_std,isic2019,resnet50,1,50,1.0,1,False,2.3657901151298706,34.460708046869556,2.0675272876562,0.7614812607634777,2048,0.008517671874999966,0.7359168225742778,0.7129664654704537,0.022950357103824093,0.714232791518626,0.6999161225597421,0.014316668958883838,0.039943701618578464
isic2019_resnet50_s43_std,isic2019,resnet50,1,100,1.0,1,False,2.3657901151298706,34.460708046869556,2.0675272876562,0.7614812607634777,2048,0.006508714843750041,0.7206149911604676,0.7028175693085319,0.01779742185193567,0.6953565278087686,0.6827486582350651,0.012607869573703412,0.022441942294159044
isic2019_resnet50_s43_std,isic2019,resnet50,1,200,1.0,1,False,2.3657901151298706,34.460708046869556,2.0675272876562,0.7614812607634777,2048,0.005157078125000103,0.7018288391891659,0.686709537358354,0.015119301830811893,0.6722578854922961,0.658825770658246,0.013432114834050157,0.012540464461646727
kermany_convnext_tiny_s42_std,kermany,convnext_tiny,0,1,5.0,1,True,1.1336600376631047,18.197906696941022,2.068226210348101,0.6566603956354121,768,0.0025026171875000003,0.9025332395096478,0.6408588922029782,0.2616743473066696,0.9025332395096478,0.6408588922029782,0.2616743473066696,0.8567164179104477
kermany_convnext_tiny_s42_std,kermany,convnext_tiny,0,5,5.0,1,True,1.1336600376631047,18.197906696941022,2.068226210348101,0.6566603956354121,768,0.003705324218749917,0.8130517051557014,0.661521821468058,0.1515298836876433,0.7528805330442306,0.6730024256905978,0.07987810735363288,0.5599999999999999
kermany_convnext_tiny_s42_std,kermany,convnext_tiny,0,10,5.0,1,False,1.1336600376631047,18.197906696941022,2.068226210348101,0.6566603956354121,768,0.003937835937500078,0.7765304988704123,0.6716593840249754,0.10487111484543687,0.7331593779354973,0.6830150136601749,0.05014436427532243,0.4226865671641791
kermany_convnext_tiny_s42_std,kermany,convnext_tiny,0,20,5.0,1,False,1.1336600376631047,18.197906696941022,2.068226210348101,0.6566603956354121,768,0.004185917968750008,0.751264094595823,0.6810672899382577,0.07019680465756528,0.7268020376349698,0.6924827959774197,0.03431924165755007,0.31910447761194033
kermany_convnext_tiny_s42_std,kermany,convnext_tiny,0,50,5.0,1,False,1.1336600376631047,18.197906696941022,2.068226210348101,0.6566603956354121,768,0.004200171874999992,0.735659285346334,0.6935257593859745,0.042133525960359464,0.7270663376103915,0.7045907099670541,0.022475627643337437,0.20143283582089552
kermany_convnext_tiny_s42_std,kermany,convnext_tiny,0,100,5.0,1,False,1.1336600376631047,18.197906696941022,2.068226210348101,0.6566603956354121,768,0.004148636718749876,0.7322449336893246,0.7031944061513954,0.02905052753792925,0.7297780216894324,0.7141980878540019,0.015579933835430548,0.1335223880597015
kermany_convnext_tiny_s42_std,kermany,convnext_tiny,0,200,5.0,1,False,1.1336600376631047,18.197906696941022,2.068226210348101,0.6566603956354121,768,0.004096929687499973,0.7325492995208932,0.7124000551419907,0.02014924437890253,0.733195066849376,0.7222274440016375,0.010967622847738445,0.08467164179104478
kermany_convnext_tiny_s42_std,kermany,convnext_tiny,1,1,6.0,1,True,1.1489646576135129,18.35646789293339,2.093136563295982,0.6623819799597386,768,-0.00017803124999993258,0.9120358186218401,0.6692718451505163,0.24276397347132384,0.9120358186218401,0.6692718451505163,0.24276397347132384,0.882716049382716
kermany_convnext_tiny_s42_std,kermany,convnext_tiny,1,5,6.0,1,True,1.1489646576135129,18.35646789293339,2.093136563295982,0.6623819799597386,768,-0.0007358164062498673,0.8257321630977545,0.685830827814458,0.1399013352832965,0.7675660659531627,0.6960163091602668,0.07154975679289588,0.5858024691358025
kermany_convnext_tiny_s42_std,kermany,convnext_tiny,1,10,6.0,1,False,1.1489646576135129,18.35646789293339,2.093136563295982,0.6623819799597386,768,-0.0009059296875000289,0.7886192361998814,0.6949197167781664,0.09369951942171495,0.7457202295911973,0.7054587203840935,0.04026150920710381,0.46882716049382717
kermany_convnext_tiny_s42_std,kermany,convnext_tiny,1,20,6.0,1,False,1.1489646576135129,18.35646789293339,2.093136563295982,0.6623819799597386,768,-0.0008940898437500566,0.7630666326902886,0.7036597971118915,0.0594068355783971,0.7364714138907688,0.7137927551504827,0.022678658740286073,0.3563271604938272
kermany_convnext_tiny_s42_std,kermany,convnext_tiny,1,50,6.0,1,False,1.1489646576135129,18.35646789293339,2.093136563295982,0.6623819799597386,768,-0.0010247421874999274,0.7440088784174805,0.7144186578948254,0.029590220522655142,0.7323315871702969,0.7234088973135675,0.008922689856729393,0.23623456790123454
kermany_convnext_tiny_s42_std,kermany,convnext_tiny,1,100,6.0,1,False,1.1489646576135129,18.35646789293339,2.093136563295982,0.6623819799597386,768,-0.0010675429687498905,0.7380393401898778,0.7217005430775291,0.016338797112348757,0.7320447374210816,0.7294527812101236,0.0025919562109579797,0.16234567901234567
kermany_convnext_tiny_s42_std,kermany,convnext_tiny,1,200,6.0,1,False,1.1489646576135129,18.35646789293339,2.093136563295982,0.6623819799597386,768,-0.0009922382812498354,0.7353142675723321,0.7277137883782082,0.007600479194123877,0.7333446123768704,0.7336630629841993,-0.000318450607328824,0.10674382716049384
kermany_convnext_tiny_s43_std,kermany,convnext_tiny,0,1,5.0,1,True,1.139611521597707,18.22929315799947,2.116206148055506,0.6577929569942249,768,8.12695312500944e-05,0.8833480914848272,0.5958624708624709,0.2874856206223563,0.8833480914848272,0.5958624708624709,0.2874856206223563,0.8537313432835821
kermany_convnext_tiny_s43_std,kermany,convnext_tiny,0,5,5.0,1,True,1.139611521597707,18.22929315799947,2.116206148055506,0.6577929569942249,768,-0.0011301249999999818,0.7704805545922542,0.613169884675261,0.15731066991699316,0.693534919582103,0.6245032347182885,0.0690316848638145,0.5707462686567164
kermany_convnext_tiny_s43_std,kermany,convnext_tiny,0,10,5.0,1,False,1.139611521597707,18.22929315799947,2.116206148055506,0.6577929569942249,768,-0.0013562031250000661,0.7229634592658184,0.622574657520894,0.10038880174492437,0.6710256522485699,0.6342394164974811,0.03678623575108886,0.43462686567164177
kermany_convnext_tiny_s43_std,kermany,convnext_tiny,0,20,5.0,1,False,1.139611521597707,18.22929315799947,2.116206148055506,0.6577929569942249,768,-0.0015512460937500139,0.6928187844894633,0.6325740169826192,0.060244767506844155,0.6650023063118874,0.6441566199630716,0.020845686348815784,0.31805970149253737
kermany_convnext_tiny_s43_std,kermany,convnext_tiny,0,50,5.0,1,False,1.139611521597707,18.22929315799947,2.116206148055506,0.6577929569942249,768,-0.0016023476562501138,0.6741009592237325,0.6452378764206721,0.02886308280306038,0.6634895677264478,0.6570035897992887,0.006485977927159103,0.19862686567164176
kermany_convnext_tiny_s43_std,kermany,convnext_tiny,0,100,5.0,1,False,1.139611521597707,18.22929315799947,2.116206148055506,0.6577929569942249,768,-0.0014261796875001398,0.6697472484184087,0.6553768314521002,0.014370416966308475,0.6674129914380276,0.667617378638884,-0.00020438720085647066,0.132955223880597
kermany_convnext_tiny_s43_std,kermany,convnext_tiny,0,200,5.0,1,False,1.139611521597707,18.22929315799947,2.116206148055506,0.6577929569942249,768,-0.0013639882812501725,0.6712458461134436,0.6661072400319712,0.00513860608147243,0.67524906484945,0.6792487182272129,-0.0039996533777628684,0.08355223880597015
kermany_convnext_tiny_s43_std,kermany,convnext_tiny,1,1,6.0,1,True,1.1586100118093814,18.410746953655764,2.139768335533916,0.6643406068547024,768,-0.0012945156250001588,0.9050718795342452,0.6061576843955274,0.29891419513871775,0.9050718795342452,0.6061576843955274,0.29891419513871775,0.8672839506172839
kermany_convnext_tiny_s43_std,kermany,convnext_tiny,1,5,6.0,1,True,1.1586100118093814,18.410746953655764,2.139768335533916,0.6643406068547024,768,-0.0020314296874999194,0.8106227703001897,0.6254148836238389,0.1852078866763508,0.7355680460519171,0.6352104804199171,0.10035756563199993,0.582716049382716
kermany_convnext_tiny_s43_std,kermany,convnext_tiny,1,10,6.0,1,False,1.1586100118093814,18.410746953655764,2.139768335533916,0.6643406068547024,768,-0.002260597656249974,0.7661147593943293,0.6342061405133144,0.1319086188810149,0.715220512263523,0.6449168549312988,0.07030365733222421,0.4586419753086419
kermany_convnext_tiny_s43_std,kermany,convnext_tiny,1,20,6.0,1,False,1.1586100118093814,18.410746953655764,2.139768335533916,0.6643406068547024,768,-0.002137519531249743,0.7350782431427593,0.6431623744575117,0.09191586868524759,0.7028936316570725,0.6538320129557491,0.04906161870132342,0.3501543209876543
kermany_convnext_tiny_s43_std,kermany,convnext_tiny,1,50,6.0,1,False,1.1586100118093814,18.410746953655764,2.139768335533916,0.6643406068547024,768,-0.0019261523437500427,0.712698044687292,0.6548440966832878,0.05785394800400423,0.6976265968201452,0.6655830928820818,0.03204350393806332,0.22876543209876543
kermany_convnext_tiny_s43_std,kermany,convnext_tiny,1,100,6.0,1,False,1.1586100118093814,18.410746953655764,2.139768335533916,0.6643406068547024,768,-0.001799082031250232,0.7045788739337127,0.6636703691109084,0.04090850482280428,0.6978706279781549,0.6737730252414894,0.024097602736665502,0.155679012345679
kermany_convnext_tiny_s43_std,kermany,convnext_tiny,1,200,6.0,1,False,1.1586100118093814,18.410746953655764,2.139768335533916,0.6643406068547024,768,-0.0016285429687500352,0.7018294330122287,0.6717592951102821,0.03007013790194657,0.7005187663789815,0.6811653440444967,0.019353422334484782,0.10131172839506174
kermany_densenet121_s42_std,kermany,densenet121,0,1,5.0,1,True,0.9391100032928775,18.543790775497587,1.8812940699578047,0.5794934617342996,1024,-2.3488281249761656e-05,0.9254657234917225,0.7122580227418938,0.21320770074982875,0.9254657234917225,0.7122580227418938,0.21320770074982875,0.7731343283582089
kermany_densenet121_s42_std,kermany,densenet121,0,5,5.0,1,True,0.9391100032928775,18.543790775497587,1.8812940699578047,0.5794934617342996,1024,-0.00039252343749995866,0.8662672426273774,0.7294519498820574,0.13681529274532,0.8044291288874823,0.7339405914674731,0.07048853742000916,0.43522388059701494
kermany_densenet121_s42_std,kermany,densenet121,0,10,5.0,1,False,0.9391100032928775,18.543790775497587,1.8812940699578047,0.5794934617342996,1024,-0.0003052734374999755,0.8294709623549296,0.7340509450724505,0.09542001728247906,0.7847591503344994,0.7385695248598474,0.046189625474651996,0.3292537313432836
kermany_densenet121_s42_std,kermany,densenet121,0,20,5.0,1,False,0.9391100032928775,18.543790775497587,1.8812940699578047,0.5794934617342996,1024,-0.0002288515624998544,0.8037557531539236,0.7375025412659821,0.06625321188794142,0.7784849719370663,0.7410784158095987,0.03740655612746768,0.2344776119402985
kermany_densenet121_s42_std,kermany,densenet121,0,50,5.0,1,False,0.9391100032928775,18.543790775497587,1.8812940699578047,0.5794934617342996,1024,-0.00014300390625021642,0.7857025497372151,0.7413979887098167,0.04430456102739844,0.7737295925066748,0.7442247119666474,0.029504880540027423,0.1492537313432836
kermany_densenet121_s42_std,kermany,densenet121,0,100,5.0,1,False,0.9391100032928775,18.543790775497587,1.8812940699578047,0.5794934617342996,1024,-5.204296874994352e-05,0.7790391601657851,0.7439061834223124,0.03513297674347271,0.7723983286814293,0.7466047990241539,0.025793529657275438,0.09925373134328358
kermany_densenet121_s42_std,kermany,densenet121,0,200,5.0,1,False,0.9391100032928775,18.543790775497587,1.8812940699578047,0.5794934617342996,1024,4.503906249841982e-06,0.7752834070118615,0.7459203978021183,0.029363009209743218,0.7708630320089155,0.7476710863807638,0.023191945628151633,0.06552238805970151
kermany_densenet121_s42_std,kermany,densenet121,1,1,6.0,1,True,0.9456282953973657,18.6125517332147,1.9263211368305866,0.5816422416629594,1024,-7.13203125000117e-05,0.9403752858053933,0.750931446983445,0.18944383882194826,0.9403752858053933,0.750931446983445,0.18944383882194826,0.7993827160493827
kermany_densenet121_s42_std,kermany,densenet121,1,5,6.0,1,True,0.9456282953973657,18.6125517332147,1.9263211368305866,0.5816422416629594,1024,-0.0005692656249999262,0.880841778691241,0.7647029907983206,0.11613878789292043,0.8167468731984862,0.7677621367558777,0.04898473644260848,0.47901234567901235
kermany_densenet121_s42_std,kermany,densenet121,1,10,6.0,1,False,0.9456282953973657,18.6125517332147,1.9263211368305866,0.5816422416629594,1024,-0.0007311210937498425,0.8423475170786999,0.7673510408705402,0.07499647620815975,0.7942225536311558,0.7692055176407607,0.025017035990395065,0.36296296296296293
kermany_densenet121_s42_std,kermany,densenet121,1,20,6.0,1,False,0.9456282953973657,18.6125517332147,1.9263211368305866,0.5816422416629594,1024,-0.0007452656249999912,0.8134547153364358,0.7688829706643862,0.04457174467204961,0.7820074191041932,0.7700216490298339,0.011985770074359303,0.27947530864197534
kermany_densenet121_s42_std,kermany,densenet121,1,50,6.0,1,False,0.9456282953973657,18.6125517332147,1.9263211368305866,0.5816422416629594,1024,-0.0008163320312500888,0.7894206052808204,0.7704098501402304,0.01901075514058992,0.7724849821624015,0.7708967007955935,0.0015882813668079976,0.1775925925925926
kermany_densenet121_s42_std,kermany,densenet121,1,100,6.0,1,False,0.9456282953973657,18.6125517332147,1.9263211368305866,0.5816422416629594,1024,-0.0009394882812499006,0.7784573053390258,0.7710926531340591,0.007364652204966737,0.7667232707555288,0.7719905996747595,-0.005267328919230652,0.12200617283950617
kermany_densenet121_s42_std,kermany,densenet121,1,200,6.0,1,False,0.9456282953973657,18.6125517332147,1.9263211368305866,0.5816422416629594,1024,-0.0009586484375000426,0.7712185265948707,0.7715236136035366,-0.0003050870086659385,0.7627077223851417,0.7711377693082074,-0.008430046923065704,0.08123456790123457
kermany_densenet121_s43_std,kermany,densenet121,0,1,5.0,1,True,0.9128376454156781,18.523352248441512,1.923458659066084,0.5788547577637972,1024,-0.00043404687500003813,0.9409484833895041,0.7795096679505281,0.16143881543897598,0.9409484833895041,0.7795096679505281,0.16143881543897598,0.7940298507462686
kermany_densenet121_s43_std,kermany,densenet121,0,5,5.0,1,True,0.9128376454156781,18.523352248441512,1.923458659066084,0.5788547577637972,1024,-0.0009672265624999232,0.9005720326856581,0.7885597079145467,0.11201232477111145,0.8503567207948527,0.7915166275381329,0.058840093256719794,0.44716417910447764
kermany_densenet121_s43_std,kermany,densenet121,0,10,5.0,1,False,0.9128376454156781,18.523352248441512,1.923458659066084,0.5788547577637972,1024,-0.0010781992187500755,0.8714485322092448,0.7922062505395838,0.07924228166966096,0.8328718464972678,0.7950211377630733,0.037850708734194494,0.3244776119402985
kermany_densenet121_s43_std,kermany,densenet121,0,20,5.0,1,False,0.9128376454156781,18.523352248441512,1.923458659066084,0.5788547577637972,1024,-0.0010393125000001113,0.8483988808495309,0.7949483809698863,0.053450499879644564,0.8247879708158957,0.7971084570546936,0.027679513761202146,0.2292537313432836
kermany_densenet121_s43_std,kermany,densenet121,0,50,5.0,1,False,0.9128376454156781,18.523352248441512,1.923458659066084,0.5788547577637972,1024,-0.0010894648437498322,0.8295234856621472,0.7969772163320551,0.03254626933009208,0.8160596745575079,0.797667883689389,0.01839179086811893,0.14011940298507464
kermany_densenet121_s43_std,kermany,densenet121,0,100,5.0,1,False,0.9128376454156781,18.523352248441512,1.923458659066084,0.5788547577637972,1024,-0.0011912968749998587,0.8209214473538017,0.7975422128647935,0.02337923448900814,0.8113820700243425,0.7976953850609765,0.013686684963366003,0.09513432835820895
kermany_densenet121_s43_std,kermany,densenet121,0,200,5.0,1,False,0.9128376454156781,18.523352248441512,1.923458659066084,0.5788547577637972,1024,-0.0012668437499999685,0.814254690903704,0.7971652003910068,0.017089490512697147,0.8061506139503251,0.7955694246016827,0.010581189348642384,0.06379104477611941
kermany_densenet121_s43_std,kermany,densenet121,1,1,6.0,1,True,0.9277024561193532,18.656437760766423,1.9233636703862054,0.5830136800239507,1024,0.0014274179687499,0.9545412771219223,0.7898478507530025,0.16469342636891982,0.9545412771219223,0.7898478507530025,0.16469342636891982,0.8117283950617283
kermany_densenet121_s43_std,kermany,densenet121,1,5,6.0,1,True,0.9277024561193532,18.656437760766423,1.9233636703862054,0.5830136800239507,1024,0.0016971328125001683,0.9113435847306816,0.8010029931551357,0.11034059157554588,0.8565928794423419,0.8041668490392612,0.05242603040308069,0.4901234567901235
kermany_densenet121_s43_std,kermany,densenet121,1,10,6.0,1,False,0.9277024561193532,18.656437760766423,1.9233636703862054,0.5830136800239507,1024,0.001558324218749907,0.8794106630128136,0.8040722397486961,0.07533842326411744,0.8374947434087219,0.8065913383679393,0.030903405040782594,0.3574074074074074
kermany_densenet121_s43_std,kermany,densenet121,1,20,6.0,1,False,0.9277024561193532,18.656437760766423,1.9233636703862054,0.5830136800239507,1024,0.0015188437500001095,0.8548982379627541,0.8058321072283519,0.04906613073440225,0.8273216727517803,0.8072054570369448,0.02011621571483546,0.25864197530864197
kermany_densenet121_s43_std,kermany,densenet121,1,50,6.0,1,False,0.9277024561193532,18.656437760766423,1.9233636703862054,0.5830136800239507,1024,0.001614804687499971,0.8337632598385286,0.8069101817777793,0.026853078060749325,0.8173884558293161,0.8066475652416913,0.01074089058762473,0.15962962962962962
kermany_densenet121_s43_std,kermany,densenet121,1,100,6.0,1,False,0.9277024561193532,18.656437760766423,1.9233636703862054,0.5830136800239507,1024,0.0016255937500000428,0.8229642718890031,0.8064977391409746,0.01646653274802856,0.8107971777326616,0.8049233866759143,0.005873791056747235,0.1105864197530864
kermany_densenet121_s43_std,kermany,densenet121,1,200,6.0,1,False,0.9277024561193532,18.656437760766423,1.9233636703862054,0.5830136800239507,1024,0.001637234375000074,0.8144646074753602,0.8046695240243628,0.009795083450997444,0.8040154787466616,0.8009319520152453,0.0030835267314163195,0.07390432098765432
kermany_effb3_s42_std,kermany,effb3,0,1,5.0,1,True,1.086304616767844,27.71948319819902,2.398545615474085,0.7072769767629078,1536,0.0013840195312497805,0.9245684503267556,0.7591422914003559,0.16542615892639967,0.9245684503267556,0.7591422914003559,0.16542615892639967,0.835820895522388
kermany_effb3_s42_std,kermany,effb3,0,5,5.0,1,True,1.086304616767844,27.71948319819902,2.398545615474085,0.7072769767629078,1536,0.00048155078124989537,0.8438000612771918,0.768951578091363,0.07484848318582871,0.7955297951927707,0.7725786260732497,0.022951169119520998,0.5373134328358209
kermany_effb3_s42_std,kermany,effb3,0,10,5.0,1,False,1.086304616767844,27.71948319819902,2.398545615474085,0.7072769767629078,1536,0.00037996093749992355,0.813731141270862,0.7721671498553219,0.041563991415540125,0.7834221628155186,0.7759654722020314,0.0074566906134871935,0.40089552238805976
kermany_effb3_s42_std,kermany,effb3,0,20,5.0,1,False,1.086304616767844,27.71948319819902,2.398545615474085,0.7072769767629078,1536,0.00029141796874998516,0.79563753531014,0.7749378260130948,0.020699709297045232,0.7775624471820909,0.7776500182414161,-8.757105932521991e-05,0.29000000000000004
kermany_effb3_s42_std,kermany,effb3,0,50,5.0,1,False,1.086304616767844,27.71948319819902,2.398545615474085,0.7072769767629078,1536,0.0003388632812499903,0.781750844244826,0.7770021694752878,0.004748674769538219,0.7720926160983936,0.7783302420399194,-0.006237625941525771,0.18167164179104478
kermany_effb3_s42_std,kermany,effb3,0,100,5.0,1,False,1.086304616767844,27.71948319819902,2.398545615474085,0.7072769767629078,1536,0.0003851953124999197,0.7759163802014066,0.7778129377591744,-0.0018965575577677418,0.7698660992353819,0.7786066482303041,-0.00874054899492227,0.12304477611940298
kermany_effb3_s42_std,kermany,effb3,0,200,5.0,1,False,1.086304616767844,27.71948319819902,2.398545615474085,0.7072769767629078,1536,0.0004108789062500229,0.7721555767294814,0.7781300738289986,-0.00597449709951714,0.7682116150580282,0.7780566207985563,-0.009845005740528157,0.08119402985074625
kermany_effb3_s42_std,kermany,effb3,1,1,6.0,1,True,1.1011293864680434,27.840525265240945,2.416512159108386,0.7103654278219127,1536,0.0004959921874999607,0.9352407101063015,0.7636016847860854,0.17163902532021613,0.9352407101063015,0.7636016847860854,0.17163902532021613,0.845679012345679
kermany_effb3_s42_std,kermany,effb3,1,5,6.0,1,True,1.1011293864680434,27.840525265240945,2.416512159108386,0.7103654278219127,1536,0.001104062499999947,0.8710157823061049,0.7686173239374973,0.10239845836860761,0.8280199987189234,0.7699674422832824,0.058052556435641,0.567283950617284
kermany_effb3_s42_std,kermany,effb3,1,10,6.0,1,False,1.1011293864680434,27.840525265240945,2.416512159108386,0.7103654278219127,1536,0.001268789062500053,0.8438019567051825,0.769787987650289,0.07401396905489355,0.8143953318684501,0.7709791893229544,0.04341614254549575,0.441358024691358
kermany_effb3_s42_std,kermany,effb3,1,20,6.0,1,False,1.1011293864680434,27.840525265240945,2.416512159108386,0.7103654278219127,1536,0.0013044414062497456,0.8248538598000964,0.7706842507516557,0.0541696090484407,0.8045700317205694,0.7714199137405685,0.03315011798000089,0.3322530864197531
kermany_effb3_s42_std,kermany,effb3,1,50,6.0,1,False,1.1011293864680434,27.840525265240945,2.416512159108386,0.7103654278219127,1536,0.0012711015625002098,0.8089970563088843,0.7716306803451723,0.03736637596371195,0.7974419547000192,0.7723979919935625,0.0250439627064567,0.21685185185185185
kermany_effb3_s42_std,kermany,effb3,1,100,6.0,1,False,1.1011293864680434,27.840525265240945,2.416512159108386,0.7103654278219127,1536,0.0012481679687498248,0.8015229493724118,0.772255236338048,0.029267713034363707,0.7933627006207651,0.7728979734757299,0.020464727145035222,0.14916666666666664
kermany_effb3_s42_std,kermany,effb3,1,200,6.0,1,False,1.1011293864680434,27.840525265240945,2.416512159108386,0.7103654278219127,1536,0.001199136718749938,0.7960599237480958,0.7726484877664463,0.02341143598164941,0.7901018734352068,0.7729121143661346,0.017189759069072164,0.0989814814814815
kermany_efficientnet_v2_s_s42_std,kermany,efficientnet_v2_s,0,1,5.0,1,True,1.093438479685072,26.584147885238433,2.5440920633517514,0.7430495224412551,1280,0.000922546875000041,0.9491608054920525,0.7997221317113791,0.14943867378067344,0.9491608054920525,0.7997221317113791,0.14943867378067344,0.791044776119403
kermany_efficientnet_v2_s_s42_std,kermany,efficientnet_v2_s,0,5,5.0,1,True,1.093438479685072,26.584147885238433,2.5440920633517514,0.7430495224412551,1280,0.0012535820312499224,0.899488907818229,0.8108977840160636,0.08859112380216538,0.8561723303177323,0.8138017896082412,0.04237054070949109,0.45611940298507464
kermany_efficientnet_v2_s_s42_std,kermany,efficientnet_v2_s,0,10,5.0,1,False,1.093438479685072,26.584147885238433,2.5440920633517514,0.7430495224412551,1280,0.0017291093749997044,0.8742147597227039,0.813176220434285,0.06103853928841896,0.8440862459639542,0.8153961729230547,0.028690073040899544,0.3438805970149254
kermany_efficientnet_v2_s_s42_std,kermany,efficientnet_v2_s,0,20,5.0,1,False,1.093438479685072,26.584147885238433,2.5440920633517514,0.7430495224412551,1280,0.0018675937499997852,0.8562810804987021,0.8149564990962841,0.041324581402418015,0.8371343148906942,0.8159851896411037,0.02114912524959056,0.24253731343283583
kermany_efficientnet_v2_s_s42_std,kermany,efficientnet_v2_s,0,50,5.0,1,False,1.093438479685072,26.584147885238433,2.5440920633517514,0.7430495224412551,1280,0.0019610234375001534,0.8416597365080755,0.8156819783163869,0.02597775819168857,0.8304099848153772,0.8155249768152993,0.01488500800007786,0.14650746268656717
kermany_efficientnet_v2_s_s42_std,kermany,efficientnet_v2_s,0,100,5.0,1,False,1.093438479685072,26.584147885238433,2.5440920633517514,0.7430495224412551,1280,0.0020251679687498525,0.8342876189770749,0.81525831794649,0.019029301030584977,0.8262582867301211,0.8142755790605253,0.01198270766959586,0.09919402985074628
kermany_efficientnet_v2_s_s42_std,kermany,efficientnet_v2_s,0,200,5.0,1,False,1.093438479685072,26.584147885238433,2.5440920633517514,0.7430495224412551,1280,0.00209145312499992,0.8286932133826693,0.8142995992458358,0.014393614136833488,0.8220476682681787,0.8124998259406861,0.009547842327492506,0.06643283582089551
kermany_efficientnet_v2_s_s42_std,kermany,efficientnet_v2_s,1,1,6.0,1,True,1.1061207634841193,26.747093426669647,2.572305458538653,0.747603988782139,1280,0.0007112031250000594,0.950709361327641,0.8285265528886135,0.1221828084390274,0.950709361327641,0.8285265528886135,0.1221828084390274,0.7993827160493827
kermany_efficientnet_v2_s_s42_std,kermany,efficientnet_v2_s,1,5,6.0,1,True,1.1061207634841193,26.747093426669647,2.572305458538653,0.747603988782139,1280,0.00037469921874999645,0.9086561089249261,0.8350246287174549,0.07363148020747123,0.8675321591988259,0.8364265969947241,0.031105562204101767,0.5006172839506172
kermany_efficientnet_v2_s_s42_std,kermany,efficientnet_v2_s,1,10,6.0,1,False,1.1061207634841193,26.747093426669647,2.572305458538653,0.747603988782139,1280,0.000390042968750004,0.8833447516243215,0.8362888916572113,0.04705585996711015,0.8509094947266991,0.8372333011235275,0.013676193603171627,0.37376543209876545
kermany_efficientnet_v2_s_s42_std,kermany,efficientnet_v2_s,1,20,6.0,1,False,1.1061207634841193,26.747093426669647,2.572305458538653,0.747603988782139,1280,0.0004618242187500732,0.8637359255638826,0.8367127816814866,0.027023143882396017,0.8421710209344618,0.8364063957227174,0.0057646252117444785,0.26620370370370366
kermany_efficientnet_v2_s_s42_std,kermany,efficientnet_v2_s,1,50,6.0,1,False,1.1061207634841193,26.747093426669647,2.572305458538653,0.747603988782139,1280,0.0004921445312501271,0.8475306553263543,0.8360936126944793,0.01143704263187495,0.8355595519574014,0.8346195932137194,0.0009399587436820234,0.16407407407407407
kermany_efficientnet_v2_s_s42_std,kermany,efficientnet_v2_s,1,100,6.0,1,False,1.1061207634841193,26.747093426669647,2.572305458538653,0.747603988782139,1280,0.0005544687500000922,0.8398494178064071,0.8346559555033315,0.005193462303075602,0.8313661149682655,0.8322264158566518,-0.0008603008883862895,0.11175925925925928
kermany_efficientnet_v2_s_s42_std,kermany,efficientnet_v2_s,1,200,6.0,1,False,1.1061207634841193,26.747093426669647,2.572305458538653,0.747603988782139,1280,0.0006329648437497504,0.8335585660854478,0.832039890778456,0.0015186753069917902,0.8256942181673365,0.8275548717050883,-0.0018606535377518885,0.07547839506172839
kermany_mobilenet_v3_large_s42_std,kermany,mobilenet_v3_large,0,1,5.0,1,True,1.1432660133894632,19.186118963752655,2.163042884560851,0.6192293268747361,960,0.0009034882812500866,0.9404464817801361,0.7860344553892941,0.15441202639084206,0.9404464817801361,0.7860344553892941,0.15441202639084206,0.8119402985074627
kermany_mobilenet_v3_large_s42_std,kermany,mobilenet_v3_large,0,5,5.0,1,True,1.1432660133894632,19.186118963752655,2.163042884560851,0.6192293268747361,960,0.00029947265625018815,0.8969327735336402,0.7960651455275111,0.10086762800612914,0.8538188821289447,0.7993715762532967,0.054447305875648055,0.515223880597015
kermany_mobilenet_v3_large_s42_std,kermany,mobilenet_v3_large,0,10,5.0,1,False,1.1432660133894632,19.186118963752655,2.163042884560851,0.6192293268747361,960,0.00043465625000016495,0.8715316941123393,0.7985952717135513,0.07293642239878806,0.838398241142584,0.8011964140996399,0.03720182704294406,0.3904477611940299
kermany_mobilenet_v3_large_s42_std,kermany,mobilenet_v3_large,0,20,5.0,1,False,1.1432660133894632,19.186118963752655,2.163042884560851,0.6192293268747361,960,0.0005077734374999698,0.8518337704664137,0.8002227262979951,0.05161104416841866,0.8287373194932174,0.8015344372871255,0.027202882206091905,0.2885074626865672
kermany_mobilenet_v3_large_s42_std,kermany,mobilenet_v3_large,0,50,5.0,1,False,1.1432660133894632,19.186118963752655,2.163042884560851,0.6192293268747361,960,0.0004238359374999501,0.8340502540309955,0.8010536854622876,0.03299656856870792,0.8195211625158664,0.8012371439790794,0.01828401853678696,0.18447761194029852
kermany_mobilenet_v3_large_s42_std,kermany,mobilenet_v3_large,0,100,5.0,1,False,1.1432660133894632,19.186118963752655,2.163042884560851,0.6192293268747361,960,0.00038075390624980887,0.8249239927140746,0.8010850161387796,0.02383897657529499,0.8141311264565959,0.800565971264896,0.013565155191699874,0.12570149253731344
kermany_mobilenet_v3_large_s42_std,kermany,mobilenet_v3_large,0,200,5.0,1,False,1.1432660133894632,19.186118963752655,2.163042884560851,0.6192293268747361,960,0.00034444921875009804,0.817712138607661,0.8001920918587585,0.017520046748902507,0.8086939540959762,0.7979321057278047,0.010761848368171512,0.08307462686567164
kermany_mobilenet_v3_large_s42_std,kermany,mobilenet_v3_large,1,1,6.0,1,True,1.1592400930019167,19.181890861678266,2.1874413826349826,0.619092865467068,960,0.0012479335937500835,0.9431170681170681,0.8075101595563801,0.13560690856068802,0.9431170681170681,0.8075101595563801,0.13560690856068802,0.845679012345679
kermany_mobilenet_v3_large_s42_std,kermany,mobilenet_v3_large,1,5,6.0,1,True,1.1592400930019167,19.181890861678266,2.1874413826349826,0.619092865467068,960,0.00183312499999988,0.9046318575888468,0.8151459036870689,0.08948595390177794,0.8628461343515107,0.8172279814552323,0.04561815289627835,0.5537037037037037
kermany_mobilenet_v3_large_s42_std,kermany,mobilenet_v3_large,1,10,6.0,1,False,1.1592400930019167,19.181890861678266,2.1874413826349826,0.619092865467068,960,0.0018496796875001609,0.8799784444945735,0.8159388036133342,0.06403964088123937,0.8458502867105018,0.8161795354380814,0.02967075127242036,0.4358024691358025
kermany_mobilenet_v3_large_s42_std,kermany,mobilenet_v3_large,1,20,6.0,1,False,1.1592400930019167,19.181890861678266,2.1874413826349826,0.619092865467068,960,0.0019033750000002625,0.859771202513138,0.8162206113578285,0.04355059115530946,0.8348131856196372,0.8160879563383174,0.01872522928131981,0.333179012345679
kermany_mobilenet_v3_large_s42_std,kermany,mobilenet_v3_large,1,50,6.0,1,False,1.1592400930019167,19.181890861678266,2.1874413826349826,0.619092865467068,960,0.0018794257812499993,0.8410817577484244,0.8155671002084098,0.025514657540014585,0.8249708276589997,0.8137503324792684,0.011220495179731227,0.21783950617283954
kermany_mobilenet_v3_large_s42_std,kermany,mobilenet_v3_large,1,100,6.0,1,False,1.1592400930019167,19.181890861678266,2.1874413826349826,0.619092865467068,960,0.0018514414062500428,0.8304035669627068,0.813763126618206,0.01664044034450074,0.8172920269694464,0.8107433731410622,0.00654865382838421,0.15240740740740744
kermany_mobilenet_v3_large_s42_std,kermany,mobilenet_v3_large,1,200,6.0,1,False,1.1592400930019167,19.181890861678266,2.1874413826349826,0.619092865467068,960,0.001824984374999894,0.8213082715770887,0.8107423630774617,0.01056590849962702,0.8094416037964425,0.8057344677469858,0.0037071360494567163,0.103179012345679
kermany_regnet_y_3_2gf_s42_std,kermany,regnet_y_3_2gf,0,1,5.0,1,True,1.2211575317077445,18.935938358161984,1.7178173382764095,0.4869797872233448,1512,0.00041813671875012837,0.9561401766264549,0.7273855177080983,0.22875465891835656,0.9561401766264549,0.7273855177080983,0.22875465891835656,0.8746268656716418
kermany_regnet_y_3_2gf_s42_std,kermany,regnet_y_3_2gf,0,5,5.0,1,True,1.2211575317077445,18.935938358161984,1.7178173382764095,0.4869797872233448,1512,0.0006137460937500894,0.9286824393709324,0.7452415664781257,0.18344087289280675,0.8601439003942615,0.7542668900195781,0.10587701037468333,0.5773134328358208
kermany_regnet_y_3_2gf_s42_std,kermany,regnet_y_3_2gf,0,10,5.0,1,False,1.2211575317077445,18.935938358161984,1.7178173382764095,0.4869797872233448,1512,0.0003985664062500227,0.8966866547030244,0.751460705761781,0.1452259489412434,0.8367265858840245,0.7573950840079873,0.07933150187603721,0.44
kermany_regnet_y_3_2gf_s42_std,kermany,regnet_y_3_2gf,0,20,5.0,1,False,1.2211575317077445,18.935938358161984,1.7178173382764095,0.4869797872233448,1512,0.00020349218750015385,0.8661036123241227,0.7557731993215864,0.11033041300253632,0.8189743814202167,0.7598632450782988,0.05911113634191789,0.3217910447761194
kermany_regnet_y_3_2gf_s42_std,kermany,regnet_y_3_2gf,0,50,5.0,1,False,1.2211575317077445,18.935938358161984,1.7178173382764095,0.4869797872233448,1512,-5.0210937499794994e-05,0.832146620832225,0.758952218629638,0.073194402202587,0.8000447794862816,0.7601567090814403,0.039888070404841325,0.20334328358208956
kermany_regnet_y_3_2gf_s42_std,kermany,regnet_y_3_2gf,0,100,5.0,1,False,1.2211575317077445,18.935938358161984,1.7178173382764095,0.4869797872233448,1512,-0.0001950429687501698,0.8130931177633152,0.7594782258760754,0.05361489188723978,0.7895468518001016,0.7593577768308951,0.03018907496920653,0.1353134328358209
kermany_regnet_y_3_2gf_s42_std,kermany,regnet_y_3_2gf,0,200,5.0,1,False,1.2211575317077445,18.935938358161984,1.7178173382764095,0.4869797872233448,1512,-0.00026910156250004036,0.7989973435327311,0.7592488157004286,0.03974852783230254,0.7809195619017477,0.758235790493855,0.022683771407892683,0.08844776119402985
kermany_regnet_y_3_2gf_s42_std,kermany,regnet_y_3_2gf,1,1,6.0,1,True,1.2272036915860511,18.99826448206333,1.7023622867369932,0.4885826421746998,1512,0.00115966796875,0.9609062781105792,0.7730939258141954,0.1878123522963837,0.9609062781105792,0.7730939258141954,0.1878123522963837,0.9012345679012346
kermany_regnet_y_3_2gf_s42_std,kermany,regnet_y_3_2gf,1,5,6.0,1,True,1.2272036915860511,18.99826448206333,1.7023622867369932,0.4885826421746998,1512,0.00035105468749996316,0.9325944863579272,0.7861880536411109,0.1464064327168163,0.8764955176245499,0.7920073667305252,0.08448815089402473,0.6080246913580246
kermany_regnet_y_3_2gf_s42_std,kermany,regnet_y_3_2gf,1,10,6.0,1,False,1.2272036915860511,18.99826448206333,1.7023622867369932,0.4885826421746998,1512,0.0002420742187498881,0.9070641624405065,0.7906713892751447,0.11639277316536178,0.852268549849195,0.7946379090336722,0.05763064081552283,0.4780864197530864
kermany_regnet_y_3_2gf_s42_std,kermany,regnet_y_3_2gf,1,20,6.0,1,False,1.2272036915860511,18.99826448206333,1.7023622867369932,0.4885826421746998,1512,9.541406249991002e-05,0.8798444188229134,0.7931689398709139,0.08667547895199956,0.8342335681045359,0.794398523960392,0.03983504414414385,0.3640432098765432
kermany_regnet_y_3_2gf_s42_std,kermany,regnet_y_3_2gf,1,50,6.0,1,False,1.2272036915860511,18.99826448206333,1.7023622867369932,0.4885826421746998,1512,-4.7058593749871314e-05,0.8462454013529283,0.7937773348461842,0.05246806650674407,0.811005700790647,0.7930271942789998,0.01797850651164723,0.23450617283950617
kermany_regnet_y_3_2gf_s42_std,kermany,regnet_y_3_2gf,1,100,6.0,1,False,1.2272036915860511,18.99826448206333,1.7023622867369932,0.4885826421746998,1512,-0.00011289843749984207,0.8251737808189421,0.7929817414169845,0.032192039401957584,0.7976929482305827,0.7901400958213669,0.007552852409215771,0.1606172839506173
kermany_regnet_y_3_2gf_s42_std,kermany,regnet_y_3_2gf,1,200,6.0,1,False,1.2272036915860511,18.99826448206333,1.7023622867369932,0.4885826421746998,1512,-0.0001673476562501497,0.8077368668766518,0.7898768059095455,0.01786006096710635,0.7858913786333142,0.7839453757604937,0.0019460028728204293,0.105570987654321
kermany_resnet18_s42_std,kermany,resnet18,0,1,5.0,1,True,1.0676453455517105,17.18915387717321,2.542682602381104,0.7596604543380132,512,-0.00011043359375007,0.9604893421455771,0.8147907946295043,0.1456985475160728,0.9604893421455771,0.8147907946295043,0.1456985475160728,0.7044776119402986
kermany_resnet18_s42_std,kermany,resnet18,0,5,5.0,1,True,1.0676453455517105,17.18915387717321,2.542682602381104,0.7596604543380132,512,0.00022462500000008934,0.9237179767752709,0.8323352772277504,0.09138269954752054,0.8875051765759517,0.8365471645041538,0.05095801207179795,0.3432835820895523
kermany_resnet18_s42_std,kermany,resnet18,0,10,5.0,1,False,1.0676453455517105,17.18915387717321,2.542682602381104,0.7596604543380132,512,0.00032764843750032746,0.9031025786923716,0.8361583159970257,0.06694426269534592,0.8772951170158682,0.8393627479648985,0.03793236905096964,0.23522388059701496
kermany_resnet18_s42_std,kermany,resnet18,0,20,5.0,1,False,1.0676453455517105,17.18915387717321,2.542682602381104,0.7596604543380132,512,0.0005423125000001416,0.887355350475235,0.839359963015877,0.04799538745935794,0.8705950284669591,0.8418552773391483,0.028739751127810798,0.1646268656716418
kermany_resnet18_s42_std,kermany,resnet18,0,50,5.0,1,False,1.0676453455517105,17.18915387717321,2.542682602381104,0.7596604543380132,512,0.0007288984375002361,0.874615754972038,0.8422117508139013,0.03240400415813671,0.8657595173242741,0.8435095370579242,0.022249980266349945,0.10388059701492539
kermany_resnet18_s42_std,kermany,resnet18,0,100,5.0,1,False,1.0676453455517105,17.18915387717321,2.542682602381104,0.7596604543380132,512,0.0006881757812501332,0.8683819791186185,0.8433817775215625,0.02500020159705596,0.8607762002080731,0.8429170391535983,0.017859161054474826,0.07182089552238807
kermany_resnet18_s42_std,kermany,resnet18,0,200,5.0,1,False,1.0676453455517105,17.18915387717321,2.542682602381104,0.7596604543380132,512,0.0006558164062501204,0.8622216012201568,0.8427210483662096,0.01950055285394714,0.8542249276962806,0.840183611688988,0.014041316007292526,0.051149253731343276
kermany_resnet18_s42_std,kermany,resnet18,1,1,6.0,1,True,1.0805626675391862,17.290780365835854,2.5018898614273257,0.764151753043109,512,-7.774999999987653e-05,0.9606011521334102,0.8441791718151853,0.11642198031822493,0.9606011521334102,0.8441791718151853,0.11642198031822493,0.7469135802469136
kermany_resnet18_s42_std,kermany,resnet18,1,5,6.0,1,True,1.0805626675391862,17.290780365835854,2.5018898614273257,0.764151753043109,512,-0.0003628554687502561,0.9146239065593904,0.8568123739524799,0.05781153260691052,0.8747528357743412,0.858629478369488,0.016123357404853156,0.3907407407407407
kermany_resnet18_s42_std,kermany,resnet18,1,10,6.0,1,False,1.0805626675391862,17.290780365835854,2.5018898614273257,0.764151753043109,512,-0.00041101562500001076,0.8924236854344382,0.8588826676453061,0.0335410177891321,0.8672686333976657,0.859863776089101,0.007404857308564661,0.28487654320987654
kermany_resnet18_s42_std,kermany,resnet18,1,20,6.0,1,False,1.0805626675391862,17.290780365835854,2.5018898614273257,0.764151753043109,512,-0.0005281874999999436,0.8774371785124473,0.8596981256586457,0.017739052853801618,0.8621968931108716,0.8594809619845729,0.002715931126298643,0.19922839506172837
kermany_resnet18_s42_std,kermany,resnet18,1,50,6.0,1,False,1.0805626675391862,17.290780365835854,2.5018898614273257,0.764151753043109,512,-0.0007058007812501543,0.8658333402957059,0.8591617818868661,0.006671558408839817,0.8567032330473191,0.8576386059775564,-0.000935372930237266,0.12475308641975308
kermany_resnet18_s42_std,kermany,resnet18,1,100,6.0,1,False,1.0805626675391862,17.290780365835854,2.5018898614273257,0.764151753043109,512,-0.0007466835937499638,0.8594613769344952,0.8573355868974549,0.002125790037040276,0.8518549849195011,0.8536784832884977,-0.0018234983689966455,0.0871604938271605
kermany_resnet18_s42_std,kermany,resnet18,1,200,6.0,1,False,1.0805626675391862,17.290780365835854,2.5018898614273257,0.764151753043109,512,-0.0007910703125000307,0.8531203961311489,0.8535475117083205,-0.00042711557717167725,0.8448254254705868,0.8469891687513257,-0.0021637432807388723,0.05998456790123457
kermany_resnet18_s43_std,kermany,resnet18,0,1,5.0,1,True,1.0732145166183829,17.00762885067506,2.548305539321586,0.7516381057635189,512,0.00021887890624994188,0.9478556349764824,0.7560046982089993,0.1918509367674831,0.9478556349764824,0.7560046982089993,0.1918509367674831,0.7194029850746269
kermany_resnet18_s43_std,kermany,resnet18,0,5,5.0,1,True,1.0732145166183829,17.00762885067506,2.548305539321586,0.7516381057635189,512,-0.00044821484375012766,0.8889916535077825,0.7735892144494295,0.11540243905835301,0.8429805630094508,0.7792611112503586,0.06371945175909222,0.3683582089552239
kermany_resnet18_s43_std,kermany,resnet18,0,10,5.0,1,False,1.0732145166183829,17.00762885067506,2.548305539321586,0.7516381057635189,512,-0.0004916132812501361,0.8627700657551404,0.7800137437234211,0.08275632203171923,0.8329671291635663,0.7858151406538504,0.047151988509715914,0.2647761194029851
kermany_resnet18_s43_std,kermany,resnet18,0,20,5.0,1,False,1.0732145166183829,17.00762885067506,2.548305539321586,0.7516381057635189,512,-0.0005999257812501213,0.8461646201655831,0.7869910853781822,0.05917353478740095,0.8282181468026437,0.7943409139645699,0.03387723283807387,0.1843283582089552
kermany_resnet18_s43_std,kermany,resnet18,0,50,5.0,1,False,1.0732145166183829,17.00762885067506,2.548305539321586,0.7516381057635189,512,-0.0006701210937499757,0.8344650534828676,0.7953730856956663,0.039091967787201254,0.8266973277084013,0.8016977049235113,0.024999622784889985,0.11355223880597017
kermany_resnet18_s43_std,kermany,resnet18,0,100,5.0,1,False,1.0732145166183829,17.00762885067506,2.548305539321586,0.7516381057635189,512,-0.0005771406250002498,0.8303429839298881,0.8013353134320876,0.02900767049780051,0.8261481897976842,0.8064324663787029,0.019715723418981312,0.07758208955223882
kermany_resnet18_s43_std,kermany,resnet18,0,200,5.0,1,False,1.0732145166183829,17.00762885067506,2.548305539321586,0.7516381057635189,512,-0.0005833476562500106,0.8276201891512436,0.8059705129597603,0.02164967619148328,0.8240223426068395,0.8096264547877451,0.0143958878190944,0.053880597014925376
kermany_resnet18_s43_std,kermany,resnet18,1,1,6.0,1,True,1.088069840408308,17.126424075846884,2.553440123407811,0.7568881625942425,512,0.0014728476562499981,0.9502707318567534,0.7897313567510967,0.16053937510565663,0.9502707318567534,0.7897313567510967,0.16053937510565663,0.7345679012345678
kermany_resnet18_s43_std,kermany,resnet18,1,5,6.0,1,True,1.088069840408308,17.126424075846884,2.553440123407811,0.7568881625942425,512,0.0008350273437500721,0.8882452175462928,0.8066196201487487,0.08162559739754416,0.8397150440161193,0.8110696236839713,0.02864542033214801,0.37777777777777777
kermany_resnet18_s43_std,kermany,resnet18,1,10,6.0,1,False,1.088069840408308,17.126424075846884,2.553440123407811,0.7568881625942425,512,0.0005235312500000422,0.8617965566890298,0.8119217806747898,0.04987477601423995,0.8316815104449513,0.8170522303887735,0.014629280056177807,0.270679012345679
kermany_resnet18_s43_std,kermany,resnet18,1,20,6.0,1,False,1.088069840408308,17.126424075846884,2.553440123407811,0.7568881625942425,512,0.0004419921875001842,0.8454948575916318,0.8167714327078796,0.028723424883752235,0.8284464440378418,0.8209174070994003,0.007529036938441536,0.19228395061728396
kermany_resnet18_s43_std,kermany,resnet18,1,50,6.0,1,False,1.088069840408308,17.126424075846884,2.553440123407811,0.7568881625942425,512,0.0005295234375001234,0.8344337363154567,0.8209823878576887,0.013451348457767964,0.8266967998150794,0.8228412415701776,0.003855558244901802,0.11925925925925926
kermany_resnet18_s43_std,kermany,resnet18,1,100,6.0,1,False,1.088069840408308,17.126424075846884,2.553440123407811,0.7568881625942425,512,0.0005309804687499975,0.8300289913193138,0.8227318180134743,0.007297173305839566,0.8250206086227592,0.8233082276414004,0.0017123809813587298,0.08114197530864198
kermany_resnet18_s43_std,kermany,resnet18,1,200,6.0,1,False,1.088069840408308,17.126424075846884,2.553440123407811,0.7568881625942425,512,0.0004924570312500043,0.8262588665814472,0.8222459774217117,0.004012889159735522,0.8206290921344684,0.819573685823084,0.0010554063113844547,0.0557716049382716
kermany_resnet50_s42_std,kermany,resnet50,0,1,5.0,1,True,1.0763329062000817,33.688703291885176,2.4859406785219176,0.7444222045960491,2048,0.0006847421874999204,0.9261909491567653,0.7636298886298887,0.16256106052687658,0.9261909491567653,0.7636298886298887,0.16256106052687658,0.6686567164179105
kermany_resnet50_s42_std,kermany,resnet50,0,5,5.0,1,True,1.0763329062000817,33.688703291885176,2.4859406785219176,0.7444222045960491,2048,0.00019141796875021821,0.875310005353337,0.7831743127442052,0.09213569260913179,0.8304736188221985,0.7891059060413899,0.04136771278080864,0.3164179104477612
kermany_resnet50_s42_std,kermany,resnet50,0,10,5.0,1,False,1.0763329062000817,33.688703291885176,2.4859406785219176,0.7444222045960491,2048,1.2867187500043009e-05,0.8489396015635785,0.7874815845245953,0.06145801703898324,0.8183757503930831,0.789691441573162,0.028684308819921123,0.20805970149253733
kermany_resnet50_s42_std,kermany,resnet50,0,20,5.0,1,False,1.0763329062000817,33.688703291885176,2.4859406785219176,0.7444222045960491,2048,-0.00019005859374976453,0.8313146651134133,0.7890004260972003,0.04231423901621301,0.8147634262704075,0.7893986738072759,0.025364752463131635,0.1362686567164179
kermany_resnet50_s42_std,kermany,resnet50,0,50,5.0,1,False,1.0763329062000817,33.688703291885176,2.4859406785219176,0.7444222045960491,2048,-0.00021843359374995597,0.8188353293312369,0.7893475003690057,0.029487828962231233,0.8098306123342233,0.7875519044873883,0.022278707846834944,0.07838805970149255
kermany_resnet50_s42_std,kermany,resnet50,0,100,5.0,1,False,1.0763329062000817,33.688703291885176,2.4859406785219176,0.7444222045960491,2048,-0.00028421484374996364,0.8129702266919407,0.7876023816884032,0.025367845003537504,0.8060741858045661,0.7843147493685129,0.02175943643605327,0.0555223880597015
kermany_resnet50_s42_std,kermany,resnet50,0,200,5.0,1,False,1.0763329062000817,33.688703291885176,2.4859406785219176,0.7444222045960491,2048,-0.00040212890625002107,0.8070468770516916,0.7838555808985916,0.023191296153100005,0.7985724434448556,0.777617643209041,0.02095480023581453,0.0391044776119403
kermany_resnet50_s42_std,kermany,resnet50,1,1,6.0,1,True,1.0946391522067347,33.96158204517683,2.4494166826315564,0.7504520301239948,2048,0.0004265117187501888,0.9367543298994911,0.7887064788846204,0.14804785101487072,0.9367543298994911,0.7887064788846204,0.14804785101487072,0.6944444444444444
kermany_resnet50_s42_std,kermany,resnet50,1,5,6.0,1,True,1.0946391522067347,33.96158204517683,2.4494166826315564,0.7504520301239948,2048,0.0012193945312498622,0.886729509041337,0.8015009545101023,0.08522855453123468,0.8374898697479343,0.8044597674833592,0.033030102264575034,0.34814814814814815
kermany_resnet50_s42_std,kermany,resnet50,1,10,6.0,1,False,1.0946391522067347,33.96158204517683,2.4494166826315564,0.7504520301239948,2048,0.0013513710937499424,0.8574259273184004,0.8047547060546579,0.05267122126374246,0.8248086043784969,0.806774833255334,0.018033771123162956,0.24629629629629632
kermany_resnet50_s42_std,kermany,resnet50,1,20,6.0,1,False,1.0946391522067347,33.96158204517683,2.4494166826315564,0.7504520301239948,2048,0.001367863281250159,0.8364225380354413,0.8062425297379558,0.03018000829748546,0.8143963762243333,0.8068290400018855,0.0075673362224477625,0.1720679012345679
kermany_resnet50_s42_std,kermany,resnet50,1,50,6.0,1,False,1.0946391522067347,33.96158204517683,2.4494166826315564,0.7504520301239948,2048,0.0014794062500000926,0.8180338677650506,0.8066037958190101,0.01143007194604051,0.8037550860131505,0.8050243930359482,-0.0012693070227977055,0.10672839506172839
kermany_resnet50_s42_std,kermany,resnet50,1,100,6.0,1,False,1.0946391522067347,33.96158204517683,2.4494166826315564,0.7504520301239948,2048,0.0015907695312498138,0.806809130733862,0.8044122944941433,0.002396836239718647,0.793992099099626,0.8003134564039716,-0.006321357304345576,0.07364197530864197
kermany_resnet50_s42_std,kermany,resnet50,1,200,6.0,1,False,1.0946391522067347,33.96158204517683,2.4494166826315564,0.7504520301239948,2048,0.0016774179687500945,0.7949706605620585,0.7995602856459861,-0.004589625083927684,0.780814068448477,0.7914737164616799,-0.01065964801320285,0.050632716049382714
kermany_resnet50_s43_std,kermany,resnet50,0,1,5.0,1,True,1.0806103305261887,33.66804920474027,2.4318045731327356,0.7439658094373185,2048,0.0003709062499998028,0.9396525717902704,0.7929129313537916,0.1467396404364788,0.9396525717902704,0.7929129313537916,0.1467396404364788,0.6776119402985075
kermany_resnet50_s43_std,kermany,resnet50,0,5,5.0,1,True,1.0806103305261887,33.66804920474027,2.4318045731327356,0.7439658094373185,2048,0.00020144531249999265,0.8878001151472504,0.806826884783874,0.08097323036337645,0.8426960617620223,0.8101980655744097,0.03249799618761262,0.3211940298507463
kermany_resnet50_s43_std,kermany,resnet50,0,10,5.0,1,False,1.0806103305261887,33.66804920474027,2.4318045731327356,0.7439658094373185,2048,-2.20585937500406e-05,0.8603654410106023,0.8095777181798687,0.05078772283073363,0.8312917703384723,0.8112302373055061,0.020061533032966206,0.2146268656716418
kermany_resnet50_s43_std,kermany,resnet50,0,20,5.0,1,False,1.0806103305261887,33.66804920474027,2.4318045731327356,0.7439658094373185,2048,-0.00017721484374977337,0.8429876334546532,0.8107825567502986,0.032205076704354574,0.8261970095383673,0.8111780195113528,0.015018990027014456,0.14238805970149254
kermany_resnet50_s43_std,kermany,resnet50,0,50,5.0,1,False,1.0806103305261887,33.66804920474027,2.4318045731327356,0.7439658094373185,2048,-0.0002103125000002537,0.8288612206281922,0.8097587398662668,0.019102480761925444,0.8182612765183781,0.8069971147928137,0.011264161725564437,0.0848358208955224
kermany_resnet50_s43_std,kermany,resnet50,0,100,5.0,1,False,1.0806103305261887,33.66804920474027,2.4318045731327356,0.7439658094373185,2048,-9.613671875019492e-05,0.8209019194575286,0.8068063457848405,0.0140955736726881,0.8119295244957258,0.8019476540981917,0.009981870397534065,0.05805970149253732
kermany_resnet50_s43_std,kermany,resnet50,0,200,5.0,1,False,1.0806103305261887,33.66804920474027,2.4318045731327356,0.7439658094373185,2048,-3.2453124999998195e-05,0.8131399173767975,0.8017868232921996,0.011353094084597837,0.8029042695388386,0.7945355122774478,0.008368757261390858,0.0406268656716418
kermany_resnet50_s43_std,kermany,resnet50,1,1,6.0,1,True,1.1010269826139458,34.05062900487699,2.445023388857285,0.7524197085317457,2048,0.0013201562499999264,0.9476483542343758,0.803149378305854,0.1444989759285218,0.9476483542343758,0.803149378305854,0.1444989759285218,0.7191358024691358
kermany_resnet50_s43_std,kermany,resnet50,1,5,6.0,1,True,1.1010269826139458,34.05062900487699,2.445023388857285,0.7524197085317457,2048,0.002025437499999949,0.9002601838623344,0.8126658608603722,0.08759432300196224,0.8502800962478382,0.8148294170922963,0.0354506791555419,0.36296296296296293
kermany_resnet50_s43_std,kermany,resnet50,1,10,6.0,1,False,1.1010269826139458,34.05062900487699,2.445023388857285,0.7524197085317457,2048,0.002424624999999958,0.8684205579366869,0.813421388433425,0.05499916950326189,0.8357360481016395,0.8119860880573446,0.02374996004429486,0.26728395061728394
kermany_resnet50_s43_std,kermany,resnet50,1,20,6.0,1,False,1.1010269826139458,34.05062900487699,2.445023388857285,0.7524197085317457,2048,0.0026655117187498467,0.8465437390168573,0.8125106477537869,0.034033091263070414,0.8243170608762007,0.8109046466292494,0.013412414246951276,0.18719135802469136
kermany_resnet50_s43_std,kermany,resnet50,1,50,6.0,1,False,1.1010269826139458,34.05062900487699,2.445023388857285,0.7524197085317457,2048,0.002620011718750037,0.8279315765874906,0.8105430438603284,0.01738853272716223,0.8138961297563448,0.8069775193511352,0.006918610405209691,0.1145679012345679
kermany_resnet50_s43_std,kermany,resnet50,1,100,6.0,1,False,1.1010269826139458,34.05062900487699,2.445023388857285,0.7524197085317457,2048,0.0026079140625001607,0.8165759469522911,0.806425351249617,0.01015059570267407,0.8027507637722692,0.7995858739238614,0.0031648898484077925,0.08003086419753087
kermany_resnet50_s43_std,kermany,resnet50,1,200,6.0,1,False,1.1010269826139458,34.05062900487699,2.445023388857285,0.7524197085317457,2048,0.00269821484374988,0.8049466960757283,0.7996252664042746,0.00532142967145377,0.791089485981959,0.7899151883263583,0.0011742976556007312,0.05401234567901234
