unit,d,rho,G,n,law,block,N,delta_lw,delta_knn50,delta_full,material,auc_T_norm,auc_T_raw,rho0_size_norm,rho0_size_raw,T_norm_w0_mean,T_norm_w0.25_mean,T_norm_w0.5_mean,T_norm_w1_mean
d1|0863,1024,0.3,12,5,t5,TEST,60,0.15526768749999997,0.030071825000000024,0.15526768749999997,True,1.0,0.8984375,0.125,0.25,15.456812435741547,11.42695937230473,7.4616149969381365,-0.35370383170962083
d1|0015,2048,0.1,400,100,gauss,TRAIN,40000,0.051249859375000005,0.07843273750000002,0.07843273750000002,True,0.0234375,0.19921875,1.0,1.0,-1258.0096304573271,-1255.8302353478434,-1253.0074386184347,-1248.0833634307223
d1|0074,512,0.2,100,25,gauss,TRAIN,2500,0.08500035937499999,0.042687515624999985,0.08500035937499999,True,1.0,1.0,0.125,0.0625,218.51142119543505,2.5987423002097136,-6.679348186400363,-29.599420997492796
d1|0546,2048,0.03,24,5,t5,TRAIN,120,0.005295846875000003,0.003799543750000002,0.005295846875000003,False,1.0,0.52734375,0.0625,0.0,6.027057031030717,4.255477226417077,2.520392209540198,-0.9088991929913242
d1|0603,32,0.2,100,5,t5,TRAIN,500,0.006871156249999996,0.006142406249999996,0.006871156249999996,False,1.0,0.7890625,0.125,0.0,7.264979785010743,5.290579921599209,3.37835414317706,-0.45428221586932965
d1|0133,128,0.03,24,25,gauss,TEST,600,0.0021997718749999923,0.0025063500000000113,0.0025063500000000113,False,0.86328125,0.609375,0.0,0.0,1.0831056541462256,0.6747462399742373,0.34127209628726096,-0.32660673279044067
d1|0226,512,0.1,400,25,t5,TRAIN,10000,0.007054946874999982,0.0019597781250000057,0.007054946874999982,False,1.0,1.0,0.0625,0.0,1.1764442334609402,-31.0168979367163,-54.88560526001322,-263.99876216343785
d1|0832,512,0.2,400,100,t5,TRAIN,40000,0.029515253124999995,0.022557509375000007,0.029515253124999995,True,0.50390625,0.62109375,1.0,1.0,-216.44870656527024,-216.13664527829826,-214.39807818432269,-217.84496703312504
d1|0755,1024,0.03,24,5,gauss,TEST,120,0.00854981249999999,0.007074553125000001,0.00854981249999999,False,0.92578125,0.85546875,0.0625,0.125,2.565958451847699,1.782334758267841,1.0024614533710356,-0.5585746319337681
d1|0560,512,0.5,400,5,t5,TRAIN,2000,0.09112899999999997,-0.0017259687500000079,0.09112899999999997,True,1.0,1.0,0.0,0.0625,108.89530559643138,63.42831743299849,38.557507198784,-2.7076544103733813
d1|0012,32,0.2,24,5,gauss,TRAIN,120,0.014067784374999996,0.009647140625000009,0.014067784374999996,False,1.0,0.8828125,0.3125,0.0625,2.885546178542043,1.9307012954097507,0.971500710397237,-0.9500305829022914
d1|0668,128,0.03,24,100,gauss,TEST,2400,0.0036941249999999926,0.004116928125000002,0.004116928125000002,False,0.953125,0.7890625,0.0625,0.0625,3.2455292964196585,2.63026439620498,1.6697157316781865,0.26910340670071
d1|0183,128,0.3,12,25,gauss,TEST,300,0.125465509375,0.05693875937499999,0.125465509375,True,1.0,1.0,0.125,0.0,65.77157244035726,45.39613167685056,29.25713454155939,-0.6542177983104829
d1|0663,512,0.5,24,100,t5,TRAIN,2400,0.29237860312499997,0.27745675000000003,0.29237860312499997,True,1.0,1.0,0.25,0.125,152.82882802254647,77.08310223048652,46.87094386715576,-2.0874829967758597
d1|0636,512,0.5,24,100,t5,TRAIN,2400,0.29555012187499996,0.28221546875,0.29555012187499996,True,1.0,1.0,0.1875,0.0625,156.177963662601,77.71593450690898,47.08441543995089,-2.5315373400657255
d1|0725,1024,0.1,24,5,gauss,TEST,120,0.04655496874999999,0.012136231249999976,0.04655496874999999,True,1.0,1.0,0.1875,0.0625,25.926776323690767,18.653139657931945,11.79244375896399,-1.7829707497915206
d1|0865,512,0.2,12,100,gauss,TRAIN,1200,0.12108009375,0.09542017500000001,0.12108009375,True,1.0,1.0,0.0625,0.125,215.69153233844025,30.787235280898237,16.152772899452565,-17.589320777927007
d1|0858,512,0.5,12,100,gauss,TRAIN,1200,0.14999772812499998,0.107269959375,0.14999772812499998,True,1.0,1.0,0.1875,0.0,644.1207853843068,113.48375417172949,66.62283168499083,-3.2897203974563594
d1|0256,128,0.3,12,5,gauss,TEST,60,0.10450964999999998,0.011812478125000012,0.10450964999999998,True,1.0,1.0,0.25,0.0625,24.531069347323132,17.80561734524146,11.371954248867183,-1.412382915360271
d1|0078,512,0.1,400,25,gauss,TRAIN,10000,0.018404243749999986,0.009185206250000001,0.018404243749999986,False,1.0,1.0,0.0625,0.0,-39.594578094135144,-43.91708481616093,-67.19426554721792,-358.90733440945115
d1|0627,32,0.5,12,25,gauss,TRAIN,300,0.146514046875,0.07109545625,0.146514046875,True,1.0,1.0,0.0625,0.0625,51.9267408732411,36.941742742780555,24.165221358350035,-0.24270565148386955
d1|0625,1024,0.2,24,25,t5,TEST,600,0.11263423750000001,0.013405115625000005,0.11263423750000001,True,1.0,1.0,0.0625,0.0,39.82740928521211,25.28472283761721,15.665637685491074,-2.564311682285572
d1|0853,1024,0.2,100,100,gauss,TEST,10000,0.084231259375,0.089001525,0.089001525,True,1.0,1.0,0.0,0.0,11.359662410735606,-19.329719793722155,-40.14359886859751,-350.46996908495703
d1|0288,128,0.3,24,5,t5,TEST,120,0.068380809375,0.00968150625,0.068380809375,True,1.0,0.94140625,0.1875,0.0625,13.878359429793335,10.19094180009731,6.542778176406154,-0.6215469028020322
d1|0679,128,0.1,12,100,gauss,TEST,1200,0.04465428437499999,0.03250185312499999,0.04465428437499999,True,1.0,1.0,0.125,0.0625,28.253730114210068,20.812737501206502,13.755833612483032,0.21786097534022142
d1|0493,2048,0.1,400,100,gauss,TRAIN,40000,0.05150185312499998,0.07862114062500002,0.07862114062500002,True,0.1171875,0.23828125,1.0,1.0,-1257.4603012361786,-1254.641078452561,-1252.31276194255,-1247.59850023208
d1|0833,512,0.2,400,5,t5,TRAIN,2000,0.008066471875000036,0.0021867624999999807,0.008066471875000036,False,1.0,1.0,0.125,0.125,45.92451179944558,20.931951272500473,10.73703813345519,-8.016634180994163
d1|0018,2048,0.3,12,25,gauss,TRAIN,300,0.10553228125,0.05153447812499999,0.10553228125,True,1.0,1.0,0.125,0.0,349.0684300974257,93.55812973126865,56.73147668028187,-6.150485053209936
d1|0676,128,0.2,12,100,t5,TEST,1200,0.08982460625000001,0.050695915625000004,0.08982460625000001,True,1.0,0.99609375,0.0625,0.0,42.69309561702428,30.152385586417445,19.342200386310548,-0.22730772111391867
d1|0524,1024,0.2,12,100,gauss,TEST,1200,0.13474815,0.09307142499999999,0.13474815,True,1.0,1.0,0.0625,0.125,328.12989440772924,33.09577150102953,17.746591452624287,-18.225270296036683
d1|0275,128,0.3,100,5,gauss,TEST,500,0.0329495125,0.011135240625000008,0.0329495125,True,1.0,1.0,0.0625,0.0,40.78040779550078,28.376844655275008,17.379173341329263,-3.6479303582520775
d1|0153,2048,0.03,100,5,gauss,TRAIN,500,0.0036685531250000153,0.0038143437499999905,0.0038143437499999905,False,1.0,1.0,0.1875,0.125,5.259904652598001,-6.972335665264049,-7.3682092137528405,-8.177244088956424
d1|0381,2048,0.5,12,25,gauss,TRAIN,300,0.110389546875,0.051601146875,0.110389546875,True,1.0,1.0,0.125,0.0625,669.8305707932943,117.47143534648777,68.44592605720736,-1.2257927044422345
d1|0675,2048,0.1,400,5,t5,TRAIN,2000,0.012171103124999999,0.0008032312500000083,0.012171103124999999,False,1.0,1.0,0.125,0.0,55.59173803821341,4.90531369876263,-2.5018705295972516,-18.55285278453069
d1|0056,32,0.2,24,25,t5,TRAIN,600,0.02380715624999999,0.013116584374999997,0.02380715624999999,True,1.0,0.97265625,0.1875,0.125,14.62494731740195,10.683199533418714,6.898970528809979,-0.7083142907292632
d1|0181,128,0.1,400,5,gauss,TEST,2000,-7.534374999999122e-05,0.0005873000000000059,0.0005873000000000059,False,0.94140625,0.59375,0.125,0.0,2.188820105697045,1.5561969542763694,0.79990480144612,-0.35280691357908445
d1|0906,128,0.3,100,25,gauss,TEST,2500,0.062170934374999993,0.03856117500000002,0.062170934374999993,True,1.0,1.0,0.375,0.0,123.95915212361001,72.02537842639214,44.406479803318724,-1.0334596584731293
d1|0819,1024,0.2,100,5,t5,TEST,500,0.04074136562500001,0.0041727750000000105,0.04074136562500001,True,1.0,0.98046875,0.125,0.0625,28.49411204042032,19.51816865510166,12.24469049155013,-1.664859371039598
d1|0447,32,0.2,100,100,gauss,TRAIN,10000,0.00982768124999999,0.009998584374999987,0.009998584374999987,False,1.0,1.0,0.0,0.0,13.666197502786204,10.432854743630696,6.53657935460288,-0.5450805355556488
d1|0367,2048,0.03,24,5,t5,TRAIN,120,0.0043966187500000115,0.0031237125000000213,0.0043966187500000115,False,1.0,0.5,0.3125,0.0625,6.150549543742697,4.349450685075288,2.6068106371073445,-0.9109326837234102
d1|0338,1024,0.2,400,25,t5,TEST,10000,0.04913691875000002,0.002188481249999999,0.04913691875000002,True,1.0,1.0,0.0,0.0625,29.062431566878473,-2.044807712611516,-23.43344496844542,-172.7387955862789
d1|0500,512,0.2,24,25,t5,TRAIN,600,0.09295334687500001,0.009385100000000007,0.09295334687500001,True,1.0,1.0,0.0625,0.0,36.29034896068959,26.15289536316034,17.04124042172267,-0.15346848335958146
d1|0900,512,0.2,100,25,t5,TRAIN,2500,0.056479965625,0.006028896875000009,0.056479965625,True,1.0,1.0,0.25,0.0625,65.51288328760793,17.16905746752319,6.154378560913213,-16.42513780641391
d1|0064,1024,0.3,100,100,gauss,TEST,10000,0.07917784375,0.089072525,0.089072525,True,1.0,1.0,0.125,0.0,37.75633114122726,8.450115091623788,-12.041280216671048,-317.43190323895135
d1|0398,32,0.1,100,25,t5,TRAIN,2500,0.0027741062499999983,0.0030641937500000063,0.0030641937500000063,False,1.0,0.71875,0.125,0.0,6.784390687219874,5.020086167028067,3.215474990228346,-0.03542828696904873
d1|0608,512,0.3,100,25,gauss,TRAIN,2500,0.10708248125,0.04352676562499999,0.10708248125,True,1.0,1.0,0.0625,0.0625,389.4700596855421,37.39234822552277,19.4803800794089,-28.591505579722202
d1|0828,128,0.2,12,5,gauss,TEST,60,0.06492843749999998,0.015369559374999994,0.06492843749999998,True,1.0,1.0,0.125,0.125,11.392839958365741,8.235442411216209,5.083172939771674,-1.2209333099758966
d1|0820,512,0.5,400,25,t5,TRAIN,10000,0.146683703125,0.014491678124999997,0.146683703125,True,1.0,1.0,0.0625,0.0,97.67413039444908,67.92872167655591,45.28207998815823,-27.150641718776036
d1|0835,128,0.5,400,5,t5,TEST,2000,0.023635178124999996,0.0013555874999999912,0.023635178124999996,True,1.0,1.0,0.125,0.0625,75.33394803730056,48.69661349795584,29.91274437616426,-2.0317804444877567
d1|0255,32,0.2,100,25,gauss,TRAIN,2500,0.005715446874999995,0.005895053125000008,0.005895053125000008,False,1.0,0.9609375,0.125,0.0625,8.178452826101065,5.945015900451441,3.854038701079781,-0.5646470893831261
d1|0667,1024,0.1,400,5,t5,TEST,2000,0.002198540624999981,0.0006065499999999974,0.002198540624999981,False,1.0,1.0,0.125,0.0,32.57500885064204,-9.857217440070649,-14.28121474951154,-23.496836932136773
d1|0894,2048,0.03,12,25,gauss,TRAIN,300,0.027217712499999998,0.024213531250000024,0.027217712499999998,True,1.0,1.0,0.25,0.125,18.17268967338763,-3.953151381342593,-5.5637838160445785,-8.830375929061073
d1|0724,512,0.03,100,5,t5,TRAIN,500,-0.000991271874999998,-0.0011065218749999814,-0.000991271874999998,False,1.0,0.54296875,0.1875,0.0,5.117843879966957,3.5903737630061103,2.1348878885829548,-0.7585674140130427
d1|0345,128,0.5,400,5,t5,TEST,2000,0.025953384375,0.003383334375000005,0.025953384375,True,1.0,1.0,0.0625,0.0,76.38289006474614,49.258262386390186,30.260188373811694,-1.8938671905385884
d1|0312,32,0.03,12,100,t5,TRAIN,1200,0.0034571593750000185,0.0033720468750000204,0.0034571593750000185,False,0.9609375,0.5390625,0.0625,0.0625,3.3808695623468656,2.629232784774379,1.7599516822956014,0.15727146252985771
d1|0956,512,0.1,12,5,t5,TRAIN,60,0.025053353125000004,0.0031752156249999913,0.025053353125000004,True,1.0,0.62109375,0.0,0.1875,6.376626742668067,4.61600950354218,2.847922958495322,-0.6288202480457121
d1|0879,2048,0.2,100,25,gauss,TRAIN,2500,0.100710984375,0.041386903125,0.100710984375,True,1.0,1.0,0.125,0.0,571.9501063931882,-3.6479193950601703,-13.449026819735632,-39.71934443477342
d1|0019,1024,0.03,12,100,t5,TEST,1200,0.0066782718750000095,0.0033244500000000135,0.0066782718750000095,False,1.0,0.90234375,0.0625,0.125,23.76826565501132,-11.412278451085426,-13.392229440363376,-17.398450889896626
d1|0714,2048,0.1,400,5,gauss,TRAIN,2000,0.03890958749999999,0.008796362500000016,0.03890958749999999,True,1.0,1.0,0.0625,0.0625,70.41414057929543,-2.9096265012545683,-9.644144732288844,-24.784460738183647
d1|0488,32,0.5,24,5,t5,TRAIN,120,0.09520335937499998,0.01848742812500001,0.09520335937499998,True,1.0,1.0,0.125,0.0,14.9872940984822,10.980370637853893,7.041630043811655,-0.7500195427120429
d1|0769,128,0.3,100,25,gauss,TEST,2500,0.06227943125,0.039396690625,0.06227943125,True,1.0,1.0,0.125,0.1875,124.75568583040874,72.27718519787757,44.34811851116494,-0.9826663530048378
d1|0127,512,0.03,24,5,t5,TRAIN,120,0.0025166406250000037,0.0019589000000000065,0.0025166406250000037,False,1.0,0.5,0.125,0.125,3.949403835655276,2.8131949699888046,1.6977704999921086,-0.5081408016486781
d1|0234,1024,0.3,100,5,gauss,TEST,500,0.0977385875,0.010076450000000008,0.0977385875,True,1.0,1.0,0.125,0.0625,230.99960257926003,85.73450777009646,51.87721374606902,-7.054827596230144
d1|0887,32,0.1,24,100,gauss,TRAIN,2400,0.010436765625000004,0.00984414375,0.010436765625000004,False,1.0,0.984375,0.125,0.0,6.4557348352343045,4.811349700438273,3.166706789709671,0.10468234610511201
d1|0467,32,0.3,100,100,gauss,TRAIN,10000,0.01860300624999999,0.024464859374999995,0.024464859374999995,True,1.0,1.0,0.0625,0.0625,42.049453907960356,29.536359678672788,18.908479176656932,-0.4928008188495011
d1|0623,512,0.3,100,5,t5,TRAIN,500,0.06673661875,0.0034767343749999846,0.06673661875,True,1.0,0.99609375,0.0,0.0625,34.32661238701346,24.639581460304782,15.802565325266368,-0.986336790214225
d1|0293,512,0.5,100,100,gauss,TRAIN,10000,0.0958018625,0.09549692187499997,0.0958018625,True,1.0,1.0,0.0625,0.0,104.42192620801262,86.26252312612327,67.63533060780759,-7.4787023885694515
d1|0892,1024,0.2,400,100,t5,TEST,40000,0.045529762499999994,0.020843268749999998,0.045529762499999994,True,0.21875,0.546875,1.0,1.0,-232.67389510877751,-231.76261491381905,-227.0737048593936,-217.7612327434436
d1|0616,1024,0.3,400,25,t5,TEST,10000,0.09815219999999998,0.0063632968750000005,0.09815219999999998,True,1.0,1.0,0.0,0.0625,51.341838855873206,24.982071918179976,4.651667210904925,-106.80550098111505
d1|0427,128,0.3,12,25,t5,TEST,300,0.137642303125,0.018645615624999987,0.137642303125,True,1.0,1.0,0.1875,0.0625,29.127491855602482,21.33077468789293,14.016922630103114,-0.12306037299632375
d1|0535,1024,0.1,12,100,gauss,TEST,1200,0.10041719687500003,0.08717336249999999,0.10041719687500003,True,1.0,1.0,0.1875,0.125,148.265943534014,1.2227813966600007,-5.059940610865089,-18.764397864669466
d1|0426,2048,0.1,400,25,t5,TRAIN,10000,0.02394550937499998,0.002656815625000003,0.02394550937499998,True,1.0,1.0,0.0625,0.0,27.55697855917085,-14.14669310706483,-38.118291552312215,-239.83989314562226
d1|0624,512,0.2,12,5,t5,TRAIN,60,0.08221273750000001,0.01991959999999998,0.08221273750000001,True,1.0,0.80859375,0.0625,0.0625,10.777012349626528,7.895266932090472,5.062970061678208,-0.5712585467039344
d1|0606,512,0.5,100,25,gauss,TRAIN,2500,0.118112653125,0.04172312812500001,0.118112653125,True,1.0,1.0,0.0625,0.0625,780.3055214252267,117.51127607019475,68.4065977372494,-2.2553815193192923
d1|0929,512,0.2,100,100,t5,TRAIN,10000,0.0809525,0.028056874999999988,0.0809525,True,1.0,1.0,0.0,0.0,38.31125596677343,2.6452330665465777,-20.40146820432627,-157.64792860757683
d1|0190,512,0.5,24,25,gauss,TRAIN,600,0.143666040625,0.05105410624999999,0.143666040625,True,1.0,1.0,0.1875,0.125,427.5027082062301,114.22500584484351,66.98856227894274,-0.033883464456918
d1|0655,1024,0.5,100,25,t5,TEST,2500,0.296882159375,0.014514056249999983,0.296882159375,True,1.0,1.0,0.0625,0.0625,150.43966187726647,73.53505483940364,44.634483977073955,-4.005676526386374
d1|0456,1024,0.3,100,5,gauss,TEST,500,0.0978687,0.011369581250000003,0.0978687,True,1.0,1.0,0.1875,0.0,234.2834637495395,85.85560285452742,52.03200001066773,-7.067161165637682
d1|0466,512,0.2,12,5,t5,TRAIN,60,0.082051065625,0.012860074999999995,0.082051065625,True,1.0,0.81640625,0.1875,0.25,10.88358667110293,8.024757016405164,5.194544110040633,-0.4394312534937377
d1|0354,2048,0.03,400,25,gauss,TRAIN,10000,0.029167700000000005,0.004301490625000001,0.029167700000000005,True,1.0,1.0,0.0,0.125,5.491313653543994,-36.70080576494989,-63.74295101288635,-353.1267690499381
d1|0146,32,0.1,24,5,t5,TRAIN,120,0.003992868749999996,0.0028585281250000025,0.003992868749999996,False,0.97265625,0.625,0.125,0.0625,2.064526756362743,1.504905845203509,0.9176038594506463,-0.28624103049053823
d1|0004,1024,0.1,12,5,t5,TEST,60,0.033039621875,0.0034726750000000015,0.033039621875,True,1.0,0.671875,0.3125,0.0625,8.51155937502638,6.272770617581643,4.056329999783171,-0.4008987714617977
d1|0219,512,0.5,400,5,t5,TRAIN,2000,0.091813125,0.0010724531250000044,0.091813125,True,1.0,1.0,0.125,0.0,107.20950658728087,62.72166290401269,38.28447804337422,-2.6263361031934775
d1|0217,1024,0.3,24,5,gauss,TEST,120,0.09793371875000001,0.013906159375000005,0.09793371875000001,True,1.0,1.0,0.0625,0.0625,120.92883104551679,72.1085547911926,45.03580257777553,-1.4114407969202103
d1|0013,128,0.2,24,25,t5,TEST,600,0.052767190625,0.01428899687499998,0.052767190625,True,1.0,1.0,0.1875,0.0,26.249370629666554,19.108570065487115,12.470106752167354,-0.28765000783992356
d1|0913,32,0.3,24,100,t5,TRAIN,2400,0.059514875000000016,0.060281771874999994,0.060281771874999994,True,1.0,1.0,0.1875,0.125,45.27303442405416,31.484207974241816,20.060918647290862,-0.21112055720933048
d1|0550,128,0.1,12,25,gauss,TEST,300,0.029254246875000015,0.022171325,0.029254246875000015,True,1.0,1.0,0.3125,0.0625,11.30247629462448,8.189865925248341,5.104257957599633,-1.0860323183082308
d1|0516,512,0.5,24,25,gauss,TRAIN,600,0.144571325,0.04879310937500001,0.144571325,True,1.0,1.0,0.125,0.0,443.8497110181347,114.72768450643963,67.21804037170773,-0.07388762066648236
d1|0613,2048,0.03,24,100,gauss,TRAIN,2400,0.03655285937499997,0.022371962500000002,0.03655285937499997,True,1.0,1.0,0.0625,0.0,45.015342100012866,-35.85908352078979,-36.43122691498389,-37.610069485570335
d1|0723,1024,0.2,24,25,gauss,TEST,600,0.10688479687500001,0.049392890625000005,0.10688479687500001,True,1.0,1.0,0.3125,0.0,208.1712377332587,46.98550071012323,28.18285231772274,-11.801851938661041
d1|0449,1024,0.2,100,100,gauss,TEST,10000,0.08369444687500001,0.088941675,0.088941675,True,1.0,1.0,0.1875,0.125,11.496372010316962,-19.196656143513234,-40.00211667212051,-350.7923539316999
d1|0216,2048,0.3,24,100,t5,TRAIN,2400,0.23449630625,0.10859001562500001,0.23449630625,True,1.0,1.0,0.0625,0.1875,107.60613506790693,42.34014531987538,23.85162771774816,-13.44194964442977
d1|0954,2048,0.5,24,5,t5,TRAIN,120,0.282307525,0.004846453125000014,0.282307525,True,1.0,1.0,0.0625,0.125,32.81018834772344,23.92296610245208,15.69639451842049,-0.36333737585649534
d1|0257,2048,0.3,12,100,t5,TRAIN,1200,0.226308915625,0.137087184375,0.226308915625,True,1.0,1.0,0.125,0.125,89.77311548014863,47.373083803689866,28.86328040038469,-5.889751376440371
d1|0425,512,0.03,100,25,gauss,TRAIN,2500,0.003291828125000021,0.0028507468749999765,0.003291828125000021,False,1.0,1.0,0.0625,0.0625,2.8439846765690473,-29.914836372775813,-29.98687551047605,-30.13762021402665
d1|0585,1024,0.3,12,25,gauss,TEST,300,0.115419884375,0.049284396875,0.115419884375,True,1.0,1.0,0.125,0.0625,239.73118553631951,100.46651023330716,60.31550823902643,-0.7502185576551593
d1|0010,1024,0.03,400,100,gauss,TEST,40000,0.0018101906249999994,0.0013880937499999996,0.0018101906249999994,False,0.01171875,0.1484375,1.0,1.0,-12266.46999771508,-12158.126301310545,-12020.749053868356,-11767.358341730931
d1|0360,32,0.5,400,25,t5,TRAIN,10000,0.014355768750000011,0.01818357187500002,0.01818357187500002,False,1.0,1.0,0.1875,0.0625,92.07788032409906,53.63834081781,31.792000913399292,-0.2522748796132528
d1|0888,2048,0.1,12,5,t5,TRAIN,60,0.035328071875,0.015269968750000001,0.035328071875,True,1.0,0.65625,0.1875,0.0625,9.96184827260862,7.339184845514323,4.746358535014263,-0.3912813896212254
d1|0223,2048,0.03,24,25,t5,TRAIN,600,0.0031686656249999973,-0.0019327843749999823,0.0031686656249999973,False,1.0,0.640625,0.25,0.0,15.866129095146588,-2.622657587153367,-5.032499110064008,-9.754633811453425
d1|0549,128,0.1,400,25,t5,TEST,10000,0.0011790093749999841,0.0011301531250000121,0.0011790093749999841,False,1.0,1.0,0.25,0.0625,34.38585893243638,-31.64347203228716,-61.32165876285829,-84.27675033854317
d1|0850,32,0.03,12,25,gauss,TRAIN,300,0.0035002906249999854,0.003512393750000002,0.003512393750000002,False,0.63671875,0.609375,0.1875,0.1875,1.1284601407823809,0.9764590936054744,0.7577620089109026,0.4329396758738219
d1|0062,2048,0.2,24,5,gauss,TRAIN,120,0.090989590625,0.009848184374999992,0.090989590625,True,1.0,1.0,0.0625,0.0625,116.20726016488464,70.23124513587052,43.94311271174639,-1.433875104889958
d1|0748,512,0.5,24,25,gauss,TRAIN,600,0.143629978125,0.05167009687499999,0.143629978125,True,1.0,1.0,0.0625,0.0625,432.5333144579214,114.3670189607042,67.02727563850604,-0.3903655230536292
d1|0857,512,0.1,24,100,gauss,TRAIN,2400,0.07622560625,0.056343734374999996,0.07622560625,True,1.0,1.0,0.0625,0.0,104.37511136686629,-15.54991429166962,-19.354392160540897,-27.593190489484357
d1|0403,1024,0.03,400,100,t5,TEST,40000,-0.0007954843750000093,-0.0007802968749999889,-0.0007802968749999889,False,0.62109375,0.4375,1.0,1.0,-1301.1793623378294,-1353.817649038612,-1382.967853564036,-1372.6890991866117
d1|0495,1024,0.1,400,25,gauss,TEST,10000,0.040138253124999995,0.018276440625000008,0.040138253124999995,True,1.0,1.0,0.0,0.0,-32.77941946649774,-41.91953196980934,-63.926423079577475,-359.9436812791829
d1|0000,512,0.1,100,5,gauss,TRAIN,500,0.0053784156250000145,0.005104937500000004,0.0053784156250000145,False,1.0,1.0,0.0625,0.1875,17.99151720715996,12.77463368777323,7.736755601808968,-2.0219784087494928
d1|0409,128,0.2,400,5,t5,TEST,2000,0.002426912499999996,0.001451159374999976,0.002426912499999996,False,1.0,0.96875,0.0,0.0625,27.474481960557604,18.97531987789486,11.392778495207512,-1.8894479829444655
d1|0292,1024,0.2,12,100,t5,TEST,1200,0.141892875,0.05890426875000001,0.141892875,True,1.0,1.0,0.0,0.0,64.4379088285145,33.33929149920176,19.786924248910317,-6.195981418259189
d1|0055,2048,0.03,12,25,gauss,TRAIN,300,0.025166550000000003,0.022187121875000007,0.025166550000000003,True,1.0,1.0,0.1875,0.125,17.88080767038913,-4.01763013410444,-5.597575036719173,-8.875166692491057
d1|0909,1024,0.5,12,5,gauss,TEST,60,0.10559602812499999,0.008065015625000019,0.10559602812499999,True,1.0,1.0,0.0625,0.0625,194.20722672424967,92.78676329262278,56.419571369984595,-0.8298245889444058
d1|0087,2048,0.03,24,100,gauss,TRAIN,2400,0.037255312500000026,0.022891587500000005,0.037255312500000026,True,1.0,1.0,0.25,0.0,44.883266468867575,-35.88452646283938,-36.45666700915248,-37.61896343578914
d1|0873,32,0.3,100,100,gauss,TRAIN,10000,0.02002199687499999,0.026079674999999997,0.026079674999999997,True,1.0,1.0,0.0625,0.0625,41.89318292051392,29.782493142909118,19.301901128417242,0.3052194517280691
d1|0876,512,0.03,24,5,gauss,TRAIN,120,0.005960943749999975,0.005428203125000003,0.005960943749999975,False,0.796875,0.71484375,0.25,0.0,1.5361285595422571,1.1377134327970075,0.6965636167670409,-0.20800929204318847
d1|0379,32,0.3,12,100,t5,TRAIN,1200,0.08555362500000002,0.07682587187499998,0.08555362500000002,True,1.0,0.99609375,0.1875,0.0625,40.127115805752666,28.651644901630327,18.620117972998365,-0.052233631748823756
d1|0612,32,0.03,400,25,t5,TRAIN,10000,0.002192165625000006,0.0022393562500000047,0.0022393562500000047,False,0.6484375,0.640625,0.0625,0.0625,0.6673693720689468,0.7470737846343178,0.6349129207147759,0.013500994311322928
d1|0067,2048,0.3,12,25,t5,TRAIN,300,0.19582449687499998,0.03064943437499999,0.19582449687499998,True,1.0,0.99609375,0.1875,0.125,40.1544049841833,28.224421568090527,18.399279979840998,-0.4654116035103154
d1|0110,128,0.03,12,5,t5,TEST,60,0.001234765624999995,-0.0006001687500000186,0.001234765624999995,False,0.81640625,0.51953125,0.25,0.0625,1.4762530995783516,1.1013799030886946,0.7161101485224797,-0.06076027496846223
d1|0594,2048,0.03,12,100,gauss,TRAIN,1200,0.04128408437499999,0.03266385624999999,0.04128408437499999,True,1.0,1.0,0.125,0.0625,43.512204403364194,-22.17354362201334,-23.067193371668928,-24.895335535829645
d1|0120,128,0.03,24,5,t5,TEST,120,0.002411571875000011,0.00217496562499999,0.002411571875000011,False,0.80859375,0.53515625,0.125,0.0,1.3281172629949543,0.9768578159393622,0.6740094118067301,-0.04268737832091901
d1|0930,128,0.03,100,25,gauss,TEST,2500,0.0006956593749999976,0.0008354343750000132,0.0008354343750000132,False,0.66796875,0.56640625,0.0625,0.0625,0.36812000602731737,0.09117179110909318,0.06425004696985209,-0.20978157359743205
d1|0610,512,0.03,24,100,gauss,TRAIN,2400,0.01061437500000001,0.0077858937500000155,0.01061437500000001,False,1.0,1.0,0.0,0.0625,10.814917680277963,-26.873787023795693,-27.170702590022604,-27.737802515726116
d1|0439,2048,0.1,12,100,t5,TRAIN,1200,0.07507318749999999,0.02162775312499999,0.07507318749999999,True,1.0,1.0,0.0625,0.0,47.243086273033555,5.7329303392389335,-1.5381586309377606,-16.898870701189153
d1|0155,512,0.2,12,5,gauss,TRAIN,60,0.09633031562500001,0.011358718749999996,0.09633031562500001,True,1.0,1.0,0.125,0.0625,34.169411593220474,24.78085512052536,16.05736930620231,-1.0018510165533205
d1|0003,1024,0.2,100,5,gauss,TEST,500,0.07211435,0.009891553124999987,0.07211435,True,1.0,1.0,0.0625,0.0,131.21018606217626,53.3277726058286,32.62473268223635,-7.7887830517219365
d1|0605,1024,0.5,400,100,t5,TEST,40000,0.214771796875,0.234272475,0.234272475,True,1.0,1.0,1.0,1.0,20.191164459282056,6.7167463092588475,-6.222750255344762,-30.222890627416426
d1|0422,1024,0.5,400,25,gauss,TEST,10000,0.08239763124999999,0.03772471875,0.08239763124999999,True,1.0,1.0,0.25,0.125,91.5233617327356,83.10375705345312,69.17889038228876,-7.671573785518063
d1|0777,512,0.5,400,100,gauss,TRAIN,40000,0.10963166249999998,0.0934650125,0.10963166249999998,True,1.0,1.0,1.0,1.0,110.24499187960822,64.57725509848453,38.07254091716179,-5.306914141437584
d1|0387,2048,0.3,400,100,t5,TRAIN,40000,0.130738871875,0.06626437812500001,0.130738871875,True,0.71484375,0.9296875,1.0,1.0,-118.72188087079508,-120.86731954268866,-122.95824686710398,-124.99612154167266
d1|0334,128,0.5,12,100,t5,TEST,1200,0.25476664375,0.250920425,0.25476664375,True,1.0,1.0,0.0625,0.0,91.45173413171155,58.234290336519564,36.67119200677364,-0.0015121144268546022
d1|0753,1024,0.3,400,25,t5,TEST,10000,0.09939059062500001,0.008769878124999991,0.09939059062500001,True,1.0,1.0,0.0625,0.0625,50.70545527295495,24.310952857650218,4.054703478277721,-109.00386102160945
d1|0245,32,0.3,12,5,gauss,TRAIN,60,0.055546028125000015,0.011019665624999987,0.055546028125000015,True,1.0,1.0,0.1875,0.0625,7.013471360093539,4.946368986811467,2.8936928167065945,-1.2008569216073761
d1|0571,2048,0.2,400,25,t5,TRAIN,10000,0.08228405,0.0005696156249999917,0.08228405,True,1.0,1.0,0.125,0.0,45.789203809206796,10.609858383666083,-11.773617177873625,-157.34937833020984
d1|0783,1024,0.3,24,5,gauss,TEST,120,0.09899039062499998,0.014303140625000016,0.09899039062499998,True,1.0,1.0,0.125,0.0,126.5565705826741,74.12990351292262,46.104258239235875,-1.6629097109435627
d1|0870,128,0.5,400,25,t5,TEST,10000,0.0429924625,0.015659240625,0.0429924625,True,1.0,1.0,0.125,0.0625,191.3326119880184,75.15310809858107,38.30676053133398,-14.536698223037053
d1|0076,128,0.2,24,100,t5,TEST,2400,0.06864353125,0.041224768749999995,0.06864353125,True,1.0,0.984375,0.125,0.0,54.76155461744861,37.007393086674696,23.416264561864736,0.019012548256418987
d1|0848,512,0.03,12,100,gauss,TRAIN,1200,0.016245124999999992,0.014069953125000006,0.016245124999999992,False,1.0,1.0,0.125,0.0625,12.029338755454685,-17.071981749980413,-17.627839352573965,-18.800535784712547
d1|0687,128,0.3,24,100,t5,TEST,2400,0.12439848749999999,0.0892304625,0.12439848749999999,True,1.0,1.0,0.1875,0.125,73.10420727403965,47.927949740737,30.081553396452215,0.2409055329086357
d1|0184,1024,0.2,400,5,t5,TEST,2000,0.015815646874999978,-0.00047021874999998714,0.015815646874999978,False,1.0,1.0,0.125,0.0625,55.560436888942206,14.62133877113565,4.520341295787072,-16.291085555760205
d1|0872,128,0.03,24,100,gauss,TEST,2400,0.0030213249999999914,0.003568584374999996,0.003568584374999996,False,0.9921875,0.9375,0.125,0.0,3.334906379854516,2.5704660814116487,1.6004913915583074,-0.18293285476508764
d1|0374,512,0.2,400,5,t5,TRAIN,2000,0.010530309374999998,0.004692681249999976,0.010530309374999998,False,1.0,1.0,0.1875,0.0,45.64676338684484,20.63031293051554,10.744693693092707,-7.835382491429883
d1|0240,512,0.03,24,25,t5,TRAIN,600,0.00175844062500001,0.0014647531250000165,0.00175844062500001,False,1.0,0.48046875,0.125,0.0625,9.519083784114027,6.894774654391877,4.476257020627335,-0.4082470037050381
d1|0402,32,0.5,12,100,gauss,TRAIN,1200,0.1450923,0.13778090312499996,0.1450923,True,1.0,1.0,0.1875,0.125,107.67255977778655,67.2909226103955,42.80332859433709,-0.09937553831449542
d1|0924,1024,0.3,400,25,t5,TEST,10000,0.0984793625,0.003970971875000014,0.0984793625,True,1.0,1.0,0.0,0.0625,52.34794549582897,26.226563760264014,5.926141023489137,-105.11954455626417
d1|0793,1024,0.5,100,100,t5,TEST,10000,0.29422695,0.25732919374999996,0.29422695,True,1.0,1.0,0.1875,0.0625,103.8391095237099,72.50123864466559,49.300202748060855,-25.25216265024087
d1|0287,1024,0.5,100,25,t5,TEST,2500,0.29478276875000003,0.011350712499999985,0.29478276875000003,True,1.0,1.0,0.3125,0.0,151.76327247729,74.00419542353701,44.84154029390661,-4.039202739875558
d1|0129,128,0.03,12,25,t5,TEST,300,0.003971603124999987,0.003805468749999999,0.003971603124999987,False,0.9765625,0.640625,0.1875,0.125,3.399647757724692,2.447880575460588,1.4643866559106988,-0.5457312469231328
d1|0342,128,0.5,100,25,gauss,TEST,2500,0.117581240625,0.044739728125,0.117581240625,True,1.0,1.0,0.1875,0.125,313.7628424408671,107.64070895064978,63.470354949251735,-0.9662745676823052
d1|0364,1024,0.03,12,25,t5,TEST,300,0.0038893999999999943,0.0026499843750000113,0.0038893999999999943,False,1.0,0.5546875,0.0625,0.0625,11.670591166738053,8.679127124648208,5.706712017178431,0.05753342709560766
d1|0883,512,0.1,12,5,gauss,TRAIN,60,0.05043756562499999,0.011449343750000021,0.05043756562499999,True,1.0,1.0,0.0,0.0,12.140412759245065,8.906123379255366,5.7136247772841235,-0.6296748028642127
d1|0658,32,0.3,400,25,t5,TRAIN,10000,0.004182390625000004,0.005775603124999994,0.005775603124999994,False,1.0,1.0,0.1875,0.0,42.963756359482915,27.906151714029612,16.880914911444243,-0.1279616240924634
d1|0801,32,0.3,12,25,t5,TRAIN,300,0.07516229999999999,0.02461496249999999,0.07516229999999999,True,1.0,1.0,0.3125,0.1875,20.1993167126815,14.963289749931352,9.904014123125076,0.01055808894452348
d1|0786,32,0.03,24,5,gauss,TRAIN,120,0.0014695093749999763,0.00155984374999997,0.00155984374999997,False,0.5625,0.51171875,0.0625,0.125,-0.1614714324868562,-0.16607676634182994,-0.2255617931136845,-0.34238089141241246
d1|0694,128,0.5,400,25,gauss,TEST,10000,0.06130550000000001,0.04249252812499999,0.06130550000000001,True,1.0,1.0,0.0,0.0,473.4603225483264,111.29941088654468,63.45272775004809,-6.135193084290556
d1|0808,32,0.2,100,25,t5,TRAIN,2500,0.006467846875000002,0.005649246874999993,0.006467846875000002,False,1.0,1.0,0.0625,0.0,19.78495947914076,14.250445254156787,9.149296393892506,-0.13048687991250443
d1|0399,512,0.2,400,25,t5,TRAIN,10000,0.023982237499999996,0.0018875250000000149,0.023982237499999996,True,1.0,1.0,0.0625,0.1875,27.170153433081737,-4.877410692279819,-26.823465088428282,-169.4208700655864
d1|0086,1024,0.1,12,100,gauss,TEST,1200,0.10060983437499998,0.086644178125,0.10060983437499998,True,1.0,1.0,0.25,0.0625,149.0615547432501,1.2024776609687158,-5.039737441691864,-18.724502089506014
d1|0812,128,0.2,24,25,gauss,TEST,600,0.0699163125,0.03880401875,0.0699163125,True,1.0,1.0,0.0625,0.0,41.45561928119602,29.725875186269437,19.261379258040794,-0.7731389058877303
d1|0523,1024,0.1,24,5,t5,TEST,120,0.015560268750000002,-0.0027826343750000024,0.015560268750000002,False,1.0,0.61328125,0.375,0.125,11.0995114828578,8.091270697452646,5.125401877533118,-0.7420242433046897
d1|0733,1024,0.3,12,100,t5,TEST,1200,0.20874294687499995,0.132645753125,0.20874294687499995,True,1.0,1.0,0.0625,0.125,79.52890038863517,46.365262539979234,28.55436812599053,-3.8579887783625835
d1|0999,32,0.3,400,5,t5,TRAIN,2000,0.0018830281250000191,0.0019052687500000151,0.0019052687500000151,False,1.0,1.0,0.0,0.125,18.158089071146698,12.83426732434793,7.884552991850931,-1.4962794182061154
d1|0198,2048,0.03,12,100,gauss,TRAIN,1200,0.04363223749999999,0.03489213749999997,0.04363223749999999,True,1.0,1.0,0.3125,0.0625,44.24179375455456,-22.13421186315665,-23.033091098667676,-24.862527337449933
d1|0453,1024,0.5,100,5,gauss,TEST,500,0.10675053437500001,0.012020471874999994,0.10675053437500001,True,1.0,1.0,0.125,0.1875,495.54158498777883,115.0827898113543,66.98033729357701,-3.1092047188174066
d1|0416,32,0.03,12,5,t5,TRAIN,60,0.00210393125000001,0.0014601531249999952,0.00210393125000001,False,0.65234375,0.53515625,0.125,0.125,0.4921484124498139,0.32778327646098915,0.1807171416621418,-0.12597038264688476
d1|0291,512,0.03,24,25,gauss,TRAIN,600,0.005686821874999998,0.0067837000000000106,0.0067837000000000106,False,1.0,0.9765625,0.1875,0.125,4.6356474983488605,3.464530471823764,2.2667884737510273,-0.07150872269740723
d1|0726,1024,0.03,100,5,gauss,TEST,500,0.0032014531249999964,0.003454400000000024,0.003454400000000024,False,1.0,1.0,0.0,0.0,1.5699861910406594,-7.409685347536081,-7.644189638963173,-8.071923038556719
d1|0720,2048,0.3,24,5,t5,TRAIN,120,0.147788728125,0.007803918749999989,0.147788728125,True,1.0,0.91796875,0.375,0.25,21.580302770458154,15.808411283649363,10.266389736741969,-0.6342178169549426
d1|0221,1024,0.5,24,5,gauss,TEST,120,0.10210662187500001,0.01632474374999999,0.10210662187500001,True,1.0,1.0,0.0625,0.125,264.2418751760196,103.32902524682953,61.60852947222924,-1.359791284842041
d1|0170,2048,0.2,24,5,gauss,TRAIN,120,0.09042214062499998,0.012651915625000003,0.09042214062499998,True,1.0,1.0,0.25,0.0625,112.64993803772947,68.53061073899381,42.85438231203898,-1.8610735962253329
d1|0497,1024,0.03,400,100,gauss,TEST,40000,0.00042588437499998383,-1.1762499999984355e-05,0.00042588437499998383,False,0.0,0.12109375,1.0,1.0,-12295.87222645682,-12159.591308773193,-11996.605359980054,-11738.891647738437
d1|0341,512,0.1,400,25,t5,TRAIN,10000,0.005014490625,0.00037204687499999695,0.005014490625,False,1.0,1.0,0.0625,0.0,0.920452578239054,-30.984792972577605,-54.767504258828644,-265.6569740260574
d1|0188,2048,0.5,400,100,gauss,TRAIN,40000,0.09582578124999999,0.08782476249999999,0.09582578124999999,True,1.0,1.0,1.0,1.0,110.23051521938635,55.126731214447325,29.464368438851515,-4.957356662585649
d1|0541,32,0.2,12,25,gauss,TRAIN,300,0.038793690624999995,0.02717926249999999,0.038793690624999995,True,1.0,1.0,0.25,0.0,10.283737236895405,7.632926463958533,5.028851774257808,-0.22963854008299245
d1|0718,32,0.03,400,100,t5,TRAIN,40000,-0.0027370343750000234,-0.0019829562500000147,-0.0019829562500000147,False,1.0,1.0,0.125,0.0,0.7344105502621312,-38.877720608405866,-67.87156761935495,-472.3108800494881
d1|0233,2048,0.3,24,25,t5,TRAIN,600,0.19534768125000002,0.0262983,0.19534768125000002,True,1.0,1.0,0.125,0.0625,53.75588067044117,35.6421148957691,22.65218072447635,-1.591536539364743
d1|0517,128,0.1,100,5,t5,TEST,500,0.0027487250000000005,0.002395674999999986,0.0027487250000000005,False,1.0,0.59375,0.1875,0.0625,8.691131954256543,6.205462954004117,3.8363138716851672,-0.8719088919443297
d1|0206,1024,0.5,24,25,gauss,TEST,600,0.13885061875,0.04660126875000001,0.13885061875,True,1.0,1.0,0.1875,0.0625,637.0581340267324,116.95705728041442,68.13896085126501,-1.7126866322261471
d1|0117,1024,0.3,100,5,t5,TEST,500,0.094787709375,0.0020795843750000126,0.094787709375,True,1.0,1.0,0.125,0.125,39.97278219030066,27.803227445014958,17.639844487515262,-1.536820783150712
d1|0756,1024,0.03,100,5,gauss,TEST,500,0.0016628124999999994,0.0019626687499999934,0.0019626687499999934,False,1.0,1.0,0.25,0.0625,2.3204781908042613,-7.094328279169575,-7.317211593859678,-7.780554472550593
d1|0530,1024,0.1,24,25,t5,TEST,600,0.035255712499999974,0.01007604375,0.035255712499999974,True,1.0,0.8984375,0.1875,0.0625,26.274070795876888,12.100198446082562,6.20402957007531,-5.450426356281564
d1|0810,32,0.03,24,100,gauss,TRAIN,2400,0.0007287281250000013,0.000984374999999968,0.000984374999999968,False,0.71875,0.56640625,0.1875,0.25,0.9465243755294832,0.6088512702069189,0.4125206073419639,-0.00665657886525714
d1|0144,512,0.2,100,5,gauss,TRAIN,500,0.04262805000000001,0.009954512499999991,0.04262805000000001,True,1.0,1.0,0.0,0.0625,74.35639789207028,49.007390332445766,30.34874945679379,-4.001269446326566
d1|0440,1024,0.1,12,5,gauss,TEST,60,0.06669943125,0.011929512500000003,0.06669943125,True,1.0,1.0,0.1875,0.125,21.165466060839236,15.297595090343309,9.574952492411443,-1.6865718379850323
d1|0208,1024,0.03,24,100,gauss,TEST,2400,0.024636468750000008,0.013690096875000002,0.024636468750000008,True,1.0,1.0,0.125,0.0625,20.65494458285005,-36.514513892565716,-36.879866411494426,-37.62276989995175
d1|0327,2048,0.1,100,100,gauss,TRAIN,10000,0.07837403125,0.08464456875000001,0.08464456875000001,True,1.0,1.0,0.125,0.0,-18.76059808889388,-37.267170096780156,-59.06203844006209,-360.31150332105915
d1|0600,1024,0.5,400,5,t5,TEST,2000,0.15523855312499996,0.005296196874999978,0.15523855312499996,True,1.0,1.0,0.125,0.125,119.44387675500596,65.39108312502202,39.676696821436515,-4.046398575539934
d1|0373,32,0.03,12,5,gauss,TRAIN,60,0.0041470499999999785,0.004208228124999977,0.004208228124999977,False,0.578125,0.58984375,0.125,0.0625,0.26405662044530376,0.174496028279074,0.11603934437637276,-0.04276826578143139
d1|0647,32,0.03,12,5,gauss,TRAIN,60,0.0019242999999999968,0.0017972312499999962,0.0019242999999999968,False,0.5859375,0.546875,0.125,0.0,0.8973377603676639,0.7984920690437461,0.698694406484166,0.593948342549617
d1|0845,512,0.2,12,5,t5,TRAIN,60,0.0804939375,0.016086803125,0.0804939375,True,1.0,0.8671875,0.0625,0.125,10.715302551438686,7.810321187182252,4.947176529219949,-0.764582834443518
d1|0271,1024,0.03,24,5,gauss,TEST,120,0.007954009375000008,0.0064487437499999994,0.007954009375000008,False,0.9453125,0.83984375,0.1875,0.1875,2.377269963036504,1.6468348388659235,0.8336622559195801,-0.684759698989291
d1|0791,512,0.1,400,5,t5,TRAIN,2000,0.0024281781249999926,0.0019272437500000017,0.0024281781249999926,False,1.0,0.9609375,0.25,0.125,26.454224359369974,0.9963139709401919,-3.644362945432422,-12.540642610232297
d1|0320,2048,0.03,400,5,t5,TRAIN,2000,0.0011910156250000067,-0.00028109687500001146,0.0011910156250000067,False,1.0,1.0,0.125,0.0,35.75328176818592,-17.135796084752446,-20.220702588593888,-26.740294163234523
d1|0408,128,0.3,24,5,gauss,TEST,120,0.08390715312500002,0.016942103125000003,0.08390715312500002,True,1.0,1.0,0.1875,0.0625,27.40418034539079,19.764134528625473,12.543326987702272,-1.7040542250098176
d1|0304,1024,0.5,24,100,gauss,TEST,2400,0.14012126874999997,0.097650471875,0.14012126874999997,True,1.0,1.0,0.0,0.0625,1205.363671703266,112.96879788299287,66.42069938347157,-6.0242853946586035
d1|0017,128,0.3,24,100,t5,TEST,2400,0.12576810625,0.09147026249999998,0.12576810625,True,1.0,1.0,0.125,0.0,74.48961265726453,48.64495132755949,30.450154874340754,-0.05052622429639694
d1|0652,512,0.03,100,25,gauss,TRAIN,2500,0.0033746843749999852,0.0031073218749999992,0.0033746843749999852,False,1.0,1.0,0.125,0.125,2.731117090601526,-29.893485439868357,-29.967820705345385,-30.124337020006564
d1|0126,512,0.1,12,25,t5,TRAIN,300,0.03712431875,0.018500328125000007,0.03712431875,True,1.0,0.765625,0.0625,0.1875,18.663526524035746,13.830715283049255,9.076147701297892,-0.049104032165984385
d1|0763,512,0.3,100,100,gauss,TRAIN,10000,0.09503173437500001,0.09273238125000001,0.09503173437500001,True,1.0,1.0,0.0625,0.0,42.18620754637199,8.236911641241115,-13.218604718805839,-299.17634924324295
d1|0151,1024,0.1,24,25,gauss,TEST,600,0.07588794062500001,0.04273857500000001,0.07588794062500001,True,1.0,1.0,0.0,0.0,83.22550517445207,9.337930157643406,2.3684707495127024,-12.428337300513089
d1|0282,2048,0.03,400,100,t5,TRAIN,40000,0.0019413093749999985,0.0017231625,0.0019413093749999985,False,0.5625,0.71875,1.0,1.0,-1024.984365321423,-1011.339299301422,-1016.5639402385051,-1040.736240305244
d1|0119,1024,0.2,24,25,gauss,TEST,600,0.10741898125,0.04812926249999999,0.10741898125,True,1.0,1.0,0.125,0.0625,200.2265677006953,46.60851479851653,27.933145185179885,-11.881307651045677
d1|0641,128,0.3,24,5,gauss,TEST,120,0.08213241874999999,0.012057328125000003,0.08213241874999999,True,1.0,1.0,0.1875,0.0625,27.473012117824407,19.791241573209057,12.443797326265173,-1.9516195566013796
d1|0162,128,0.03,24,5,gauss,TEST,120,0.002177912499999997,0.0020771593749999845,0.002177912499999997,False,0.625,0.5546875,0.25,0.0625,0.8855034426960318,0.746655934264489,0.6287106528472521,0.3507813438049197
d1|0242,2048,0.3,100,100,gauss,TRAIN,10000,0.0638778125,0.08697618750000001,0.08697618750000001,True,1.0,1.0,0.125,0.0625,35.029948120140055,8.192112796147082,-11.58544433980262,-326.2563340999558
d1|0167,32,0.3,24,100,t5,TRAIN,2400,0.06241133124999999,0.061941696874999994,0.06241133124999999,True,1.0,1.0,0.25,0.0,43.073716978354334,30.056595877955804,19.124142239031407,-0.22350314109388117
d1|0182,32,0.2,100,5,gauss,TRAIN,500,0.004538540625000004,0.005252453125000021,0.005252453125000021,False,0.9453125,0.83984375,0.0625,0.0,2.5417414879714837,1.7797687847040957,1.0137583351281505,-0.6442434539340349
d1|0473,1024,0.1,100,25,t5,TEST,2500,0.018799884374999992,6.936562499999799e-05,0.018799884374999992,False,1.0,1.0,0.0,0.0625,47.709124529454435,-16.274841577698464,-21.629419793183423,-33.45512598436122
d1|0187,32,0.03,12,100,gauss,TRAIN,1200,0.0015193156249999965,0.0018306437500000133,0.0018306437500000133,False,0.77734375,0.59375,0.4375,0.125,1.153399896627771,0.7682855755843805,0.4670372782432519,-0.16861910391623736
d1|0952,1024,0.3,100,5,t5,TEST,500,0.09597198437499999,0.01024489062500001,0.09597198437499999,True,1.0,1.0,0.0625,0.0625,38.617635515646626,26.824026792584984,16.997852553779147,-1.7004374235873585
d1|0329,2048,0.5,12,100,gauss,TRAIN,1200,0.1704817125,0.09978828437499998,0.1704817125,True,1.0,1.0,0.125,0.0,1344.0308174525835,113.14232901507347,66.47847040423866,-6.268628935292888
d1|0165,32,0.5,400,5,t5,TRAIN,2000,0.009596706250000017,0.006396387500000003,0.009596706250000017,False,1.0,1.0,0.1875,0.0,38.151330761242136,26.105712881922223,15.912319151103318,-2.1198756812787485
d1|0097,512,0.03,400,5,gauss,TRAIN,2000,0.0011315187499999976,0.0010869031250000105,0.0011315187499999976,False,1.0,1.0,0.0625,0.0625,-0.0479572336565785,-16.77624036897744,-16.80112199655741,-16.837562148776264
d1|0713,128,0.2,100,5,t5,TEST,500,0.003220074999999996,-0.0038324593750000066,0.003220074999999996,False,1.0,0.8984375,0.0625,0.0625,16.71819385164484,11.95170731607724,7.457612010345464,-1.2385862633906533
d1|0512,128,0.5,24,25,gauss,TEST,600,0.134780515625,0.05555559062499998,0.134780515625,True,1.0,1.0,0.1875,0.125,186.95349912202477,91.87815531366215,56.09652249593451,-0.19357990755977567
d1|0834,1024,0.5,100,100,t5,TEST,10000,0.29292256875,0.25564588125,0.29292256875,True,1.0,1.0,0.0625,0.0,99.19016291861536,70.49680655617573,48.22727905707614,-27.137125955731626
d1|0252,32,0.5,400,5,t5,TRAIN,2000,0.0026078593750000073,-0.0002265593749999975,0.0026078593750000073,False,1.0,1.0,0.1875,0.0625,38.25741842529178,26.10091154863526,16.017884010441975,-2.1536274693628155
d1|0277,512,0.2,100,100,gauss,TRAIN,10000,0.0912482,0.09118351250000001,0.0912482,True,1.0,1.0,0.0,0.0,13.402896598874793,-20.784608451955428,-42.5619438195949,-345.1167325207141
d1|0995,32,0.3,24,25,t5,TRAIN,600,0.04561639062500001,0.00979189687499999,0.04561639062500001,True,1.0,0.984375,0.0,0.125,22.071056939803164,16.21182335883993,10.741610792438037,-0.01812166484197647
d1|0020,128,0.3,24,5,t5,TEST,120,0.06434566562500002,0.0043338687499999765,0.06434566562500002,True,1.0,0.95703125,0.0625,0.125,13.732120362623842,10.025777341568418,6.3623928798639655,-0.8327052019335883
d1|0397,1024,0.1,12,100,gauss,TEST,1200,0.09986695625,0.086830928125,0.09986695625,True,1.0,1.0,0.25,0.0,150.76116681707853,1.2234616544395183,-5.02123039289353,-18.705198860382694
d1|0207,512,0.03,24,25,gauss,TRAIN,600,0.005400743750000006,0.006572228124999996,0.006572228124999996,False,1.0,0.9609375,0.125,0.0,4.957595757105654,3.72558287481348,2.3156527649490704,-0.18138808445540971
d1|0895,32,0.1,24,5,t5,TRAIN,120,0.005650262499999996,0.004315278125000002,0.005650262499999996,False,0.9375,0.58203125,0.1875,0.0625,2.602534670987351,1.9451229268879946,1.2971894715758077,-0.012792084600963385
d1|0932,1024,0.1,24,100,t5,TEST,2400,0.059054896875,0.013811162499999995,0.059054896875,True,1.0,1.0,0.0,0.0625,55.60333330631063,-10.662207726908381,-16.898630734199667,-31.037527367192723
d1|0025,2048,0.03,12,25,t5,TRAIN,300,0.009193478124999967,0.006603353124999982,0.009193478124999967,False,1.0,0.703125,0.1875,0.0,13.681691814066019,1.6840218942639824,-0.8252285805329647,-5.819759704168028
d1|0237,512,0.03,400,5,gauss,TRAIN,2000,0.000671628124999997,0.0006561875000000023,0.000671628124999997,False,1.0,1.0,0.125,0.0625,1.214975757884741,-16.63923430623366,-16.68156827095102,-16.753174428454724
d1|0171,512,0.2,400,100,t5,TRAIN,40000,0.028287650000000004,0.02164056250000001,0.028287650000000004,True,0.3125,0.51953125,1.0,1.0,-228.709077286612,-222.25784299061644,-214.1440522070784,-217.32566377660564
d1|0260,128,0.1,100,100,gauss,TEST,10000,0.011334418749999998,0.007406809374999997,0.011334418749999998,False,1.0,1.0,0.0625,0.0625,18.782551588520974,-38.144119356094194,-68.26716268296826,-89.27394140585747
d1|0776,2048,0.1,400,100,t5,TRAIN,40000,0.018577456250000006,0.005157840625,0.018577456250000006,False,0.44921875,0.61328125,1.0,1.0,-412.81986574276095,-415.671086803761,-412.11871068573635,-414.2415812435819
d1|0602,128,0.5,24,25,t5,TEST,600,0.23326864687499999,0.018915446875000012,0.23326864687499999,True,1.0,1.0,0.0625,0.0,57.65714371012946,40.04571097504946,25.672607581585375,-0.5475306304046021
d1|0949,32,0.1,100,100,t5,TRAIN,10000,0.00022243749999997786,0.0018524500000000124,0.0018524500000000124,False,1.0,0.59375,0.0625,0.0,13.300742835701286,9.375452373810386,6.132514407803402,0.006250467942059246
d1|0231,1024,0.1,100,100,gauss,TEST,10000,0.082254834375,0.06183697187499998,0.082254834375,True,1.0,1.0,0.0,0.0625,-20.580614519786593,-38.45071872023329,-61.03109371414783,-359.41935965704465
d1|0303,128,0.2,100,5,t5,TEST,500,0.013216915624999992,0.006411024999999987,0.013216915624999992,False,1.0,0.90234375,0.125,0.0625,16.445452235388803,11.864067576401503,7.5743423514838835,-0.8928813387997715
d1|0916,1024,0.2,400,5,t5,TEST,2000,0.014348340624999976,-0.0013530093750000055,0.014348340624999976,False,1.0,1.0,0.0625,0.0,54.47984582586629,14.77703857484213,4.693783640908391,-15.871602952014445
d1|0564,512,0.1,12,5,t5,TRAIN,60,0.026872665625000007,0.006443303125000001,0.026872665625000007,True,1.0,0.73046875,0.125,0.0625,6.956493194736797,5.107568254006514,3.275568684412678,-0.3886233895171494
d1|0174,128,0.5,400,25,gauss,TEST,10000,0.06145884062499999,0.042157378125000006,0.06145884062499999,True,1.0,1.0,0.125,0.0625,473.6014756734754,111.27440830615271,63.64769079932719,-5.644365750276592
d1|0378,32,0.03,100,25,t5,TRAIN,2500,-0.001453884374999992,-0.0013535375000000155,-0.0013535375000000155,False,0.65234375,0.56640625,0.125,0.0,0.2284743521339993,-0.0998259660741197,-0.33068643669573694,-0.6933499664657129
d1|0266,512,0.5,100,5,t5,TRAIN,500,0.19945165,0.012391515624999981,0.19945165,True,1.0,1.0,0.125,0.0625,56.208666223855886,39.16052117378352,25.09844937324053,-0.8830375818709071
d1|0032,32,0.1,24,25,gauss,TRAIN,600,0.005934175,0.006189978124999995,0.006189978124999995,False,0.93359375,0.89453125,0.125,0.0625,2.4806693319662307,1.6294880666266405,0.8197190956606164,-0.578157067929736
d1|0404,512,0.5,24,100,t5,TRAIN,2400,0.293679225,0.27452338749999994,0.293679225,True,1.0,1.0,0.0625,0.0,147.1230747608097,74.93952617482074,45.55675531979651,-2.401330790430595
d1|0741,128,0.5,12,100,t5,TEST,1200,0.256890490625,0.25476756875,0.256890490625,True,1.0,1.0,0.125,0.0625,92.92670308812389,58.95410337417506,37.17581242743168,0.005637011220849392
d1|0490,32,0.5,400,100,t5,TRAIN,40000,0.014743725000000006,0.09252228750000001,0.09252228750000001,True,1.0,1.0,0.0625,0.0,123.7544807707961,59.55390173115923,31.19382906814754,-9.625513128246752
d1|0927,32,0.3,100,25,gauss,TRAIN,2500,0.01450836250000001,0.014271590624999983,0.01450836250000001,False,1.0,1.0,0.25,0.0625,23.333961118928503,16.8612180082849,10.70391950994183,-0.8124499258896123
d1|0711,128,0.03,400,25,t5,TEST,10000,-5.3425000000002776e-05,0.00018109999999998266,0.00018109999999998266,False,1.0,1.0,0.25,0.125,4.338774889149059,-40.000793680649835,-69.7588775953991,-89.07155666048448
d1|0101,1024,0.2,100,100,t5,TEST,10000,0.11959395625000002,0.03191665624999999,0.11959395625000002,True,1.0,1.0,0.0625,0.0,39.257347727316315,4.516274068201184,-17.90831747698328,-164.13492127180055
d1|0088,32,0.3,400,5,t5,TRAIN,2000,-0.0010414843749999986,-0.0010306468749999992,-0.0010306468749999992,False,1.0,0.984375,0.125,0.1875,18.873247254759328,13.400047574650033,8.269446605202015,-1.2103571217305773
d1|0084,128,0.3,24,25,gauss,TEST,600,0.109799834375,0.049926278125,0.109799834375,True,1.0,1.0,0.1875,0.125,81.67736562200707,54.30760283609995,34.83350358761297,-0.17644011381187677
d1|0897,32,0.2,100,5,gauss,TRAIN,500,0.003392103125000011,0.0040840343750000105,0.0040840343750000105,False,0.9296875,0.84765625,0.1875,0.25,2.1288589389344006,1.4067321649801174,0.6891073265605516,-0.9627191130127943
d1|0794,512,0.3,100,100,t5,TRAIN,10000,0.13700650625,0.07831133124999999,0.13700650625,True,1.0,1.0,0.125,0.0,58.3610104257086,27.806806620517257,6.462967038985565,-98.24960265649744
d1|0014,1024,0.5,400,25,gauss,TEST,10000,0.08259056875000001,0.03798483125000001,0.08259056875000001,True,1.0,1.0,0.125,0.125,91.47120038525809,83.14396658294315,69.24689594383591,-7.428662775091958
d1|0502,1024,0.5,400,25,t5,TEST,10000,0.22070843125,0.011160656250000012,0.22070843125,True,1.0,1.0,0.25,0.0625,96.57844730019141,69.1568611639604,47.220315001435125,-27.637469552281992
d1|0824,2048,0.5,400,100,t5,TRAIN,40000,0.262907421875,0.242421609375,0.262907421875,True,1.0,1.0,1.0,1.0,19.15407732391326,6.4978040071472,-5.580988417989911,-29.858461621283034
d1|0446,2048,0.1,12,100,t5,TRAIN,1200,0.08296009062499998,0.02065404375000001,0.08296009062499998,True,1.0,1.0,0.125,0.0625,47.68560927458142,7.741951596495861,0.12415405674262353,-15.943008750868414
d1|0559,32,0.5,100,5,gauss,TRAIN,500,0.03062750624999999,0.013482871875000003,0.03062750624999999,True,1.0,1.0,0.0625,0.0,29.70089965392993,21.141031246380365,13.161514058165416,-2.2597459314580712
d1|0816,512,0.1,100,25,gauss,TRAIN,2500,0.025732743749999995,0.01778160625,0.025732743749999995,True,1.0,1.0,0.125,0.0625,59.72799628416411,-23.21731423942048,-25.42926124270856,-30.101426911682317
d1|0192,2048,0.03,400,5,t5,TRAIN,2000,0.0020452156249999923,0.0007807531250000055,0.0020452156249999923,False,1.0,1.0,0.0625,0.0,35.805984951100214,-17.36099188977058,-20.400036180267143,-26.86195239822582
d1|0765,2048,0.5,24,25,t5,TRAIN,600,0.31349022812500005,0.02065780625,0.31349022812500005,True,1.0,1.0,0.1875,0.0625,81.11415076381303,53.11505634221691,33.96010156843513,-0.43345243424142316
d1|0083,512,0.1,12,5,t5,TRAIN,60,0.028092578124999996,0.006256378124999996,0.028092578124999996,True,1.0,0.69921875,0.125,0.0625,7.477070674412145,5.498522278281114,3.527639669877014,-0.40189963464155065
d1|0884,2048,0.1,100,25,gauss,TRAIN,2500,0.070841134375,0.038546768749999995,0.070841134375,True,1.0,1.0,0.0625,0.125,234.28052040171195,-27.19850102385415,-31.093796490343696,-39.78513615196417
d1|0039,2048,0.2,24,5,t5,TRAIN,120,0.08509943125,0.00877491875,0.08509943125,True,1.0,0.9140625,0.125,0.0625,16.2176046701329,11.938317237621202,7.77273471419238,-0.503366196699998
d1|0579,128,0.3,100,25,t5,TEST,2500,0.04806369374999999,0.010284440624999995,0.04806369374999999,True,1.0,1.0,0.0625,0.125,62.04201056535974,41.22713927100729,25.62436828341635,-0.6410210866439958
d1|0639,2048,0.3,400,100,gauss,TRAIN,40000,0.08991095,0.086783625,0.08991095,True,0.0,0.0,1.0,1.0,-674.6750504968883,-657.0967687207574,-638.1259926923701,-610.4379092615586
d1|0082,2048,0.5,12,100,gauss,TRAIN,1200,0.173562396875,0.10152314062500001,0.173562396875,True,1.0,1.0,0.0,0.0,1366.7750701625,113.40511867764795,66.60215732232811,-6.055984189341092
d1|0069,128,0.5,12,100,t5,TEST,1200,0.25553468749999997,0.24910806874999997,0.25553468749999997,True,1.0,1.0,0.0,0.0625,90.47220603190107,57.81584048858166,36.44171422475605,-0.09483356126750686
d1|0983,512,0.03,24,5,gauss,TRAIN,120,0.005776512500000011,0.005179487500000017,0.005776512500000011,False,0.77734375,0.73828125,0.125,0.1875,1.2150640115748264,0.7408226585646991,0.31625959728416153,-0.6239065085175608
d1|0264,2048,0.1,24,5,t5,TRAIN,120,0.024752143750000004,0.0031307468749999998,0.024752143750000004,True,1.0,0.70703125,0.25,0.1875,12.306723363461309,8.994763358365173,5.755505604319057,-0.663459819203118
d1|0230,32,0.1,400,100,t5,TRAIN,40000,0.0009657406249999959,0.0026632406250000212,0.0026632406250000212,False,1.0,1.0,0.125,0.0,7.969482349211297,-32.524265638347075,-57.96204180377688,-178.78240491352187
d1|0225,512,0.3,24,5,t5,TRAIN,120,0.11879604687499998,0.01239602187499999,0.11879604687499998,True,1.0,0.98828125,0.0625,0.0,19.851789884243047,14.491919220259188,9.333801297756668,-0.7616292984385024
d1|0059,512,0.2,24,100,gauss,TRAIN,2400,0.11060844375000001,0.095909834375,0.11060844375000001,True,1.0,1.0,0.125,0.0625,270.8394321721514,11.572570490038945,0.4813008347854101,-27.205611337602935
d1|0205,1024,0.1,400,25,t5,TEST,10000,0.012045012500000021,0.00325146875,0.012045012500000021,False,1.0,1.0,0.0625,0.0,2.2717988163720952,-28.757694611530454,-51.739095724686564,-268.87781820190617
d1|0628,32,0.03,400,25,t5,TRAIN,10000,0.0017945312500000157,0.0018017718749999828,0.0018017718749999828,False,0.83203125,0.5703125,0.125,0.25,0.9725349433270213,0.7267293402617023,0.2895671681761022,-0.256801823962187
d1|0707,1024,0.2,24,5,t5,TEST,120,0.06630075625000001,0.009306184375000005,0.06630075625000001,True,1.0,0.79296875,0.1875,0.125,15.225010678003645,11.144774407491594,7.182017720253054,-0.6628424652863429
d1|0581,1024,0.5,100,100,t5,TEST,10000,0.298298275,0.2630698125,0.298298275,True,1.0,1.0,0.0,0.0,100.27829060811642,71.23772358112504,48.59505075676221,-26.933056399557273
d1|0158,512,0.5,400,100,t5,TRAIN,40000,0.14861840625,0.225681915625,0.225681915625,True,1.0,1.0,1.0,1.0,22.298830550103965,9.51645161298093,-2.7052089833123314,-29.19008733658675
d1|0212,2048,0.2,12,25,gauss,TRAIN,300,0.10092469375,0.05175585312499999,0.10092469375,True,1.0,1.0,0.1875,0.0,234.52022509031025,66.2953443235375,41.04910019394778,-7.746944161234376
d1|0401,2048,0.3,12,5,gauss,TRAIN,60,0.09566039062500001,0.007279190625000015,0.09566039062500001,True,1.0,1.0,0.1875,0.125,145.71740961615177,80.42649860967185,49.61941571526694,-1.5688305182524047
d1|0938,128,0.03,100,5,t5,TEST,500,0.00135953124999999,0.0013957437500000114,0.0013957437500000114,False,0.86328125,0.52734375,0.0,0.0625,1.1651627843126184,0.7104605785421291,0.24112617688290314,-0.7003949687908231
d1|0531,32,0.3,12,100,t5,TRAIN,1200,0.09010107812500001,0.07890825000000001,0.09010107812500001,True,1.0,1.0,0.125,0.0625,38.79093354515268,27.918988091627735,18.22872191874096,0.1458225282489727
d1|0651,1024,0.03,400,5,gauss,TEST,2000,0.0019236406249999935,0.001259590625000001,0.0019236406249999935,False,1.0,1.0,0.125,0.0625,0.8838640352529248,-28.521341114281455,-28.554738961848585,-28.60815632119963
d1|0007,32,0.1,24,100,gauss,TRAIN,2400,0.007821653125000001,0.006876990624999989,0.007821653125000001,False,1.0,0.91796875,0.125,0.0625,6.63600526646908,5.128529231372279,3.4648557129583604,0.4839449372949934
d1|0316,32,0.5,100,5,t5,TRAIN,500,0.030080537499999983,0.011904934374999995,0.030080537499999983,True,1.0,1.0,0.0625,0.0625,22.969589693365272,16.52364803983656,10.379383742040929,-1.472068025267785
d1|0689,2048,0.5,24,100,t5,TRAIN,2400,0.33971256562499996,0.291249625,0.33971256562499996,True,1.0,1.0,0.125,0.0,163.2933544185076,76.47355304168713,46.25060984031153,-4.379636328397206
d1|0649,2048,0.3,400,25,gauss,TRAIN,10000,0.06505923124999999,0.037501234375000005,0.06505923124999999,True,1.0,1.0,0.125,0.0625,52.62391086804184,21.413909217982916,0.11462111041794205,-270.1390140109594
d1|0543,2048,0.2,12,25,gauss,TRAIN,300,0.10134527812500001,0.0511446125,0.10134527812500001,True,1.0,1.0,0.125,0.0625,230.2938229082112,66.10356789092313,40.88812473448874,-7.838447895632532
d1|0659,128,0.3,100,5,t5,TEST,500,0.024979721875,0.003923712500000016,0.024979721875,True,1.0,1.0,0.1875,0.125,24.027507973884283,17.2713574446965,10.96013407166702,-1.0409323177556145
d1|0253,32,0.1,12,100,gauss,TRAIN,1200,0.017198053124999994,0.015644440624999992,0.017198053124999994,False,1.0,1.0,0.0625,0.0,7.272193009223365,5.331719046877171,3.4306892546973407,-0.3014309909983135
d1|0276,1024,0.1,24,25,t5,TEST,600,0.03874776874999999,0.00016393124999999897,0.03874776874999999,True,1.0,0.86328125,0.0625,0.0625,25.571264098294016,13.20968116095308,7.302521129168177,-4.340137632993837
d1|0554,128,0.1,100,5,gauss,TEST,500,0.0027498062500000073,0.003585040624999987,0.003585040624999987,False,0.96484375,0.84765625,0.125,0.125,3.196354862033103,2.2905051932744636,1.4828355365523769,-0.19220673787806275
d1|0650,128,0.3,12,100,t5,TEST,1200,0.1490452125,0.11216620937499999,0.1490452125,True,1.0,1.0,0.1875,0.125,60.64164036954392,41.56854577860632,26.48320829000461,-0.34196917264058624
d1|0806,2048,0.3,100,100,t5,TRAIN,10000,0.2245656375,0.08356934999999999,0.2245656375,True,1.0,1.0,0.0,0.1875,60.462315032932864,33.43555908271665,11.552864374335726,-102.22725575006535
d1|0634,128,0.5,24,25,t5,TEST,600,0.228229671875,0.035590853125,0.228229671875,True,1.0,1.0,0.0625,0.0625,59.30022437328894,41.23624272669162,26.647911202132377,-0.0239102033872195
d1|0744,2048,0.03,100,25,gauss,TRAIN,2500,0.013829246874999993,0.005612378124999998,0.013829246874999993,False,1.0,1.0,0.1875,0.0625,17.097964559192135,-39.19049225461596,-39.40754823252923,-39.84252272644409
d1|0942,128,0.2,12,25,t5,TEST,300,0.06947760312500001,0.025347987499999995,0.06947760312500001,True,1.0,0.91796875,0.1875,0.25,20.436469851566752,15.079000108178338,9.8963890220057,-0.196319098384709
d1|0978,1024,0.1,400,25,gauss,TEST,10000,0.041782659375,0.02017780625,0.041782659375,True,1.0,1.0,0.25,0.0625,-32.6876497628491,-41.89452923791582,-63.90403769282625,-360.1159634655379
d1|0279,512,0.3,24,25,gauss,TRAIN,600,0.12154865625,0.049901284374999993,0.12154865625,True,1.0,1.0,0.125,0.0,216.71124078082062,97.1285429436761,58.555514025214364,-0.6924948980380967
d1|0878,2048,0.2,400,100,gauss,TRAIN,40000,0.08590055625000001,0.08678680312499999,0.08678680312499999,True,0.0,0.06640625,1.0,1.0,-857.9472096095855,-850.8370544288189,-843.5311626683736,-828.9243463667681
d1|0002,32,0.1,400,25,gauss,TRAIN,10000,3.1337499999999074e-05,0.00031190937499999544,0.00031190937499999544,False,0.6484375,0.5703125,0.0625,0.1875,0.6137760832485277,0.6771612857799754,0.38700216354029093,0.030277465661852028
d1|0587,128,0.2,400,100,gauss,TEST,40000,0.012119350000000001,0.020232743750000018,0.020232743750000018,True,0.0703125,0.0625,1.0,1.0,-783.6699911006608,-776.4996361587099,-769.1895519000637,-753.0119015283611
d1|0249,512,0.2,24,25,t5,TRAIN,600,0.09387166562500002,0.00879956875,0.09387166562500002,True,1.0,0.96875,0.0625,0.0625,36.928831482901,26.627943752137725,17.397743461071528,-0.03250630606986962
d1|0577,512,0.03,100,100,gauss,TRAIN,10000,0.008666596875000016,0.00270613749999999,0.008666596875000016,False,1.0,1.0,0.1875,0.0625,-20.631934273461074,-41.474086000480526,-70.45238360778653,-360.7259484898741
d1|0481,128,0.3,100,5,gauss,TEST,500,0.033476746875000005,0.010923956249999998,0.033476746875000005,True,1.0,1.0,0.0625,0.0,41.32592844658043,28.911450649790122,17.962285624730555,-2.9269846012847203
d1|0871,32,0.1,100,100,gauss,TRAIN,10000,0.002129371875000015,0.002135862499999995,0.002135862499999995,False,0.9921875,0.734375,0.0,0.0,3.120683001845837,2.3582142180660925,1.5067348540323897,0.09597767167337824
d1|0414,128,0.1,400,25,t5,TEST,10000,0.0038069499999999964,0.003802178124999986,0.0038069499999999964,False,1.0,1.0,0.0625,0.0625,33.47159238864414,-31.938909160349667,-61.56372995469327,-84.6465096234791
d1|0482,2048,0.5,100,100,t5,TRAIN,10000,0.32011954062500003,0.263615090625,0.32011954062500003,True,1.0,1.0,0.0,0.125,101.43213458025183,71.77022508781117,49.302545869886146,-27.176067057024
d1|0322,128,0.1,12,5,gauss,TEST,60,0.02068543124999999,0.008694171875000004,0.02068543124999999,True,1.0,0.859375,0.0625,0.0625,4.108271706745486,2.9942723600552563,1.887521646588774,-0.340592428120153
d1|0142,32,0.1,12,100,gauss,TRAIN,1200,0.01608111249999998,0.01423168125000001,0.01608111249999998,False,1.0,0.99609375,0.0,0.125,7.948243829959181,5.898578886376008,3.9955265847283723,0.240272151869814
d1|0313,2048,0.2,400,100,gauss,TRAIN,40000,0.08531424374999999,0.085786540625,0.085786540625,True,0.0,0.15234375,1.0,1.0,-859.4293504354664,-851.3141396210617,-845.0327165479138,-831.5507390539915
d1|0681,32,0.1,400,5,t5,TRAIN,2000,-0.0020084937499999928,-0.0018505843750000056,-0.0018505843750000056,False,0.98828125,0.4921875,0.0625,0.0625,2.7124752905553158,1.8541338248901487,0.9512690611241315,-0.43099737516578024
d1|0928,32,0.03,12,100,t5,TRAIN,1200,0.0009736125000000054,0.0013946343749999882,0.0013946343749999882,False,0.96484375,0.47265625,0.125,0.0,3.5475001889235207,2.5015164312194,1.5595861758191631,-0.1376692136069137
d1|0638,512,0.3,400,25,gauss,TRAIN,10000,0.08115332187500002,0.0378674625,0.08115332187500002,True,1.0,1.0,0.0,0.0,33.125820905782085,2.5893953983479734,-18.061922509251623,-321.8196829084162
d1|0542,2048,0.1,12,25,t5,TRAIN,300,0.057034434375,0.013266487500000007,0.057034434375,True,1.0,0.78125,0.3125,0.125,21.037361401624175,13.210188161284268,8.085872164772589,-1.9734472329810058
d1|0161,2048,0.1,24,100,gauss,TRAIN,2400,0.09929721875000001,0.085932075,0.09929721875000001,True,1.0,1.0,0.25,0.0625,302.1997704398803,-22.650444132180585,-27.212033813861716,-37.585985546470866
d1|0712,2048,0.5,24,25,t5,TRAIN,600,0.3123154625,0.031923581250000006,0.3123154625,True,1.0,1.0,0.0625,0.0,79.31532215244405,51.95955671261679,33.09901137709356,-0.8211537134117515
d1|0235,1024,0.03,12,25,t5,TEST,300,0.006813815625000011,0.00565931875000001,0.006813815625000011,False,1.0,0.55078125,0.0625,0.0625,11.116761869017516,8.148640819753972,5.282184418612292,-0.33763640956580726
d1|0807,2048,0.2,24,25,t5,TRAIN,600,0.12346409062500001,0.022265962499999986,0.12346409062500001,True,1.0,1.0,0.1875,0.0,41.316273512508985,26.02576165200903,16.172998247863177,-2.681342697771988
d1|0147,128,0.3,24,5,gauss,TEST,120,0.08324365624999999,0.011564018749999995,0.08324365624999999,True,1.0,1.0,0.125,0.125,27.839488158672687,20.209727309821318,13.036443796406697,-1.052316979621028
d1|0504,512,0.2,400,100,t5,TRAIN,40000,0.029813409375000002,0.022680103125000017,0.029813409375000002,True,0.47265625,0.56640625,1.0,1.0,-227.19243197165346,-227.339687029363,-226.41618273469393,-223.61898115428608
d1|0963,32,0.03,400,100,gauss,TRAIN,40000,0.0020237500000000117,0.0034134625000000057,0.0034134625000000057,False,1.0,1.0,0.125,0.125,-0.3058280838221626,-39.73189887776361,-69.58153171709246,-1104.5981432934645
d1|0405,1024,0.1,24,100,t5,TEST,2400,0.059619040624999974,0.01571089062500001,0.059619040624999974,True,1.0,1.0,0.125,0.0625,56.321539009452955,-11.60743615489435,-17.77218996994426,-31.542457307720543
d1|0052,32,0.1,100,25,t5,TRAIN,2500,0.002365978125000015,0.0029532468750000096,0.0029532468750000096,False,1.0,0.6171875,0.0625,0.0,6.443348678060904,4.712146117276731,2.956040487503719,-0.16264711408023352
d1|0498,512,0.1,100,100,t5,TRAIN,10000,0.023399896874999986,0.007499834375000014,0.023399896874999986,True,1.0,1.0,0.0625,0.0,9.282795782097384,-27.25666255529394,-51.70696785487635,-262.0309074123651
d1|0105,1024,0.3,12,25,t5,TEST,300,0.1907505375,0.03267438437500001,0.1907505375,True,1.0,1.0,0.1875,0.0625,37.50160359606148,27.127971084227106,17.838488155949378,0.045258723254431796
d1|0874,512,0.2,100,100,gauss,TRAIN,10000,0.09218899375000002,0.09217703749999999,0.09218899375000002,True,1.0,1.0,0.0625,0.0625,13.790635339350008,-20.61165713699195,-42.3689109275209,-344.5351313529497
d1|0933,1024,0.5,12,25,gauss,TEST,300,0.12708979375,0.048975628125000004,0.12708979375,True,1.0,1.0,0.1875,0.0625,491.99607048328187,115.90996643373902,67.73426098469096,-0.590841409385904
d1|0389,2048,0.1,400,25,gauss,TRAIN,10000,0.07308679375000002,0.032111046875000014,0.07308679375000002,True,1.0,1.0,0.3125,0.0625,21.25983299793459,-23.281586544491418,-47.25160244296847,-325.5523224614433
d1|0049,1024,0.5,24,25,t5,TEST,600,0.305551121875,0.027284090624999986,0.305551121875,True,1.0,1.0,0.25,0.0625,78.80365808745213,51.857666889917255,33.00162773775756,-0.5872098544105079
d1|0614,32,0.1,24,5,gauss,TRAIN,120,0.006095159374999999,0.005672740624999985,0.006095159374999999,False,0.84765625,0.71484375,0.125,0.0625,0.9036441640002562,0.6395187599947876,0.3432031141273314,-0.22954228133628202
d1|0732,1024,0.3,100,5,gauss,TEST,500,0.09475346562499998,0.008924593749999994,0.09475346562499998,True,1.0,1.0,0.0625,0.0625,231.5017228587865,85.84883152890745,52.03564396740215,-6.71174518746946
d1|0138,128,0.3,12,25,t5,TEST,300,0.137593309375,0.024583906249999996,0.137593309375,True,1.0,0.99609375,0.1875,0.0625,27.06340631376578,19.872960964251412,13.005460994048306,-0.2296680860124497
d1|0534,128,0.1,24,25,t5,TEST,600,0.014909543750000004,0.006594534375000002,0.014909543750000004,False,1.0,0.8515625,0.25,0.1875,15.88232107170696,11.7556641018639,7.684559164232674,-0.0602021413988499
d1|0717,512,0.3,100,5,t5,TRAIN,500,0.068561096875,0.007965781249999977,0.068561096875,True,1.0,1.0,0.25,0.0625,34.81466106901082,24.935283650878766,15.987176800547994,-0.9225568679573473
d1|0800,32,0.1,12,100,gauss,TRAIN,1200,0.016536440625000003,0.014357596874999976,0.016536440625000003,False,1.0,0.98828125,0.1875,0.0,6.776332173178012,4.962170544276307,3.1427509092929604,-0.5786065056645942
d1|0972,32,0.03,400,5,t5,TRAIN,2000,0.0023050656249999912,0.0023112749999999876,0.0023112749999999876,False,0.484375,0.57421875,0.0625,0.125,0.09305055653572383,0.08321861579813916,-0.03155726382814522,0.022135583739315123
d1|0635,32,0.5,12,25,gauss,TRAIN,300,0.143874446875,0.060608921875,0.143874446875,True,1.0,1.0,0.0,0.125,54.72023715704102,38.83874516247326,25.3549486411263,-0.24178545622124253
d1|0366,128,0.5,400,100,t5,TEST,40000,0.04448411562499999,0.17749063750000002,0.17749063750000002,True,1.0,1.0,1.0,1.0,32.37626208342748,17.301083909814118,4.453270676421958,-23.42422764504166
d1|0169,32,0.3,12,5,t5,TRAIN,60,0.05394785624999999,0.0160750375,0.05394785624999999,True,1.0,0.89453125,0.0625,0.125,6.86165323394584,4.986516176288539,3.124279764614588,-0.5896452688315156
d1|0435,128,0.03,12,25,gauss,TEST,300,0.0055799812500000115,0.006053403125000016,0.006053403125000016,False,0.82421875,0.734375,0.125,0.0,1.7307265120642636,1.3124070234688587,0.9113534310050617,0.08264980503810049
d1|0168,2048,0.5,100,25,t5,TRAIN,2500,0.322323753125,0.01551114062500001,0.322323753125,True,1.0,1.0,0.25,0.0,155.73464893781698,74.66764864518933,45.227044488084886,-4.421803269998701
d1|0784,1024,0.1,100,100,t5,TEST,10000,0.04391534687499998,0.009082696874999997,0.04391534687499998,True,1.0,1.0,0.125,0.0,10.53228074135922,-25.011292893585626,-48.46886315457152,-263.4039170158235
d1|0503,1024,0.03,24,25,t5,TEST,600,0.005708193750000007,0.004937909375000014,0.005708193750000007,False,1.0,0.69140625,0.0625,0.125,13.36744164146017,-5.277126329273608,-7.112953650116241,-10.800973198550071
d1|0218,128,0.5,12,5,gauss,TEST,60,0.13116488437499998,0.014521878124999998,0.13116488437499998,True,1.0,1.0,0.0,0.125,57.57134800900118,40.30732318500749,26.086395344238625,-0.8716955155724289
d1|0075,32,0.5,100,25,t5,TRAIN,2500,0.03682334999999998,0.018227328124999984,0.03682334999999998,True,1.0,1.0,0.1875,0.0,61.42351264687325,41.213147714881885,25.779045720491425,-0.5044951744351887
d1|0270,512,0.5,400,100,t5,TRAIN,40000,0.14843674375,0.22230308124999998,0.22230308124999998,True,1.0,1.0,1.0,1.0,21.107050833218576,6.775159964757239,-5.4965896331592745,-30.080430745594782
d1|0365,512,0.3,12,5,gauss,TRAIN,60,0.10494703437499998,0.015030365625,0.10494703437499998,True,1.0,1.0,0.0625,0.0625,59.0890740781506,41.17298217879648,26.521856665853328,-1.0853824739562772
d1|0984,1024,0.3,400,100,t5,TEST,40000,0.09483286562500001,0.06442894062500001,0.09483286562500001,True,0.58203125,0.77734375,1.0,1.0,-130.5138848285252,-129.8827054995138,-131.491980148167,-132.22318102586362
d1|0410,2048,0.1,400,5,gauss,TRAIN,2000,0.03871253437500001,0.008540387500000003,0.03871253437500001,True,1.0,1.0,0.0625,0.0,70.61378053307044,-2.8311033934540757,-9.527928806007608,-24.624177715506136
d1|0309,32,0.5,12,25,gauss,TRAIN,300,0.14664154375000002,0.07018808750000001,0.14664154375000002,True,1.0,1.0,0.1875,0.0,53.34244440943117,37.84982618136914,24.811568323366977,-0.13483268583986358
d1|0575,1024,0.2,24,100,gauss,TEST,2400,0.11792689062499999,0.092216684375,0.11792689062499999,True,1.0,1.0,0.0625,0.0,429.9713222591326,0.19823309453589907,-9.99872863949893,-37.18252532058807
d1|0071,32,0.5,100,5,t5,TRAIN,500,0.02353810624999999,0.005270649999999995,0.02353810624999999,True,1.0,1.0,0.0,0.0,23.909784384767278,17.22140080747022,10.874613202182775,-1.252893045535795
d1|0343,32,0.5,100,5,t5,TRAIN,500,0.024687331249999986,0.003412109374999986,0.024687331249999986,True,1.0,1.0,0.3125,0.0625,23.823290988576396,17.189667828778802,10.945620253508118,-1.1853066968909831
d1|0979,32,0.2,12,25,t5,TRAIN,300,0.036709224999999984,0.014692912499999995,0.036709224999999984,True,1.0,0.78125,0.25,0.0625,12.81456832537055,9.583003552809709,6.428877784921623,0.16227625345245433
d1|0692,128,0.5,24,100,gauss,TEST,2400,0.126993796875,0.11413675312499999,0.126993796875,True,1.0,1.0,0.0625,0.0625,362.9636629373762,111.29966358777256,65.50158680881745,-0.48736891151914635
d1|0926,2048,0.03,400,25,t5,TRAIN,10000,0.0018379718749999899,-0.0003688999999999984,0.0018379718749999899,False,1.0,1.0,0.125,0.0625,11.667745119785339,-32.94883675226079,-59.78618072528228,-324.483096742679
d1|0009,1024,0.3,24,100,gauss,TEST,2400,0.129406553125,0.09275268125000001,0.129406553125,True,1.0,1.0,0.1875,0.0,667.3220089528006,31.11011063993383,14.146749697979855,-36.36309430988372
d1|0910,1024,0.1,400,25,gauss,TEST,10000,0.041610031250000006,0.019419253125000008,0.041610031250000006,True,1.0,1.0,0.0625,0.0625,-32.66892707353953,-41.87526210517372,-63.89811622090659,-360.04088461785295
d1|0261,128,0.2,24,25,gauss,TEST,600,0.06923511562500001,0.03822167500000001,0.06923511562500001,True,1.0,1.0,0.0,0.0,41.715711878926655,29.99833582507768,19.48422384067544,-0.4123944956458425
d1|0054,512,0.03,12,100,gauss,TRAIN,1200,0.016970243750000003,0.014425118750000007,0.016970243750000003,False,1.0,1.0,0.375,0.0625,12.621824617972944,-16.971624384603196,-17.542541508455354,-18.67889657450979
d1|0660,128,0.3,400,5,gauss,TEST,2000,0.008798315625000011,0.007162309374999995,0.008798315625000011,False,1.0,1.0,0.0625,0.0625,60.69809437572566,39.850306013919905,23.491712504407293,-5.069928239290599
d1|0491,1024,0.1,400,100,t5,TEST,40000,0.008601959374999996,0.0029327749999999986,0.008601959374999996,False,0.51171875,0.65234375,1.0,1.0,-460.9339019658204,-459.8141424159584,-458.3771655639433,-459.7395028142514
d1|0934,1024,0.2,400,100,gauss,TEST,40000,0.0793621625,0.08806587500000002,0.08806587500000002,True,0.0,0.0,1.0,1.0,-2678.6120629732086,-2519.1826396284587,-2387.8712503262877,-2197.123050189788
d1|0563,32,0.2,24,5,t5,TRAIN,120,0.013293946875000011,0.005752056249999998,0.013293946875000011,False,1.0,0.73828125,0.125,0.1875,4.993207468038381,3.4211539970456992,1.8790538021792926,-1.1981595697776186
d1|0297,512,0.03,400,5,gauss,TRAIN,2000,0.0013893531249999855,0.0013137125000000083,0.0013893531249999855,False,1.0,1.0,0.1875,0.0,0.8494546415899218,-16.67325308876477,-16.70464768391328,-16.769218943974398
d1|0977,2048,0.1,400,100,gauss,TRAIN,40000,0.05057551249999998,0.07765480312499999,0.07765480312499999,True,0.07421875,0.23828125,1.0,1.0,-1259.3895857703947,-1256.434466977737,-1254.0472039553538,-1248.3157966544945
d1|0545,32,0.3,400,100,gauss,TRAIN,40000,0.005432274999999993,0.012293765624999994,0.012293765624999994,False,1.0,1.0,0.125,0.0,23.990205450110548,-5.64025593968801,-24.897403253877687,-64.31308121281441
d1|0499,2048,0.3,24,25,t5,TRAIN,600,0.1968949625,0.020532674999999986,0.1968949625,True,1.0,1.0,0.0625,0.0625,53.63094515465915,35.902064752355656,22.90408830686964,-1.2505564977930872
d1|0220,1024,0.5,100,100,gauss,TEST,10000,0.07050168125,0.090901996875,0.090901996875,True,1.0,1.0,0.0625,0.125,94.94117147264305,83.51724503659827,67.94122897631489,-7.740428331865855
d1|0106,2048,0.3,400,25,t5,TRAIN,10000,0.15362990625,0.006947600000000012,0.15362990625,True,1.0,1.0,0.1875,0.0625,60.4387027884058,33.1402138621104,12.319054261087896,-100.61199574710825
d1|0024,128,0.2,100,100,t5,TEST,10000,0.027198231250000017,0.021615228124999983,0.027198231250000017,True,1.0,1.0,0.0,0.0625,90.70720614292668,1.5319946439769065,-30.04894497136879,-67.15605271168978
d1|0766,2048,0.5,400,100,gauss,TRAIN,40000,0.095092225,0.08726575,0.095092225,True,1.0,1.0,1.0,1.0,110.0899942870506,55.24736523802156,29.40650707367839,-4.948042977214431
d1|0464,512,0.2,400,25,gauss,TRAIN,10000,0.053647553125000004,0.034802053124999996,0.053647553125000004,True,1.0,1.0,0.0625,0.0625,1.1839658604667216,-26.305282916566817,-47.129849461334345,-350.2077839517482
d1|0057,128,0.2,12,100,t5,TEST,1200,0.09021828437499999,0.054964884374999995,0.09021828437499999,True,1.0,1.0,0.125,0.125,40.42355712125203,28.703407747725187,18.49458161878275,0.050112313662874275
d1|0960,2048,0.03,400,5,t5,TRAIN,2000,0.003315868750000006,0.001935809374999986,0.003315868750000006,False,1.0,1.0,0.125,0.0,35.79793359859009,-17.426684507866142,-20.423369741978604,-26.807264591318066
d1|0173,2048,0.3,24,25,gauss,TRAIN,600,0.109939065625,0.04610127187500001,0.109939065625,True,1.0,1.0,0.125,0.125,491.9061327453736,84.30370001074232,51.42830239090401,-11.512134194786327
d1|0022,128,0.3,400,5,gauss,TEST,2000,0.007702659374999983,0.006182915625000007,0.007702659374999983,False,1.0,1.0,0.125,0.0,61.23956966140324,39.99587955346857,23.615084335805363,-5.562422281105779
d1|0657,32,0.03,100,100,gauss,TRAIN,10000,0.0010068375000000032,0.001011587500000008,0.001011587500000008,False,0.55859375,0.546875,0.0625,0.0,0.09285373897131417,0.18491055086830727,0.20179653206773046,-0.1519780074950668
d1|0762,2048,0.2,24,100,gauss,TRAIN,2400,0.12895523125,0.08749519375,0.12895523125,True,1.0,1.0,0.0625,0.125,644.2022746562046,1.0225868297642562,-9.386935542917303,-37.36057331797389
d1|0269,32,0.3,100,25,gauss,TRAIN,2500,0.017442284375000006,0.01731514375000001,0.017442284375000006,False,1.0,1.0,0.1875,0.0625,22.438912080660717,16.361324538183176,10.663212708751452,-0.5643025903281503
d1|0115,128,0.3,24,25,gauss,TEST,600,0.11117536250000001,0.051112803124999995,0.11117536250000001,True,1.0,1.0,0.125,0.0,82.44947050455141,54.84906023261402,35.16146926566649,-0.2071793537110451
d1|0098,512,0.3,24,25,t5,TRAIN,600,0.166270671875,0.01239145937500001,0.166270671875,True,1.0,1.0,0.25,0.0625,47.758443968457335,33.947953117537594,22.078411688939106,-0.07711866585373645
d1|0593,512,0.3,24,25,t5,TRAIN,600,0.16476176250000002,0.017909381249999995,0.16476176250000002,True,1.0,1.0,0.0625,0.125,46.94488625744002,33.33805530477123,21.657666287678282,0.021096969397685558
d1|0829,512,0.03,12,5,gauss,TRAIN,60,0.01055215625,0.006867840625000017,0.01055215625,False,0.80078125,0.74609375,0.1875,0.125,1.6727080509594492,1.1577988107818884,0.6589059519487366,-0.44289096574966597
d1|0290,32,0.5,12,25,gauss,TRAIN,300,0.14626840937500002,0.06353201875000002,0.14626840937500002,True,1.0,1.0,0.0625,0.125,52.83709438663645,37.56179586191154,24.484370068806445,-0.3389090445831472
d1|0584,32,0.2,24,25,gauss,TRAIN,600,0.02117816562499998,0.015551550000000011,0.02117816562499998,True,1.0,1.0,0.125,0.0,10.481826090865168,7.725192734947396,4.92580552592646,-0.3894230542910852
d1|0362,1024,0.1,24,100,gauss,TEST,2400,0.09165453125,0.079546096875,0.09165453125,True,1.0,1.0,0.0625,0.125,185.34046063761178,-24.125244601156943,-28.25894159602894,-37.480556944019966
d1|0420,1024,0.5,12,5,gauss,TEST,60,0.10436341249999999,0.007230531250000012,0.10436341249999999,True,1.0,1.0,0.375,0.125,198.60573376302986,92.70779859846374,56.23127070951621,-1.2978623960544624
d1|0757,2048,0.03,12,100,gauss,TRAIN,1200,0.04126750937499998,0.032420396875,0.04126750937499998,True,1.0,1.0,0.25,0.0,44.59734581250542,-22.074632250489707,-22.987721919591166,-24.826923003391762
d1|0163,128,0.03,400,5,t5,TEST,2000,0.0018465250000000086,0.0018499187499999986,0.0018499187499999986,False,0.92578125,0.52734375,0.0625,0.125,2.2339136577093095,1.664771261580288,1.1219888357512273,0.007052293277004365
d1|0702,2048,0.03,24,5,t5,TRAIN,120,0.002662581249999997,0.0008644437499999991,0.002662581249999997,False,1.0,0.515625,0.0,0.0625,6.110144108222349,4.363281061588873,2.68980679729679,-0.6194452183771887
d1|0980,2048,0.1,24,100,gauss,TRAIN,2400,0.09944268749999997,0.08618664375000001,0.09944268749999997,True,1.0,1.0,0.0,0.0625,303.7342317657303,-22.587559941355117,-27.162040731894432,-37.56084818360233
d1|0742,1024,0.5,400,5,gauss,TEST,2000,0.10377655625000001,0.009870881249999998,0.10377655625000001,True,1.0,1.0,0.0,0.0625,908.6306967298722,118.2376262127613,68.41149879251748,-6.293019724055359
d1|0202,512,0.2,400,25,t5,TRAIN,10000,0.02947777500000002,0.007132765624999975,0.02947777500000002,True,1.0,1.0,0.0625,0.0,25.49127744068036,-6.102440147031028,-27.957287970850487,-171.37799374647454
d1|0683,128,0.1,400,5,t5,TEST,2000,-0.0013378406249999891,-0.0011703187500000031,-0.0011703187500000031,False,1.0,0.484375,0.125,0.0,13.467783463283341,9.392349590065804,5.795770297121413,-0.9570901422885107
d1|0400,2048,0.2,12,25,gauss,TRAIN,300,0.09970769374999999,0.04989769687499998,0.09970769374999999,True,1.0,1.0,0.0625,0.0,230.93365842350715,66.03384604190859,40.86460805439116,-7.7727104660662905
d1|0836,512,0.03,100,5,gauss,TRAIN,500,0.0016850000000000129,0.0020420906249999995,0.0020420906249999995,False,0.76953125,0.609375,0.0625,0.0,1.0449838793442292,0.7866256996986181,0.46713842917845255,-0.17610224030428823
d1|0955,512,0.5,12,25,gauss,TRAIN,300,0.1480778625,0.05579164375,0.1480778625,True,1.0,1.0,0.0625,0.0625,326.81110510921997,109.27044904776537,64.65286426973677,-0.33166126568779913
d1|0893,32,0.2,400,5,gauss,TRAIN,2000,0.0010727812500000086,0.0018160124999999985,0.0018160124999999985,False,0.89453125,0.7265625,0.3125,0.125,1.697832434703983,1.2562435445274294,0.7538274689743479,-0.5362914073256977
d1|0969,1024,0.1,100,5,t5,TEST,500,0.00537536562500001,0.0010661000000000143,0.00537536562500001,False,1.0,0.625,0.25,0.1875,17.920117234748098,10.322110998332741,5.730834749172674,-3.1595194977096837
d1|0970,512,0.3,12,25,gauss,TRAIN,300,0.128551090625,0.05547474687500001,0.128551090625,True,1.0,1.0,0.25,0.3125,166.32321403521445,86.93437398869837,53.317209241586134,-0.5260365395122996
d1|0128,32,0.1,100,100,gauss,TRAIN,10000,0.0015644968750000085,0.0016669718750000062,0.0016669718750000062,False,0.953125,0.72265625,0.0625,0.0625,2.6459727189104107,2.14334831546119,1.4673236696262697,-0.08964851342026066
d1|0377,32,0.2,100,100,t5,TRAIN,10000,0.009397012500000017,0.015081262500000012,0.015081262500000012,False,1.0,1.0,0.125,0.0625,36.79467619419513,25.032649102787015,15.572245956726963,0.08921119718190881
d1|0578,128,0.03,12,5,t5,TEST,60,0.003960865625000004,0.003342784374999984,0.003960865625000004,False,0.78125,0.5,0.125,0.1875,0.9343254355019153,0.5317780002244102,0.13301893094192635,-0.6181288997815837
d1|0016,1024,0.2,12,100,t5,TEST,1200,0.13841258125,0.06025158437499999,0.13841258125,True,1.0,1.0,0.0625,0.125,57.57826220964448,28.87333843189301,16.78728811370525,-6.677311465098734
d1|0247,128,0.03,100,25,t5,TEST,2500,-0.00048422812500001355,-0.00042295937499997605,-0.00042295937499997605,False,1.0,0.484375,0.0625,0.0625,4.984842583414347,3.579711363164601,2.3455290309114085,-0.11158127097959654
d1|0048,32,0.5,24,5,gauss,TRAIN,120,0.0921744625,0.02275395937499998,0.0921744625,True,1.0,1.0,0.125,0.125,22.21270122314052,16.13226852002473,10.309589572226821,-1.2700829073911974
d1|0347,128,0.3,400,25,gauss,TEST,10000,0.023548468750000023,0.029204887500000005,0.029204887500000005,True,1.0,1.0,0.0625,0.0,167.98960468342548,2.9334147960966788,-31.51536188742824,-82.60476552930588
d1|0671,2048,0.3,100,25,gauss,TRAIN,2500,0.11154117187499998,0.04119726875000001,0.11154117187499998,True,1.0,1.0,0.1875,0.0,904.7810408717858,27.19140912208122,10.86107019482981,-39.41795420050761
d1|0957,128,0.3,400,5,t5,TEST,2000,0.010186612500000004,0.005819665624999998,0.010186612500000004,False,1.0,1.0,0.0625,0.0,41.523602867394736,28.33134029741319,17.205021938202695,-2.0562065069663427
d1|0536,128,0.03,400,5,t5,TEST,2000,-0.0016671562500000028,-0.0016295093750000045,-0.0016295093750000045,False,0.91796875,0.484375,0.1875,0.0,1.6509515700947115,1.1266856973675514,0.6611106707767745,-0.4132461291441244
d1|0307,32,0.3,400,25,t5,TRAIN,10000,0.005774218749999976,0.007323043750000001,0.007323043750000001,False,1.0,1.0,0.1875,0.0,42.38985789583084,27.425770595875726,16.4817354895224,-0.5555093338370015
d1|0172,1024,0.03,24,5,t5,TEST,120,0.0025576374999999874,0.0005813312499999973,0.0025576374999999874,False,1.0,0.53515625,0.125,0.0625,4.908771099989799,3.5120934945413964,2.117077846844376,-0.6055155383512885
d1|0298,32,0.3,400,5,t5,TRAIN,2000,0.003548949999999995,0.0034747156250000064,0.003548949999999995,False,1.0,0.984375,0.0625,0.0625,17.874896417407573,12.368906266773774,7.526300710433484,-1.59583124293497
d1|0551,1024,0.3,100,5,t5,TEST,500,0.10354800312499998,0.0016705687500000038,0.10354800312499998,True,1.0,1.0,0.0625,0.125,38.99528352108275,27.290578753376984,17.40245317225783,-1.3724047082680602
d1|0438,512,0.3,100,100,gauss,TRAIN,10000,0.09546255625000002,0.0934502375,0.09546255625000002,True,1.0,1.0,0.125,0.0625,42.37821059141294,8.320766833118666,-13.18230179735618,-300.01283243959625
d1|0768,2048,0.1,12,25,gauss,TRAIN,300,0.09023965625000002,0.050145690624999975,0.09023965625000002,True,1.0,1.0,0.0,0.0625,108.49624373720133,25.802145183229094,14.627225292068992,-8.658386189120783
d1|0359,32,0.3,12,100,gauss,TRAIN,1200,0.08911190312499999,0.07489991562499998,0.08911190312499999,True,1.0,1.0,0.0625,0.0625,44.870873712542135,32.24945551486886,21.084492467240675,0.16786336712688582
d1|0461,512,0.5,12,100,gauss,TRAIN,1200,0.15301464375,0.10867477187499999,0.15301464375,True,1.0,1.0,0.0625,0.125,662.207005183861,113.8316439107068,66.85501040551307,-3.005800549161606
d1|0079,2048,0.2,12,100,t5,TRAIN,1200,0.1590647375,0.062176503125,0.1590647375,True,1.0,1.0,0.0,0.0,67.55399120510043,28.22602543089444,15.343381907853942,-10.398365979259983
d1|0112,128,0.1,400,100,t5,TEST,40000,0.001383749999999996,0.002900859375000002,0.002900859375000002,False,0.28515625,0.53515625,1.0,1.0,-388.00281181242406,-385.97698562524045,-380.00065141129767,-366.06952976506733
d1|0709,512,0.5,400,100,gauss,TRAIN,40000,0.109668409375,0.09410905,0.109668409375,True,1.0,1.0,1.0,1.0,108.68908469262914,64.13125166292808,38.40084394680824,-5.27738351826339
d1|0479,2048,0.03,12,5,t5,TRAIN,60,0.0060745999999999994,0.0019439750000000006,0.0060745999999999994,False,1.0,0.53515625,0.125,0.0625,5.5526535976836495,4.012180814691944,2.446742662905201,-0.5856532494501695
d1|0043,1024,0.1,400,5,gauss,TEST,2000,0.00830125625,0.005942212500000002,0.00830125625,False,1.0,1.0,0.125,0.0,54.15100647896252,-22.83197840653947,-24.889897889981846,-29.179347853171862
d1|0077,32,0.5,100,100,t5,TRAIN,10000,0.046329153124999994,0.122983034375,0.122983034375,True,1.0,1.0,0.1875,0.0625,115.9685719017659,64.53581854385732,38.238346477394465,0.044019450140285216
d1|0492,128,0.03,100,100,gauss,TEST,10000,0.0023144593749999873,0.002546187499999998,0.002546187499999998,False,1.0,1.0,0.1875,0.0625,1.599183524968917,-40.44550373077841,-70.32936985232175,-89.58986251678772
d1|0506,512,0.3,100,25,gauss,TRAIN,2500,0.10568964375,0.04441436562500001,0.10568964375,True,1.0,1.0,0.0625,0.0625,382.789313342701,37.123349721256574,19.2921347137945,-28.625406048314787
d1|0795,128,0.5,12,100,gauss,TEST,1200,0.130541109375,0.119412165625,0.130541109375,True,1.0,1.0,0.0625,0.0,286.28722720759765,106.18559699802846,63.23129131788347,-0.13942150718541257
d1|0339,32,0.2,24,5,t5,TRAIN,120,0.01614486874999997,0.008396340624999991,0.01614486874999997,False,1.0,0.73828125,0.0625,0.1875,5.422658890402181,3.9483360533222345,2.4249842218411124,-0.3949243110893176
d1|0620,512,0.5,400,5,gauss,TRAIN,2000,0.099227996875,0.009039028125000001,0.099227996875,True,1.0,1.0,0.0625,0.0625,596.7004636058704,115.71220473443532,67.0399679677998,-5.617190333535762
d1|0204,512,0.2,12,100,t5,TRAIN,1200,0.12775886874999998,0.058215162499999994,0.12775886874999998,True,1.0,1.0,0.0625,0.1875,57.53762350593871,29.57587127322666,17.395686767552885,-6.2059450943787535
d1|0982,512,0.1,400,5,t5,TRAIN,2000,0.002868403124999995,0.002256493749999977,0.002868403124999995,False,1.0,0.9609375,0.0,0.0,25.804225235933778,0.8440253385870894,-3.639987137349417,-12.200778549746559
d1|0125,512,0.03,24,25,gauss,TRAIN,600,0.0051649875000000164,0.006347190625000006,0.006347190625000006,False,1.0,0.90234375,0.125,0.0,4.344880446847862,3.1914183767707787,1.9540256817943231,-0.3708157200776406
d1|0825,128,0.3,100,5,t5,TEST,500,0.01964559374999999,-0.0017166218749999976,0.01964559374999999,False,1.0,0.98828125,0.125,0.125,24.010047877534255,17.352206782650587,11.054293345247045,-1.2454682170806466
d1|0156,1024,0.1,12,5,t5,TEST,60,0.03370392812500001,0.017832768750000005,0.03370392812500001,True,1.0,0.671875,0.125,0.1875,7.585089192013287,5.573581314116873,3.5711406133003947,-0.42044399794330845
d1|0487,512,0.2,24,5,t5,TRAIN,120,0.059588075,0.011155871875000015,0.059588075,True,1.0,0.91796875,0.0625,0.0,14.833528221181098,10.876818536940426,7.015319083598774,-0.693424773591694
d1|0273,512,0.1,100,25,t5,TRAIN,2500,0.015186053124999994,0.004775515624999983,0.015186053124999994,False,1.0,1.0,0.0625,0.0,38.749885615220435,-9.40083720641799,-14.155251331403491,-24.16030468306257
d1|0454,1024,0.1,24,5,gauss,TEST,120,0.046012775000000006,0.012317706249999984,0.046012775000000006,True,1.0,1.0,0.125,0.0625,25.062578145652523,17.92884966376254,11.113042565383878,-2.3456956205445163
d1|0754,1024,0.1,400,100,t5,TEST,40000,0.010660525000000011,0.004337996875000007,0.010660525000000011,False,0.31640625,0.49609375,1.0,1.0,-470.34274386020104,-460.62113463078185,-455.35979780918865,-446.70383560008247
d1|0677,32,0.03,12,25,t5,TRAIN,300,0.0034395625,0.0036031843749999987,0.0036031843749999987,False,0.828125,0.578125,0.0,0.0,1.3125399052834374,0.867703114982961,0.5080798197029972,-0.2592443589312289
d1|0096,2048,0.03,100,5,gauss,TRAIN,500,0.004031928124999994,0.004209290624999994,0.004209290624999994,False,1.0,1.0,0.25,0.0625,5.191547495021307,-7.010211704556532,-7.414369221364031,-8.29909426205365
d1|0532,512,0.3,24,25,gauss,TRAIN,600,0.12194456250000002,0.049810815625000025,0.12194456250000002,True,1.0,1.0,0.0,0.0625,214.57181573323368,96.91339909512095,58.50472178522416,-0.42483177099527936
d1|0901,1024,0.03,100,100,gauss,TEST,10000,0.021186106249999982,0.0046429625,0.021186106249999982,True,1.0,1.0,0.0,0.0,-43.64774374789533,-42.885594490507245,-70.31361516247415,-361.2251248579509
d1|0520,512,0.03,24,25,gauss,TRAIN,600,0.006234493749999993,0.0074795500000000015,0.0074795500000000015,False,0.9921875,0.94140625,0.3125,0.125,3.5428735906342608,2.3375257214295244,1.1272656867141082,-1.3783850227233827
d1|0961,512,0.2,100,25,gauss,TRAIN,2500,0.08479500000000001,0.04175710624999998,0.08479500000000001,True,1.0,1.0,0.1875,0.0,217.9638806221477,2.5450899874504636,-6.753949390845193,-29.65899702924117
d1|0428,32,0.5,12,25,gauss,TRAIN,300,0.14354638124999997,0.06872532812500001,0.14354638124999997,True,1.0,1.0,0.0625,0.0,51.37201150592739,36.48101518913323,23.80285838028662,-0.49667260671169183
d1|0452,32,0.03,400,25,t5,TRAIN,10000,0.0004925656250000243,0.0004945312499999993,0.0004945312499999993,False,0.66796875,0.47265625,0.125,0.0,0.6392064968103592,0.4559183520546952,0.4838085662993147,-0.03811567817199807
d1|0470,32,0.2,24,5,t5,TRAIN,120,0.005929056249999995,-0.00705791562499998,0.005929056249999995,False,1.0,0.74609375,0.125,0.125,5.803557578515495,4.257720012903791,2.738899708686712,-0.32228048498586936
d1|0038,128,0.2,100,25,t5,TEST,2500,0.01753743125,0.003960653124999998,0.01753743125,False,1.0,1.0,0.0625,0.0,43.00484481963274,29.690786973125547,18.754858111172986,-0.006800363856305738
d1|0997,2048,0.2,24,100,t5,TRAIN,2400,0.166177190625,0.04608562499999999,0.166177190625,True,1.0,1.0,0.0625,0.0,87.934274759143,19.06642524381217,6.333545718647125,-22.174152542840805
d1|0921,128,0.03,400,100,gauss,TEST,40000,0.0013020749999999859,0.0010744937500000162,0.0013020749999999859,False,0.20703125,0.3671875,1.0,1.0,-3463.674366910938,-3457.2037662768635,-3449.0853525344023,-3434.8140966236997
d1|0193,32,0.3,12,5,t5,TRAIN,60,0.053081993749999994,0.017013000000000007,0.053081993749999994,True,1.0,0.9296875,0.3125,0.125,6.742247055230537,4.843699668081197,2.9217056706798865,-0.871043085238469
d1|0902,32,0.2,24,100,t5,TRAIN,2400,0.028390196874999996,0.026293340625000022,0.028390196874999996,True,1.0,1.0,0.1875,0.0625,29.231910251326575,20.627174556190006,13.201883939540252,-0.43969871486859213
d1|0586,2048,0.5,12,25,t5,TRAIN,300,0.31484908749999996,0.047747334375,0.31484908749999996,True,1.0,1.0,0.1875,0.0,59.19470439820682,41.20030413101533,26.753755370222272,-0.17614980988009604
d1|0477,32,0.3,24,100,t5,TRAIN,2400,0.06402283437499998,0.065076528125,0.065076528125,True,1.0,1.0,0.1875,0.0,45.13160107457959,31.47055582287224,20.07364459448412,-0.10584819340319819
d1|0280,128,0.5,100,25,gauss,TEST,2500,0.11795011874999997,0.046751565625,0.11795011874999997,True,1.0,1.0,0.0625,0.0,317.5657344937873,107.91818447208577,63.70215622120661,-1.0678154613629447
d1|0844,1024,0.2,12,5,gauss,TEST,60,0.09864131875000001,0.011513196874999992,0.09864131875000001,True,1.0,1.0,0.1875,0.0625,55.96965229694024,39.1266686730212,25.113709625845942,-1.5333220792654652
d1|0430,2048,0.3,100,5,t5,TRAIN,500,0.11899821875,0.00198378124999999,0.11899821875,True,1.0,1.0,0.125,0.125,42.897002867115276,29.809684855887824,18.986468796173792,-1.4362875885989932
d1|0973,2048,0.1,24,25,gauss,TRAIN,600,0.08701944375000001,0.046073821875,0.08701944375000001,True,1.0,1.0,0.125,0.0625,142.64728567658355,13.001483871293102,4.779350737481701,-12.864587392913913
d1|0085,32,0.1,12,25,gauss,TRAIN,300,0.012738124999999982,0.012572656250000001,0.012738124999999982,False,0.93359375,0.8359375,0.0625,0.0,3.630674482467961,2.708621909590068,1.7821510194722028,0.08039005433244181
d1|0751,1024,0.5,400,25,gauss,TEST,10000,0.08236707812499999,0.037125918750000014,0.08236707812499999,True,1.0,1.0,0.0,0.0625,91.73012063305322,83.128077347794,69.13699114577643,-7.700771906869697
d1|0392,2048,0.2,100,5,t5,TRAIN,500,0.05262018749999999,0.001537562499999992,0.05262018749999999,True,1.0,0.97265625,0.0625,0.0,32.06671851657339,21.867648603241705,13.752275799657756,-1.8266578596614007
d1|0215,512,0.1,100,5,gauss,TRAIN,500,0.006684578125000014,0.006556246874999991,0.006684578125000014,False,1.0,1.0,0.1875,0.0,17.00586968754299,11.729738863601241,6.672510798519205,-3.2879272331323337
d1|0005,128,0.1,100,100,gauss,TEST,10000,0.012939699999999998,0.009187356249999994,0.012939699999999998,False,1.0,1.0,0.125,0.0,18.40925556453572,-38.21197806228104,-68.30302648496335,-89.36175534387559
d1|0615,2048,0.03,24,25,t5,TRAIN,600,0.002456078124999997,-0.00014594999999999192,0.002456078124999997,False,1.0,0.65234375,0.0625,0.0625,16.57374986007482,-2.1613700288485265,-4.694806029880741,-9.75943744364297
d1|0289,128,0.3,100,5,gauss,TEST,500,0.0334792375,0.011349253125,0.0334792375,True,1.0,1.0,0.0625,0.0,41.163490669776785,28.693122206595437,17.695592945873795,-3.3871344646499195
d1|0547,512,0.03,400,5,gauss,TRAIN,2000,0.0013811062499999999,0.0015298843749999916,0.0015298843749999916,False,1.0,1.0,0.0625,0.0625,0.3119834253631981,-16.74607234397284,-16.758604863048472,-16.849543302376453
d1|0705,512,0.03,100,25,gauss,TRAIN,2500,0.001612340624999993,0.0011391093750000095,0.001612340624999993,False,1.0,1.0,0.125,0.125,3.3768860998364376,-29.859905866436975,-29.927083476921197,-30.049748926208295
d1|0680,128,0.2,24,100,t5,TEST,2400,0.06578156875000002,0.03941963437500003,0.06578156875000002,True,1.0,0.98046875,0.125,0.0625,56.712615854619784,38.27695730866972,24.046783148460836,-0.3514081928035337
d1|0444,512,0.5,24,5,t5,TRAIN,120,0.25809992812500004,0.003734943749999997,0.25809992812500004,True,1.0,1.0,0.0625,0.0,28.813814547079048,21.081717398112815,13.782635217841126,-0.48929871047222323
d1|0474,512,0.5,400,100,gauss,TRAIN,40000,0.109944815625,0.09496098437499999,0.109944815625,True,1.0,1.0,1.0,1.0,109.286336402027,64.05012013065995,38.761977583226425,-5.144508847911829
d1|0026,1024,0.03,12,25,gauss,TEST,300,0.016067318750000004,0.016176581250000023,0.016176581250000023,False,1.0,1.0,0.3125,0.125,9.77299871748548,7.2501168499968385,4.808938985623491,-0.1302111613402785
d1|0896,512,0.3,12,5,gauss,TRAIN,60,0.10434720312499998,0.007556650000000012,0.10434720312499998,True,1.0,1.0,0.1875,0.0625,61.10208094497027,42.465109751935515,27.398176301428087,-0.950244093189917
d1|0471,2048,0.3,400,5,t5,TRAIN,2000,0.09829570000000001,0.000616578124999996,0.09829570000000001,True,1.0,1.0,0.125,0.0,94.96228402602401,43.11984522098781,25.864272733581267,-7.6827314818352335
d1|0780,512,0.3,100,25,gauss,TRAIN,2500,0.10498085312500001,0.041576481250000005,0.10498085312500001,True,1.0,1.0,0.0625,0.0625,383.05504893709224,37.57767891477662,19.644852758407808,-28.466999999644386
d1|0160,2048,0.1,24,25,gauss,TRAIN,600,0.0871558375,0.04585104374999998,0.0871558375,True,1.0,1.0,0.0,0.0,140.15942487790207,12.870369965274929,4.658944687722423,-12.960420015451673
d1|0510,512,0.1,100,100,t5,TRAIN,10000,0.027298603124999994,0.003922115625000007,0.027298603124999994,True,1.0,1.0,0.1875,0.0,12.379692160413434,-25.482839331666185,-49.82217691917694,-249.0968850358935
d1|0139,1024,0.03,24,5,t5,TEST,120,0.0043990312499999976,0.0034656999999999882,0.0043990312499999976,False,1.0,0.546875,0.1875,0.0625,4.958480481045616,3.4453078497058582,1.9520428326971957,-0.9856294466301481
d1|0611,32,0.3,100,100,t5,TRAIN,10000,0.021344437500000008,0.038981028124999983,0.038981028124999983,True,1.0,1.0,0.125,0.0625,58.9106928314978,37.149498131307965,22.317623970867473,-0.3707156540486059
d1|0243,32,0.1,400,25,t5,TRAIN,10000,-0.001917765624999991,-0.0014576625000000051,-0.0014576625000000051,False,1.0,0.3984375,0.125,0.0625,6.27513186481679,4.644783737013683,3.1149693143178854,-0.2781535335922645
d1|0037,128,0.1,24,100,t5,TEST,2400,0.021494628124999998,0.011737121874999985,0.021494628124999998,True,1.0,0.9453125,0.0625,0.0625,32.57253218792577,22.87493462495945,14.473079581276707,-0.03672297686335195
d1|0104,512,0.3,400,25,t5,TRAIN,10000,0.06089356875000003,0.008556846874999996,0.06089356875000003,True,1.0,1.0,0.125,0.125,49.52616958101049,21.516003566517764,0.3460649360784278,-105.99578290786863
d1|0046,2048,0.1,12,100,gauss,TRAIN,1200,0.10596862812499998,0.08870192187499998,0.10596862812499998,True,1.0,1.0,0.25,0.0625,233.9358038943248,-6.484402019895457,-12.13753332155326,-24.785286708090556
d1|0823,1024,0.2,400,5,t5,TEST,2000,0.018080315625000003,0.0017807968749999972,0.018080315625000003,False,1.0,1.0,0.0625,0.0625,53.73809035033441,13.854898444455932,4.209841880685283,-16.006613251976063
d1|0486,2048,0.1,24,100,gauss,TRAIN,2400,0.097631278125,0.08507748125,0.097631278125,True,1.0,1.0,0.1875,0.0,301.7166063124289,-22.653932290985736,-27.218915182816666,-37.59576372496046
d1|0991,128,0.03,24,100,gauss,TEST,2400,0.0029073031250000034,0.003313365625000002,0.003313365625000002,False,0.9375,0.765625,0.125,0.0,2.900907250881591,2.0665674142262542,1.3538520182064469,-0.18032878704974262
d1|0209,1024,0.03,400,100,t5,TEST,40000,-0.0010839031250000006,-0.0010535718749999853,-0.0010535718749999853,False,0.3984375,0.58203125,1.0,1.0,-1371.8738930207264,-1339.5511826303969,-1289.9513134764732,-1297.1483461938878
d1|0224,1024,0.03,24,100,gauss,TEST,2400,0.024620193750000005,0.013541806250000024,0.024620193750000005,True,1.0,1.0,0.1875,0.0625,21.812271345124927,-36.457929407356694,-36.82780848984891,-37.59257710335546
d1|0815,128,0.2,12,5,gauss,TEST,60,0.06373986875000003,0.009734809375,0.06373986875000003,True,1.0,1.0,0.0625,0.0,12.030320835582872,8.803345871586934,5.63765860771267,-0.6773530934935983
d1|0080,2048,0.5,24,25,t5,TRAIN,600,0.31294443749999995,0.028468703125000005,0.31294443749999995,True,1.0,1.0,0.0,0.125,79.3835770185234,52.167604643185314,33.364689179664865,-0.2986258081808182
d1|0572,512,0.03,12,25,gauss,TRAIN,300,0.009855968750000006,0.010511387499999983,0.010511387499999983,False,1.0,0.953125,0.1875,0.0,5.664965259468408,4.29591170239064,2.911256790008793,0.12166364186594175
d1|0841,2048,0.2,24,25,gauss,TRAIN,600,0.10357737812500001,0.04779542812499998,0.10357737812500001,True,1.0,1.0,0.4375,0.0625,311.1108754728948,50.83167682249362,30.677608336471923,-12.462573779523698
d1|0767,32,0.3,100,5,gauss,TRAIN,500,0.0074162875,0.00629035624999999,0.0074162875,False,1.0,1.0,0.1875,0.0625,7.5837809137273675,5.258861180089622,2.9629206150683105,-1.6006710922283354
d1|0246,32,0.3,24,25,t5,TRAIN,600,0.05316285937499999,0.03105484062499999,0.05316285937499999,True,1.0,0.98828125,0.3125,0.0625,20.468632787462564,14.86695194581328,9.65076292930599,-0.49827472762026337
d1|0803,32,0.2,24,5,gauss,TRAIN,120,0.01414808437499998,0.009118637499999992,0.01414808437499998,False,1.0,0.9140625,0.25,0.125,3.089761325951706,2.0745278636017153,1.0795980515680936,-1.0051118550303495
d1|0827,2048,0.2,400,25,t5,TRAIN,10000,0.089679834375,0.0022139843749999846,0.089679834375,True,1.0,1.0,0.0625,0.0625,46.22496485715472,11.059383843063006,-11.454696460584062,-157.21786854338626
d1|0940,32,0.5,24,25,gauss,TRAIN,600,0.116530040625,0.0608151,0.116530040625,True,1.0,1.0,0.0625,0.0,59.88476677965063,41.78461868951436,27.1373221178657,-0.5887707511969391
d1|0123,512,0.5,100,100,t5,TRAIN,10000,0.25730933125,0.244873640625,0.25730933125,True,1.0,1.0,0.0,0.0,102.14422338848608,70.61633215547234,47.50929332005578,-26.06840339463876
d1|0036,128,0.3,12,100,t5,TEST,1200,0.151185040625,0.114405928125,0.151185040625,True,1.0,1.0,0.0,0.0625,61.96901620680258,42.36267003502433,27.101256765364944,0.13440819571457197
d1|0548,1024,0.03,100,25,t5,TEST,2500,0.004411812500000001,0.003400381250000001,0.004411812500000001,False,1.0,1.0,0.1875,0.0625,19.03140998274015,-36.22926302463178,-37.14878458031062,-39.086345711834326
d1|0817,32,0.3,24,25,gauss,TRAIN,600,0.054235862499999975,0.034530162499999996,0.054235862499999975,True,1.0,1.0,0.125,0.125,22.719052429428107,16.68438698182854,10.811357236341891,-0.695734715384688
d1|0380,512,0.3,400,5,t5,TRAIN,2000,0.025764621874999998,0.0037555093749999865,0.025764621874999998,True,1.0,1.0,0.0,0.0,64.17699135137059,36.547287367501944,21.6629390714698,-5.079078277393849
d1|0665,128,0.2,100,5,gauss,TEST,500,0.009925915625000004,0.007152703124999986,0.009925915625000004,False,1.0,1.0,0.125,0.0,17.623243302540097,12.465508306213659,7.554442424470524,-2.21972465782315
d1|0132,1024,0.2,400,100,t5,TEST,40000,0.047446175,0.02267579375,0.047446175,True,0.421875,0.62890625,1.0,1.0,-234.56753713842062,-232.31421942865865,-230.3012771481334,-230.4543369086927
d1|0994,1024,0.3,24,5,t5,TEST,120,0.13676064062499999,0.002727081250000006,0.13676064062499999,True,1.0,0.9765625,0.1875,0.1875,21.951084246577864,16.19278398316115,10.61611344982416,-0.3078305175484102
d1|0790,1024,0.1,24,5,gauss,TEST,120,0.046285625,0.01116108124999999,0.046285625,True,1.0,1.0,0.1875,0.125,26.159717806549136,18.816304582374542,11.80088119101924,-2.051093182782142
d1|0898,32,0.1,400,5,t5,TRAIN,2000,-0.0026346031250000027,-0.002461062499999986,-0.002461062499999986,False,0.97265625,0.47265625,0.0625,0.0625,2.571969661402165,1.6740388719257624,0.9457735380871827,-0.7903814723781065
d1|0799,32,0.5,400,5,gauss,TRAIN,2000,0.006430565625000009,0.007320646875000045,0.007320646875000045,False,1.0,1.0,0.125,0.0625,39.40811181248695,26.872131345142677,15.964725413525661,-4.184081993553093
d1|0686,128,0.5,100,100,t5,TEST,10000,0.14598920937499998,0.20042148750000002,0.20042148750000002,True,1.0,1.0,0.125,0.0625,215.48111644250616,82.00615682527778,42.98984222464803,-12.896314850428
d1|0533,128,0.2,12,5,gauss,TEST,60,0.06489020625,0.013335168750000008,0.06489020625,True,1.0,1.0,0.125,0.0625,12.175317033596837,8.930747746818291,5.707420456423356,-0.6941907122177091
d1|0518,512,0.2,12,5,gauss,TRAIN,60,0.09587261875000003,0.010194278125000011,0.09587261875000003,True,1.0,1.0,0.125,0.0625,34.014889453839615,24.545844378715728,15.775790015402634,-1.3361497269317635
d1|0843,32,0.1,400,25,gauss,TRAIN,10000,0.0011282593749999958,0.0012772781250000032,0.0012772781250000032,False,0.6796875,0.57421875,0.0625,0.0625,0.27085985964816506,0.17077477752118647,-0.07164877455347009,-0.3770159645054363
d1|0715,32,0.2,12,5,gauss,TRAIN,60,0.027960871875,0.011727718749999998,0.027960871875,True,0.99609375,0.91796875,0.3125,0.125,3.409113550083738,2.376853298308008,1.3592836177798144,-0.7099132324674844
d1|0421,32,0.1,12,25,t5,TRAIN,300,0.006580140625000008,0.0020864093750000076,0.006580140625000008,False,1.0,0.6640625,0.3125,0.125,7.205459040364713,5.247699950870766,3.3610719172609222,-0.360996703185008
d1|0974,1024,0.2,12,5,t5,TEST,60,0.09213336562499999,0.00167666562499999,0.09213336562499999,True,1.0,0.82421875,0.1875,0.125,12.492157196539214,9.27476926127815,6.104286026417462,-0.2253792616790628
d1|0811,512,0.2,100,100,t5,TRAIN,10000,0.07806578437499997,0.02752688125000001,0.07806578437499997,True,1.0,1.0,0.0625,0.0625,35.549963360227,0.14956758063829675,-22.590953768047687,-167.64499662749097
d1|0646,128,0.03,100,100,t5,TEST,10000,-0.0007991656250000007,-0.000492987500000007,-0.000492987500000007,False,1.0,1.0,0.0625,0.125,7.712091715350824,-39.57747543420261,-69.45539567959563,-89.1407322800706
d1|0031,2048,0.03,12,5,t5,TRAIN,60,0.006007109375,0.0024524906250000117,0.006007109375,False,1.0,0.5390625,0.1875,0.125,5.302322030657825,3.7652578114413164,2.2486902135596347,-0.7828389305254505
d1|0787,512,0.3,24,100,t5,TRAIN,2400,0.179194565625,0.104453984375,0.179194565625,True,1.0,1.0,0.25,0.0,95.18407622300252,43.757991174075194,25.717917391428465,-8.442805653672337
d1|0662,1024,0.5,12,100,gauss,TEST,1200,0.19312890624999998,0.104420434375,0.19312890624999998,True,1.0,1.0,0.125,0.0625,920.8245721508281,115.01954966664974,67.38363406841498,-4.086859161040099
d1|0670,2048,0.5,100,100,gauss,TRAIN,10000,0.06288905,0.090776303125,0.090776303125,True,1.0,1.0,0.0625,0.0,89.8332447502056,81.86510032586736,68.31795254988688,-7.31099293303358
d1|0299,512,0.2,400,25,gauss,TRAIN,10000,0.054044537499999996,0.03500560312500001,0.054044537499999996,True,1.0,1.0,0.125,0.1875,1.2309221528021186,-26.216077475960713,-47.05686538757581,-350.0087679147839
d1|0432,1024,0.5,12,100,t5,TEST,1200,0.317891375,0.30442589375,0.317891375,True,1.0,1.0,0.125,0.0625,115.04553381707325,67.09546189531105,41.67280177127007,-1.1416386741315647
d1|0386,2048,0.5,24,5,gauss,TRAIN,120,0.0955244875,0.014761750000000011,0.0955244875,True,1.0,1.0,0.1875,0.1875,375.2117636660936,111.5081975791146,65.4918696786155,-1.7644744733334699
d1|0152,32,0.3,400,100,gauss,TRAIN,40000,0.005074549999999997,0.011564678125000005,0.011564678125000005,False,1.0,1.0,0.0625,0.0625,24.150390962661096,-4.8619868948634135,-23.77080215848136,-63.32385270807167
d1|0760,1024,0.2,100,25,t5,TEST,2500,0.08859921249999998,0.007174606250000014,0.08859921249999998,True,1.0,1.0,0.0625,0.0,73.22009082707467,11.617920779454085,0.6945774318433986,-23.790255113906692
d1|0840,1024,0.3,100,100,gauss,TEST,10000,0.07953914687499998,0.08935875625,0.08935875625,True,1.0,1.0,0.1875,0.125,37.801153849537215,8.3977816146175,-12.106002795843128,-317.4914859987739
d1|0176,128,0.3,24,100,t5,TEST,2400,0.126309046875,0.09168231249999999,0.126309046875,True,1.0,1.0,0.0,0.0,74.50627281692458,48.540721051090344,30.306582711215782,-0.14210954622831007
d1|0296,512,0.03,12,25,t5,TRAIN,300,0.004982149999999984,0.0030868781249999908,0.004982149999999984,False,1.0,0.546875,0.3125,0.125,9.13950440389283,6.923985559871925,4.7283793779910805,0.37645983922166576
d1|0356,128,0.5,24,100,t5,TEST,2400,0.2331678375,0.23136221249999997,0.2331678375,True,1.0,1.0,0.0625,0.0,122.09194080167306,70.47417325750165,43.24453126220689,-0.20409529888242567
d1|0953,32,0.1,12,25,gauss,TRAIN,300,0.012874053124999979,0.012365743750000019,0.012874053124999979,False,0.9609375,0.8203125,0.1875,0.0625,3.69662832624709,2.905303484947593,1.9677677304703072,0.07690320262806968
d1|0041,2048,0.2,400,100,t5,TRAIN,40000,0.07004667812500001,0.023465050000000008,0.07004667812500001,True,0.59765625,0.64453125,1.0,1.0,-208.77680330098906,-211.11192401804814,-215.3958099242788,-215.25813737447083
d1|0092,128,0.1,24,25,t5,TEST,600,0.011752190625000006,0.0017272124999999777,0.011752190625000006,False,1.0,0.66796875,0.1875,0.125,15.501710208295416,11.369433945406602,7.440952251576586,-0.0590198126399769
d1|0981,128,0.5,12,5,t5,TEST,60,0.23234618749999997,0.012062765625,0.23234618749999997,True,1.0,1.0,0.125,0.1875,19.216079395463964,14.179002573030221,9.274167558262315,-0.4047743438623993
d1|0992,2048,0.2,100,5,gauss,TRAIN,500,0.08710407812499998,0.009020018750000032,0.08710407812499998,True,1.0,1.0,0.1875,0.125,208.66586825150696,64.42724656231528,39.4785173170483,-8.54838068521028
d1|0574,128,0.1,24,25,gauss,TEST,600,0.017473025000000003,0.014369209375000011,0.017473025000000003,False,1.0,1.0,0.3125,0.125,12.39375649635474,9.186251693424524,6.054923396118851,-0.2768225116229165
d1|0353,2048,0.5,400,100,gauss,TRAIN,40000,0.094007740625,0.08652397812500001,0.094007740625,True,1.0,1.0,1.0,1.0,110.77248280685055,55.69029801473805,30.257914464921484,-4.792884335934154
d1|0331,2048,0.5,12,100,t5,TRAIN,1200,0.333140609375,0.31015588437499997,0.333140609375,True,1.0,1.0,0.0625,0.125,115.30586199311588,65.42789840938204,40.67490916566273,-2.0262849742992564
d1|0480,512,0.3,400,25,gauss,TRAIN,10000,0.08180436562499999,0.03908974375,0.08180436562499999,True,1.0,1.0,0.0,0.0625,33.176483711421554,2.565212211735469,-18.130764725828556,-322.723288975438
d1|0095,128,0.2,12,5,t5,TEST,60,0.052244343749999984,0.020478228125000005,0.052244343749999984,True,1.0,0.80859375,0.1875,0.25,7.35294536878706,5.3431333611672756,3.360450514166609,-0.6140602118099833
d1|0437,512,0.03,400,100,t5,TRAIN,40000,-0.00021244999999998904,-8.915624999999289e-05,-8.915624999999289e-05,False,0.4765625,0.41796875,1.0,1.0,-1381.9843478962346,-1381.618439080833,-1394.241301058093,-1375.0313183941078
d1|0318,32,0.2,100,5,t5,TRAIN,500,0.0037021531249999892,0.0029802968749999825,0.0037021531249999892,False,1.0,0.7578125,0.25,0.0,7.28157098567121,5.262849176799774,3.214144627813895,-0.8847817050989207
d1|0703,1024,0.1,12,100,gauss,TEST,1200,0.100682515625,0.08704277812500001,0.100682515625,True,1.0,1.0,0.0625,0.0625,151.05630275821233,1.4680624515173288,-4.855642093403394,-18.68461880887186
d1|0877,32,0.2,12,5,gauss,TRAIN,60,0.026741931250000003,0.011903778124999993,0.026741931250000003,True,0.98828125,0.87890625,0.0,0.0,3.248781824134441,2.2036690571620667,1.204804761656792,-0.8341896794515462
d1|0384,32,0.5,400,25,t5,TRAIN,10000,0.009775837500000002,0.01348608437500002,0.01348608437500002,False,1.0,1.0,0.125,0.0,91.20804933113223,53.394641702670754,31.58390658855991,-0.42446835823479934
d1|0682,512,0.5,100,25,gauss,TRAIN,2500,0.11910535624999999,0.042553484375,0.11910535624999999,True,1.0,1.0,0.0,0.1875,780.0298540582866,117.43260831041272,68.36153847891315,-2.203618787781398
d1|0134,1024,0.1,24,100,gauss,TEST,2400,0.092492734375,0.08029898124999997,0.092492734375,True,1.0,1.0,0.0625,0.0,185.71474802190562,-24.1769551813522,-28.307126586780285,-37.52953380568658
d1|0684,1024,0.03,400,5,gauss,TEST,2000,0.0014465374999999905,0.0008919750000000032,0.0014465374999999905,False,1.0,1.0,0.125,0.0,1.4328187772428769,-28.491348675407046,-28.545970626121846,-28.612867200983814
d1|0441,2048,0.3,12,5,gauss,TRAIN,60,0.094723278125,0.01118249687499999,0.094723278125,True,1.0,1.0,0.125,0.125,133.94319652002912,76.86225644393181,47.84634612012758,-0.9457078424374417
d1|0538,128,0.1,12,100,gauss,TEST,1200,0.0451365125,0.033397043749999994,0.0451365125,True,1.0,1.0,0.0,0.0,27.798742369458125,20.43126909320766,13.488690269437532,-0.05840059271227062
d1|0770,32,0.03,12,5,gauss,TRAIN,60,0.004710600000000002,0.0044460593750000055,0.004710600000000002,False,0.57421875,0.54296875,0.125,0.0,-0.27854079723320907,-0.3407280656766487,-0.40621629192545883,-0.5931080604660088
d1|0317,1024,0.5,24,25,t5,TEST,600,0.30287378125,0.03016744375,0.30287378125,True,1.0,1.0,0.3125,0.0625,74.846605019848,49.82744491273324,31.793765535433266,-0.5038617480948433
d1|0370,32,0.3,100,25,t5,TRAIN,2500,0.015222249999999993,0.010860171874999998,0.015222249999999993,False,1.0,1.0,0.1875,0.0625,31.95789817774194,22.499683206847315,14.307226080970636,-0.2643653625996354
d1|0241,32,0.5,24,5,t5,TRAIN,120,0.09118141874999999,0.014003625000000006,0.09118141874999999,True,1.0,0.98828125,0.1875,0.0625,14.869294360229986,10.787088680061903,6.826116525495216,-1.0461522805491656
d1|0395,128,0.1,100,5,gauss,TEST,500,0.0019594281249999956,0.0027458374999999938,0.0027458374999999938,False,0.99609375,0.87890625,0.125,0.0,2.6694223292011547,1.8635172139080427,0.9398243147465654,-0.6768619113864571
d1|0140,1024,0.3,12,25,t5,TEST,300,0.19012701250000003,0.03815234374999999,0.19012701250000003,True,1.0,1.0,0.0625,0.0625,39.07819945489905,28.165682960560005,18.354981561280248,-0.4580343468294079
d1|0267,1024,0.2,12,100,t5,TEST,1200,0.1421642875,0.06245102187499998,0.1421642875,True,1.0,1.0,0.0,0.0625,59.918197812993846,30.91739370880577,18.297603639770877,-6.2414202600135384
d1|0839,512,0.3,400,100,gauss,TRAIN,40000,0.08614113125,0.09220415625000002,0.09220415625000002,True,0.0,0.0,1.0,1.0,-874.5558392272451,-847.9407439274175,-818.5196480323121,-770.1595459228014
d1|0335,128,0.2,100,25,t5,TEST,2500,0.01767797187499999,0.0021216375000000023,0.01767797187499999,False,1.0,1.0,0.0,0.0625,43.52652806078129,29.95504188589876,18.821684147326593,-0.11861902163960947
d1|0738,1024,0.03,12,5,t5,TEST,60,0.00766963125000001,0.004754709374999985,0.00766963125000001,False,1.0,0.51953125,0.3125,0.375,3.704920329978468,2.606138832056349,1.5087050576787995,-0.6854646296144505
d1|0640,512,0.03,100,25,t5,TRAIN,2500,0.0020551531249999935,0.0018840031250000125,0.0020551531249999935,False,1.0,1.0,0.125,0.0625,14.161463647940742,-27.1994274051957,-27.94445201771611,-29.407959969853756
d1|0589,2048,0.03,12,100,gauss,TRAIN,1200,0.04253621249999999,0.03387249375,0.04253621249999999,True,1.0,1.0,0.0625,0.0,44.71747561463011,-22.142865973325108,-23.030675473543717,-24.848158925873932
d1|0326,128,0.1,12,5,t5,TEST,60,0.016048703125,0.010950365624999986,0.016048703125,False,1.0,0.6484375,0.3125,0.0625,4.415473989480641,3.1163398548582806,1.8271446802032798,-0.8016960271568129
d1|0278,32,0.3,400,5,gauss,TRAIN,2000,0.0012412687500000172,0.0025087562500000216,0.0025087562500000216,False,1.0,0.9765625,0.0,0.0,6.834584055946957,4.830335694178018,2.701529382152826,-1.3600004322085417
d1|0090,2048,0.03,24,100,gauss,TRAIN,2400,0.03581679999999999,0.021153374999999988,0.03581679999999999,True,1.0,1.0,0.125,0.125,45.06266680206414,-35.86466983550844,-36.43675393015153,-37.61121123839074
d1|0455,32,0.03,24,100,t5,TRAIN,2400,0.00044381875000000515,0.000769899999999997,0.000769899999999997,False,0.921875,0.51953125,0.125,0.0,2.5555469848596255,1.765980573484513,1.1216461258546808,-0.17372418050495228
d1|0157,2048,0.5,100,100,t5,TRAIN,10000,0.321481009375,0.26835260625,0.321481009375,True,1.0,1.0,0.0625,0.0,102.0116938707753,73.50299870952666,50.76545713980562,-25.418064014913714
d1|0911,512,0.2,12,5,t5,TRAIN,60,0.07647990625,0.004994334375000003,0.07647990625,True,1.0,0.8828125,0.0625,0.125,10.862719530031512,8.000728653534058,5.162416014966996,-0.44735266895080983
d1|0283,32,0.5,400,5,gauss,TRAIN,2000,0.008641996875000002,0.009262771874999985,0.009262771874999985,False,1.0,1.0,0.0,0.0,39.26699317617533,26.729422550370543,15.85066954912191,-4.270105521251515
d1|0601,2048,0.1,24,25,t5,TRAIN,600,0.051314356250000005,0.007864034375000006,0.051314356250000005,True,1.0,0.9375,0.0,0.0625,29.72537874146409,15.144721158612587,8.46138200864263,-4.674853946255648
d1|0918,32,0.5,12,5,gauss,TRAIN,60,0.12417457812499999,0.009017399999999995,0.12417457812499999,True,1.0,1.0,0.1875,0.0625,19.922001285921283,14.593927838544836,9.420961930372203,-0.8598169670987472
d1|0859,1024,0.2,24,5,gauss,TEST,120,0.09186802187500001,0.010292362500000006,0.09186802187500001,True,1.0,1.0,0.375,0.0625,71.91050298422024,48.7535029383771,31.20082525096316,-1.2550288056382175
d1|0113,1024,0.03,400,5,gauss,TEST,2000,0.001960206250000006,0.0015137875000000092,0.001960206250000006,False,1.0,1.0,0.0625,0.0,1.6108856004143075,-28.470584014542823,-28.500206509204094,-28.562619053160184
d1|0813,128,0.03,100,25,gauss,TEST,2500,0.0003049187500000147,0.000604578124999984,0.000604578124999984,False,0.77734375,0.55859375,0.125,0.0625,0.36734878825400985,0.16152907137624573,-0.06726527806492506,-0.5873289571784166
d1|0008,32,0.3,24,25,t5,TRAIN,600,0.05256021249999999,0.016059818750000017,0.05256021249999999,True,1.0,0.98828125,0.25,0.0625,21.311433415824805,15.722064429868206,10.285098226776945,-0.08526735538835678
d1|0674,128,0.5,100,5,gauss,TEST,500,0.09736891249999999,0.01100791562499999,0.09736891249999999,True,1.0,1.0,0.0625,0.0625,123.03848852876405,72.22301304939535,44.53155133091956,-2.8791564695203453
d1|0228,512,0.3,100,100,gauss,TRAIN,10000,0.09578966250000001,0.09346165,0.09578966250000001,True,1.0,1.0,0.0625,0.0,42.27689639529856,8.218422373694711,-13.202189728249952,-299.7004252378853
d1|0905,32,0.2,12,5,t5,TRAIN,60,0.024926637500000008,0.006689109375000009,0.024926637500000008,True,1.0,0.75,0.0625,0.1875,5.330320113915427,3.8688292000961466,2.432538777750974,-0.4497128971225903
d1|0591,32,0.2,12,25,t5,TRAIN,300,0.045727165624999996,0.023725518749999994,0.045727165624999996,True,1.0,0.96484375,0.375,0.0,12.247029538601236,9.149691384441105,6.170431626745848,0.20801857710764568
d1|0736,32,0.2,24,5,t5,TRAIN,120,0.015140946875000012,0.007520043750000011,0.015140946875000012,False,1.0,0.7421875,0.1875,0.125,5.793790487161323,4.164864755979684,2.5998548645502395,-0.4793673240075471
d1|0072,2048,0.2,400,25,t5,TRAIN,10000,0.080703746875,0.00349015937500001,0.080703746875,True,1.0,1.0,0.1875,0.0,45.37215811942683,10.482325245130449,-11.725072875919867,-158.9293528711204
d1|0166,128,0.5,100,5,t5,TEST,500,0.100483778125,0.01207470312500001,0.100483778125,True,1.0,1.0,0.1875,0.0625,41.719109080307476,29.669926010734045,18.947207608706414,-1.3127167427081252
d1|0063,32,0.2,400,100,gauss,TRAIN,40000,0.0026308468749999814,0.004538271874999993,0.004538271874999993,False,1.0,1.0,0.0,0.0,6.113301284844404,-29.854320260229812,-54.1829453729047,-152.21382269960884
d1|0944,128,0.03,400,5,t5,TEST,2000,-0.0017471187500000263,-0.0017063687499999994,-0.0017063687499999994,False,0.91015625,0.51171875,0.1875,0.0,2.2881954539666243,1.566245992208297,1.0402915120510918,0.049590400047275274
d1|0272,2048,0.5,12,25,t5,TRAIN,300,0.3170005375,0.05877952812500001,0.3170005375,True,1.0,1.0,0.125,0.1875,59.019284282529696,41.0144894450374,26.589769054919735,-0.2393678883084392
d1|0988,128,0.1,12,25,t5,TEST,300,0.023419490624999997,0.014382371875000008,0.023419490624999997,True,1.0,0.8046875,0.125,0.0625,12.931097672573575,9.58277954379837,6.274431805850694,-0.18784285408532858
d1|0735,2048,0.3,24,5,t5,TRAIN,120,0.15302723125,0.01862950000000001,0.15302723125,True,1.0,0.9921875,0.0625,0.125,21.33898295915683,15.724199038542507,10.280107296205882,-0.42788731738431024
d1|0631,32,0.5,400,100,t5,TRAIN,40000,0.01633588437500002,0.093894725,0.093894725,True,1.0,1.0,0.0,0.125,124.44121868964605,59.3163637442764,31.007150332076037,-10.310425077632967
d1|0583,512,0.2,100,5,t5,TRAIN,500,0.025575203124999994,0.002565740625,0.025575203124999994,True,1.0,0.98828125,0.3125,0.0625,25.671628061093195,18.500566910549477,11.80542681718605,-1.0622615957692343
d1|0108,128,0.3,12,25,t5,TEST,300,0.1416231,0.010702668749999991,0.1416231,True,1.0,1.0,0.125,0.0625,28.634644631443358,20.936569773274606,13.725645779278997,-0.22067585100336534
d1|0507,2048,0.1,12,25,gauss,TRAIN,300,0.09244369687499998,0.052966168749999994,0.09244369687499998,True,1.0,1.0,0.125,0.0625,105.8133267466643,25.588199777279062,14.491421772249245,-8.620719282080065
d1|0311,2048,0.03,400,5,t5,TRAIN,2000,0.0034172187499999992,0.0011032156250000077,0.0034172187499999992,False,1.0,1.0,0.125,0.0,35.4914212180964,-17.358536671441883,-20.4078692988696,-26.790963331910145
d1|0424,2048,0.1,100,5,gauss,TRAIN,500,0.028747643749999996,0.00977952187500001,0.028747643749999996,True,1.0,1.0,0.125,0.0625,74.10411387609743,18.805142653267822,9.768479984851085,-8.895878280592532
d1|0573,32,0.5,12,25,t5,TRAIN,300,0.17082341562500003,0.044340874999999995,0.17082341562500003,True,1.0,1.0,0.1875,0.0625,32.53232198547688,23.705317474759397,15.520292921709444,-0.2644167644456429
d1|0842,512,0.1,100,100,gauss,TRAIN,10000,0.058071531249999996,0.03193269062500001,0.058071531249999996,True,1.0,1.0,0.125,0.0625,-22.43223565151627,-39.85518005380143,-63.81093778140991,-357.81071631704947
d1|0029,128,0.1,100,5,t5,TEST,500,0.0033812687499999924,0.0030798562500000196,0.0033812687499999924,False,1.0,0.546875,0.1875,0.125,8.61044276621819,6.1735367564889305,3.7807811976404246,-0.8711620752300357
d1|0319,32,0.1,12,100,t5,TRAIN,1200,0.018949618749999994,0.018891824999999987,0.018949618749999994,False,1.0,0.78125,0.0625,0.0,12.042356659510393,8.905657639855782,5.816603288516092,0.12505675681459408
d1|0164,512,0.03,100,5,gauss,TRAIN,500,0.0013812125000000064,0.001802215625000006,0.001802215625000006,False,0.70703125,0.703125,0.1875,0.0,0.8198340157144208,0.548183132362186,0.2953466508050877,-0.24187293606761448
d1|0882,32,0.5,24,100,gauss,TRAIN,2400,0.1219260375,0.127640871875,0.127640871875,True,1.0,1.0,0.1875,0.0,123.34962181042722,73.29253899888974,45.932407205320295,-0.26815079161886535
d1|0469,2048,0.03,400,5,gauss,TRAIN,2000,0.014981887499999992,0.0030650312500000096,0.014981887499999992,False,1.0,1.0,0.0625,0.0625,47.21663534131492,-22.421731004363323,-24.90968157090561,-30.111164730445886
d1|0051,32,0.3,24,25,t5,TRAIN,600,0.052766346874999995,0.015954124999999993,0.052766346874999995,True,1.0,0.99609375,0.0,0.1875,21.442069806089208,15.640792824724281,10.233891589478723,-0.1866252867518648
d1|0448,2048,0.2,24,5,gauss,TRAIN,120,0.091325975,0.011860968749999985,0.091325975,True,1.0,1.0,0.25,0.0,110.9548741292906,68.00189648540106,42.644473349749255,-1.4584547049670564
d1|0643,128,0.1,12,25,gauss,TEST,300,0.031433159375000005,0.02428128125000001,0.031433159375000005,True,1.0,1.0,0.125,0.0,12.10606340828541,9.001633624748738,5.840865050595107,-0.1639397467859483
d1|0394,32,0.1,100,25,gauss,TRAIN,2500,0.0011289281250000047,0.0016293843750000148,0.0016293843750000148,False,0.8125,0.6640625,0.0625,0.0,1.8260923299635543,1.3132933890273237,0.8361218349894117,0.09571983985821644
d1|0948,1024,0.2,100,100,t5,TEST,10000,0.11436385,0.03200365312499999,0.11436385,True,1.0,1.0,0.125,0.125,35.27497321751436,1.7093805778140465,-20.43009221018682,-171.0183178152654
d1|0609,32,0.03,100,25,t5,TRAIN,2500,0.0007396843749999937,0.0008038437499999981,0.0008038437499999981,False,0.7421875,0.50390625,0.0,0.125,1.690529754296868,1.4040572025193114,1.1009325400259127,0.6621415574566865
d1|0340,32,0.1,400,5,gauss,TRAIN,2000,0.00028213437499999966,0.0005451000000000067,0.0005451000000000067,False,0.6484375,0.61328125,0.0625,0.0,0.07452047829455735,-0.09970315013839601,-0.1972155655013189,-0.4580391329821336
d1|0669,2048,0.1,24,25,gauss,TRAIN,600,0.08671967187500002,0.04610722187500002,0.08671967187500002,True,1.0,1.0,0.1875,0.0625,135.36791211007858,12.904109615970297,4.697730550019676,-12.926694416615474
d1|0782,512,0.5,12,100,t5,TRAIN,1200,0.303165425,0.2973318625,0.303165425,True,1.0,1.0,0.0625,0.0,115.57619559737972,66.93537802463467,41.63718824808571,-1.0857189839721029
d1|0867,1024,0.2,100,100,gauss,TEST,10000,0.08326545312499999,0.08847608125,0.08847608125,True,1.0,1.0,0.0625,0.0,11.331474251477404,-19.323059683119652,-40.11751453484092,-350.9474250437838
d1|0792,512,0.03,12,100,t5,TRAIN,1200,0.004248062499999997,0.001356765624999999,0.004248062499999997,False,1.0,0.97265625,0.1875,0.0625,20.353432677870607,-10.785955479059638,-12.75559804569394,-16.825652425887302
d1|0238,32,0.1,400,100,t5,TRAIN,40000,0.0015076937499999901,0.0032832875000000095,0.0032832875000000095,False,1.0,1.0,0.0625,0.0,8.550896442284301,-32.11832944264686,-57.72186121045351,-173.00413684519992
d1|0821,32,0.5,400,25,t5,TRAIN,10000,0.012857393750000015,0.016430278125000017,0.016430278125000017,False,1.0,1.0,0.0625,0.0625,91.32858124572525,53.341675622565546,31.500894883030295,-0.282633763752959
d1|0875,128,0.03,400,5,t5,TEST,2000,0.002491315625000004,0.002513540624999984,0.002513540624999984,False,0.84765625,0.5703125,0.1875,0.0625,1.5806378039291022,1.008932661649708,0.47445875413337935,-0.39580707879478316
d1|0764,32,0.5,100,5,gauss,TRAIN,500,0.02979948437500001,0.011515537499999999,0.02979948437500001,True,1.0,1.0,0.0625,0.0,29.890101628536208,20.982199940173935,12.776640999530212,-3.0629002635987908
d1|0527,2048,0.2,400,25,gauss,TRAIN,10000,0.069727525,0.03658300937500002,0.069727525,True,1.0,1.0,0.125,0.0625,38.2187168060919,-2.166116339705661,-24.72554477251202,-297.35730817106077
d1|0369,512,0.2,100,100,t5,TRAIN,10000,0.08393411562499997,0.03317099999999999,0.08393411562499997,True,1.0,1.0,0.1875,0.0625,36.28415779955827,0.7782496457390371,-21.777569263645002,-164.47474445701107
d1|0622,128,0.5,12,5,t5,TEST,60,0.22122790937500003,0.045070775,0.22122790937500003,True,1.0,1.0,0.125,0.125,16.823692654224416,12.439343892418165,8.113939805624028,-0.4075326901655792
d1|0390,2048,0.1,400,100,gauss,TRAIN,40000,0.05050696562499999,0.07812409062499999,0.07812409062499999,True,0.1484375,0.28515625,1.0,1.0,-1255.997431995976,-1253.9246250611566,-1251.208197885126,-1246.5907056523065
d1|0852,128,0.3,400,5,t5,TEST,2000,0.00698060625,0.0020694531249999953,0.00698060625,False,1.0,1.0,0.125,0.0625,41.45274889542559,28.177040047045473,17.245987767760276,-1.9452235091771988
d1|0011,512,0.3,12,100,t5,TRAIN,1200,0.191588525,0.129115928125,0.191588525,True,1.0,0.99609375,0.0,0.0,77.52956299120432,45.95962472691053,28.635846640708856,-2.947819693385905
d1|0111,2048,0.3,100,25,t5,TRAIN,2500,0.198510553125,0.016493493749999998,0.198510553125,True,1.0,1.0,0.0625,0.1875,106.15413284240984,38.12217684548244,20.786401254542834,-15.806858736002505
d1|0964,512,0.3,400,5,t5,TRAIN,2000,0.024393981249999988,0.0020007468750000007,0.024393981249999988,True,1.0,1.0,0.1875,0.0,64.39508840426134,36.681870640672976,21.788609204831573,-5.138931282497326
d1|0661,32,0.5,24,25,t5,TRAIN,600,0.1271752875,0.034639653125,0.1271752875,True,1.0,1.0,0.0625,0.1875,41.14234276244315,29.571793452182412,19.35471372048631,-0.14556901473673226
d1|0830,2048,0.5,400,100,t5,TRAIN,40000,0.263107975,0.245021775,0.263107975,True,1.0,1.0,1.0,1.0,17.8383526921725,5.544724406352612,-5.468335891314387,-30.26763692364747
d1|0809,128,0.03,12,5,t5,TEST,60,0.005288440624999995,0.004251893749999992,0.005288440624999995,False,0.75,0.51171875,0.0625,0.1875,0.8757797413967213,0.5846944447753608,0.26564771084286287,-0.38387775438788774
d1|0745,32,0.2,400,5,gauss,TRAIN,2000,0.0012909374999999917,0.002038081250000011,0.002038081250000011,False,0.93359375,0.7265625,0.1875,0.0625,2.007853022353194,1.6345194722046155,1.102793279779148,-0.174435216153083
d1|0946,2048,0.3,24,100,t5,TRAIN,2400,0.23844875937499999,0.10861842187500001,0.23844875937499999,True,1.0,1.0,0.375,0.0,111.66514807225914,44.814143195045894,25.747488599790188,-12.7093951657044
d1|0210,128,0.2,100,100,gauss,TEST,10000,0.04130617812500003,0.03972515312499998,0.04130617812500003,True,1.0,1.0,0.0625,0.0,108.25912868564504,-20.409357856634216,-52.52349518186527,-87.59347169252595
d1|0862,128,0.3,12,100,t5,TEST,1200,0.14937621875,0.11087484687500002,0.14937621875,True,1.0,1.0,0.0625,0.0,58.19972015694651,40.08235339318922,25.71397420985859,-0.09962288397496266
d1|0847,32,0.2,400,100,gauss,TRAIN,40000,0.0006172687499999829,0.002629456250000002,0.002629456250000002,False,1.0,1.0,0.0625,0.0625,6.175193871275717,-29.840689793462847,-54.00261118653791,-149.4759177993526
d1|0475,512,0.2,400,100,gauss,TRAIN,40000,0.052455190625,0.08823676250000001,0.08823676250000001,True,0.0,0.0,1.0,1.0,-1810.3076043491683,-1759.0724778284127,-1712.289846559177,-1629.8878458510796
d1|0413,512,0.5,400,5,t5,TRAIN,2000,0.09795706875000001,0.0024864250000000004,0.09795706875000001,True,1.0,1.0,0.125,0.0625,106.12035620260652,62.01923018266423,37.65014542416589,-3.0821120662850854
d1|0391,1024,0.3,24,100,gauss,TEST,2400,0.12821454375,0.09210005937499999,0.12821454375,True,1.0,1.0,0.375,0.0,656.449680766408,31.348991344711024,14.338994764962553,-36.24920273458197
d1|0383,32,0.2,12,5,gauss,TRAIN,60,0.024002734375000022,0.0064746093750000094,0.024002734375000022,True,0.98046875,0.99609375,0.125,0.0625,3.684806611243106,2.6055850279814385,1.4791840284031132,-0.7043304779436339
d1|0371,2048,0.2,24,25,gauss,TRAIN,600,0.1044916625,0.04740444999999999,0.1044916625,True,1.0,1.0,0.125,0.0625,313.43405206669223,50.97048431685849,30.776086897163005,-12.501109277487155
d1|0194,32,0.2,400,25,gauss,TRAIN,10000,0.00017797187499999506,0.000883624999999999,0.000883624999999999,False,0.99609375,0.73046875,0.0625,0.0,3.937340266281076,2.828554860340022,1.741131568529462,-0.0579834972654657
d1|0406,512,0.2,100,25,t5,TRAIN,2500,0.06121839999999999,0.008624643750000015,0.06121839999999999,True,1.0,1.0,0.125,0.0625,64.42699222106157,16.628852501864536,5.840837552429758,-16.415351323942403
d1|0203,1024,0.2,100,25,gauss,TEST,2500,0.096936453125,0.04089143750000001,0.096936453125,True,1.0,1.0,0.125,0.0,365.6744163840731,-5.784328157320239,-15.102071437918678,-39.60075504500514
d1|0789,128,0.2,24,25,gauss,TEST,600,0.06778315624999999,0.037485243749999994,0.06778315624999999,True,1.0,1.0,0.125,0.0,41.266881319217305,29.743425678464718,19.317331532558896,-0.41930183335895704
d1|0526,32,0.1,24,5,gauss,TRAIN,120,0.005472450000000004,0.005341559375000006,0.005472450000000004,False,0.68359375,0.64453125,0.25,0.0625,1.4059282247452174,1.1336445132496527,0.8658960356171785,0.39007736613647437
d1|0023,128,0.3,100,25,t5,TEST,2500,0.04400689999999999,0.0052201125000000195,0.04400689999999999,True,1.0,1.0,0.125,0.0,62.95468953785409,41.763388025014706,26.128094340548003,-0.3098030863113574
d1|0700,512,0.2,400,100,t5,TRAIN,40000,0.02569360937499998,0.018643265625000002,0.02569360937499998,True,0.6015625,0.7265625,1.0,1.0,-217.2162016579232,-221.45206473869365,-222.7292250408807,-220.09381583025223
d1|0779,128,0.3,100,25,t5,TEST,2500,0.049703721874999995,0.00581699062499999,0.049703721874999995,True,1.0,1.0,0.25,0.0625,61.982048778819546,41.333293022819475,25.786300212720644,-0.13055764360607175
d1|0597,512,0.03,100,100,gauss,TRAIN,10000,0.010099178125000004,0.004320984374999982,0.010099178125000004,False,1.0,1.0,0.0,0.0,-20.70450313111744,-41.49227381078248,-70.46226457013248,-360.8037572561616
d1|0701,1024,0.1,100,100,t5,TEST,10000,0.042262137500000005,0.007860062500000008,0.042262137500000005,True,1.0,1.0,0.0,0.0625,9.812061827951467,-25.007127005570112,-48.43170344469654,-263.12787481730317
d1|0462,32,0.1,12,25,t5,TRAIN,300,0.014286900000000019,0.011093731250000016,0.014286900000000019,False,1.0,0.65625,0.125,0.0,5.965713903439219,4.40382236720572,2.96130512947996,-0.007629317917578246
d1|0567,32,0.3,100,25,gauss,TRAIN,2500,0.01650700625000001,0.016000393749999994,0.01650700625000001,False,1.0,1.0,0.0,0.125,22.932810566880924,16.543441940747137,10.593447894906074,-0.8986967894368475
d1|0553,512,0.03,400,100,gauss,TRAIN,40000,0.000665040624999981,7.459687500002699e-05,0.000665040624999981,False,0.03125,0.25390625,1.0,1.0,-8351.870360884528,-8310.473258045093,-8256.749459342436,-8138.303812935092
d1|0881,128,0.5,12,5,t5,TEST,60,0.220472521875,0.015447550000000011,0.220472521875,True,1.0,0.98828125,0.3125,0.125,19.416419784623223,14.325210431805427,9.363522373384418,-0.49942244704449806
d1|0728,128,0.03,24,5,gauss,TEST,120,0.0017548249999999946,0.0018007562500000213,0.0018007562500000213,False,0.67578125,0.578125,0.125,0.0625,0.8969656589588203,0.7623018049829908,0.6196536104042483,0.3518722250608882
d1|0590,128,0.1,100,5,t5,TEST,500,0.00010490624999998088,-0.00025256874999998735,0.00010490624999998088,False,1.0,0.59765625,0.125,0.125,8.485255546343904,6.1195772421138095,3.847420811748968,-0.5687835906515597
d1|0451,1024,0.03,400,100,t5,TEST,40000,0.0006611687499999963,0.0006736187499999866,0.0006736187499999866,False,0.44140625,0.66015625,1.0,1.0,-1374.642344730621,-1372.421349360512,-1366.0242710277062,-1353.1106075944015
d1|0330,2048,0.1,100,25,t5,TRAIN,2500,0.037924099999999995,0.005182790624999996,0.037924099999999995,True,1.0,1.0,0.0625,0.0625,54.32393642584536,-13.989060303294902,-20.03741066102524,-33.603983851251336
d1|0920,1024,0.1,12,100,gauss,TEST,1200,0.09956389999999998,0.08604040937499997,0.09956389999999998,True,1.0,1.0,0.25,0.125,150.56249376106746,1.3297228851860772,-4.927406201960922,-18.672754877583998
d1|0505,128,0.1,400,25,gauss,TEST,10000,0.0015108468750000062,0.0017196281250000042,0.0017196281250000042,False,1.0,1.0,0.0625,0.0,4.992385482029358,-39.954885223600215,-69.89545517330265,-89.41829895336606
d1|0958,128,0.5,400,100,t5,TEST,40000,0.04500219687500001,0.17653358437500002,0.17653358437500002,True,1.0,1.0,1.0,1.0,30.49334280698671,15.38678778774021,2.318494683131564,-25.67537608788733
d1|0429,512,0.5,12,25,gauss,TRAIN,300,0.1500524875,0.05503219062499998,0.1500524875,True,1.0,1.0,0.25,0.0625,329.4121195123367,109.33290396646778,64.72069987214985,-0.34855663679303234
d1|0747,2048,0.3,400,25,gauss,TRAIN,10000,0.065334928125,0.0378774625,0.065334928125,True,1.0,1.0,0.0,0.0625,52.72496206332814,21.542287046597778,0.20670740218005734,-270.0586250469155
d1|0411,128,0.1,12,5,t5,TEST,60,0.021850609374999976,0.016929574999999995,0.021850609374999976,True,1.0,0.64453125,0.1875,0.125,4.0346609948808485,2.831406164977307,1.652324790380621,-0.7251716082379589
d1|0522,32,0.1,24,5,t5,TRAIN,120,0.006182887499999991,0.005307593750000006,0.006182887499999991,False,0.921875,0.6015625,0.0625,0.0625,2.070513828337215,1.4613307972283067,0.8352562185328617,-0.4377965812833843
d1|0222,512,0.03,400,100,t5,TRAIN,40000,-5.624999999953584e-07,0.00010057812500000041,0.00010057812500000041,False,0.47265625,0.7421875,1.0,1.0,-1389.2211569005422,-1393.145361501783,-1388.3669780312025,-1389.592784164159
d1|0053,1024,0.3,12,100,t5,TEST,1200,0.20649162187500003,0.12957332500000002,0.20649162187500003,True,1.0,1.0,0.1875,0.0625,77.39343008115901,44.58495642467895,27.539018585749755,-3.848588212022488
d1|0558,2048,0.5,24,5,t5,TRAIN,120,0.283965121875,0.009232100000000007,0.283965121875,True,1.0,1.0,0.0,0.0625,33.71516748509448,24.58662284212849,16.16737327331098,-0.2127271473557346
d1|0180,32,0.5,100,5,gauss,TRAIN,500,0.028126096875,0.010728546874999995,0.028126096875,True,1.0,1.0,0.125,0.0625,29.695361313881904,21.054206749129186,13.033684882795413,-2.5788587134971914
d1|0229,128,0.2,24,5,t5,TEST,120,0.022196128125000006,-0.006804171875000001,0.022196128125000006,True,1.0,0.87890625,0.125,0.0625,10.699376812185944,7.865141480309104,5.08148603082339,-0.3869020549440624
d1|0880,128,0.5,24,25,gauss,TEST,600,0.134182209375,0.055235815625000004,0.134182209375,True,1.0,1.0,0.1875,0.25,190.55401082204088,92.36590888566745,56.21151189466751,-0.7515155687114848
d1|0937,1024,0.2,400,100,gauss,TEST,40000,0.08027725000000001,0.089054053125,0.089054053125,True,0.0,0.0,1.0,1.0,-2690.7120457861947,-2566.361195986544,-2455.3779408768296,-2247.5616860659547
d1|0904,1024,0.03,400,25,gauss,TEST,10000,0.006350740625000004,0.0023349687499999994,0.006350740625000004,False,1.0,1.0,0.0625,0.0,-47.302313995891886,-43.215326857526,-70.61070487006914,-361.31515953721976
d1|0950,512,0.1,24,5,gauss,TRAIN,120,0.030920975000000003,0.014603634375000007,0.030920975000000003,True,1.0,1.0,0.3125,0.0,13.735529904774344,9.867561064493154,6.023492679354993,-1.5683163959563
d1|0708,512,0.5,24,25,t5,TRAIN,600,0.283522228125,0.02514235625000001,0.283522228125,True,1.0,1.0,0.25,0.0625,73.32227736430397,49.385538357485,31.578398956645394,-0.2618683017015131
d1|0302,32,0.3,24,25,gauss,TRAIN,600,0.05182786562500001,0.03251310312500001,0.05182786562500001,True,1.0,1.0,0.1875,0.1875,22.77612029559539,16.71251497983497,10.902677346137509,-0.5393755961882492
d1|0699,512,0.2,100,5,t5,TRAIN,500,0.023299915625000014,0.0035752406250000104,0.023299915625000014,True,1.0,1.0,0.1875,0.0,25.87517663067312,18.647623763103468,11.877935755890523,-1.082559555223236
d1|0729,32,0.1,400,25,gauss,TRAIN,10000,0.0003757562499999839,0.00045128125000000463,0.00045128125000000463,False,0.7265625,0.57421875,0.0,0.0,0.6600874849080939,0.2153993135677186,0.1622661503400628,-0.21052663270960897
d1|0284,32,0.3,400,100,t5,TRAIN,40000,0.005732443749999996,0.024208515624999996,0.024208515624999996,True,1.0,1.0,0.125,0.125,59.082755361749435,13.183329535309316,-8.626795283784734,-49.53445895795534
d1|0315,1024,0.2,400,100,gauss,TEST,40000,0.08021107187500001,0.08890730625,0.08890730625,True,0.0,0.0,1.0,1.0,-2694.206057394621,-2513.6743602551246,-2374.9138364475957,-2166.7901555062745
d1|0688,2048,0.5,400,5,gauss,TRAIN,2000,0.105915734375,0.00974322812499999,0.105915734375,True,1.0,1.0,0.0,0.0625,1389.6619146263592,120.17584696155487,69.56917820071413,-3.6296828753582737
d1|0698,512,0.3,100,100,gauss,TRAIN,10000,0.09336170312500003,0.091137253125,0.09336170312500003,True,1.0,1.0,0.0625,0.125,42.31350698643109,8.329250543391865,-13.181847197354735,-299.2878050514772
d1|0907,128,0.3,24,100,t5,TEST,2400,0.12491192812500002,0.08779901875000001,0.12491192812500002,True,1.0,1.0,0.125,0.0,74.89776931853183,48.704037296311895,30.430829588019485,-0.1950148392278543
d1|0484,1024,0.03,12,25,t5,TEST,300,0.0034042468750000165,0.000617556250000012,0.0034042468750000165,False,1.0,0.55078125,0.0,0.0625,10.93369354395975,8.075448810863108,5.231905991176518,-0.3273895807238139
d1|0006,128,0.1,24,100,t5,TEST,2400,0.021394412499999994,0.015047715625000013,0.021394412499999994,True,1.0,0.91796875,0.375,0.0625,33.262233438927396,23.336598514123605,14.783547840563521,-0.07861059190166285
d1|0214,128,0.3,12,5,gauss,TEST,60,0.10458693125000001,0.014243306249999976,0.10458693125000001,True,1.0,1.0,0.0625,0.0,23.745551715066735,17.27706820406896,11.058601899236072,-1.2447653772357077
d1|0691,2048,0.1,24,5,t5,TRAIN,120,0.024688762499999996,0.0023961093750000106,0.024688762499999996,True,1.0,0.67578125,0.0625,0.125,12.864887433828038,9.47280742469222,6.105074629495914,-0.5022194375628661
d1|0513,1024,0.03,100,100,gauss,TEST,10000,0.021530309375,0.005388153125000003,0.021530309375,True,1.0,1.0,0.0625,0.0625,-43.68113460281654,-42.89593597634881,-70.32904227378384,-361.3696867711046
d1|0621,32,0.3,400,5,gauss,TRAIN,2000,-0.0005253249999999862,0.0010376968750000007,0.0010376968750000007,False,1.0,0.98828125,0.1875,0.0,6.443587432506678,4.323751262782231,2.261378918702582,-1.4412404440971507
d1|0033,1024,0.5,24,100,t5,TEST,2400,0.31785711875,0.283607740625,0.31785711875,True,1.0,1.0,0.125,0.0625,154.16443729520074,74.46238417209489,45.006041720289204,-4.00248471943455
d1|0690,512,0.5,100,5,gauss,TRAIN,500,0.10770492500000002,0.008308243750000013,0.10770492500000002,True,1.0,1.0,0.1875,0.0,321.5001375970301,107.8400331212142,63.445251059201176,-2.920980058730496
d1|0351,2048,0.3,400,100,gauss,TRAIN,40000,0.089765528125,0.08602623437500001,0.089765528125,True,0.0,0.0,1.0,1.0,-674.2005943898362,-657.6914364494482,-640.5633226651948,-613.7148941605064
d1|0460,32,0.1,24,5,t5,TRAIN,120,0.005532400000000014,0.004120981249999996,0.005532400000000014,False,0.93359375,0.58984375,0.25,0.0625,2.410419866343105,1.727832961993817,1.0882225612118672,-0.22589036428273218
d1|0035,128,0.5,24,5,gauss,TEST,120,0.12722740625,0.014748731250000008,0.12722740625,True,1.0,1.0,0.0625,0.0625,73.87411599633671,49.76184019123268,31.679241785331527,-1.7064589263870766
d1|0040,1024,0.03,24,100,gauss,TEST,2400,0.02466289375000001,0.013953278124999989,0.02466289375000001,True,1.0,1.0,0.0625,0.1875,21.30606053646865,-36.48093863682312,-36.84708134311618,-37.58159368193216
d1|0068,1024,0.2,24,5,gauss,TEST,120,0.09205590624999999,0.012981978124999995,0.09205590624999999,True,1.0,1.0,0.0,0.0,68.98591358679384,47.095712868005066,30.160018181586953,-1.3868175081897864
d1|0109,1024,0.3,24,25,t5,TEST,600,0.181730459375,0.02262106250000001,0.181730459375,True,1.0,1.0,0.25,0.125,52.480575176286344,34.95819188665084,22.33571923366177,-1.4774867934585334
d1|0993,512,0.3,400,5,t5,TRAIN,2000,0.02558973125000001,0.000699359374999986,0.02558973125000001,True,1.0,1.0,0.125,0.0,65.03167786846879,37.18380672862324,22.092708306446603,-5.12010518913364
d1|0889,128,0.1,400,100,gauss,TEST,40000,0.002436559375000001,0.0020704281249999817,0.002436559375000001,False,0.08984375,0.08203125,1.0,1.0,-1843.1993654447099,-1834.2228816111287,-1822.236892252418,-1789.673885186366
d1|0116,2048,0.03,12,25,gauss,TRAIN,300,0.02431229375,0.021503071875,0.02431229375,True,1.0,1.0,0.1875,0.0,17.3925849658456,-3.9796034007484122,-5.576772544416678,-8.850289824495373
d1|0103,128,0.2,100,25,gauss,TEST,2500,0.025337981249999995,0.019768668750000003,0.025337981249999995,True,1.0,1.0,0.125,0.0,54.417455218145996,37.64007673439342,23.73062058749374,-0.8300861751485855
d1|0514,2048,0.2,24,25,t5,TRAIN,600,0.12647581875000002,0.015329946875000028,0.12647581875000002,True,1.0,1.0,0.3125,0.0,40.49247461817219,25.68858096512585,15.997704175366366,-2.6603761203167577
d1|0045,128,0.2,400,5,gauss,TEST,2000,0.0040631718749999934,0.00577741562499999,0.00577741562499999,False,1.0,1.0,0.125,0.0,19.807624007955937,13.353964404078399,7.370940327351223,-3.6122045955030346
d1|0965,512,0.03,100,100,t5,TRAIN,10000,0.002636987500000014,0.0013236093749999858,0.002636987500000014,False,1.0,1.0,0.125,0.0,-9.234948370833067,-40.23359346892819,-68.07009695544585,-344.4705247336443
d1|0588,1024,0.2,100,5,t5,TEST,500,0.04056990625,0.0026108718750000107,0.04056990625,True,1.0,0.96875,0.1875,0.0,29.320776259582225,19.835661912148574,12.27898167791568,-2.063707694236376
d1|0186,1024,0.5,12,25,gauss,TEST,300,0.1269652,0.056669209374999994,0.1269652,True,1.0,1.0,0.0625,0.0,470.7388450599738,115.53600628838423,67.6524917172141,0.019850030800903584
d1|0772,128,0.03,24,5,t5,TEST,120,0.001850559374999998,0.001783131250000007,0.001850559374999998,False,0.75,0.54296875,0.25,0.0,0.8831759005681066,0.5106884419235838,0.1323482304247085,-0.6186241394257761
d1|0150,2048,0.2,12,25,gauss,TRAIN,300,0.10118508437500001,0.05469313750000002,0.10118508437500001,True,1.0,1.0,0.125,0.125,230.5888967988393,65.87391668988569,40.825204643411055,-7.605243440917574
d1|0508,512,0.2,12,25,t5,TRAIN,300,0.10492868124999999,0.032624334374999994,0.10492868124999999,True,1.0,0.953125,0.0,0.0,25.983989268674584,18.92152806502107,12.313510530082377,-0.4397394030940146
d1|0565,512,0.1,400,25,gauss,TRAIN,10000,0.019958465624999984,0.01097589375,0.019958465624999984,False,1.0,1.0,0.0625,0.0,-39.768485558424615,-43.933294320758314,-67.24568902654894,-358.99587821910234
d1|0363,128,0.2,12,100,gauss,TEST,1200,0.10120306875000001,0.08448674374999998,0.10120306875000001,True,1.0,1.0,0.3125,0.125,78.26553324305715,52.316584321999905,33.47024822703399,-0.28922947362364265
d1|0346,2048,0.2,100,100,t5,TRAIN,10000,0.16134794375,0.030852521875000004,0.16134794375,True,1.0,1.0,0.0625,0.1875,38.391971948257506,5.730330923131888,-16.127316730136634,-165.14831877256103
d1|0788,2048,0.03,100,25,t5,TRAIN,2500,0.0002614093750000074,-0.002007603124999993,0.0002614093750000074,False,1.0,1.0,0.0625,0.0,26.15246683310909,-34.566257147966994,-35.94757479893328,-38.843156048602154
d1|0569,128,0.1,100,100,gauss,TEST,10000,0.012202065624999966,0.008388659374999996,0.012202065624999966,False,1.0,1.0,0.0,0.0625,17.94371557186647,-38.29418130321861,-68.41044386566314,-89.36521231097073
d1|0998,128,0.3,24,5,t5,TEST,120,0.07211909062499999,0.019470415625000015,0.07211909062499999,True,1.0,0.95703125,0.25,0.125,14.049749878491358,10.33304432117006,6.652899089720739,-0.5999937147127561
d1|0050,512,0.2,100,100,t5,TRAIN,10000,0.0774559125,0.028874321874999977,0.0774559125,True,1.0,1.0,0.125,0.0625,37.43280134449876,0.5032022090431105,-22.40569862638697,-163.90439887603293
d1|0388,512,0.2,12,25,gauss,TRAIN,300,0.11156533437500002,0.05632711562499998,0.11156533437500002,True,1.0,1.0,0.1875,0.0625,98.92351242147139,63.02374504219284,40.02624671228165,-0.5036236235522225
d1|0604,1024,0.2,100,5,gauss,TEST,500,0.07036013749999999,0.007858684374999966,0.07036013749999999,True,1.0,1.0,0.125,0.0625,130.2458099455665,53.08892926282796,32.45595448432032,-7.9261161133949685
d1|0419,128,0.5,12,100,t5,TEST,1200,0.253939525,0.250508,0.253939525,True,1.0,1.0,0.125,0.0,94.61390515412062,59.78730889532305,37.576110114490945,-0.28474746854817884
d1|0131,512,0.1,400,25,t5,TRAIN,10000,0.006953668749999982,0.0024336562499999922,0.006953668749999982,False,1.0,1.0,0.0625,0.0,1.435390826962846,-30.70688982401365,-54.674185507054204,-263.37050728393797
d1|0739,512,0.2,400,5,t5,TRAIN,2000,0.006867596875,0.000691159375,0.006867596875,False,1.0,1.0,0.125,0.0,45.370921741325915,20.841982339880865,10.773673823281236,-8.068842712800702
d1|0886,1024,0.1,24,25,t5,TEST,600,0.03707446249999999,0.008619618750000002,0.03707446249999999,True,1.0,0.91015625,0.25,0.25,26.59400683012747,12.874056051919187,6.852607171839192,-4.892241241799995
d1|0489,32,0.03,100,5,gauss,TRAIN,500,0.00021115624999999694,0.000241571874999999,0.000241571874999999,False,0.55859375,0.53125,0.1875,0.0,0.17136371694432723,0.04067329342614348,-0.004054154564569562,0.003511742330614853
d1|0704,2048,0.1,24,5,gauss,TRAIN,120,0.065266871875,0.010959359375000005,0.065266871875,True,1.0,1.0,0.25,0.0,47.53064652960213,33.63606719124901,21.569710906327128,-1.6763817468924873
d1|0618,32,0.5,24,5,t5,TRAIN,120,0.09825914999999999,0.01711618437499999,0.09825914999999999,True,1.0,1.0,0.0625,0.0,15.136879554548269,11.160919012105083,7.246542405736434,-0.518160635444339
d1|0254,1024,0.03,100,25,t5,TEST,2500,0.0011738437500000143,4.45312500000003e-05,0.0011738437500000143,False,1.0,1.0,0.125,0.0,19.677926098729095,-35.55520325306699,-36.601955658796015,-38.767518473021624
d1|0355,1024,0.2,400,100,gauss,TEST,40000,0.08019278749999999,0.088407471875,0.088407471875,True,0.0,0.0,1.0,1.0,-2682.8102970401624,-2515.99682504093,-2396.6991104702574,-2163.218914436449
d1|0529,128,0.2,400,5,t5,TEST,2000,0.0008221312499999897,3.8124999999999964e-05,0.0008221312499999897,False,1.0,0.98046875,0.125,0.0,27.64310967897594,19.07574699229686,11.557905885354273,-1.7034772576834176
d1|0697,512,0.1,12,25,t5,TRAIN,300,0.04077299375000001,0.008087853125000002,0.04077299375000001,True,1.0,0.7734375,0.125,0.0,18.02423446557581,13.365643075108537,8.910799170201795,0.11119612659572192
d1|0417,32,0.03,12,5,t5,TRAIN,60,0.004169662499999997,0.004084740625,0.004169662499999997,False,0.6484375,0.515625,0.1875,0.0625,0.46869022325011717,0.3582370333484906,0.2099537497689072,-0.032350615319363174
d1|0323,512,0.03,100,5,t5,TRAIN,500,0.0018335906249999992,0.0017909906250000024,0.0018335906249999992,False,1.0,0.5234375,0.0625,0.0,4.974933976358251,3.485541281942137,2.1236453384049323,-0.42537141021944275
d1|0274,1024,0.1,100,100,t5,TEST,10000,0.039503725,0.0041672656249999995,0.039503725,True,1.0,1.0,0.0625,0.0,11.16563294442079,-24.249568077166224,-47.7714599616679,-259.78686174588694
d1|0962,2048,0.03,100,100,t5,TRAIN,10000,0.010914415625000007,0.0007915656249999903,0.010914415625000007,False,1.0,1.0,0.0625,0.0,-14.17736974219825,-39.702340568553424,-65.55626473256487,-338.85840941412187
d1|0566,2048,0.1,400,100,t5,TRAIN,40000,0.01728566562500001,0.0039449937499999935,0.01728566562500001,False,0.48828125,0.51953125,1.0,1.0,-410.12604746394425,-414.01708419317697,-405.00136855799224,-408.3109733172979
d1|0607,1024,0.03,24,25,gauss,TEST,600,0.009635309374999991,0.009181065624999998,0.009635309374999991,False,1.0,1.0,0.125,0.0,9.419340477337649,-11.156407248670337,-11.721513684616411,-12.872813083244154
d1|0846,1024,0.5,24,25,t5,TEST,600,0.30313121249999997,0.023508553125,0.30313121249999997,True,1.0,1.0,0.125,0.125,78.65897154218095,51.95919032953954,33.25729699604696,-0.09970864744054808
d1|0250,128,0.2,12,100,gauss,TEST,1200,0.10179511562499999,0.08524576875,0.10179511562499999,True,1.0,1.0,0.125,0.1875,79.56699701186781,52.72699927069025,33.71137694809586,-0.42679726510504323
d1|0837,32,0.03,100,25,t5,TRAIN,2500,0.0030637156250000186,0.003077728125000012,0.003077728125000012,False,0.6953125,0.515625,0.0625,0.1875,0.9890916137992698,0.7466178611180418,0.4942772511457231,0.11849812833878914
d1|0805,32,0.03,400,25,t5,TRAIN,10000,0.001884443750000013,0.0019476187499999978,0.0019476187499999978,False,0.61328125,0.44921875,0.125,0.0625,0.7259671895394189,0.5203212170551536,0.428972227513055,0.2963891180811181
d1|0060,2048,0.3,400,25,t5,TRAIN,10000,0.158906378125,0.007426003125000011,0.158906378125,True,1.0,1.0,0.125,0.0,60.86602218560137,32.93035202278314,11.851044156263082,-100.85915159745791
d1|0328,1024,0.3,100,5,t5,TEST,500,0.092331278125,0.006313003125000008,0.092331278125,True,1.0,1.0,0.25,0.0625,38.56063907498073,26.831297708888798,17.075199583107313,-1.6555438131861866
d1|0797,32,0.5,12,100,t5,TRAIN,1200,0.179209625,0.18078631250000002,0.18078631250000002,True,1.0,1.0,0.125,0.0,63.5942008422561,43.58205433187764,28.00841796187393,-0.11194096992891858
d1|0778,512,0.2,24,100,gauss,TRAIN,2400,0.107617884375,0.09346505625000001,0.107617884375,True,1.0,1.0,0.125,0.0,278.66189367117204,12.026480051569065,0.8289341140504594,-27.067904696358227
d1|0557,2048,0.5,100,25,gauss,TRAIN,2500,0.13052124687500002,0.039823449999999996,0.13052124687500002,True,1.0,1.0,0.0,0.0,1724.2581665042258,119.23998548752091,69.24493922188535,-3.402988360562992
d1|0463,512,0.3,100,5,gauss,TRAIN,500,0.08809653125,0.01026489374999999,0.08809653125,True,1.0,1.0,0.125,0.0,143.56338392470434,79.09658673459849,48.17797662867584,-3.287761549030686
d1|0478,2048,0.3,400,5,gauss,TRAIN,2000,0.09524194999999999,0.008562268750000004,0.09524194999999999,True,1.0,1.0,0.25,0.125,195.66444836480963,48.39721354828907,28.621082214073105,-17.94636660232705
d1|0785,32,0.1,100,25,t5,TRAIN,2500,0.001945043750000007,0.0024157406250000027,0.0024157406250000027,False,0.99609375,0.74609375,0.1875,0.0625,7.099126214031973,5.107790115381085,3.416660599011071,-0.06437987535085835
d1|0599,32,0.5,24,5,gauss,TRAIN,120,0.08866428437500001,0.016350712499999996,0.08866428437500001,True,1.0,1.0,0.0625,0.25,21.094262661959213,15.327331445494648,9.723836599347209,-1.367648513404593
d1|0975,2048,0.03,100,25,t5,TRAIN,2500,0.003765856249999998,0.0015902156249999883,0.003765856249999998,False,1.0,1.0,0.0,0.125,24.74038663812299,-34.638951133600514,-36.00393691072184,-38.81252361239333
d1|0914,1024,0.03,24,5,gauss,TEST,120,0.006752474999999987,0.005098221874999996,0.006752474999999987,False,0.984375,0.8671875,0.1875,0.0,2.2000411129377917,1.3983946943655576,0.5977355882819964,-0.9734995947111462
d1|0285,128,0.03,12,100,t5,TEST,1200,0.001929000000000021,0.0008464312499999946,0.001929000000000021,False,1.0,0.5234375,0.125,0.125,9.104454953594209,6.727419668129322,4.531944408394441,0.20081063399813248
d1|0796,512,0.5,24,100,t5,TRAIN,2400,0.294126459375,0.274756925,0.294126459375,True,1.0,1.0,0.1875,0.0625,146.98195999135737,75.02856461855873,45.5692512231919,-2.3463161748878827
d1|0943,1024,0.3,12,100,gauss,TEST,1200,0.16109640000000003,0.096683796875,0.16109640000000003,True,1.0,1.0,0.125,0.0625,501.9199618734069,67.81108814890945,41.314175183702,-17.03010139668395
d1|0178,1024,0.3,100,25,t5,TEST,2500,0.16382098750000001,0.009424887500000007,0.16382098750000001,True,1.0,1.0,0.0,0.125,94.66954924303619,34.87369834814632,18.61032437399944,-15.213160394732483
d1|0122,1024,0.5,24,25,t5,TEST,600,0.30371455,0.016882021875000014,0.30371455,True,1.0,1.0,0.0625,0.125,75.47956362458129,50.12368548197486,31.998793860739255,-0.4590597740048844
d1|0310,32,0.03,24,25,gauss,TRAIN,600,0.001349021874999981,0.0016447843750000204,0.0016447843750000204,False,0.61328125,0.53515625,0.25,0.0,-0.29981660998820525,-0.45114556152274754,-0.5417076327945775,-0.7665168238868377
d1|0818,512,0.5,12,25,t5,TRAIN,300,0.291692334375,0.055424212499999986,0.291692334375,True,1.0,1.0,0.125,0.1875,55.57109937947473,39.06502421962774,25.500940255308315,0.18396044812858597
d1|0197,128,0.2,24,5,gauss,TEST,120,0.03949948437500001,0.012817862499999985,0.03949948437500001,True,1.0,1.0,0.125,0.0625,13.192994644442232,9.515279739764416,5.8574295683323525,-1.3305654729225571
d1|0555,1024,0.2,12,25,t5,TEST,300,0.12121854062500001,0.004820053124999994,0.12121854062500001,True,1.0,0.9765625,0.0,0.1875,27.437276847020037,20.11271857614357,13.18998903081726,-0.11259062745160044
d1|0749,1024,0.1,100,5,t5,TEST,500,0.0034253843750000137,-0.0016256999999999938,0.0034253843750000137,False,1.0,0.6875,0.3125,0.0625,18.547722553643975,10.980291641370544,6.372065649378495,-2.7375404131860526
d1|0630,2048,0.1,24,5,gauss,TRAIN,120,0.064538171875,0.01017745312500002,0.064538171875,True,1.0,1.0,0.0625,0.125,45.26310845450249,31.935074594650498,20.2191162390232,-2.331987370922813
d1|0443,1024,0.1,100,25,t5,TEST,2500,0.0226646125,0.004328531250000031,0.0226646125,True,1.0,1.0,0.1875,0.125,46.08109733818901,-16.483402653819528,-21.78461137941413,-33.47338441376547
d1|0361,2048,0.2,100,25,gauss,TRAIN,2500,0.09949561562499998,0.040938075000000004,0.09949561562499998,True,1.0,1.0,0.0625,0.125,567.4998865135618,-3.6173683693713006,-13.4220843347777,-39.718366964131434
d1|0091,32,0.5,12,5,gauss,TRAIN,60,0.12781442499999998,0.018944734375000008,0.12781442499999998,True,1.0,1.0,0.125,0.0625,18.95560032094877,13.713529799621266,8.622149689676672,-1.4619196752204906
d1|0552,128,0.3,100,5,gauss,TEST,500,0.03057895625000001,0.008097650000000019,0.03057895625000001,True,1.0,1.0,0.0625,0.0625,41.0433835597032,28.734066367396913,17.803544197721628,-3.0691835798994935
d1|0433,512,0.3,24,25,t5,TRAIN,600,0.16489478125,0.02564846875000002,0.16489478125,True,1.0,1.0,0.125,0.0625,46.09804835803812,32.71534561256978,21.136416808864112,-0.30294730462706654
d1|0851,128,0.2,100,5,gauss,TEST,500,0.012182384374999994,0.008765900000000014,0.012182384374999994,False,1.0,1.0,0.0625,0.125,16.848853960817962,11.61468889036674,6.651746051698386,-3.096785432148099
d1|0576,32,0.03,400,5,t5,TRAIN,2000,-0.00021604687500000747,-0.00020341250000001365,-0.00020341250000001365,False,0.609375,0.43359375,0.125,0.0,0.261816844889984,0.03330407958815543,0.07261392337881359,-0.10743419591676859
d1|0044,1024,0.3,12,5,gauss,TEST,60,0.09996854062499999,0.011811918749999997,0.09996854062499999,True,1.0,1.0,0.0625,0.0625,92.43104616433844,59.503317426296505,37.80581788964159,-0.9856406645157825
d1|0936,1024,0.3,24,100,gauss,TEST,2400,0.12856176874999997,0.092246003125,0.12856176874999997,True,1.0,1.0,0.0,0.0,671.2939045353914,31.197818248115095,14.220291789273288,-36.331771311354856
d1|0021,512,0.3,100,100,gauss,TRAIN,10000,0.09535164062500001,0.09311883750000001,0.09535164062500001,True,1.0,1.0,0.0,0.0625,42.0984577447414,8.294129471849715,-13.17789316820236,-297.8295117043855
d1|0561,2048,0.03,12,25,gauss,TRAIN,300,0.027120375000000002,0.024172634374999995,0.027120375000000002,True,1.0,1.0,0.125,0.0625,18.32068574927142,-3.9913056332706347,-5.608268063631566,-8.863729751806956
d1|0719,32,0.03,24,5,t5,TRAIN,120,0.0015366687500000045,0.0013979437499999983,0.0015366687500000045,False,0.6640625,0.515625,0.3125,0.0625,0.005275736477255502,-0.10903165849847471,-0.24927581674641008,-0.5641296855831234
d1|0121,2048,0.03,100,100,gauss,TRAIN,10000,0.04610207499999999,0.009456046874999999,0.04610207499999999,True,1.0,1.0,0.0625,0.0,-52.46397340011572,-44.01632800024923,-70.00199071660641,-361.47826283134685
d1|0525,32,0.5,400,100,t5,TRAIN,40000,0.011798565624999986,0.0945009,0.0945009,True,1.0,1.0,0.0625,0.0625,125.11943113265497,59.56487562446763,31.138881286402697,-10.040910169818723
d1|0434,32,0.5,400,25,gauss,TRAIN,10000,0.01403105000000001,0.030638103124999996,0.030638103124999996,True,1.0,1.0,0.0,0.0625,96.02292597628227,58.84327045985691,35.58866546453264,-1.050799028300903
d1|0130,512,0.1,100,5,gauss,TRAIN,500,0.008721443750000009,0.008376331249999994,0.008721443750000009,False,1.0,1.0,0.1875,0.0,17.88809512947029,12.656163308220659,7.484010099145585,-2.3589524071380645
d1|0967,2048,0.1,100,25,gauss,TRAIN,2500,0.07140075,0.03897055937500002,0.07140075,True,1.0,1.0,0.0625,0.125,235.56435825452525,-27.18588886759126,-31.08927150310273,-39.80513145538605
d1|0376,2048,0.5,400,25,t5,TRAIN,10000,0.281377371875,0.014852806249999996,0.281377371875,True,1.0,1.0,0.0,0.0,98.32997787320775,71.07005906266185,49.117415468457565,-27.089719954720955
d1|0706,128,0.1,12,5,gauss,TEST,60,0.022627653125,0.011688037499999984,0.022627653125,True,1.0,0.9453125,0.1875,0.0,3.804382063412501,2.7570244421401084,1.6904461377817994,-0.44393969258774674
d1|0727,2048,0.5,100,100,t5,TRAIN,10000,0.31712668437499997,0.262473621875,0.31712668437499997,True,1.0,1.0,0.0625,0.0625,101.67263922259443,72.39746185810397,49.992409907116965,-25.753849133083424
d1|0596,512,0.3,100,5,t5,TRAIN,500,0.06661259999999998,0.013792831250000005,0.06661259999999998,True,1.0,0.984375,0.125,0.0,34.84578765836487,25.004648034038794,16.055458278040856,-0.8302109814907885
d1|0458,1024,0.5,400,5,t5,TEST,2000,0.157973003125,0.004109650000000006,0.157973003125,True,1.0,1.0,0.0625,0.0,119.05351328036699,64.76586560792427,39.076421681996266,-4.503539348970944
d1|0519,512,0.1,400,5,gauss,TRAIN,2000,0.003157178124999979,0.0043154468750000174,0.0043154468750000174,False,1.0,1.0,0.1875,0.0625,20.89669033547591,-13.470805969969799,-14.736937488703527,-17.299859533621884
d1|0232,128,0.03,400,100,t5,TEST,40000,0.0011658812500000074,0.001343059374999983,0.001343059374999983,False,0.53125,0.53125,1.0,1.0,-1026.3176636537028,-1019.1518640780012,-1044.1769106681256,-1050.3780182563594
d1|0966,128,0.3,12,100,gauss,TEST,1200,0.12136330000000001,0.11017443437499999,0.12136330000000001,True,1.0,1.0,0.125,0.0625,138.0481632214346,78.51473493290798,48.89001420065959,0.03658057564434433
d1|0864,512,0.1,12,100,gauss,TRAIN,1200,0.08866413437499998,0.07073150624999999,0.08866413437499998,True,1.0,1.0,0.0625,0.125,90.2834980341438,-1.1686421724276934,-6.62146456413028,-18.403847437760042
d1|0773,1024,0.5,400,5,t5,TEST,2000,0.1560952125,-0.0005050187500000025,0.1560952125,True,1.0,1.0,0.0625,0.1875,117.85682387632991,65.01128591953488,39.46653575516028,-4.047858364504767
d1|0099,2048,0.3,24,25,gauss,TRAIN,600,0.11135606875000001,0.047678021875000004,0.11135606875000001,True,1.0,1.0,0.125,0.0,478.34645269775234,84.02972694273112,51.313298843815836,-11.224151993310187
d1|0989,32,0.1,400,100,t5,TRAIN,40000,-0.0010845593749999952,0.0006256874999999995,0.0006256874999999995,False,1.0,1.0,0.125,0.125,8.284065051497894,-32.44981968848304,-57.22206478535664,-167.35686717008335
d1|0781,128,0.3,12,25,gauss,TEST,300,0.12541696562500002,0.05882753749999999,0.12541696562500002,True,1.0,1.0,0.0625,0.125,66.20444092570611,45.61648788243886,29.434527266307136,-0.5416287676488419
d1|0831,32,0.2,100,5,gauss,TRAIN,500,0.002431878124999981,0.0034360624999999964,0.0034360624999999964,False,0.9609375,0.7890625,0.0625,0.0625,2.54015962712774,1.7752508010052137,1.0440869625395428,-0.5595603853523934
d1|0731,1024,0.03,12,100,t5,TEST,1200,0.006860631250000006,0.001266865625000002,0.006860631250000006,False,1.0,0.92578125,0.125,0.0,22.56499780995221,-10.203100732582072,-12.376733002995136,-16.828768167019806
d1|0300,2048,0.03,24,25,t5,TRAIN,600,0.004941418749999989,0.0019064218750000084,0.004941418749999989,False,1.0,0.7734375,0.25,0.0625,15.017482469482411,-2.361258270364457,-4.731350134535367,-9.465191937929688
d1|0595,1024,0.03,24,5,t5,TEST,120,0.004158996875000008,0.0030170968750000207,0.004158996875000008,False,1.0,0.54296875,0.125,0.0,4.473476334676569,3.1527488737520555,1.8494004394729044,-0.7870999075740883
d1|0483,1024,0.1,24,100,t5,TEST,2400,0.06044661249999999,0.014918390625,0.06044661249999999,True,1.0,1.0,0.0625,0.0625,54.313765176072735,-11.779586638739353,-17.820674087292822,-31.272730249934348
d1|0775,512,0.5,12,25,t5,TRAIN,300,0.297709715625,0.027105425000000013,0.297709715625,True,1.0,1.0,0.125,0.125,54.78542160147291,38.51342947614371,25.058530367222318,-0.10497778831977468
d1|0094,2048,0.5,400,5,t5,TRAIN,2000,0.232910996875,-0.002792528124999992,0.232910996875,True,1.0,1.0,0.125,0.125,134.46323668603938,70.73094104508777,43.63086751736309,-2.1970899335034018
d1|0947,1024,0.2,400,100,t5,TEST,40000,0.04577908750000001,0.022028149999999996,0.04577908750000001,True,0.578125,0.70703125,1.0,1.0,-232.85296637876763,-234.27926733559622,-234.75022104371635,-233.9913399678611
d1|0348,32,0.2,12,100,t5,TRAIN,1200,0.0448981125,0.034010290625,0.0448981125,True,1.0,1.0,0.125,0.0625,27.40318527339426,19.75958635837492,12.85056643821828,-0.09600884768168369
d1|0396,128,0.1,100,100,t5,TEST,10000,0.007623962499999991,0.005935759375000002,0.007623962499999991,False,1.0,1.0,0.25,0.0,47.20713344156658,-27.56085541306955,-57.76790784482415,-83.29694440444693
d1|0141,2048,0.03,400,100,gauss,TRAIN,40000,0.000827381249999988,0.0015661937499999931,0.0015661937499999931,False,0.28125,0.41796875,1.0,1.0,-2854.759619680643,-2853.121854961266,-2851.323826216873,-2847.823960464017
d1|0891,512,0.3,24,25,gauss,TRAIN,600,0.121430471875,0.04974479062499997,0.121430471875,True,1.0,1.0,0.125,0.125,217.65805521176935,97.48897024246388,58.75281939818632,-0.4139820106897225
d1|0324,512,0.1,400,100,gauss,TRAIN,40000,0.011587653125000014,0.015424184374999997,0.015424184374999997,False,0.0,0.0,1.0,1.0,-3848.709683336546,-3786.3150049748847,-3744.3923953191734,-3597.7407622681303
d1|0368,2048,0.1,100,100,gauss,TRAIN,10000,0.0776202625,0.083670884375,0.083670884375,True,1.0,1.0,0.0625,0.0625,-18.831572695368493,-37.2996242113208,-59.09441110183302,-360.27517746233025
d1|0281,2048,0.2,12,25,t5,TRAIN,300,0.13075886874999998,0.020333178124999993,0.13075886874999998,True,1.0,0.96875,0.1875,0.125,30.90950991876653,21.37238814170862,13.628701919272821,-1.2617179837555863
d1|0239,32,0.5,100,100,gauss,TRAIN,10000,0.04891420625,0.10120099999999999,0.10120099999999999,True,1.0,1.0,0.0625,0.0625,145.32880511397542,78.82746230677273,48.074752873171846,-0.22490341739630768
d1|0286,2048,0.2,12,5,gauss,TRAIN,60,0.09291857812499998,0.011901612499999992,0.09291857812499998,True,1.0,1.0,0.0625,0.0625,81.9189825020161,54.24137296639539,34.526957664485934,-1.4764802966246235
d1|0919,128,0.03,24,100,t5,TEST,2400,0.0016026406249999917,0.0016225156249999942,0.0016225156249999942,False,1.0,0.55078125,0.0625,0.125,9.651836554880976,7.000431482471422,4.734229478028995,-0.1333128521193837
d1|0730,128,0.3,24,100,t5,TEST,2400,0.125162446875,0.08956324999999998,0.125162446875,True,1.0,1.0,0.125,0.0625,76.07849819643053,49.290292048006975,30.838794390462862,-0.09408312378066025
d1|0445,512,0.3,24,25,gauss,TRAIN,600,0.123424821875,0.05015375625000001,0.123424821875,True,1.0,1.0,0.125,0.0,215.89668061761267,97.07682214770122,58.62110812846662,-0.4031008662682133
d1|0385,2048,0.5,400,5,gauss,TRAIN,2000,0.10565678749999999,0.009404815625000014,0.10565678749999999,True,1.0,1.0,0.0,0.0625,1388.7460390798747,120.09407066958522,69.5497595226107,-3.653280585970477
d1|0580,1024,0.03,24,5,t5,TEST,120,0.004133384375,0.0028184218749999768,0.004133384375,False,1.0,0.53125,0.375,0.0,4.345391619367441,2.967988214502954,1.5933183039231629,-1.1369455555459478
d1|0761,512,0.5,24,100,gauss,TRAIN,2400,0.12161193749999999,0.10189870625,0.12161193749999999,True,1.0,1.0,0.125,0.25,843.429609322787,115.0528780295445,67.2937914823238,-3.9361639832645565
d1|0802,32,0.03,12,100,t5,TRAIN,1200,0.0028293531249999684,0.0030971531250000017,0.0030971531250000017,False,0.89453125,0.61328125,0.1875,0.125,2.0188804576219246,1.3901880389069114,0.8426863532346627,-0.3392811089429504
d1|0544,32,0.3,12,5,t5,TRAIN,60,0.05896151562500001,0.026894631249999995,0.05896151562500001,True,1.0,0.921875,0.1875,0.3125,6.4224796143941045,4.5790481195864645,2.7499246637130073,-0.8659536244891339
d1|0268,32,0.2,400,100,gauss,TRAIN,40000,0.003946134375000007,0.005849153125000013,0.005849153125000013,False,1.0,1.0,0.0625,0.125,6.293967791526995,-29.63648123577854,-54.08483545199569,-150.7008787131146
d1|0135,2048,0.03,12,5,gauss,TRAIN,60,0.023893234374999996,0.010241775000000002,0.023893234374999996,True,0.99609375,0.9296875,0.25,0.125,4.833308919381132,3.2634882276611066,1.7288859878818283,-1.3377812911336049
d1|0539,2048,0.2,24,25,gauss,TRAIN,600,0.10436584687500002,0.04631235625,0.10436584687500002,True,1.0,1.0,0.0,0.0,311.35615485307943,50.992684877437405,30.801018015526218,-12.441177721113986
d1|0295,2048,0.3,12,25,gauss,TRAIN,300,0.10487773125,0.05076045,0.10487773125,True,1.0,1.0,0.1875,0.0625,355.93507753988723,93.45954184171991,56.55813884403727,-6.816263927673253
d1|0305,32,0.2,400,100,gauss,TRAIN,40000,0.002293459374999987,0.0043533875,0.0043533875,False,1.0,1.0,0.0625,0.0625,5.855743629433023,-29.79589685815103,-54.06863461633128,-149.59961382500683
d1|0143,1024,0.5,100,100,gauss,TEST,10000,0.07120403749999998,0.09170220937500001,0.09170220937500001,True,1.0,1.0,0.125,0.0,95.16326245585694,83.70657946726573,68.00580961260312,-7.712456904140925
d1|0856,32,0.1,24,25,gauss,TRAIN,600,0.008726849999999994,0.009162215624999984,0.009162215624999984,False,0.98046875,0.85546875,0.125,0.125,3.071520421066124,2.213928622872662,1.3820954435844572,-0.15676098817495232
d1|0854,1024,0.03,24,100,gauss,TEST,2400,0.024107184374999986,0.013042850000000009,0.024107184374999986,True,1.0,1.0,0.1875,0.0,21.288645829643425,-36.4937996412381,-36.86190495653808,-37.58676691373374
d1|0673,1024,0.1,400,5,t5,TEST,2000,0.004386000000000001,0.0020598406250000034,0.004386000000000001,False,1.0,1.0,0.1875,0.125,32.256175878770904,-9.980931079331468,-14.353774432083291,-23.594928023851253
d1|0306,512,0.2,400,5,gauss,TRAIN,2000,0.01578515937500001,0.008033937500000012,0.01578515937500001,False,1.0,1.0,0.125,0.0,118.84869530245072,15.752596103690768,5.394245211844839,-17.678832493035422
d1|0537,512,0.2,12,5,gauss,TRAIN,60,0.09742492187500003,0.011658884375000012,0.09742492187500003,True,1.0,1.0,0.0625,0.125,35.690418666999534,25.723057367376924,16.518820072759812,-1.4292190213298732
d1|0644,32,0.1,100,25,t5,TRAIN,2500,-0.000396284375,0.0002327031250000111,0.0002327031250000111,False,1.0,0.67578125,0.0625,0.125,7.01270142897156,5.231780282611406,3.3683849017189194,-0.08527959443918931
d1|0294,2048,0.5,24,25,gauss,TRAIN,600,0.1194370625,0.04953152812499999,0.1194370625,True,1.0,1.0,0.0625,0.0,917.354156575874,119.29273985294687,69.28268584594707,-1.4794640629964357
d1|0976,128,0.5,24,100,t5,TEST,2400,0.23854674999999997,0.23519576250000002,0.23854674999999997,True,1.0,1.0,0.125,0.0,119.2909978368042,69.59638570493792,42.71688488637933,-0.13884050092220618
d1|0885,2048,0.1,12,5,t5,TRAIN,60,0.03501376875,0.008851253125000007,0.03501376875,True,1.0,0.6796875,0.1875,0.0625,10.02569055895119,7.368373377417227,4.726680569271359,-0.503856914989971
d1|0653,1024,0.03,12,100,gauss,TEST,1200,0.026095140624999985,0.020878087500000003,0.026095140624999985,True,1.0,1.0,0.0625,0.0625,23.678327175789228,-16.463023267347314,-17.22719862513472,-18.805382287909
d1|0259,128,0.03,12,25,gauss,TEST,300,0.005884487500000007,0.006221859375000034,0.006221859375000034,False,0.84375,0.71484375,0.1875,0.0,2.2491312604116467,1.7692684489650332,1.3343098107460727,0.36856795133829406
d1|0931,128,0.1,100,25,t5,TEST,2500,0.0029589062499999833,0.0013881656250000068,0.0029589062499999833,False,1.0,0.80859375,0.125,0.0,24.156393506190504,17.037116654802244,10.895830929618018,0.03520437044135194
d1|0710,128,0.03,12,100,gauss,TEST,1200,0.005523750000000008,0.006166256249999995,0.006166256249999995,False,0.9609375,0.91015625,0.25,0.0625,4.133449729864191,3.0946685431490044,2.1164049909140905,0.1492376227325684
d1|0263,512,0.2,12,25,gauss,TRAIN,300,0.11151831250000001,0.0517801625,0.11151831250000001,True,1.0,1.0,0.125,0.0,98.8603937878593,62.776028710230406,39.74991450668542,-0.8482744291454071
d1|0737,32,0.2,12,100,gauss,TRAIN,1200,0.050224100000000015,0.03882275625000001,0.050224100000000015,True,1.0,1.0,0.3125,0.0,24.24042290991141,17.94096842278463,11.989469427383971,0.04220731834564315
d1|0740,32,0.5,12,100,gauss,TRAIN,1200,0.14482635,0.137895115625,0.14482635,True,1.0,1.0,0.0625,0.0625,106.28148145618707,66.60516535638632,42.23127191005823,-0.41778581240430807
d1|0750,128,0.3,24,25,gauss,TEST,600,0.10990130000000001,0.05139216875,0.10990130000000001,True,1.0,1.0,0.0,0.0,81.34995203056332,54.24661073648836,34.69962147219918,-0.31567175492259325
d1|0028,128,0.5,100,5,t5,TEST,500,0.0905027125,0.002836396875000008,0.0905027125,True,1.0,1.0,0.25,0.125,42.414679073566,30.104396240067658,19.237643271091063,-1.2106487498206027
d1|0941,512,0.03,24,100,t5,TRAIN,2400,0.003985621874999998,0.0024509687499999905,0.003985621874999998,False,1.0,0.99609375,0.1875,0.0625,21.823215488788602,-22.708990298769614,-24.070045307277127,-26.793940075068264
d1|0822,2048,0.2,400,100,gauss,TRAIN,40000,0.085780540625,0.08627445,0.08627445,True,0.0078125,0.06640625,1.0,1.0,-855.7612798942896,-850.8532846661822,-846.6772111627714,-834.1297810791393
d1|0515,1024,0.1,100,5,t5,TEST,500,0.009542475000000002,0.0033745968750000035,0.009542475000000002,False,1.0,0.68359375,0.25,0.125,17.846897973309613,10.2747066282245,5.730042206786113,-3.1826824240400913
d1|0468,512,0.03,100,25,t5,TRAIN,2500,0.0006381125000000029,0.0001550687500000078,0.0006381125000000029,False,1.0,1.0,0.1875,0.0,14.49889299330729,-26.984528703715952,-27.75295300436132,-29.355782756878483
d1|0070,128,0.5,24,5,t5,TEST,120,0.199247796875,0.019704031250000024,0.199247796875,True,1.0,1.0,0.1875,0.1875,24.203955146675195,17.728032186028656,11.518446568541393,-0.6894944127903249
d1|0175,128,0.1,12,25,gauss,TEST,300,0.029678696874999987,0.022533143750000005,0.029678696874999987,True,1.0,1.0,0.0625,0.0,11.758994860408336,8.66021946558106,5.546382218233468,-0.5630267706962164
d1|0227,128,0.5,24,25,t5,TEST,600,0.228825521875,0.03480896875000001,0.228825521875,True,1.0,1.0,0.0625,0.1875,58.91465252274044,40.93866051512116,26.536713102232397,-0.008863876462991901
d1|0849,1024,0.2,24,100,gauss,TEST,2400,0.11781888125,0.09187392500000001,0.11781888125,True,1.0,1.0,0.0,0.0625,433.5918899033347,0.15312470100954723,-10.063391241215971,-37.311532718763296
d1|0436,2048,0.3,24,25,gauss,TRAIN,600,0.11088370624999999,0.046879003125,0.11088370624999999,True,1.0,1.0,0.25,0.125,490.6542978438042,83.92956521963153,51.17957044243593,-11.756516265037337
d1|0154,512,0.1,24,25,gauss,TRAIN,600,0.051823759375,0.03207401875,0.051823759375,True,1.0,1.0,0.0625,0.125,46.34255686181622,32.99620066591602,21.49728167844134,-0.45258303950119577
d1|0642,32,0.03,100,100,gauss,TRAIN,10000,0.0010248093749999979,0.0010012000000000076,0.0010248093749999979,False,0.5390625,0.57421875,0.125,0.0,0.1271434461801373,-0.05277036652090672,0.04624087012923334,0.030365313155619973
d1|0332,128,0.3,12,5,t5,TEST,60,0.09918027500000001,0.02145709062500003,0.09918027500000001,True,1.0,1.0,0.3125,0.3125,11.03980658493208,8.138349598875234,5.246074004238418,-0.4604949402991849
d1|0695,2048,0.3,400,100,t5,TRAIN,40000,0.129142065625,0.06680695000000003,0.129142065625,True,0.66015625,0.94140625,1.0,1.0,-117.04590818255652,-118.9206090019133,-122.4453564354192,-127.01691244472761
d1|0344,2048,0.1,100,25,gauss,TRAIN,2500,0.07143509375000001,0.039261293749999995,0.07143509375000001,True,1.0,1.0,0.0625,0.125,234.55785718651893,-27.220157253470298,-31.118759584211787,-39.813147150140715
d1|0861,128,0.2,100,5,gauss,TEST,500,0.011072440624999971,0.00791626874999999,0.011072440624999971,False,1.0,1.0,0.125,0.0,17.36286394397436,12.24486980432443,7.322547989674454,-2.3045834929215934
d1|0743,32,0.1,12,100,gauss,TRAIN,1200,0.015398675000000007,0.012996684375000005,0.015398675000000007,False,1.0,1.0,0.125,0.0625,7.670325234319537,5.516752628008704,3.5728725686187177,-0.37238409816817236
d1|0903,512,0.3,100,5,t5,TRAIN,500,0.06701378125,0.008222846874999995,0.06701378125,True,1.0,1.0,0.1875,0.0,34.568921739336744,24.731123747485128,15.833792904905959,-1.0073047632757186
d1|0721,128,0.1,100,25,t5,TEST,2500,0.005868787500000007,0.003628359374999994,0.005868787500000007,False,1.0,0.83984375,0.1875,0.125,22.24165110993522,15.687037040966558,9.7440912913302,-0.643848224899847
d1|0199,512,0.03,400,25,gauss,TRAIN,10000,0.0019483156249999883,0.0006589437500000017,0.0019483156249999883,False,1.0,1.0,0.0,0.0,-23.521193514644956,-41.691452913160255,-70.62521136054941,-360.99717844369064
d1|0308,512,0.1,12,100,gauss,TRAIN,1200,0.08885620312499998,0.07162924375000002,0.08885620312499998,True,1.0,1.0,0.1875,0.125,88.87775760012161,-1.0535302815491177,-6.491313558156028,-18.20078563179306
d1|0314,128,0.5,24,5,gauss,TEST,120,0.12640916875000002,0.017478934374999977,0.12640916875000002,True,1.0,1.0,0.125,0.0625,71.22431434383506,48.39978204236235,30.980983109749374,-1.4201795691589485
d1|0149,1024,0.2,400,100,gauss,TEST,40000,0.07985540625,0.08861015624999999,0.08861015624999999,True,0.0,0.0,1.0,1.0,-2696.8605080013513,-2547.1701664787465,-2390.7779347476912,-2206.383564783924
d1|0030,2048,0.2,400,100,gauss,TRAIN,40000,0.085407053125,0.085756446875,0.085756446875,True,0.01171875,0.1015625,1.0,1.0,-856.9830118359055,-849.8435219519903,-843.8849107542044,-830.5358793621521
d1|0746,1024,0.1,12,5,gauss,TEST,60,0.066567353125,0.012676859375000016,0.066567353125,True,1.0,1.0,0.0625,0.0625,19.738282950761985,14.345815000018778,9.160954097511242,-1.192021789166954
d1|0990,512,0.2,12,100,t5,TRAIN,1200,0.1304848375,0.058847196875,0.1304848375,True,1.0,1.0,0.125,0.0,58.98406263349641,30.483433500939086,17.9502384418983,-6.176269151484693
d1|0418,128,0.3,400,25,gauss,TEST,10000,0.02500025312499999,0.030687443749999987,0.030687443749999987,True,1.0,1.0,0.0625,0.0625,168.11688029791262,2.9548931024210443,-31.475425230586097,-82.6435491714639
d1|0716,128,0.5,400,25,gauss,TEST,10000,0.062077578124999984,0.04236822812500001,0.062077578124999984,True,1.0,1.0,0.0,0.125,471.1600020009249,111.07004299414004,63.74521353121438,-5.619589631379027
d1|0582,2048,0.3,400,25,t5,TRAIN,10000,0.1507163625,0.004236540625,0.1507163625,True,1.0,1.0,0.1875,0.125,61.21014106895923,33.69609151154367,12.547861582671654,-99.6751061298634
d1|0592,128,0.5,12,25,gauss,TEST,300,0.146360365625,0.06343670937499998,0.146360365625,True,1.0,1.0,0.25,0.0625,144.69281413711366,80.93188318280629,50.30784820125805,-0.23405123780943513
d1|0996,128,0.1,400,100,t5,TEST,40000,0.00018112499999999726,0.0016376406250000128,0.0016376406250000128,False,0.421875,0.48828125,1.0,1.0,-382.3123352140288,-372.2061339571003,-368.7851854228835,-380.0363024482938
d1|0556,512,0.3,12,100,gauss,TRAIN,1200,0.135933515625,0.09941590624999999,0.135933515625,True,1.0,1.0,0.125,0.0625,343.12390970796775,65.20235596086584,39.598792891314716,-16.031197165772497
d1|0114,1024,0.1,400,100,t5,TEST,40000,0.008107318749999988,0.002226271874999991,0.008107318749999988,False,0.453125,0.40625,1.0,1.0,-454.8620552175267,-445.13197571964133,-454.7272225738445,-450.14102268353884
d1|0213,512,0.5,12,100,t5,TRAIN,1200,0.30171000937500003,0.29457169375,0.30171000937500003,True,1.0,1.0,0.1875,0.0,112.17690509275454,65.81695017689097,40.84675350573304,-1.3529884168717834
d1|0265,32,0.03,12,100,t5,TRAIN,1200,0.0022120218750000115,0.0023454562499999956,0.0023454562499999956,False,0.92578125,0.5078125,0.25,0.0625,3.3342618772496966,2.594549217863999,1.9279374844027322,0.3192977913155359
d1|0442,128,0.2,400,5,gauss,TEST,2000,0.0036742562500000145,0.0054386656249999915,0.0054386656249999915,False,1.0,1.0,0.0625,0.0625,20.343668959161754,13.83808407102975,7.675771956555145,-3.6699076442247764
d1|0637,2048,0.3,400,100,gauss,TRAIN,40000,0.089427275,0.08603985937500001,0.089427275,True,0.0,0.0,1.0,1.0,-673.7697907114249,-652.9174437833217,-638.0396343812165,-604.0543999347017
d1|0804,1024,0.2,24,5,gauss,TEST,120,0.092937478125,0.010300206249999985,0.092937478125,True,1.0,1.0,0.375,0.1875,73.9505511031667,49.817156090207845,31.74854092215063,-1.590863832256003
d1|0540,1024,0.5,24,5,gauss,TEST,120,0.10186757499999999,0.01170249999999999,0.10186757499999999,True,1.0,1.0,0.25,0.125,267.0463498935277,103.57962093653296,61.75922366069702,-1.1900227505687366
d1|0236,32,0.2,400,100,t5,TRAIN,40000,0.0015799218749999802,0.008311143750000007,0.008311143750000007,False,1.0,1.0,0.0625,0.0,30.47422510518095,-12.340976865167425,-34.72986687157209,-90.06302412459647
d1|0521,32,0.5,24,5,gauss,TRAIN,120,0.090577496875,0.01554946875000001,0.090577496875,True,1.0,1.0,0.125,0.0625,22.68301239969521,16.543432641968593,10.628777985192507,-1.1177198094449061
d1|0465,128,0.2,100,5,gauss,TEST,500,0.010708525000000003,0.007613081249999987,0.010708525000000003,False,1.0,1.0,0.125,0.0625,16.932726509387205,11.9931316663023,7.227040446616719,-2.280020671352822
d1|0431,32,0.1,24,25,t5,TRAIN,600,0.009704040625000014,0.009298109375000009,0.009704040625000014,False,1.0,0.703125,0.1875,0.0,6.264077161903797,4.677938896948019,3.1068599511452883,-0.08722548338960442
d1|0923,1024,0.5,24,5,gauss,TEST,120,0.103120371875,0.011446106250000011,0.103120371875,True,1.0,1.0,0.0625,0.0625,255.58211962266327,102.43547535066517,61.22922343133702,-1.200311527104392
d1|0081,2048,0.1,100,25,gauss,TRAIN,2500,0.0696506,0.0378217,0.0696506,True,1.0,1.0,0.125,0.0625,234.0190528944093,-27.243565375139877,-31.13131773707981,-39.822157724596536
d1|0058,2048,0.5,12,25,t5,TRAIN,300,0.31612748437500005,0.038901574999999994,0.31612748437500005,True,1.0,1.0,0.125,0.125,58.111670170294936,40.4397526090202,26.250890636265964,-0.14336982375818655
d1|0189,512,0.1,400,5,gauss,TRAIN,2000,0.0029719375000000076,0.004468634375000002,0.004468634375000002,False,1.0,1.0,0.125,0.0625,20.588534872001084,-13.51079001692009,-14.790414307232037,-17.379386171066315
d1|0358,32,0.03,100,5,t5,TRAIN,500,-0.0010553187499999991,-0.0009622812499999883,-0.0009622812499999883,False,0.58984375,0.50390625,0.0,0.0625,0.5751146788331771,0.523961859527657,0.43717803010126866,0.26965559156637786
d1|0912,128,0.03,24,100,t5,TEST,2400,0.0013640781249999873,0.0013679562499999964,0.0013679562499999964,False,1.0,0.5,0.1875,0.0,10.194780749563238,7.633063396800004,5.098833102143327,0.10663802485278207
d1|0672,1024,0.03,12,25,t5,TEST,300,0.0033278093750000112,6.509687500001055e-05,0.0033278093750000112,False,1.0,0.52734375,0.125,0.0625,10.997933431208455,8.152584755292146,5.364234687013304,-0.11030790480334737
d1|0196,32,0.03,100,100,gauss,TRAIN,10000,-0.0002515500000000101,-0.00026553750000000986,-0.0002515500000000101,False,0.546875,0.47265625,0.1875,0.0625,0.5617201572186239,0.3651629054684495,0.28282204080641987,0.21296041587397616
d1|0412,32,0.5,12,100,t5,TRAIN,1200,0.179144453125,0.182012928125,0.182012928125,True,1.0,1.0,0.125,0.0,62.705492322137175,43.046668223520804,27.792802506445987,0.08458777621081759
d1|0027,512,0.3,24,100,gauss,TRAIN,2400,0.11571275000000002,0.09691823125,0.11571275000000002,True,1.0,1.0,0.125,0.0625,441.4621197903731,46.40017124290516,26.306779939257904,-25.692575417650627
d1|0073,512,0.2,24,25,t5,TRAIN,600,0.092310790625,0.005267637499999991,0.092310790625,True,1.0,0.94140625,0.0625,0.0625,35.052508412668644,25.355587517971507,16.481587238409944,-0.07564294865042107
d1|0107,128,0.2,24,100,t5,TEST,2400,0.06662515312499998,0.035524396874999996,0.06662515312499998,True,1.0,1.0,0.125,0.0625,54.8446733102779,37.05825059599221,23.276493410753403,-0.17290907100738925
d1|0985,32,0.03,400,25,t5,TRAIN,10000,0.00027507812500000145,0.0003229156250000101,0.0003229156250000101,False,0.6328125,0.546875,0.0,0.0625,0.3403490514472081,0.05951556125478384,-0.04785968018933337,-0.18724808640649643
d1|0191,1024,0.1,400,5,t5,TEST,2000,0.00021559374999999964,-0.001499262500000001,0.00021559374999999964,False,1.0,1.0,0.125,0.125,32.273652867133215,-9.43051594326565,-13.944226391109636,-23.356059171516407
d1|0626,2048,0.3,100,100,t5,TRAIN,10000,0.224745628125,0.08269731250000001,0.224745628125,True,1.0,1.0,0.125,0.0625,59.05842759104638,31.107144822680358,10.496297832311184,-103.50043272791106
d1|0034,2048,0.1,12,5,gauss,TRAIN,60,0.080416815625,0.011579856249999985,0.080416815625,True,1.0,1.0,0.0,0.0,34.520354809564004,24.623791235061127,15.483831521477383,-2.394815361918606
d1|0337,2048,0.03,100,100,gauss,TRAIN,10000,0.044970787499999984,0.008282556249999996,0.044970787499999984,True,1.0,1.0,0.0625,0.0,-52.36349764345336,-44.01606752579813,-69.99612220961396,-361.4767439018024
d1|0656,2048,0.3,24,5,gauss,TRAIN,120,0.09404335937499998,0.011383671875000001,0.09404335937499998,True,1.0,1.0,0.125,0.0625,185.39523132247766,90.99055897351516,55.30369489537486,-1.5172425509147827
d1|0935,2048,0.3,12,25,t5,TRAIN,300,0.199900071875,0.04115424375,0.199900071875,True,1.0,0.99609375,0.25,0.1875,39.25864624455673,27.591201578817852,17.861283931641047,-0.8086723252071383
d1|0860,2048,0.5,100,25,gauss,TRAIN,2500,0.130582540625,0.040452434375,0.130582540625,True,1.0,1.0,0.1875,0.0625,1712.7435622625735,119.2380225783391,69.21586791854429,-3.5911102357064726
d1|0450,1024,0.5,400,100,gauss,TEST,40000,0.1065085,0.09104682499999998,0.1065085,True,1.0,1.0,1.0,1.0,110.01725757168607,58.95924999482493,34.070073758209105,-5.113253539973019
d1|0890,1024,0.3,12,5,gauss,TEST,60,0.100272996875,0.010386728124999994,0.100272996875,True,1.0,1.0,0.0625,0.0,85.1591671184522,56.13252453211321,35.83033867664382,-1.0034879027890136
d1|0693,32,0.5,24,100,t5,TRAIN,2400,0.134052265625,0.1581644625,0.1581644625,True,1.0,1.0,0.1875,0.0,76.41626288661615,49.94695431635037,31.325213660637615,-0.5999598354949083
d1|0100,1024,0.5,400,25,gauss,TEST,10000,0.0836382625,0.038289562500000006,0.0836382625,True,1.0,1.0,0.0625,0.0625,91.70853823726837,83.16981199796959,69.14396591392368,-7.5870974820731565
d1|0959,512,0.1,12,25,t5,TRAIN,300,0.03912600312499998,0.016116446875000003,0.03912600312499998,True,1.0,0.78515625,0.0625,0.0625,18.68146240421191,13.696852054104989,8.918289320001216,-0.37063501065560683
d1|0118,2048,0.2,100,5,gauss,TRAIN,500,0.08656661875,0.009456178125000013,0.08656661875,True,1.0,1.0,0.125,0.125,211.751315693915,64.44388444289535,39.52274082973659,-8.539670737126517
d1|0393,1024,0.3,100,5,t5,TEST,500,0.08615095937499997,0.000720965625000014,0.08615095937499997,True,1.0,1.0,0.1875,0.1875,39.66083229879781,27.5191276299768,17.398635480991043,-1.805943094615837
d1|0939,32,0.03,100,5,gauss,TRAIN,500,-0.00010513749999999794,-9.908124999998685e-05,-9.908124999998685e-05,False,0.5078125,0.51953125,0.1875,0.0625,0.39365369216754426,0.24957323992792907,0.2942743003455037,0.22911045988571965
d1|0922,512,0.2,400,5,t5,TRAIN,2000,0.007368778125000017,0.0022156500000000134,0.007368778125000017,False,1.0,0.99609375,0.25,0.0625,46.18763826385129,21.21784954775098,11.07845218564293,-7.932230210270902
d1|0598,512,0.2,12,25,gauss,TRAIN,300,0.11286725,0.05399736874999999,0.11286725,True,1.0,1.0,0.0625,0.0,99.31736641534351,63.34273238042269,40.375714353940666,0.008649178523507911
d1|0124,512,0.5,400,25,gauss,TRAIN,10000,0.098228759375,0.03863123125000002,0.098228759375,True,1.0,1.0,0.1875,0.0625,98.42077607740623,84.98877934878627,68.47088247753732,-8.286868819736437
d1|0485,128,0.2,400,100,gauss,TEST,40000,0.010856678125000012,0.018718099999999988,0.018718099999999988,False,0.109375,0.1484375,1.0,1.0,-780.8234364251288,-777.9474390524539,-769.0514662863641,-757.6100168966739
d1|0336,128,0.03,100,5,t5,TEST,500,-0.000619681249999969,-0.0006364593750000092,-0.000619681249999969,False,0.76953125,0.46484375,0.125,0.0,1.8246380724503366,1.3706097681554466,0.9105717804715013,0.06998191322182876
d1|0211,512,0.1,100,25,t5,TRAIN,2500,0.012221028124999998,0.0006182062499999891,0.012221028124999998,False,1.0,1.0,0.125,0.0625,39.606664035352054,-8.234599823812534,-13.219623939176238,-23.758981993598557
d1|0258,128,0.2,12,5,gauss,TEST,60,0.064921671875,0.013507490624999993,0.064921671875,True,1.0,1.0,0.1875,0.125,12.205077488538267,8.88322488144793,5.64659334457541,-0.8513844671474299
d1|0102,128,0.03,100,100,t5,TEST,10000,0.00047147499999999204,0.0008011781249999961,0.0008011781249999961,False,1.0,1.0,0.0625,0.0625,8.00484718609037,-39.5480887217912,-69.37253977263421,-89.1277313153677
d1|0562,1024,0.3,24,5,t5,TEST,120,0.14245748749999998,0.010655031249999995,0.14245748749999998,True,1.0,1.0,0.0625,0.125,20.91510241987873,15.384959239872343,10.027409679310297,-0.4893560257174517
d1|0145,128,0.5,400,25,t5,TEST,10000,0.035938962500000005,0.009066309374999991,0.035938962500000005,True,1.0,1.0,0.0,0.125,192.51536157342665,75.87400867620656,38.701286326160655,-14.248453710356575
d1|0352,32,0.1,12,5,gauss,TRAIN,60,0.00967863125000002,0.005988884374999982,0.00967863125000002,False,0.76171875,0.65625,0.1875,0.0625,0.45146581513132955,0.12027184531270396,-0.20322643478789104,-0.824059982532068
d1|0501,32,0.3,12,100,gauss,TRAIN,1200,0.090939646875,0.07780311562500003,0.090939646875,True,1.0,1.0,0.25,0.0625,46.01896136174979,32.97545212854863,21.55968040033199,0.01346042449178525
d1|0494,512,0.03,24,100,t5,TRAIN,2400,0.0060269062499999915,0.005248659375000006,0.0060269062499999915,False,1.0,0.99609375,0.125,0.125,21.47817966983478,-23.556828358874544,-24.7096926790415,-26.984005314632533
d1|0148,2048,0.5,12,100,t5,TRAIN,1200,0.3343788375,0.31641426562499997,0.3343788375,True,1.0,1.0,0.125,0.125,119.28266394002166,67.8292773362135,42.18416381181984,-1.6460394019485822
d1|0325,32,0.5,12,5,gauss,TRAIN,60,0.130219565625,0.019742653124999995,0.130219565625,True,1.0,1.0,0.125,0.1875,20.36081853541937,15.083229085162028,9.957162294467032,-0.21907570307287483
d1|0774,512,0.3,400,25,t5,TRAIN,10000,0.057078275,0.007019000000000011,0.057078275,True,1.0,1.0,0.0,0.125,49.173503754431934,21.68041300988986,0.8256934475355808,-104.78078936658676
d1|0301,32,0.1,400,100,t5,TRAIN,40000,0.0015255749999999943,0.003190618749999999,0.003190618749999999,False,1.0,1.0,0.0,0.125,8.335791038791083,-31.594396140778304,-57.031689303092044,-171.06866753586445
d1|0496,2048,0.03,100,100,gauss,TRAIN,10000,0.04643095312500002,0.009675562500000005,0.04643095312500002,True,1.0,1.0,0.0,0.0,-52.322462755251095,-43.993791495621636,-69.98949628948424,-361.40867037217004
d1|0826,128,0.03,24,100,gauss,TEST,2400,0.0026607500000000034,0.0029815437500000028,0.0029815437500000028,False,0.93359375,0.66015625,0.125,0.0,3.046083781130858,2.1887239577471806,1.3733959351198428,-0.06096356031728613
d1|0917,1024,0.03,100,5,t5,TEST,500,0.001782956250000016,0.0016251906250000087,0.001782956250000016,False,1.0,0.5703125,0.0625,0.0,7.363724734769849,-1.9450488803769206,-3.328433263045442,-6.157663688289779
d1|0511,32,0.03,100,25,gauss,TRAIN,2500,0.0005434406249999954,0.0005605937499999977,0.0005605937499999977,False,0.65234375,0.578125,0.0,0.125,-0.32969360635807227,-0.4469350594524202,-0.5840526730496525,-0.9184605573493335
d1|0617,1024,0.5,24,25,gauss,TEST,600,0.13936165,0.048106203124999976,0.13936165,True,1.0,1.0,0.0625,0.0625,644.4606677046669,117.11398396215625,68.32105101001508,-1.1086470173498055
d1|0375,512,0.03,100,5,gauss,TRAIN,500,0.0012538687499999979,0.0016209749999999967,0.0016209749999999967,False,0.7109375,0.64453125,0.1875,0.25,0.4680544161792148,0.22627499235820986,0.010003617785130647,-0.4606093095740413
d1|0333,32,0.1,400,100,gauss,TRAIN,40000,0.002154396874999985,0.003483174999999991,0.003483174999999991,False,1.0,1.0,0.0,0.0625,0.5757647809115344,-38.23028161798228,-67.20512380133609,-420.07781346334207
d1|0838,512,0.1,100,5,gauss,TRAIN,500,0.007386168750000012,0.007169728125000004,0.007386168750000012,False,1.0,1.0,0.0,0.0625,17.245952675491267,12.110502907136198,6.941845816083639,-2.9690982468508835
d1|0868,1024,0.03,24,5,t5,TEST,120,0.0017512750000000035,0.0005452374999999968,0.0017512750000000035,False,1.0,0.5234375,0.0625,0.0625,4.882845270251238,3.407425824436105,1.9324003949690511,-1.0089281663832808
d1|0632,128,0.5,400,5,t5,TEST,2000,0.02755997812499998,0.006501384374999988,0.02755997812499998,True,1.0,1.0,0.125,0.0,75.39726275044683,48.693087687494,30.05035601695083,-1.871796654806558
d1|0382,512,0.03,24,25,gauss,TRAIN,600,0.006007087500000008,0.007159646874999981,0.007159646874999981,False,1.0,0.875,0.125,0.0,4.653531031817344,3.4773706096634918,2.179064988751068,-0.33043908092992025
d1|0001,2048,0.2,12,5,gauss,TRAIN,60,0.094262440625,0.011638271875000022,0.094262440625,True,1.0,1.0,0.125,0.0625,82.32518958044254,54.48738067851711,34.83872414040382,-0.8452035434268144
d1|0759,1024,0.1,12,5,gauss,TEST,60,0.0652664,0.006834246875000005,0.0652664,True,1.0,1.0,0.1875,0.125,19.977312009755494,14.51323590737779,9.194430035256751,-1.3522574599809407
d1|0177,32,0.5,12,100,t5,TRAIN,1200,0.175603940625,0.179517296875,0.179517296875,True,1.0,1.0,0.125,0.0,64.19569651878805,43.89842086717986,28.066997016631642,-0.27083114877784137
d1|0262,2048,0.03,12,25,t5,TRAIN,300,0.00938293437500002,0.0044348656249999854,0.00938293437500002,False,1.0,0.69140625,0.0625,0.125,12.414965240229144,2.412499026790453,-0.0934994409595157,-5.130804081848633
d1|0528,1024,0.5,12,25,gauss,TEST,300,0.128767340625,0.053436115624999996,0.128767340625,True,1.0,1.0,0.0,0.0625,474.00634651188886,115.40139823578167,67.4690381590972,-0.6284928361606177
d1|0251,128,0.1,100,25,t5,TEST,2500,0.0023419687500000133,0.0009532093750000137,0.0023419687500000133,False,1.0,0.76953125,0.0,0.125,23.860441463726318,16.977456663221965,10.589303450072716,-0.5216862295708591
d1|0472,1024,0.03,400,5,t5,TEST,2000,-0.0008485843750000027,-0.0009387875000000032,-0.0008485843750000027,False,1.0,1.0,0.125,0.125,11.74811578117722,-25.931462737995464,-26.578967626808645,-27.919615732591332
d1|0200,128,0.3,24,5,t5,TEST,120,0.0764744625,0.012743900000000002,0.0764744625,True,1.0,0.984375,0.25,0.125,13.086833529817197,9.531645103616132,5.999732157655994,-1.0216902707596351
d1|0179,512,0.03,100,25,t5,TRAIN,2500,0.0021649124999999977,0.0019302875000000025,0.0021649124999999977,False,1.0,1.0,0.25,0.0,14.418470721981452,-27.313347366481786,-28.05585737368429,-29.5051585603333
d1|0645,32,0.5,12,5,t5,TRAIN,60,0.1336181,0.02360365000000001,0.1336181,True,1.0,0.96484375,0.1875,0.0625,11.10400389233749,8.01582636083428,4.962053196778841,-1.116760785546293
d1|0066,512,0.5,400,25,t5,TRAIN,10000,0.147592584375,0.014776831249999997,0.147592584375,True,1.0,1.0,0.0,0.125,96.7911982389728,67.54015357215926,45.1210359183179,-27.107987514293086
d1|0093,1024,0.3,24,25,gauss,TEST,600,0.12108324999999998,0.04755719062499998,0.12108324999999998,True,1.0,1.0,0.0625,0.1875,328.78935611314535,80.91292798503228,49.571211115332034,-10.022676502053727
d1|0476,128,0.3,100,100,t5,TEST,10000,0.06568326875,0.06642347499999998,0.06642347499999998,True,1.0,1.0,0.0625,0.0,125.30922774323406,28.91198958710868,-3.994224171384614,-48.13097512084744
d1|0654,2048,0.3,24,100,t5,TRAIN,2400,0.236289271875,0.108020621875,0.236289271875,True,1.0,1.0,0.1875,0.0,110.77634086271365,42.16748899887186,23.831131316824983,-13.978994790705126
d1|0814,128,0.3,100,100,gauss,TEST,10000,0.07476270625,0.09130787499999998,0.09130787499999998,True,1.0,1.0,0.25,0.125,236.8635272432941,17.96874614683716,-18.399126303093347,-80.20296022424267
d1|0696,128,0.2,100,100,t5,TEST,10000,0.031230115624999992,0.02584444375,0.031230115624999992,True,1.0,1.0,0.25,0.0,89.55431776377804,0.2812246847456461,-31.270159868576663,-67.6715467270617
d1|0869,32,0.3,400,25,gauss,TRAIN,10000,0.0056012031249999955,0.008317731250000002,0.008317731250000002,False,1.0,1.0,0.0625,0.0625,16.954140153587694,12.198461768053509,7.657370428573458,-0.920073961374302
d1|0137,512,0.5,100,25,t5,TRAIN,2500,0.251757028125,0.022381540625,0.251757028125,True,1.0,1.0,0.0,0.0,137.89180755197145,71.42004979638807,43.419601792130834,-3.2362484126134374
d1|0752,512,0.03,400,5,gauss,TRAIN,2000,0.0003501687499999906,0.00037776875000002097,0.00037776875000002097,False,1.0,1.0,0.0625,0.0,0.4797980474704145,-16.72247485022542,-16.73531357526373,-16.797310388050573
d1|0771,32,0.03,100,100,gauss,TRAIN,10000,0.0009724781250000092,0.0011011531250000109,0.0011011531250000109,False,0.609375,0.6015625,0.0625,0.0625,0.7738511194321582,0.7550470946805004,0.5617536342001632,0.27149532956056516
d1|0248,2048,0.1,24,100,gauss,TRAIN,2400,0.099635346875,0.08663914687499999,0.099635346875,True,1.0,1.0,0.125,0.0625,299.47525231154464,-22.63480745423478,-27.204157055623327,-37.586934857273036
d1|0061,512,0.1,400,100,gauss,TRAIN,40000,0.009671593750000006,0.013469093750000001,0.013469093750000001,False,0.0,0.0,1.0,1.0,-3858.2570753914197,-3781.109183164368,-3703.267653863013,-3576.2842953943355
d1|0648,512,0.1,24,25,t5,TRAIN,600,0.027317187500000006,0.0029927062500000046,0.027317187500000006,True,1.0,0.91015625,0.0625,0.1875,22.913684207251606,16.785070326345988,10.942520537434802,-0.18233975594439378
d1|0423,2048,0.5,12,25,gauss,TRAIN,300,0.10920096875000002,0.050533534375,0.10920096875000002,True,1.0,1.0,0.1875,0.0,700.5896692951076,117.69981355163588,68.53431688812191,-1.4787759890294305
d1|0915,32,0.2,100,25,gauss,TRAIN,2500,0.004849415625000006,0.005014621874999993,0.005014621874999993,False,1.0,0.98046875,0.125,0.0625,8.488284429786148,6.45707642404452,4.378980594178617,0.07937652181447194
d1|0047,2048,0.3,12,100,t5,TRAIN,1200,0.22664805625,0.1332303125,0.22664805625,True,1.0,1.0,0.1875,0.125,79.38873264907961,42.24253244672329,25.56455722140528,-6.258876032188451
d1|0244,1024,0.1,12,25,gauss,TEST,300,0.085276003125,0.04819288437499998,0.085276003125,True,1.0,1.0,0.0625,0.0625,66.49790928315477,45.76045840290989,29.55488366872965,-0.6279309456627383
d1|0633,2048,0.5,100,100,t5,TRAIN,10000,0.31718263125,0.263152634375,0.31718263125,True,1.0,1.0,0.0,0.0625,103.64503153184913,72.88072317577695,50.01911872631449,-25.495554170823947
d1|0459,128,0.3,12,100,t5,TEST,1200,0.15093476562500002,0.11126633125000002,0.15093476562500002,True,1.0,1.0,0.0625,0.125,57.68646374711818,39.702362350414504,25.561787739212207,0.0788219330216504
d1|0570,128,0.2,400,25,t5,TEST,10000,0.005551168749999988,0.0026591406249999866,0.005551168749999988,False,1.0,1.0,0.0625,0.125,71.97561817431901,-8.095097080045646,-38.430160591964146,-70.21119193596653
d1|0798,1024,0.03,100,100,t5,TEST,10000,0.004957681249999998,0.0022578750000000064,0.004957681249999998,False,1.0,1.0,0.0,0.0625,-13.979567332437265,-40.41906337897311,-67.17657179328991,-346.06375616713103
d1|0357,1024,0.03,12,100,gauss,TEST,1200,0.026227537500000016,0.021481896875000017,0.026227537500000016,True,1.0,1.0,0.0625,0.125,23.507484830310013,-16.444019542556635,-17.24250776635018,-18.830289998858355
d1|0349,2048,0.1,12,25,gauss,TRAIN,300,0.089865634375,0.04972779687499999,0.089865634375,True,1.0,1.0,0.0625,0.0,105.49599904002548,25.886282218060025,14.793909974513724,-8.365592520105782
d1|0855,1024,0.5,100,5,t5,TEST,500,0.24126204375,0.0010095187499999936,0.24126204375,True,1.0,1.0,0.125,0.0625,60.095963606882606,41.45672335285401,26.58282820238353,-0.9244080240219001
d1|0350,128,0.5,100,100,t5,TEST,10000,0.145253946875,0.20165444375,0.20165444375,True,1.0,1.0,0.0625,0.0625,221.25179882092033,82.35924555892683,43.51088389903909,-12.7436027254609
d1|0678,2048,0.5,100,25,t5,TRAIN,2500,0.321573028125,0.012390196874999995,0.321573028125,True,1.0,1.0,0.0,0.125,157.78301472059275,75.37532298158982,45.66570718860086,-4.213070226393051
d1|0619,2048,0.5,100,100,t5,TRAIN,10000,0.32233413749999995,0.266348040625,0.32233413749999995,True,1.0,1.0,0.0625,0.0,101.15694642260998,73.00886185337812,50.039412372558786,-26.088457553005377
d1|0042,512,0.1,24,5,t5,TRAIN,120,0.016052159375000034,0.0058155562499999786,0.016052159375000034,False,1.0,0.671875,0.125,0.0,8.926104944743642,6.584069952704997,4.296115735240825,-0.30227059481059226
d1|0195,2048,0.2,400,5,gauss,TRAIN,2000,0.082502921875,0.008559140625000017,0.082502921875,True,1.0,1.0,0.125,0.0,117.53453239209844,21.582176478778827,9.04670008675218,-20.603643622295834
d1|0136,1024,0.2,400,25,gauss,TEST,10000,0.07738645,0.03700497500000002,0.07738645,True,1.0,1.0,0.0,0.0625,3.923831548483517,-22.899669199499783,-43.10066374914177,-355.95480131738896
d1|0925,32,0.03,12,25,gauss,TRAIN,300,0.0035881812500000096,0.003898131250000006,0.003898131250000006,False,0.66015625,0.57421875,0.125,0.1875,0.954553756188568,0.7728633947849602,0.5586067950791643,0.26029893013640193
d1|0734,32,0.5,100,5,gauss,TRAIN,500,0.030038375,0.012196831250000012,0.030038375,True,1.0,1.0,0.125,0.0,29.661677542901298,21.052122647063616,12.945650420998732,-2.591417511219725
d1|0908,2048,0.2,12,25,gauss,TRAIN,300,0.10045664062500001,0.051765278124999994,0.10045664062500001,True,1.0,1.0,0.1875,0.1875,234.85256539097827,66.12203988007091,40.921840643888004,-7.831803418100848
d1|0457,32,0.5,100,100,t5,TRAIN,10000,0.04078602500000001,0.12031923125000002,0.12031923125000002,True,1.0,1.0,0.0,0.0625,116.65979902197603,64.81889856129052,38.537267317713685,0.20548990832602765
d1|0899,128,0.03,12,25,gauss,TEST,300,0.005364909375000004,0.005960431250000009,0.005960431250000009,False,0.83984375,0.70703125,0.0625,0.0,1.549851331209346,1.1540854379383567,0.633541075901551,-0.2901496972702002
d1|0951,512,0.5,400,100,t5,TRAIN,40000,0.1512908625,0.225441640625,0.225441640625,True,1.0,1.0,1.0,1.0,19.86731165884627,7.459663451788083,-5.199006747634742,-30.204187206399194
d1|0185,128,0.3,100,5,t5,TEST,500,0.02221044687500001,0.00033314999999999734,0.02221044687500001,True,1.0,0.9921875,0.3125,0.125,24.920335864639654,17.95764808280458,11.473919738324978,-0.9790105653646981
d1|0159,128,0.03,400,100,gauss,TEST,40000,7.030625000002677e-05,-3.743124999999736e-05,7.030625000002677e-05,False,0.23046875,0.41015625,1.0,1.0,-3450.5541362368785,-3444.9780575192926,-3440.9402638701113,-3432.540841807815
d1|0321,128,0.1,12,25,gauss,TEST,300,0.030655853124999993,0.023269193749999993,0.030655853124999993,True,1.0,1.0,0.0,0.1875,11.915777036548715,8.799443235984409,5.6567446952420255,-0.5380326912785167
d1|0968,128,0.3,24,25,t5,TEST,600,0.1091800625,0.02498630625,0.1091800625,True,1.0,1.0,0.1875,0.0625,36.11648121790783,25.995300480604463,16.873539215933082,-0.13256039617342735
d1|0201,2048,0.3,400,25,t5,TRAIN,10000,0.15327030937500002,0.0036201750000000033,0.15327030937500002,True,1.0,1.0,0.0625,0.0625,61.54255484517256,33.83560892989982,12.559602875802835,-98.72256917492328
d1|0722,512,0.5,12,5,gauss,TRAIN,60,0.108960425,0.01202414999999999,0.108960425,True,1.0,1.0,0.0625,0.0,125.1478985646044,73.82334924614027,46.185454025023866,-0.8327452584583737
d1|0089,1024,0.3,100,25,gauss,TEST,2500,0.109813978125,0.042109528125000004,0.109813978125,True,1.0,1.0,0.0,0.0625,595.9529022447382,25.782574122046093,9.78993094660063,-38.93732412791229
d1|0568,128,0.3,24,25,t5,TEST,600,0.10947791875,0.021402575,0.10947791875,True,1.0,1.0,0.1875,0.0,36.737900734844914,26.538345912066966,17.28610723391142,-0.058638418307774234
d1|0971,32,0.3,400,100,gauss,TRAIN,40000,0.00576544687499999,0.01241433125,0.01241433125,False,1.0,1.0,0.0,0.0625,24.281346523324117,-5.335840720767012,-24.205044351026523,-63.818844598895794
d1|0407,1024,0.2,100,5,gauss,TEST,500,0.07099646874999999,0.008024365625000002,0.07099646874999999,True,1.0,1.0,0.25,0.0625,128.65853489019577,52.81727374990818,32.18326603950284,-8.090697688560056
d1|0758,2048,0.2,400,5,gauss,TRAIN,2000,0.083025175,0.0091418375,0.083025175,True,1.0,1.0,0.1875,0.0625,117.7500368607146,21.59394136149835,9.118107136854047,-20.513921826919585
d1|0666,2048,0.3,12,5,gauss,TRAIN,60,0.09532543437499999,0.012965753124999993,0.09532543437499999,True,1.0,1.0,0.25,0.0,140.28685058065938,78.82578652109122,48.878896334320594,-1.0864243703937786
d1|0415,128,0.2,24,100,t5,TEST,2400,0.06958254374999998,0.040802596875,0.06958254374999998,True,1.0,1.0,0.0625,0.0,53.86519828987251,36.516144884735546,22.867679447642928,-0.4428788448300185
d1|0986,2048,0.1,12,100,gauss,TRAIN,1200,0.10476856250000001,0.088247090625,0.10476856250000001,True,1.0,1.0,0.125,0.0,233.0470603734018,-6.436055144502534,-12.088257705145061,-24.720257399153937
d1|0065,2048,0.1,12,100,gauss,TRAIN,1200,0.104170175,0.08842554687499998,0.104170175,True,1.0,1.0,0.25,0.0625,232.9782967986528,-6.483981397075673,-12.131363061779538,-24.75614303710189
d1|0664,2048,0.03,12,5,gauss,TRAIN,60,0.023546762499999985,0.01006852812499999,0.023546762499999985,True,1.0,0.9765625,0.25,0.125,4.955992921418994,3.3447363199407745,1.7519982536023544,-1.3972484717437292
d1|0509,2048,0.5,24,25,t5,TRAIN,600,0.313480734375,0.037444309375000005,0.313480734375,True,1.0,1.0,0.1875,0.125,79.35403887207295,52.28201228791377,33.37949775437136,-0.3551285416731929
d1|0987,128,0.5,12,5,t5,TEST,60,0.230062009375,-0.004006384374999988,0.230062009375,True,1.0,1.0,0.0625,0.0625,17.984001423977084,13.283980899468087,8.757500859778355,-0.30301639235290806
d1|0372,2048,0.03,100,5,t5,TRAIN,500,0.0020303468750000053,0.0016811468749999975,0.0020303468750000053,False,1.0,0.6484375,0.125,0.3125,9.48222181734116,-0.37054113914333586,-2.2789381934479063,-5.918302506445174
d1|0866,2048,0.03,400,100,gauss,TRAIN,40000,0.002332818750000007,0.0030304000000000025,0.0030304000000000025,False,0.328125,0.42578125,1.0,1.0,-2854.186550366434,-2852.796310505176,-2850.920813966889,-2847.240790510838
d1|0945,1024,0.3,24,25,t5,TEST,600,0.18327821875,0.01524790312499999,0.18327821875,True,1.0,1.0,0.125,0.125,48.945386034355145,32.771210671188065,20.885637291373055,-1.6420702196454127
d1|0685,2048,0.1,100,100,t5,TRAIN,10000,0.07182908437500002,0.005280834375000001,0.07182908437500002,True,1.0,1.0,0.0625,0.1875,13.929909034517497,-21.282954458060246,-44.49406837564379,-254.49705512606164
d1|0629,512,0.3,400,5,gauss,TRAIN,2000,0.04700509375,0.008344062499999992,0.04700509375,True,1.0,1.0,0.125,0.125,256.87294467537606,56.24539762945287,33.15701198839663,-17.332114577343766
