unit,cell,dataset,backbone,family,fold,status,N_fit,n_seen,n_unseen,T_seen_norm_mean,T_unseen_norm_mean,auc_norm,T_mix_norm_w0_mean,T_mix_norm_w0.25_mean,T_mix_norm_w0.5_mean,T_mix_norm_w0.75_mean,T_mix_norm_w1_mean,T_seen_raw_mean,T_unseen_raw_mean,auc_raw,T_mix_raw_w0_mean,T_mix_raw_w0.25_mean,T_mix_raw_w0.5_mean,T_mix_raw_w0.75_mean,T_mix_raw_w1_mean
d3|camelyon_dinov2_vitb14_s44,camelyon_dinov2_vitb14_s44,camelyon,dinov2_vitb14,FM,0,ok,186847,20577,12983,1.6035173264499563,29.939488196594247,1.0,29.832435850933702,23.845381343882014,17.493325587600246,10.416546743629755,1.6965040248922512,1.5707948068773498,31.697504736467764,1.0,31.593537990450788,25.12760631066627,18.338572650159644,10.83845340700811,1.6680165183206261
d3|camelyon_dinov2_vitb14_s44,camelyon_dinov2_vitb14_s44,camelyon,dinov2_vitb14,FM,1,ok,115589,12983,20577,1.0225338875258791,10.527305172149614,1.0,10.431137290796551,7.9384005731492255,5.471575393942137,3.257568632029446,1.2361844203074808,1.0519480207253042,12.260946191579855,1.0,12.162001561553293,9.181941301487468,6.273209589235655,3.6643909465768973,1.2577395398637696
d3|breakhis_resnet18_s43_std_r0,breakhis_resnet18_s43_std_r0,breakhis,resnet18,CNN,0,ok,1831,513,504,2.8200441545725403,18.411808268289093,1.0,18.411808268289093,14.193822687359766,10.396766150617882,6.911788759146682,2.8348745999284444,-0.37340253807203416,10.120807944759964,1.0,10.120807944759964,8.146580954388602,5.980375122705278,3.5227983923492325,-0.3489646892839156
d3|breakhis_resnet18_s43_std_r0,breakhis_resnet18_s43_std_r0,breakhis,resnet18,CNN,1,ok,1830,504,513,3.835225122722694,21.723071824423933,1.0,21.51423619173395,16.238892026607765,11.764873286583482,7.785538077466645,3.8352251227226954,1.8797515114174734,11.13723564448742,1.0,11.034765143180314,9.11835014969673,7.109106370098379,4.7368712084872975,1.8797515114174743
d3|breakhis_effb3_s42_std_r2,breakhis_effb3_s42_std_r2,breakhis,effb3,CNN,0,ok,1951,558,529,4.234234375948419,22.612987788213392,1.0,22.612987788213392,17.010708972040103,12.388194004676745,8.310834480514638,4.140272180187971,1.7825429567624536,18.42954197625945,1.0,18.429541976259454,13.997064904631682,10.004876806085285,6.061568428868477,1.7521216687598962
d3|breakhis_effb3_s42_std_r2,breakhis_effb3_s42_std_r2,breakhis,effb3,CNN,1,ok,1963,529,558,1.8371223740715044,19.683142071772366,1.0,19.29930943961868,13.917864751502774,9.764584679966504,5.707515706880416,1.837122374071504,-0.47420226888071193,17.2510727535268,1.0,16.90150831173956,12.316749478360626,8.495620825835392,4.2873755517653604,-0.47420226888071193
d3|breakhis_convnext_tiny_s43_std_r1,breakhis_convnext_tiny_s43_std_r1,breakhis,convnext_tiny,CNN,0,ok,1938,539,543,3.8535214368553907,16.836514290558558,1.0,16.801130122530186,13.351617513251405,10.22059459111134,7.163504305284383,3.8535214368553907,1.9421654933253876,13.544573365791647,1.0,13.504165182822142,11.119996439169775,8.684894903118218,5.881641930176562,1.9421654933253871
d3|breakhis_convnext_tiny_s43_std_r1,breakhis_convnext_tiny_s43_std_r1,breakhis,convnext_tiny,CNN,1,ok,1959,543,539,3.54704202450937,21.06158031584206,1.0,21.06158031584206,15.956489432108253,11.552227826907968,7.562069864858192,3.5393550673079686,1.5660468972625126,12.579780863035507,1.0,12.579780863035507,10.133981787455513,7.4638049273436335,4.84979300138391,1.563139114953401
d3|dermamnist_effb3_s42_std,dermamnist_effb3_s42_std,dermamnist,effb3,CNN,0,ok,3514,356,337,-1.6958056443095908,11.139481290956546,1.0,11.139481290956546,7.352302886928333,4.072772739187417,1.1495117748349992,-1.6177849463881395,-0.1974584244593537,11.41054093897041,1.0,11.410540938970406,8.286181634333996,5.392897932899165,2.576346023313655,-0.21618000232096485
d3|dermamnist_effb3_s42_std,dermamnist_effb3_s42_std,dermamnist,effb3,CNN,1,ok,3493,337,356,-2.5004192896456217,11.88451623251307,1.0,11.593000962512756,7.3558960270256435,3.8011559964645563,0.6597839760207207,-2.500419289645621,-1.5936237384720766,10.83069802812553,1.0,10.570960859341355,7.625250039197397,4.7538676740855115,1.8130303682752504,-1.5936237384720762
d3|breakhis_resnet50_s43_std_r1,breakhis_resnet50_s43_std_r1,breakhis,resnet50,CNN,0,ok,1938,539,543,3.3663403284377966,25.535937071333365,1.0,25.46508752659944,18.921013886155386,13.509624458554455,8.689571762158186,3.3663403284377966,2.138932123784288,19.505200993756176,1.0,19.438942827092724,15.38650584349372,11.443196353530114,7.4631446315541,2.138932123784288
d3|breakhis_resnet50_s43_std_r1,breakhis_resnet50_s43_std_r1,breakhis,resnet50,CNN,1,ok,1959,543,539,3.405153729700253,23.674823940986048,1.0,23.67482394098605,17.584248522155647,12.636297653684917,8.095187645634457,3.403204014041366,0.3626204035129673,17.672593774621376,1.0,17.672593774621376,13.774137340595676,10.041067735261347,5.924549266481312,0.360090199400162
d3|breakhis_convnext_tiny_s42_std_r3,breakhis_convnext_tiny_s42_std_r3,breakhis,convnext_tiny,CNN,0,ok,2086,560,591,1.3554982620165772,14.370928376644134,1.0,14.109649710905526,10.807094860216223,7.617570619497067,4.6262898266894,1.3554982620165774,1.2158313379743984,14.658234132685893,1.0,14.385937411819926,10.769549114280085,7.525458506061281,4.475959035655512,1.2158313379743988
d3|breakhis_convnext_tiny_s42_std_r3,breakhis_convnext_tiny_s42_std_r3,breakhis,convnext_tiny,CNN,1,ok,2056,591,560,2.3262636455118395,13.12645042862378,1.0,13.126450428623782,10.408876364710254,7.730971944579896,5.015933138531064,2.2897429290407594,1.4244795219642503,14.080410970901294,1.0,14.080410970901289,11.16351215276838,8.225348857100656,4.973416044937429,1.4187186557181348
d3|camelyon_virchow2_s42,camelyon_virchow2_s42,camelyon,virchow2,FM,0,ok,97099,11021,22539,0.8884036495328367,69.18261907522127,1.0,69.26487471328426,51.175406911048064,35.66340297925331,20.355646638911185,0.9610865661824041,0.847435967704885,79.5400719213398,1.0,79.624683652152,57.96723563388488,40.47924004256524,23.677688868835038,0.9177369404642198
d3|camelyon_virchow2_s42,camelyon_virchow2_s42,camelyon,virchow2,FM,1,ok,205337,22539,11021,-0.06512554181646667,72.13470833613577,1.0,72.1225102008787,53.38805595431315,37.69320082722377,21.89173044887182,0.12499810181088279,0.03854305079777363,82.9457385144159,1.0,82.83552639350626,59.722013632295145,41.694741994966854,24.380380286750114,0.19891706879229343
d3|kermany_convnext_tiny_s43_std,kermany_convnext_tiny_s43_std,kermany,convnext_tiny,CNN,0,ok,33699,335,324,-13.347093781854419,10.217920602377744,1.0,10.217920602377742,4.163836946382601,-0.8711237357523678,-6.15791480167573,-13.118064838780093,-12.941232226829893,11.660820846348015,1.0,11.660820846348015,6.540656153162842,1.7632047879361195,-3.648399376995543,-12.697671538091942
d3|kermany_convnext_tiny_s43_std,kermany_convnext_tiny_s43_std,kermany,convnext_tiny,CNN,1,ok,33682,324,335,-15.706316377754511,10.91706524280687,1.0,10.732670152255475,4.3381542757177085,-0.9824697810366075,-6.774654966322397,-15.706316377754511,-11.150311153286655,11.985382549380816,1.0,11.761170880805203,6.34200159220938,1.6199797788871393,-3.626570570300646,-11.150311153286657
d3|dermamnist_densenet121_s43_std,dermamnist_densenet121_s43_std,dermamnist,densenet121,CNN,0,ok,3514,356,337,0.8939829195799421,15.356338426325749,1.0,15.356338426325747,10.483059246731127,6.865494467541526,3.7087224919161867,0.84539960666153,3.575705371333121,16.358635859082398,1.0,16.358635859082398,12.473047726787312,9.17382116354165,6.250054892837357,3.417291155118116
d3|dermamnist_densenet121_s43_std,dermamnist_densenet121_s43_std,dermamnist,densenet121,CNN,1,ok,3493,337,356,0.37839021289625535,15.676107094213949,1.0,15.307416329303384,10.436821276976751,6.523568574173639,3.2122943595760733,0.3783902128962555,3.9790533275943134,14.234778181660788,1.0,13.871801302786187,11.314626720313917,8.784279060942529,6.369836979064823,3.979053327594313
d3|breakhis_densenet121_s42_std_r3,breakhis_densenet121_s42_std_r3,breakhis,densenet121,CNN,0,ok,2086,560,591,1.8235670263527146,23.78428236979771,1.0,23.306360018870382,15.973801973841764,10.516820426124518,6.0793706904343585,1.8235670263527146,-0.032548314799164736,14.304107700612503,1.0,13.959531421803728,10.66307190706452,7.403585326270692,3.940546513432178,-0.032548314799164396
d3|breakhis_densenet121_s42_std_r3,breakhis_densenet121_s42_std_r3,breakhis,densenet121,CNN,1,ok,2056,591,560,3.6190105310786076,19.440673462418786,1.0,19.440673462418786,15.350879682550296,11.496735977713122,7.730156940816894,3.5362740526283334,1.5002993000365057,13.207788830870642,1.0,13.20778883087064,10.594272350654201,7.8154304481696055,4.914561407159393,1.4635844353168945
d3|breakhis_fm_uni_s42_std_r0,breakhis_fm_uni_s42_std_r0,breakhis,fm_uni,FM,0,ok,1831,513,504,0.5515441020492766,30.61584695200775,1.0,30.61584695200775,19.631453177582053,12.583786663136937,6.468048766908632,0.5540952302781994,0.4357173956573284,31.068538770241936,1.0,31.06853877024193,19.802993534450813,12.63964524015547,6.452128856351631,0.4395658560538166
d3|breakhis_fm_uni_s42_std_r0,breakhis_fm_uni_s42_std_r0,breakhis,fm_uni,FM,1,ok,1830,504,513,-0.3261120998511746,37.352400123814505,1.0,37.13024019730588,22.062587986020052,13.539886609561322,6.867356877632853,-0.3261120998511748,-0.31734549078898333,38.074852168239076,1.0,37.84824812148492,22.354077949575302,13.719507705684958,6.97740912123187,-0.31734549078898316
d3|breakhis_fm_uni_s42_std_r3,breakhis_fm_uni_s42_std_r3,breakhis,fm_uni,FM,0,ok,2086,560,591,-1.1450030075119657,33.876808905617736,1.0,33.17488434503296,20.19683328565377,12.254073566268215,5.7175911480679655,-1.1450030075119657,-1.1239990592243005,34.51865728937957,1.0,33.80501153318467,20.49100232959896,12.430164444146312,5.820874539121016,-1.1239990592243008
d3|breakhis_fm_uni_s42_std_r3,breakhis_fm_uni_s42_std_r3,breakhis,fm_uni,FM,1,ok,2056,591,560,-1.433017731055422,30.504477189186854,1.0,30.504477189186854,19.65815623808143,12.203737404707008,5.702513525352792,-1.4132512151576784,-1.4502943974550007,31.160955652321544,1.0,31.16095565232154,19.962919161892238,12.376226725181922,5.792641860267091,-1.4246245376550033
d3|kermany_densenet121_s42_std,kermany_densenet121_s42_std,kermany,densenet121,CNN,0,ok,33699,335,324,-18.079690685456413,7.5161169418411795,1.0,7.51611694184118,1.5471628671032838,-3.5541015237371805,-9.324851048998115,-17.857570149354405,-14.215992429460398,12.49185821200476,1.0,12.49185821200476,4.388687694959293,-1.2424244265326034,-6.798992687082054,-14.00844319240191
d3|kermany_densenet121_s42_std,kermany_densenet121_s42_std,kermany,densenet121,CNN,1,ok,33682,324,335,-18.013203231101244,6.5893127888489245,1.0,6.473298284093142,0.4389164678005171,-4.560165581634995,-9.98838976101014,-18.013203231101244,-13.366567892724815,11.933211688657025,1.0,11.747127204536687,3.5721324030402117,-1.934963419078229,-7.08606369934632,-13.366567892724815
d3|kermany_resnet50_s42_std,kermany_resnet50_s42_std,kermany,resnet50,CNN,0,ok,33699,335,324,-19.314146705554215,2.7944593288177773,1.0,2.794459328817778,-1.46669546703592,-5.639660737761737,-11.005903252274601,-19.112348779877202,-14.738825623672058,7.084147260787165,1.0,7.084147260787165,1.686925811977816,-2.9260965070145373,-7.969654843961747,-14.536557849413704
d3|kermany_resnet50_s42_std,kermany_resnet50_s42_std,kermany,resnet50,CNN,1,ok,33682,324,335,-17.85053734952837,1.9308446716636456,1.0,1.8719648072599304,-2.3423576706411398,-6.550341868102033,-11.253745783920555,-17.85053734952837,-13.190639569045826,6.893186957134973,1.0,6.762651054632978,1.8185940665133953,-2.5680446405714834,-7.1702341742593,-13.190639569045826
d3|camelyon_virchow2_s43,camelyon_virchow2_s43,camelyon,virchow2,FM,0,ok,145378,16225,17335,0.6318132127462531,90.96294979576392,1.0,91.02582448066153,64.75716083151993,45.24364720623661,27.125141302602934,0.5017902433008408,0.5593853010786988,96.43720564039793,1.0,96.47103429210904,67.82499895062865,47.32591890412216,28.69347862172377,0.4326907564222145
d3|camelyon_virchow2_s43,camelyon_virchow2_s43,camelyon,virchow2,FM,1,ok,157058,17335,16225,0.6633883820304021,62.490269476085125,1.0,62.80451049353457,45.845991747585096,31.357727746308427,17.25940265235144,0.9499150621161312,0.7270011300362258,84.50529504105609,1.0,85.01684109104795,58.64586803647742,39.217652501718455,21.602487270160438,0.9450401632528223
d3|dermamnist_fm_uni_s42_std,dermamnist_fm_uni_s42_std,dermamnist,fm_uni,FM,0,ok,3514,356,337,-3.1929994788238996,14.69270627767126,1.0,14.69270627767126,8.590508921645533,4.169893003853819,0.47694970336091996,-3.162059738208878,-3.367014831502013,15.217681349827542,1.0,15.217681349827542,8.73228547383318,4.165391283495128,0.37977373828284167,-3.329940798428285
d3|dermamnist_fm_uni_s42_std,dermamnist_fm_uni_s42_std,dermamnist,fm_uni,FM,1,ok,3493,337,356,-2.0408211301114934,14.6438676993328,1.0,14.265950373964685,8.672777756377196,4.66299972132658,1.3148694961071974,-2.0408211301114925,-2.1730102764796926,15.146231990548921,1.0,14.76420061805604,8.790220666949297,4.631515241255679,1.2123035313776438,-2.1730102764796926
d3|breakhis_mobilenet_v3_large_s42_std_r1,breakhis_mobilenet_v3_large_s42_std_r1,breakhis,mobilenet_v3_large,CNN,0,ok,1938,539,543,2.19073130363247,26.221596143754997,1.0,26.158782322430316,17.957721352709385,11.959339033786486,7.013367762044078,2.19073130363247,1.086957076627954,20.118251781347535,1.0,20.06588554083966,14.69861074645928,9.980123239810382,5.6828518259204746,1.0869570766279546
d3|breakhis_mobilenet_v3_large_s42_std_r1,breakhis_mobilenet_v3_large_s42_std_r1,breakhis,mobilenet_v3_large,CNN,1,ok,1959,543,539,1.6995071948563694,25.72528108863601,1.0,25.72528108863601,17.910976262366184,12.047818339505884,7.002273792890095,1.7088960175766033,-1.4084776237801047,16.09247568617124,1.0,16.09247568617124,12.028554010374373,8.084111311548316,3.9453756784758376,-1.4031755638658276
d3|breakhis_densenet121_s43_std_r0,breakhis_densenet121_s43_std_r0,breakhis,densenet121,CNN,0,ok,1831,513,504,3.1629637182388786,19.882621535669987,1.0,19.882621535669987,15.354203590368632,11.348617803315324,7.515785161928342,3.142292362161352,0.6397968084163259,11.162556657638088,1.0,11.162556657638088,9.278673978408996,7.211987848181909,4.741238186652615,0.6410485265184515
d3|breakhis_densenet121_s43_std_r0,breakhis_densenet121_s43_std_r0,breakhis,densenet121,CNN,1,ok,1830,504,513,3.172572064100018,25.635594310872637,1.0,25.43628159313783,18.0876532965723,12.576183477685115,7.887338695959214,3.172572064100018,1.3374202695713993,15.08142207203482,1.0,14.962505562770584,11.652872726092033,8.44361413581217,5.064744792167413,1.3374202695713975
d3|camelyon_conch_v1_5_s42,camelyon_conch_v1_5_s42,camelyon,conch_v1_5,FM,0,ok,97099,11021,22539,1.1832096410564463,59.9115379197524,1.0,59.934366792018444,45.57803411032835,32.359346687396084,18.782421576332997,1.2297620407308438,1.1833586793360436,60.02058979891045,1.0,60.042793073259645,45.65372427533517,32.41270576668708,18.816412661533047,1.2303579786644678
d3|camelyon_conch_v1_5_s42,camelyon_conch_v1_5_s42,camelyon,conch_v1_5,FM,1,ok,205337,22539,11021,0.8199527120119732,53.999475653854006,1.0,54.20645530131249,42.079313827594234,30.40219503940429,17.954472378780025,0.6699849756616153,0.8224783122562422,54.02735434017375,1.0,54.234028163259936,42.0985278659504,30.415503601821097,17.963157821334836,0.6721176881622603
d3|camelyon_dinov2_vitl14_s44,camelyon_dinov2_vitl14_s44,camelyon,dinov2_vitl14,FM,0,ok,186847,20577,12983,0.8031196203820756,20.752248071266454,1.0,21.012666178866073,16.791654592756682,12.227185021017272,6.999439029352535,0.6065457172391683,0.7384475771382314,22.19059227079822,1.0,22.466041153317732,17.913760847511035,13.00052452498531,7.382739705434079,0.5119201880771882
d3|camelyon_dinov2_vitl14_s44,camelyon_dinov2_vitl14_s44,camelyon,dinov2_vitl14,FM,1,ok,115589,12983,20577,0.5779138099775996,3.7583949163763317,1.0,3.8943334147168427,2.9186497279471264,1.9871232685589086,1.1412930449722223,0.37181610582705393,0.6286326371385264,4.355496575030327,1.0,4.491689350057248,3.34996274604675,2.2674499135258634,1.2919470665650714,0.4154781033926637
d3|camelyon_uni_s44,camelyon_uni_s44,camelyon,uni,FM,0,ok,186847,20577,12983,-0.2000725552363348,100.15817865022578,1.0,100.07285465999459,67.60584822229623,45.446726297183474,25.79982218559106,-0.04782739301697573,-0.3034309926577907,104.55517969998373,1.0,104.44445928611115,69.46538607133256,46.37835009664307,26.234013770247678,-0.1291945295244323
d3|camelyon_uni_s44,camelyon_uni_s44,camelyon,uni,FM,1,ok,115589,12983,20577,1.3282168934552216,93.91594671799743,1.0,93.98391616029117,65.52012019003006,44.96018527453514,26.23658257931963,1.2398172125249427,1.2407658035027145,95.30082075798008,1.0,95.3683376189478,66.30765415741902,45.49884482883065,26.619804851730738,1.1465574197253137
d3|camelyon_conch_v1_5_s43,camelyon_conch_v1_5_s43,camelyon,conch_v1_5,FM,0,ok,145378,16225,17335,1.5977932592126902,69.0656063240251,1.0,69.15013625495308,53.033165593250196,38.63742476759169,23.868244815090396,1.730350183593322,1.5975536922897027,69.06485485695393,1.0,69.14959581986928,53.03402027066531,38.63930918131188,23.870729990800008,1.729789346793714
d3|camelyon_conch_v1_5_s43,camelyon_conch_v1_5_s43,camelyon,conch_v1_5,FM,1,ok,157058,17335,16225,0.5126934515778654,49.179388858972,1.0,49.159440807024296,37.198834398323115,25.958349055424154,14.187176990090018,0.5693925593322919,0.5101993597056006,49.31833344735735,1.0,49.297516314487396,37.30059671590717,26.031704189394805,14.231199734958528,0.5672126360002279
d3|isic2019_regnet_y_3_2gf_s42_std,isic2019_regnet_y_3_2gf_s42_std,isic2019,regnet_y_3_2gf,CNN,0,ok,8936,1483,1421,-6.956981885291258,44.39624355964915,1.0,44.396243559649136,23.779432791134905,11.858455578986762,2.374255778927174,-6.800951241968103,-20.238192647098998,6.727623052911672,1.0,6.727623052911673,0.17913598839602737,-6.0977117317749086,-12.669003312310103,-19.85962308674318
d3|isic2019_regnet_y_3_2gf_s42_std,isic2019_regnet_y_3_2gf_s42_std,isic2019,regnet_y_3_2gf,CNN,1,ok,8948,1421,1483,-6.648259493680635,44.745954948146775,1.0,44.02676611479713,24.127815278374648,12.42293032792727,2.8158241810125024,-6.648259493680639,-21.275196314590254,6.9204765931946675,1.0,6.819568465554271,0.4040881690187581,-5.933892486982489,-12.806442497789881,-21.275196314590254
d3|camelyon_dinov2_vitl14_s43,camelyon_dinov2_vitl14_s43,camelyon,dinov2_vitl14,FM,0,ok,145378,16225,17335,0.6832123299627361,18.644588403609415,1.0,18.569620565068995,14.36859142596586,10.010998721580682,5.478282500088409,0.6423059124651991,0.6256766438367503,20.089693206865245,1.0,20.04518927844873,15.445635754913258,10.687767375793355,5.777959373653099,0.5779721636413285
d3|camelyon_dinov2_vitl14_s43,camelyon_dinov2_vitl14_s43,camelyon,dinov2_vitl14,FM,1,ok,157058,17335,16225,1.2407979481473088,13.560008872401156,1.0,13.681748333828988,10.56391889363937,7.459216825934066,4.3812636265221725,1.2419213219719862,1.225850821812142,14.536828002142904,1.0,14.658732146718215,11.29970199245859,7.95374975129647,4.632230223774853,1.225353454129427
d3|breakhis_fm_conch_v1_5_s42_std_r3,breakhis_fm_conch_v1_5_s42_std_r3,breakhis,fm_conch_v1_5,FM,0,ok,2086,560,591,0.6494098089623764,14.768972403913308,1.0,14.484786025343096,10.687587157017944,7.2782095034347405,3.9675348015882133,0.6494098089623767,0.6452771261368985,14.798866613974106,1.0,14.51412852372259,10.705239248144673,7.287698102423145,3.970099458268133,0.645277126136899
d3|breakhis_fm_conch_v1_5_s42_std_r3,breakhis_fm_conch_v1_5_s42_std_r3,breakhis,fm_conch_v1_5,FM,1,ok,2056,591,560,0.05594029377393288,16.320752069118246,1.0,16.320752069118242,12.108288024134799,8.178172224476729,4.3245638647492335,0.08641755042054093,0.05889956536336058,16.354428892738746,1.0,16.354428892738746,12.131626055445583,8.194068901695585,4.334323522182226,0.08931226677128098
d3|breakhis_effb3_s42_std_r1,breakhis_effb3_s42_std_r1,breakhis,effb3,CNN,0,ok,1938,539,543,2.8589110029553653,25.477396502128823,1.0,25.409917501089925,17.992736218964563,12.449753067050251,7.720750487753063,2.858911002955365,1.7106453233995196,25.975064929577233,1.0,25.89534157669136,18.050343861392378,12.19224853974303,7.177989879561765,1.71064532339952
d3|breakhis_effb3_s42_std_r1,breakhis_effb3_s42_std_r1,breakhis,effb3,CNN,1,ok,1959,543,539,2.7123423831457694,24.074010917192535,1.0,24.074010917192535,17.14737659800018,11.889618324362702,7.285230903778543,2.69679446952228,0.13689233909066714,25.203645666980975,1.0,25.203645666980975,17.107370982306062,11.052830245951817,5.790837961218747,0.13122685126369166
d3|breakhis_regnet_y_3_2gf_s42_std_r1,breakhis_regnet_y_3_2gf_s42_std_r1,breakhis,regnet_y_3_2gf,CNN,0,ok,1938,539,543,1.5805902742881413,28.793297623037905,1.0,28.700620913009693,19.586552292821725,13.117063824985724,7.463411952266506,1.5805902742881408,0.6675219111670049,25.747989328156258,1.0,25.644159277956213,18.199211633050073,12.440590965505713,6.870122865292851,0.6675219111670043
d3|breakhis_regnet_y_3_2gf_s42_std_r1,breakhis_regnet_y_3_2gf_s42_std_r1,breakhis,regnet_y_3_2gf,CNN,1,ok,1959,543,539,0.9826904639028179,29.72125504483497,1.0,29.721255044834965,19.961557900084717,13.21776988771012,7.31524491174166,0.9686741302597244,0.8124248770417349,16.15004490699456,1.0,16.15004490699456,12.118336740405516,8.274056109604937,4.678202482404535,0.7861610195988712
d3|breakhis_fm_conch_v1_5_s42_std_r4,breakhis_fm_conch_v1_5_s42_std_r4,breakhis,fm_conch_v1_5,FM,0,ok,2132,558,622,-1.1882625129244972,16.181982286356124,1.0,15.498938558018692,10.731523422185123,6.57176393150388,2.794960666454021,-1.188262512924497,-1.193520103788128,16.223126157390144,1.0,15.538224961577772,10.757041278770275,6.586959087808772,2.8009078128938802,-1.193520103788128
d3|breakhis_fm_conch_v1_5_s42_std_r4,breakhis_fm_conch_v1_5_s42_std_r4,breakhis,fm_conch_v1_5,FM,1,ok,2114,622,558,-1.4794470623351434,15.012445101358125,1.0,15.012445101358125,10.58347316405185,6.6217804509329605,2.7085400748399464,-1.5390822101516892,-1.4700653447347438,15.045571803270063,1.0,15.045571803270063,10.605937736548329,6.637684569594365,2.72037879893585,-1.5302934059386744
d3|breakhis_densenet121_s43_std_r3,breakhis_densenet121_s43_std_r3,breakhis,densenet121,CNN,0,ok,2086,560,591,1.2648844301528486,22.224001661175226,1.0,21.81164463152807,15.396959296605253,10.281972811663811,5.651190300782232,1.2648844301528481,0.4479828419082056,15.816110149735767,1.0,15.433613244814616,11.644796656643345,8.079344225259186,4.418408364947525,0.44798284190820525
d3|breakhis_densenet121_s43_std_r3,breakhis_densenet121_s43_std_r3,breakhis,densenet121,CNN,1,ok,2056,591,560,3.0409249319605296,18.47561217351229,1.0,18.47561217351229,14.423151927035391,10.75831957539299,7.1817985308778916,3.008345467027146,0.17177761598176397,14.815912600480415,1.0,14.815912600480415,11.394564111938996,7.982253093762967,4.5279845007003,0.14229508298999655
d3|breakhis_mobilenet_v3_large_s42_std_r0,breakhis_mobilenet_v3_large_s42_std_r0,breakhis,mobilenet_v3_large,CNN,0,ok,1831,513,504,3.022455171595899,16.456195107756493,1.0,16.456195107756493,12.765469407012914,9.52174280869555,6.33246956052402,3.001689096694774,0.6585240889345857,11.170292391288518,1.0,11.170292391288518,8.988368136701517,6.69393528891734,4.158301514036109,0.6561637788245492
d3|breakhis_mobilenet_v3_large_s42_std_r0,breakhis_mobilenet_v3_large_s42_std_r0,breakhis,mobilenet_v3_large,CNN,1,ok,1830,504,513,2.026399012627486,19.12321990472139,1.0,18.972999934572965,14.046424381592226,9.839563201258487,5.905398221302514,2.0263990126274876,0.7201252298936778,12.952349537083492,1.0,12.839950502009627,9.7061659620033,6.801895109424241,3.8511816276255546,0.7201252298936778
d3|breakhis_resnet50_s42_std_r0,breakhis_resnet50_s42_std_r0,breakhis,resnet50,CNN,0,ok,1831,513,504,4.327119223806618,17.32028323758888,1.0,17.32028323758888,14.058716197263255,10.876164839278813,7.839895347715797,4.29879025872832,1.924576957965528,11.395101412197613,1.0,11.395101412197613,9.641375526036553,7.676913798671674,5.415271899474629,1.9020401631588104
d3|breakhis_resnet50_s42_std_r0,breakhis_resnet50_s42_std_r0,breakhis,resnet50,CNN,1,ok,1830,504,513,4.92373111630223,22.5869935919616,1.0,22.415543797255705,17.304203109067014,12.91944434984482,8.955207011118897,4.923731116302228,1.7820118761569899,15.398332272853876,1.0,15.278254291794513,12.28836802874372,9.241959249633528,5.904547102076493,1.7820118761569899
d3|kermany_regnet_y_3_2gf_s42_std,kermany_regnet_y_3_2gf_s42_std,kermany,regnet_y_3_2gf,CNN,0,ok,33699,335,324,-20.788916083838686,16.990723906928764,1.0,16.990723906928764,3.9104411698013903,-3.015391630458317,-9.90853546536816,-20.447079253395938,-34.81746833972463,6.069433398310897,1.0,6.069433398310898,0.7687447445851151,-4.712457466555932,-12.488177281768898,-34.31880058557975
d3|kermany_regnet_y_3_2gf_s42_std,kermany_regnet_y_3_2gf_s42_std,kermany,regnet_y_3_2gf,CNN,1,ok,33682,324,335,-20.49559979138823,17.556084809590775,1.0,17.277881991545502,3.0731476644723927,-3.755646695771409,-10.488374737911265,-20.49559979138823,-32.54340135808465,6.574529922388083,1.0,6.47346856814,1.3042637556316845,-4.0151451642116385,-11.66138571469121,-32.54340135808465
d3|dermamnist_regnet_y_3_2gf_s42_std,dermamnist_regnet_y_3_2gf_s42_std,dermamnist,regnet_y_3_2gf,CNN,0,ok,3514,356,337,-4.310802593618132,16.986468027007007,1.0,16.986468027007007,9.350339309467351,4.282813717054318,0.11952783976275659,-4.20229603209282,-9.69544601700192,5.522066449567424,1.0,5.522066449567424,1.868638884646449,-1.4649170745655915,-5.191649013938747,-9.49764072515612
d3|dermamnist_regnet_y_3_2gf_s42_std,dermamnist_regnet_y_3_2gf_s42_std,dermamnist,regnet_y_3_2gf,CNN,1,ok,3493,337,356,-4.000648106227273,16.7801388905281,1.0,16.39233186905627,9.004928086255001,4.15363617666458,-0.014863376586861066,-4.000648106227272,-8.330801500263451,3.6401518286117405,1.0,3.58496083834677,0.5768397195061818,-2.131635073844391,-5.079719932901679,-8.33080150026345
d3|breakhis_resnet18_s42_std_r4,breakhis_resnet18_s42_std_r4,breakhis,resnet18,CNN,0,ok,2132,558,622,1.0727681733097796,23.86934678723229,1.0,22.775606969010386,16.443728320753294,11.272300494523094,6.359576390399022,1.0727681733097802,-0.12306819767931147,14.265268449585992,1.0,13.646990569218476,10.901992187528567,8.00628643309019,4.6273617274630405,-0.12306819767931186
d3|breakhis_resnet18_s42_std_r4,breakhis_resnet18_s42_std_r4,breakhis,resnet18,CNN,1,ok,2114,622,558,1.2071635670705556,18.296200399023533,1.0,18.296200399023533,13.493440717451636,9.266893689576676,5.287704133191327,1.1217680231118086,-2.7722747362933204,13.268364436134174,1.0,13.268364436134178,9.655149954161594,6.167662808827893,2.262921354460508,-2.751808330410455
d3|dermamnist_convnext_tiny_s42_std,dermamnist_convnext_tiny_s42_std,dermamnist,convnext_tiny,CNN,0,ok,3514,356,337,6.087668800872921,23.68458004541945,1.0,23.68458004541945,17.46058939206739,13.03780214600009,9.376123861626446,5.911772101620657,-1.9712105203013244,11.72152731216756,1.0,11.721527312167558,8.089710530688917,4.81103302153627,1.5805753459614933,-1.9396289816948677
d3|dermamnist_convnext_tiny_s42_std,dermamnist_convnext_tiny_s42_std,dermamnist,convnext_tiny,CNN,1,ok,3493,337,356,6.210766513822839,22.91460280819386,1.0,22.372370892791338,16.905918241873643,12.904781989247724,9.460662021539306,6.21076651382284,-1.3831300980919548,10.920394310422465,1.0,10.619615569230865,7.608883111484597,4.827547272459993,1.8977704504229116,-1.3831300980919534
d3|kermany_resnet50_s43_std,kermany_resnet50_s43_std,kermany,resnet50,CNN,0,ok,33699,335,324,-21.376019722649303,1.843059884464514,1.0,1.843059884464514,-2.6403630307971993,-7.010300512596391,-12.42348812789448,-21.10436517315856,-14.003005059321458,6.4345556845891005,1.0,6.4345556845891005,1.4006186535607406,-2.9785092569794718,-7.540973064154366,-13.812433374817067
d3|kermany_resnet50_s43_std,kermany_resnet50_s43_std,kermany,resnet50,CNN,1,ok,33682,324,335,-20.196191253104644,1.1565309248967532,1.0,1.1450400134643044,-3.346846130622195,-7.774214915343095,-12.860686104520685,-20.196191253104647,-14.402319098350523,6.243053638645722,1.0,6.132268542511745,0.5926816207551628,-4.0571443437961845,-8.590828054087432,-14.402319098350523
d3|breakhis_fm_virchow2_s42_std_r4,breakhis_fm_virchow2_s42_std_r4,breakhis,fm_virchow2,FM,0,ok,2132,558,622,-0.1844097108138942,28.489634251609914,1.0,27.38742211249894,17.721153866327782,11.063717508537447,5.312982810673296,-0.18440971081389407,-0.19172417826968988,33.741125814804874,1.0,32.5122809788912,20.14823696987154,12.428689847420369,6.0478732849775225,-0.19172417826968893
d3|breakhis_fm_virchow2_s42_std_r4,breakhis_fm_virchow2_s42_std_r4,breakhis,fm_virchow2,FM,1,ok,2114,622,558,-0.8256780950746407,24.692477243024378,1.0,24.692477243024378,16.50266669899097,10.589742258685087,5.147038510520761,-0.8091550914214732,-0.798931523923896,28.26025459657584,1.0,28.260254596575837,18.188550759169992,11.484009816606179,5.6066838491008415,-0.774141647786715
d3|breakhis_fm_dinov2_vitb14_s42_std_r4,breakhis_fm_dinov2_vitb14_s42_std_r4,breakhis,fm_dinov2_vitb14,FM,0,ok,2132,558,622,-1.0891704483259697,8.147558899635191,1.0,7.8310050752175195,5.630417657613477,3.381194738061781,1.2642515088856294,-1.0891704483259694,-1.0797315717763514,8.403567356977735,1.0,8.074819724270824,5.809363959031931,3.5020779650643066,1.3290253252779705,-1.0797315717763505
d3|breakhis_fm_dinov2_vitb14_s42_std_r4,breakhis_fm_dinov2_vitb14_s42_std_r4,breakhis,fm_dinov2_vitb14,FM,1,ok,2114,622,558,-1.794174903662297,5.7462889326134485,1.0,5.746288932613445,3.6615953238625165,1.9346954944091923,0.019320074455389108,-1.7811919668375176,-1.775104237607246,5.897768087539934,1.0,5.897768087539933,3.7866621280235955,2.029265827964712,0.08113291943028583,-1.762446968165082
d3|kermany_effb3_s42_std,kermany_effb3_s42_std,kermany,effb3,CNN,0,ok,33699,335,324,-19.816837660108657,2.3992146557616656,1.0,2.3992146557616656,-1.8741596977348736,-6.368612887592583,-11.695957681623621,-19.42855031091921,-17.30613085311197,14.794829140746302,1.0,14.794829140746302,4.874959159398955,-1.3726255633993827,-7.80823125291438,-17.03246211683563
d3|kermany_effb3_s42_std,kermany_effb3_s42_std,kermany,effb3,CNN,1,ok,33682,324,335,-16.953170640479193,3.221505653920629,1.0,3.2032606315062075,-1.553709697466659,-5.838519800777605,-10.678375073676659,-16.953170640479193,-15.179524698655516,14.781784719195002,1.0,14.551843019960334,4.8825411730270325,-1.2069018252916146,-7.204156070145157,-15.179524698655516
d3|isic2019_convnext_tiny_s43_std,isic2019_convnext_tiny_s43_std,isic2019,convnext_tiny,CNN,0,ok,8936,1483,1421,-0.8381697882221678,40.97022372472191,1.0,40.9702237247219,25.779014719297408,15.81980545816894,7.26655766377202,-0.8165974992253139,-7.186640546046919,22.62902254452485,1.0,22.62902254452484,14.263506724000035,7.2237578063201555,0.320655261825989,-7.001588087244628
d3|isic2019_convnext_tiny_s43_std,isic2019_convnext_tiny_s43_std,isic2019,convnext_tiny,CNN,1,ok,8948,1421,1483,-0.8202023528586434,42.98602810927796,1.0,42.23929016249686,27.1647797413627,16.71082647445887,7.871221700062416,-0.8202023528586422,-7.163568140428188,23.86446376393812,1.0,23.4150610096672,15.036666967634371,7.7131840732270245,0.5789456097309623,-7.16356814042819
d3|breakhis_fm_dinov2_vitb14_s42_std_r1,breakhis_fm_dinov2_vitb14_s42_std_r1,breakhis,fm_dinov2_vitb14,FM,0,ok,1938,539,543,1.5477759928272905,8.510580841975369,1.0,8.48591527944562,6.604550346982771,4.887208464577673,3.208451409076131,1.5477759928272903,1.497987614672669,8.78645566192022,1.0,8.761182809962493,6.775154905815649,4.974098858917968,3.223573285888703,1.497987614672669
d3|breakhis_fm_dinov2_vitb14_s42_std_r1,breakhis_fm_dinov2_vitb14_s42_std_r1,breakhis,fm_dinov2_vitb14,FM,1,ok,1959,543,539,0.1671385057216831,10.071104701470967,1.0,10.071104701470968,7.765226494634586,5.401309701044255,2.8761596809831342,0.16453084698965234,0.19011686777557327,10.243847671467051,1.0,10.243847671467051,7.902061076817042,5.504965991009666,2.9433006258400094,0.18770920940673533
d3|breakhis_fm_dinov2_vitb14_s42_std_r2,breakhis_fm_dinov2_vitb14_s42_std_r2,breakhis,fm_dinov2_vitb14,FM,0,ok,1951,558,529,-0.7650115757167895,7.745026853568349,1.0,7.7450268535683495,6.06813682435837,4.1443583119533045,1.9760055728024808,-0.7610408067643608,-0.7433922468872765,7.931924027618798,1.0,7.931924027618798,6.194350314182122,4.2175550587572035,2.009410803573623,-0.7398855487947152
d3|breakhis_fm_dinov2_vitb14_s42_std_r2,breakhis_fm_dinov2_vitb14_s42_std_r2,breakhis,fm_dinov2_vitb14,FM,1,ok,1963,529,558,1.4584301185480533,9.458677305536995,1.0,9.312586870159276,7.078995173339531,5.056953331325918,3.2216338955078903,1.4584301185480535,1.440815468610004,9.710824018012596,1.0,9.559183713219516,7.259515696539787,5.173590400531009,3.2726186040616994,1.4408154686100039
d3|isic2019_resnet18_s42_std,isic2019_resnet18_s42_std,isic2019,resnet18,CNN,0,ok,8936,1483,1421,-4.639705617346717,26.5784098112532,1.0,26.578409811253206,17.054829110302467,9.451271606149968,2.443225453994033,-4.496706033234918,-8.67387274129402,14.10217405269188,1.0,14.102174052691876,8.49805426988967,3.2170154554041077,-2.360135431587513,-8.46021744621543
d3|isic2019_resnet18_s42_std,isic2019_resnet18_s42_std,isic2019,resnet18,CNN,1,ok,8948,1421,1483,-3.9326536156472884,28.44498383661256,1.0,27.978788685479035,18.169159643548998,10.28171849898142,3.161751866129714,-3.93265361564729,-9.006424982352257,15.294963960838482,1.0,15.01163039894096,9.376444058667015,3.7615627720414637,-2.2061325425019676,-9.006424982352257
d3|dermamnist_mobilenet_v3_large_s42_std,dermamnist_mobilenet_v3_large_s42_std,dermamnist,mobilenet_v3_large,CNN,0,ok,3514,356,337,-2.494412320319067,12.88259732377569,1.0,12.88259732377569,7.764194470950235,3.8998816795897095,0.6745524184944426,-2.4928835356130103,2.1276056066827307,11.475960549756678,1.0,11.475960549756678,8.921844445870438,6.619627788858036,4.381279851548735,2.0979575677711613
d3|dermamnist_mobilenet_v3_large_s42_std,dermamnist_mobilenet_v3_large_s42_std,dermamnist,mobilenet_v3_large,CNN,1,ok,3493,337,356,-2.922856154667839,12.574091572336762,1.0,12.331917493312949,7.517064356222111,3.5780611750957236,0.21004564294028136,-2.922856154667838,1.9788618637510365,12.33630309127148,1.0,12.006375960638893,9.276332598862371,6.813990971983896,4.351030077050639,1.9788618637510365
d3|breakhis_densenet121_s43_std_r4,breakhis_densenet121_s43_std_r4,breakhis,densenet121,CNN,0,ok,2132,558,622,0.6854717032705021,25.49355770131413,1.0,24.404197896905053,17.174502598300464,11.60317840128531,6.396214496762499,0.6854717032705017,-0.5574004840533534,16.994079998352483,1.0,16.167486158296914,12.429534698022815,8.787979153529824,4.806158033508007,-0.5574004840533534
d3|breakhis_densenet121_s43_std_r4,breakhis_densenet121_s43_std_r4,breakhis,densenet121,CNN,1,ok,2114,622,558,2.5908932546578454,22.056867189911618,1.0,22.056867189911618,16.24599911276856,11.516667179684212,7.116085042510898,2.5080950966041713,-0.4052705837212146,14.150773198715083,1.0,14.150773198715083,10.776375350121974,7.555138365247212,3.9880953702130197,-0.3376515702987237
d3|breakhis_fm_dinov2_vitl14_s42_std_r4,breakhis_fm_dinov2_vitl14_s42_std_r4,breakhis,fm_dinov2_vitl14,FM,0,ok,2132,558,622,-0.4923091704449169,7.325137117507947,1.0,7.022550965510642,5.198816160350422,3.410337133537727,1.5116849971748207,-0.49230917044491695,-0.5244728707041483,7.336443642264624,1.0,7.0322391741890655,5.194906258794525,3.3954003260297863,1.4864538996471606,-0.5244728707041483
d3|breakhis_fm_dinov2_vitl14_s42_std_r4,breakhis_fm_dinov2_vitl14_s42_std_r4,breakhis,fm_dinov2_vitl14,FM,1,ok,2114,622,558,-1.5413288142315098,5.7934666264827,1.0,5.7934666264827,3.7151225749566765,1.8377970147680416,0.11598663379489521,-1.4414778979006722,-1.547573446031328,5.789987848702419,1.0,5.7899878487024194,3.716682011724139,1.8393975776181772,0.11530543402964963,-1.446838322339274
d3|breakhis_fm_dinov2_vitb14_s42_std_r0,breakhis_fm_dinov2_vitb14_s42_std_r0,breakhis,fm_dinov2_vitb14,FM,0,ok,1831,513,504,-1.7650655158517545,4.51143585818193,1.0,4.5114358581819305,3.2773139810165723,1.8767069838769999,0.253294346374495,-1.759331056682221,-1.7111734271834864,4.7565358297079605,1.0,4.7565358297079605,3.4700437267365465,2.016605975608412,0.34688843244840994,-1.7059160615060533
d3|breakhis_fm_dinov2_vitb14_s42_std_r0,breakhis_fm_dinov2_vitb14_s42_std_r0,breakhis,fm_dinov2_vitb14,FM,1,ok,1830,504,513,0.47079373193379964,9.560062193201887,1.0,9.492857121234858,6.853347025505823,4.564239807865934,2.4930252620539886,0.47079373193380003,0.4590106186510401,9.68872241256719,1.0,9.620206082064932,6.945971691959381,4.628968224636354,2.521404682167667,0.4590106186510404
d3|isic2019_efficientnet_v2_s_s42_std,isic2019_efficientnet_v2_s_s42_std,isic2019,efficientnet_v2_s,CNN,0,ok,8936,1483,1421,3.548799790201208,24.70112710484624,1.0,24.70112710484624,18.283406654686463,12.962450759656795,8.054585284066041,3.4663524951964155,0.956376549311031,22.832545801931065,1.0,22.832545801931065,16.812294167440342,11.373702447342591,6.130562504577082,0.9310690524658702
d3|isic2019_efficientnet_v2_s_s42_std,isic2019_efficientnet_v2_s_s42_std,isic2019,efficientnet_v2_s,CNN,1,ok,8948,1421,1483,2.6247061009643113,25.461834240277685,1.0,24.98195164858772,18.67337020637009,13.142645836358302,7.826530933541836,2.624706100964312,1.1230661422603085,24.173032089389206,1.0,23.72235248468556,17.408532876906676,11.77748999178227,6.440455450711008,1.1230661422603085
d3|isic2019_effb3_s42_std,isic2019_effb3_s42_std,isic2019,effb3,CNN,0,ok,8936,1483,1421,-3.609195440003981,28.498785711649116,1.0,28.498785711649116,18.703578817934545,10.737984672701378,3.5160259317782563,-3.6099705117634944,-4.668438897665006,19.765947642107395,1.0,19.765947642107395,13.677915351519987,7.791796122443561,1.9627082939535652,-4.6450917463271715
d3|isic2019_effb3_s42_std,isic2019_effb3_s42_std,isic2019,effb3,CNN,1,ok,8948,1421,1483,-4.07459590005806,29.914357942179368,1.0,29.35390589371177,19.43956775614955,11.441285596774998,3.8881490568106294,-4.07459590005806,-3.907962495066854,19.97341562948718,1.0,19.567622952748987,14.080274076610674,8.711634465600957,2.889444366696982,-3.907962495066852
d3|breakhis_densenet121_s42_std_r1,breakhis_densenet121_s42_std_r1,breakhis,densenet121,CNN,0,ok,1938,539,543,2.0248633565871814,27.278759594222766,1.0,27.180598876644932,19.32121311292107,13.351860677000047,7.921964601682243,2.024863356587181,0.3443947748412335,16.803418425454993,1.0,16.74560435295139,12.998271176814303,9.45115936900593,5.535773768293746,0.34439477484123415
d3|breakhis_densenet121_s42_std_r1,breakhis_densenet121_s42_std_r1,breakhis,densenet121,CNN,1,ok,1959,543,539,1.7559257471772765,26.493698347862473,1.0,26.493698347862473,18.731689936114897,12.879082719524968,7.562925064493029,1.7322783062897544,-1.4480888041473687,17.806757517768645,1.0,17.806757517768645,13.363146564738496,9.128836281840362,4.7307838387273105,-1.456908194691031
d3|breakhis_resnet50_s42_std_r1,breakhis_resnet50_s42_std_r1,breakhis,resnet50,CNN,0,ok,1938,539,543,4.234669014558654,23.731616482996543,1.0,23.641133973008387,18.16745226139303,13.55390828602695,9.092499311524348,4.234669014558653,2.521873854438785,17.89997131248728,1.0,17.82299281950352,14.245175863747711,10.793368583132024,7.201595101960075,2.5218738544387858
d3|breakhis_resnet50_s42_std_r1,breakhis_resnet50_s42_std_r1,breakhis,resnet50,CNN,1,ok,1959,543,539,4.348027766231842,24.68790108370691,1.0,24.68790108370691,18.819330016236904,13.70821924158484,9.216923263896993,4.3396208176684095,0.5504980568330925,17.29837775947732,1.0,17.298377759477322,13.650145147675579,9.843862630335677,5.929193191991207,0.5560522349125637
d3|breakhis_efficientnet_v2_s_s42_std_r4,breakhis_efficientnet_v2_s_s42_std_r4,breakhis,efficientnet_v2_s,CNN,0,ok,2132,558,622,4.610340380961699,20.51331448458123,1.0,19.577674353583692,15.05109182603252,11.213941879855621,7.853575513493621,4.610340380961699,3.154445729461993,23.023525028400996,1.0,21.958476954949656,16.120550026588987,11.42751644551403,7.274778676654779,3.154445729461993
d3|breakhis_efficientnet_v2_s_s42_std_r4,breakhis_efficientnet_v2_s_s42_std_r4,breakhis,efficientnet_v2_s,CNN,1,ok,2114,622,558,7.18467080884373,14.230448806962535,1.0,14.230448806962531,12.262495238965933,10.300510925194025,8.633403047116431,6.852698889950863,5.45694262511042,15.798223239600597,1.0,15.798223239600597,12.83839773164565,10.032480629694685,7.683045235457334,5.192191223562256
d3|breakhis_resnet18_s42_std_r1,breakhis_resnet18_s42_std_r1,breakhis,resnet18,CNN,0,ok,1938,539,543,2.1259240416165124,25.910343127614635,1.0,25.83313063572076,18.751882436167488,13.09610552628775,7.867723531020377,2.1259240416165124,0.38977252046469,15.047995517097593,1.0,14.994370015463474,12.098372641166957,9.005819241794745,5.494229875417812,0.38977252046469
d3|breakhis_resnet18_s42_std_r1,breakhis_resnet18_s42_std_r1,breakhis,resnet18,CNN,1,ok,1959,543,539,2.298169044466487,21.98412740368613,1.0,21.984127403686134,16.082432469773536,11.162898090027648,6.863782259795738,2.2689531840813792,-1.8884697940644781,13.573318807053615,1.0,13.57331880705361,10.475713235693801,7.161790690750518,3.4358811243420293,-1.895866926975169
d3|breakhis_regnet_y_3_2gf_s42_std_r3,breakhis_regnet_y_3_2gf_s42_std_r3,breakhis,regnet_y_3_2gf,CNN,0,ok,2086,560,591,0.9072660864040891,24.414337947280906,1.0,24.03733896734709,16.315053275214325,10.597903230581752,5.630898426246688,0.9072660864040882,0.8861054511798574,21.79624502006603,1.0,21.357197753986185,14.989319865157436,9.874301313396828,5.30978560668685,0.8861054511798574
d3|breakhis_regnet_y_3_2gf_s42_std_r3,breakhis_regnet_y_3_2gf_s42_std_r3,breakhis,regnet_y_3_2gf,CNN,1,ok,2056,591,560,1.4049080905995488,21.46198201220368,1.0,21.46198201220368,15.822999038569348,10.953733496339696,6.44414508458544,1.3708171640443263,0.45853888730295156,12.353336347733093,1.0,12.353336347733089,9.552048929556182,6.678638273248779,3.7127839744146773,0.4993765504223311
d3|dermamnist_fm_conch_v1_5_s42_std,dermamnist_fm_conch_v1_5_s42_std,dermamnist,fm_conch_v1_5,FM,0,ok,3514,356,337,-0.6972520040545719,9.12471591104424,1.0,9.12471591104424,6.3340175389410085,3.6966874434720594,1.3901950212323533,-0.6844975132495285,-0.6868947457469633,9.131137287874667,1.0,9.131137287874665,6.341357728010945,3.704846406731849,1.3994138294955187,-0.6743879423341695
d3|dermamnist_fm_conch_v1_5_s42_std,dermamnist_fm_conch_v1_5_s42_std,dermamnist,fm_conch_v1_5,FM,1,ok,3493,337,356,-1.2369817431335062,8.705606593924465,1.0,8.46536761290364,5.939832893637016,3.49164201566101,1.1464763196463847,-1.236981743133506,-1.2289932442510656,8.710512461144761,1.0,8.470180277179228,5.946594185020001,3.4997360970855964,1.1550499256677285,-1.2289932442510658
d3|dermamnist_densenet121_s42_std,dermamnist_densenet121_s42_std,dermamnist,densenet121,CNN,0,ok,3514,356,337,0.5205047114543947,15.92579062681454,1.0,15.92579062681454,10.651532461865383,6.664263961858117,3.4743311015470755,0.49635748750055364,4.162447272773811,15.825832022959972,1.0,15.825832022959972,12.168236496868138,9.099259809608741,6.5388690691822955,4.042714830271844
d3|dermamnist_densenet121_s42_std,dermamnist_densenet121_s42_std,dermamnist,densenet121,CNN,1,ok,3493,337,356,-0.12639582827026022,15.912775913344198,1.0,15.489747623739477,10.303899017627772,6.453500749929155,3.036376368658421,-0.1263958282702602,3.843269569554331,14.34363814128472,1.0,14.017312091165623,11.412183883161301,8.966391232528213,6.366806368608033,3.8432695695543306
d3|breakhis_densenet121_s42_std_r2,breakhis_densenet121_s42_std_r2,breakhis,densenet121,CNN,0,ok,1951,558,529,2.1775116303962907,24.062894057951816,1.0,24.062894057951816,17.205286717539412,11.915963834493398,7.044320078716035,2.1285880766395353,-0.07343841170951872,13.011557103834729,1.0,13.011557103834729,10.538568811848517,7.730633429555469,4.44363095896275,-0.06938604373712867
d3|breakhis_densenet121_s42_std_r2,breakhis_densenet121_s42_std_r2,breakhis,densenet121,CNN,1,ok,1963,529,558,1.1639753735188687,22.57415338736169,1.0,22.04227041103009,15.603192560558114,10.460784279412083,5.876449501357558,1.163975373518869,0.7044613804073845,14.645954262312088,1.0,14.283610807423813,10.991323136978746,7.809794796887912,4.5152507579986745,0.7044613804073849
d3|breakhis_resnet18_s43_std_r1,breakhis_resnet18_s43_std_r1,breakhis,resnet18,CNN,0,ok,1938,539,543,2.010507818123318,26.691389886968427,1.0,26.606894194243278,18.95404966294773,12.921441483892579,7.746477070000224,2.0105078181233176,-0.04911412488832036,14.564086466007785,1.0,14.513751960887555,11.544188354578322,8.372429507890644,4.9111435655204465,-0.049114124888320225
d3|breakhis_resnet18_s43_std_r1,breakhis_resnet18_s43_std_r1,breakhis,resnet18,CNN,1,ok,1959,543,539,2.2823389761511637,22.45606843944929,1.0,22.45606843944929,16.469073928052232,11.487302503303281,6.978722148595241,2.256918757225725,-1.9262482662151723,12.39667374713052,1.0,12.39667374713052,9.606937949380256,6.595655526149016,3.1809753836164365,-1.9191738388406785
d3|kermany_resnet18_s42_std,kermany_resnet18_s42_std,kermany,resnet18,CNN,0,ok,33699,335,324,-31.087251993197892,0.3111939343292525,1.0,0.3111939343292524,-3.8751528483749915,-8.658756984099846,-14.926410523135582,-30.61050224675536,-21.36335392123798,6.274458768152336,1.0,6.274458768152336,0.7896931883313287,-4.392825715157326,-10.377073577687124,-21.06458787387558
d3|kermany_resnet18_s42_std,kermany_resnet18_s42_std,kermany,resnet18,CNN,1,ok,33682,324,335,-23.151486781757985,-2.575614311407728,1.0,-2.4856950572404823,-6.71118086297288,-11.03183131980926,-16.160256659723956,-23.151486781757985,-19.93554310435228,7.857802118094871,1.0,7.75161499966649,2.0394966683100257,-3.138740554410744,-9.319068707279563,-19.93554310435228
d3|breakhis_effb3_s42_std_r3,breakhis_effb3_s42_std_r3,breakhis,effb3,CNN,0,ok,2086,560,591,2.53574961815758,19.77822030442222,1.0,19.367961379641205,14.207747964259989,10.026305019739244,6.2656215115517035,2.53574961815758,0.7019512775337451,19.19824031896105,1.0,18.786297737803277,13.557192229366406,9.148879679406862,5.073756474589107,0.7019512775337452
d3|breakhis_effb3_s42_std_r3,breakhis_effb3_s42_std_r3,breakhis,effb3,CNN,1,ok,2056,591,560,3.1159069226794305,17.03993406726616,1.0,17.03993406726616,13.35573067273375,10.069099668980785,6.701489660989898,3.0570683788326587,1.1326318412605598,14.972497641542109,1.0,14.972497641542109,11.718505849493397,8.603526904810945,5.162670930318468,1.1137878496872755
d3|breakhis_resnet18_s43_std_r3,breakhis_resnet18_s43_std_r3,breakhis,resnet18,CNN,0,ok,2086,560,591,2.3892367114328277,20.275018379399622,1.0,19.86350040458653,14.4422179677806,9.923221181547651,6.130189086270585,2.3892367114328286,0.6051630108687247,13.394197480073485,1.0,13.049646800120708,10.152042138207015,7.209387427631336,4.289088592579687,0.6051630108687247
d3|breakhis_resnet18_s43_std_r3,breakhis_resnet18_s43_std_r3,breakhis,resnet18,CNN,1,ok,2056,591,560,2.3150850208211984,17.364418814751048,1.0,17.364418814751048,13.389474201223347,9.74789669741423,6.176926876448267,2.246355737624486,-0.2519368081193817,11.253552151007511,1.0,11.253552151007511,8.570863874415569,5.957082386735627,3.0994906197436776,-0.25900242502460386
d3|isic2019_fm_uni_s42_std,isic2019_fm_uni_s42_std,isic2019,fm_uni,FM,0,ok,8936,1483,1421,-13.839695758078978,22.565782295939908,1.0,22.565782295939908,12.40010589650295,3.7297422527967683,-4.475977591775647,-13.585538843546015,-14.168355015744933,23.293911356464573,1.0,23.293911356464577,12.516464413930976,3.5938585892332693,-4.743106210951923,-13.909325498006753
d3|isic2019_fm_uni_s42_std,isic2019_fm_uni_s42_std,isic2019,fm_uni,FM,1,ok,8948,1421,1483,-12.330604875020667,23.07818555447777,1.0,22.70074187385277,12.597840182043832,4.216156140629215,-3.739959106609858,-12.330604875020667,-12.689215581653666,23.69298483166027,1.0,23.31100526062395,12.713558280605444,4.1054543869364135,-3.99146233394217,-12.689215581653668
d3|kermany_mobilenet_v3_large_s42_std,kermany_mobilenet_v3_large_s42_std,kermany,mobilenet_v3_large,CNN,0,ok,33699,335,324,-18.60840996177602,5.200863545219021,1.0,5.200863545219019,0.2819963503523486,-4.49773945049926,-10.199507586145444,-18.197232703369448,-16.43407911144517,11.904605156214473,1.0,11.904605156214473,3.9757844622259197,-1.7388362991819517,-7.599640153460591,-16.145911506314196
d3|kermany_mobilenet_v3_large_s42_std,kermany_mobilenet_v3_large_s42_std,kermany,mobilenet_v3_large,CNN,1,ok,33682,324,335,-17.062736626675616,3.6448390241168442,1.0,3.6203799921209314,-0.9513005917170324,-5.3153865917097844,-10.34002231204621,-17.062736626675616,-16.496048988511703,12.089174597866272,1.0,11.898172125416027,3.9722974982247816,-1.7846276364668388,-7.641734740091119,-16.496048988511703
d3|dermamnist_resnet18_s43_std,dermamnist_resnet18_s43_std,dermamnist,resnet18,CNN,0,ok,3514,356,337,1.2279146757150547,16.03937619300919,1.0,16.03937619300919,11.207003375139223,7.51279645446525,4.229541887109464,1.1390724448666019,1.332244812168434,11.344943396868125,1.0,11.344943396868125,8.561273988767054,6.09845741772418,3.6877202236954476,1.308887785750264
d3|dermamnist_resnet18_s43_std,dermamnist_resnet18_s43_std,dermamnist,resnet18,CNN,1,ok,3493,337,356,1.023807212555074,17.31430748141538,1.0,16.88182857274496,11.37523229950033,7.390615136391026,4.137097196281037,1.0238072125550732,1.4750519565663855,9.541498619509976,1.0,9.311928029629986,7.615188091939314,5.71823497574173,3.761876143992603,1.4750519565663853
d3|isic2019_fm_dinov2_vitb14_s42_std,isic2019_fm_dinov2_vitb14_s42_std,isic2019,fm_dinov2_vitb14,FM,0,ok,8936,1483,1421,-5.5462791845137485,16.428698573630086,1.0,16.428698573630086,10.596445008894193,5.185817234514201,-0.044380017917123114,-5.4368354809577735,-5.59946776014732,16.815084487359286,1.0,16.815084487359286,10.841379329141462,5.3222317477035075,0.000666638854396242,-5.487918264434727
d3|isic2019_fm_dinov2_vitb14_s42_std,isic2019_fm_dinov2_vitb14_s42_std,isic2019,fm_dinov2_vitb14,FM,1,ok,8948,1421,1483,-7.272831548737142,19.133470248425297,1.0,18.746139657228834,12.133473700985151,5.878168346682109,-0.3853782706096962,-7.272831548737142,-7.270433382364481,19.67503528103275,1.0,19.278884860481647,12.459024149314141,6.064737309897793,-0.3010167629992599,-7.270433382364481
d3|camelyon_convnext_tiny_s43,camelyon_convnext_tiny_s43,camelyon,convnext_tiny,CNN,0,ok,145378,16225,17335,0.6293370353537513,43.17086797777663,1.0,43.12276076205711,32.729945124392,22.76221052956146,12.39710874446417,0.7083238837301018,-0.8356880914589861,52.941211344179266,1.0,53.01407503789577,41.545150798891484,30.461279663408995,18.265276609707538,-0.7551195146951868
d3|camelyon_convnext_tiny_s43,camelyon_convnext_tiny_s43,camelyon,convnext_tiny,CNN,1,ok,157058,17335,16225,0.5993438829017483,31.050358175180595,1.0,31.153175200100886,24.172767691215494,17.079489228912806,9.506722253919069,1.0358304868232784,0.17805742276188458,53.104895475240546,1.0,52.89198052628674,42.54221281806661,32.28633641054105,20.810677987990076,0.10242346577987867
d3|camelyon_resnet50_s43,camelyon_resnet50_s43,camelyon,resnet50,CNN,0,ok,145378,16225,17335,1.8340016623130062,40.88740633133893,1.0,40.88696895848416,33.966717992914,26.710022097869597,18.301419282412624,1.9277483670327304,0.8847250196048835,41.42306799778441,1.0,41.40056890065115,34.34260799918946,27.014700004976934,18.414996332220618,0.8591872046993365
d3|camelyon_resnet50_s43,camelyon_resnet50_s43,camelyon,resnet50,CNN,1,ok,157058,17335,16225,1.413473192130096,43.91687759150264,1.0,43.94033650363207,35.26756835151625,26.27504727516293,16.110660897846007,1.3308114873931183,1.1740709219183463,47.539153348910816,1.0,47.399317861232184,38.721527983358975,29.5908712120631,19.433686517102693,1.1045709249491797
d3|dermamnist_fm_dinov2_vitb14_s42_std,dermamnist_fm_dinov2_vitb14_s42_std,dermamnist,fm_dinov2_vitb14,FM,0,ok,3514,356,337,-1.4829541995614783,8.4939971521353,1.0,8.4939971521353,5.526053255174431,3.231711775402207,0.8589509672299498,-1.4764491844657426,-1.5800067417913153,8.708048590781745,1.0,8.708048590781743,5.654609509531258,3.2865567627635413,0.8443946175387422,-1.568539467376139
d3|dermamnist_fm_dinov2_vitb14_s42_std,dermamnist_fm_dinov2_vitb14_s42_std,dermamnist,fm_dinov2_vitb14,FM,1,ok,3493,337,356,-1.2314168097775362,9.088426437873466,1.0,8.86462526287917,6.316754702041575,3.7459953985456553,1.3048187952052315,-1.2314168097775378,-1.223950460481474,9.179547983836168,1.0,8.956464316928287,6.358084749139221,3.7533814940076837,1.2998444932601845,-1.2239504604814742
d3|camelyon_dinov2_vitl14_s42,camelyon_dinov2_vitl14_s42,camelyon,dinov2_vitl14,FM,0,ok,97099,11021,22539,1.1352820888043191,-2.5260586023974456,0.0,-2.4144691352634835,-1.254802863887443,-0.25580265291903254,0.5152757883083846,1.2534341928262613,1.153971582998427,-2.206040068605043,0.0,-2.1156885353168535,-1.0484347072673992,-0.1319131195243006,0.5831795696566006,1.2617605490697823
d3|camelyon_dinov2_vitl14_s42,camelyon_dinov2_vitl14_s42,camelyon,dinov2_vitl14,FM,1,ok,205337,22539,11021,0.8797958759357581,27.201634835295653,1.0,27.067698540330895,22.019352446265557,16.387320482156987,9.728475172072358,0.917625662055948,0.8090656698548893,28.899007654211886,1.0,28.809731331218575,23.351587135639843,17.312550684325206,10.223808989790744,0.8623197464110407
d3|breakhis_fm_virchow2_s42_std_r3,breakhis_fm_virchow2_s42_std_r3,breakhis,fm_virchow2,FM,0,ok,2086,560,591,0.6526179975909413,25.459932449825192,1.0,24.953198011817157,16.825647760924095,10.854203592590558,5.784591988555535,0.6526179975909419,0.4040037606674429,30.867811081217404,1.0,30.26488432627754,19.29281299454227,12.102395237230997,6.285030279342456,0.4040037606674427
d3|breakhis_fm_virchow2_s42_std_r3,breakhis_fm_virchow2_s42_std_r3,breakhis,fm_virchow2,FM,1,ok,2056,591,560,-2.09341696179506,23.844041431898976,1.0,23.844041431898976,16.21089834134093,10.152482544959991,4.54977023502947,-2.0554778160575067,-1.7367010680289752,27.77759341707566,1.0,27.77759341707566,18.23405063300577,11.372783413466674,5.310479255084528,-1.7228180960777582
d3|kermany_resnet18_s43_std,kermany_resnet18_s43_std,kermany,resnet18,CNN,0,ok,33699,335,324,-25.63146201162429,2.511114890104322,1.0,2.511114890104322,-1.391490189384732,-5.875802496452415,-12.207921079732737,-25.321220837374334,-19.464466239899608,5.940251238911674,1.0,5.940251238911676,0.3694502351974566,-4.561685607282173,-10.166094044988547,-19.21584698190549
d3|kermany_resnet18_s43_std,kermany_resnet18_s43_std,kermany,resnet18,CNN,1,ok,33682,324,335,-15.594111391170877,1.577572112305485,1.0,1.5175606093342702,-2.774874921856944,-6.860466254930032,-10.963119249736275,-15.594111391170877,-18.7788811837748,7.910793247475026,1.0,7.778717962313282,1.5669948686639925,-3.737007449437142,-9.657619535029403,-18.7788811837748
d3|isic2019_fm_dinov2_vitl14_s42_std,isic2019_fm_dinov2_vitl14_s42_std,isic2019,fm_dinov2_vitl14,FM,0,ok,8936,1483,1421,-7.2504088974585015,16.09594541476369,1.0,16.09594541476369,10.028074468816087,4.40668787065203,-1.1381858788798787,-7.082135514962862,-7.8357454158374455,16.26427897792037,1.0,16.26427897792037,10.015131041434492,4.234637262332988,-1.480031491734826,-7.655757645792043
d3|isic2019_fm_dinov2_vitl14_s42_std,isic2019_fm_dinov2_vitl14_s42_std,isic2019,fm_dinov2_vitl14,FM,1,ok,8948,1421,1483,-7.367874821939014,16.41685339103216,1.0,16.128163160539675,9.759136386844881,4.048360781969767,-1.4151353977486005,-7.367874821939017,-7.678314067403934,16.63512815209991,1.0,16.34102145621416,9.74036286807977,3.8820544680697484,-1.673535385810569,-7.678314067403934
d3|dermamnist_fm_virchow2_s42_std,dermamnist_fm_virchow2_s42_std,dermamnist,fm_virchow2,FM,0,ok,3514,356,337,1.9215192671704042,13.532826469860009,1.0,13.53282646986001,10.107593162997524,7.123594984890721,4.489332847334289,1.8494767922415007,1.8543416432013982,13.396638508138267,1.0,13.396638508138267,10.027755832257425,7.075833785951756,4.436145952504858,1.7816334461815475
d3|dermamnist_fm_virchow2_s42_std,dermamnist_fm_virchow2_s42_std,dermamnist,fm_virchow2,FM,1,ok,3493,337,356,3.4456292340803363,13.334252759932843,1.0,12.968068263433738,10.048025420133547,7.627576874086714,5.432292050614981,3.4456292340803363,3.4615768976932886,12.98966427401199,1.0,12.63402088597139,9.836046834030242,7.50678337377526,5.376749349262898,3.4615768976932886
d3|breakhis_resnet18_s43_std_r4,breakhis_resnet18_s43_std_r4,breakhis,resnet18,CNN,0,ok,2132,558,622,1.4627736675759733,23.683516810626426,1.0,22.622422318452053,16.393461724841618,11.167752303419796,6.412199948016767,1.4627736675759733,-0.32813508109991857,12.543842846086918,1.0,11.931712509913154,9.63197204755073,7.07787188095261,4.14274775037532,-0.32813508109992
d3|breakhis_resnet18_s43_std_r4,breakhis_resnet18_s43_std_r4,breakhis,resnet18,CNN,1,ok,2114,622,558,1.6753800378727794,18.88119140600046,1.0,18.881191406000465,13.943448478163372,9.688089656902164,5.665534335143588,1.6552960171503233,-2.6838465368616977,11.759232789393993,1.0,11.759232789393996,8.830639930303938,5.676857921301599,2.0536424045746013,-2.54975467095515
d3|camelyon_regnet_y_3_2gf_s42,camelyon_regnet_y_3_2gf_s42,camelyon,regnet_y_3_2gf,CNN,0,ok,97099,11021,22539,1.8444904348847195,89.97267548253895,1.0,90.12539715403629,63.055788602417145,43.18114203176772,24.963040607496524,1.8242863133770677,0.8542871637765684,56.706362026220404,1.0,56.71390468703491,44.98912495401919,33.79821996157251,21.71642647149757,0.8840653801062044
d3|camelyon_regnet_y_3_2gf_s42,camelyon_regnet_y_3_2gf_s42,camelyon,regnet_y_3_2gf,CNN,1,ok,205337,22539,11021,1.2045876350927742,75.22269969340714,1.0,75.59609753300651,54.349005036354704,37.22048342857773,20.8418256855926,0.7916984816260111,0.8385332324962408,10.573383662662456,1.0,10.522328364850607,8.562597667748692,6.379998088559217,3.8249880592046117,0.835517820162108
d3|breakhis_fm_dinov2_vitl14_s42_std_r2,breakhis_fm_dinov2_vitl14_s42_std_r2,breakhis,fm_dinov2_vitl14,FM,0,ok,1951,558,529,-0.5490423393335451,6.944370347889092,1.0,6.944370347889092,5.604424398731416,4.250896455122144,2.2949542685971593,-0.5260510157875887,-0.5469869968000018,7.021925569289752,1.0,7.021925569289752,5.657842843623,4.2780105957613985,2.3047942280512292,-0.5249235330808761
d3|breakhis_fm_dinov2_vitl14_s42_std_r2,breakhis_fm_dinov2_vitl14_s42_std_r2,breakhis,fm_dinov2_vitl14,FM,1,ok,1963,529,558,1.55137220752482,7.049690560923075,1.0,6.946427883935947,5.066200805793312,3.6565697764071126,2.548540363065074,1.55137220752482,1.5778816048121365,7.057241325687421,1.0,6.9539544297894365,5.080227874788207,3.6735920107649633,2.5696015382797914,1.5778816048121365
d3|breakhis_regnet_y_3_2gf_s42_std_r4,breakhis_regnet_y_3_2gf_s42_std_r4,breakhis,regnet_y_3_2gf,CNN,0,ok,2132,558,622,0.4345438419798437,28.716492127877622,1.0,27.602170617926635,18.737302334600045,12.228300948831238,6.641174289985621,0.43454384197984425,-1.1779336515331058,18.387242918131438,1.0,17.651673949924753,13.019474582105811,8.698712732756022,4.317567143067097,-1.1779336515331065
d3|breakhis_regnet_y_3_2gf_s42_std_r4,breakhis_regnet_y_3_2gf_s42_std_r4,breakhis,regnet_y_3_2gf,CNN,1,ok,2114,622,558,1.2659517348663052,26.36976381337066,1.0,26.36976381337066,18.038151641273032,11.924346728200879,6.697827449063775,1.247946253855082,-0.12828649683985527,12.86955282941849,1.0,12.86955282941849,9.70647017424284,6.61819419404871,3.5867317590760375,-0.09175253319934923
d3|breakhis_fm_virchow2_s42_std_r2,breakhis_fm_virchow2_s42_std_r2,breakhis,fm_virchow2,FM,0,ok,1951,558,529,-1.181883564957027,25.27522348842618,1.0,25.27522348842618,16.942214285084923,10.747300086540049,5.069840729926924,-1.2070024908644807,-1.0855301067481815,30.859269514417942,1.0,30.859269514417942,19.393239129270313,11.980473459953062,5.6513327157461655,-1.0980517667464482
d3|breakhis_fm_virchow2_s42_std_r2,breakhis_fm_virchow2_s42_std_r2,breakhis,fm_virchow2,FM,1,ok,1963,529,558,-0.8535460540085755,27.1126644829497,1.0,26.635755229656024,17.26668271650971,10.79545320913908,5.135625019196268,-0.8535460540085755,-0.6472550625706716,33.77653747201442,1.0,33.21048383075127,20.098326294355203,12.358950131194122,6.019594321540285,-0.6472550625706718
d3|breakhis_regnet_y_3_2gf_s42_std_r2,breakhis_regnet_y_3_2gf_s42_std_r2,breakhis,regnet_y_3_2gf,CNN,0,ok,1951,558,529,2.2368602184698347,26.375849871175152,1.0,26.375849871175152,18.462693360859262,12.59534545939275,7.5183398384113245,2.221804974409765,1.5942335699592025,13.7928412113299,1.0,13.792841211329906,10.785654458315639,7.954858340475465,4.955584817013775,1.575980043683669
d3|breakhis_regnet_y_3_2gf_s42_std_r2,breakhis_regnet_y_3_2gf_s42_std_r2,breakhis,regnet_y_3_2gf,CNN,1,ok,1963,529,558,0.09166325570672247,26.375853097573245,1.0,25.843011404164603,17.22062804626526,10.902769112775593,5.5539418986911775,0.09166325570672282,-0.13318579189532095,21.018636255716533,1.0,20.644020644051825,14.578580300367507,9.56748809103264,4.805023268506544,-0.13318579189532095
d3|camelyon_uni_s42,camelyon_uni_s42,camelyon,uni,FM,0,ok,97099,11021,22539,0.8631252845306844,109.75155700220616,1.0,109.53370500083683,72.1299756900073,48.050277003935186,27.488089287608858,1.0568346179106627,0.7744638007196069,112.20512673220607,1.0,111.97517374414649,73.32736050994316,48.81750501685444,28.02311201013153,0.9670674661811787
d3|camelyon_uni_s42,camelyon_uni_s42,camelyon,uni,FM,1,ok,205337,22539,11021,0.4762773979298887,107.69462946858307,1.0,107.8612972920677,71.75353256864464,48.21947422717498,27.798827252299557,0.3393050123515042,0.4566283342910223,112.03171653432992,1.0,112.20859044278559,73.49762470024626,49.07264697816719,28.197255419776912,0.3275138805270263
d3|camelyon_convnext_tiny_s42,camelyon_convnext_tiny_s42,camelyon,convnext_tiny,CNN,0,ok,97099,11021,22539,0.8373230135380558,22.57630022380085,1.0,22.55871240517553,17.92984542120459,12.823172507722541,7.237984784963272,0.6677446020465257,2.1435691807286554,72.40476831857052,1.0,72.29334118548242,55.16286176638102,40.522945433579075,25.746782260527148,2.004974922619132
d3|camelyon_convnext_tiny_s42,camelyon_convnext_tiny_s42,camelyon,convnext_tiny,CNN,1,ok,205337,22539,11021,0.6901145394992635,51.49161945397209,1.0,51.55241662777523,38.29954761296041,26.25407253367996,14.15208078743602,0.5759203546163864,0.6756457770146356,28.540183337830054,1.0,28.465237307877583,23.443734336272236,17.907458031701882,11.10937089081495,0.4717504421353251
d3|dermamnist_fm_dinov2_vitl14_s42_std,dermamnist_fm_dinov2_vitl14_s42_std,dermamnist,fm_dinov2_vitl14,FM,0,ok,3514,356,337,-1.6073377948392682,6.645274272050467,1.0,6.645274272050466,4.40422317895555,2.221768360565398,0.2891587103304952,-1.5682123511830637,-1.838422962687975,6.798237338939649,1.0,6.798237338939649,4.44670127720315,2.176238312751292,0.15699027857280426,-1.7945812992385926
d3|dermamnist_fm_dinov2_vitl14_s42_std,dermamnist_fm_dinov2_vitl14_s42_std,dermamnist,fm_dinov2_vitl14,FM,1,ok,3493,337,356,-2.6838504603497224,8.27948213242666,1.0,8.018003124152877,5.295179235930813,2.700575577406488,0.12026525145473478,-2.6838504603497224,-2.751504656030274,8.343252808302259,1.0,8.082744207211118,5.267616053725587,2.6235360367151497,0.03332925286539305,-2.751504656030274
d3|breakhis_efficientnet_v2_s_s42_std_r2,breakhis_efficientnet_v2_s_s42_std_r2,breakhis,efficientnet_v2_s,CNN,0,ok,1951,558,529,6.0624487830557925,17.950129480194597,1.0,17.950129480194597,14.53252528825888,11.526767085762804,8.595077360389967,5.932433864240457,4.066368446555386,16.493801098959903,1.0,16.493801098959903,13.077189378313141,10.06970006255422,6.95937605377767,3.9632133262723714
d3|breakhis_efficientnet_v2_s_s42_std_r2,breakhis_efficientnet_v2_s_s42_std_r2,breakhis,efficientnet_v2_s,CNN,1,ok,1963,529,558,2.8729888172421254,17.459823298692058,1.0,17.105896118044242,12.793293047399459,9.16619039139824,5.9377142549864566,2.8729888172421254,1.4148476655523592,20.32403130394716,1.0,19.93027699222,14.252939068738257,9.59389816706966,5.419693433603515,1.4148476655523592
d3|breakhis_effb3_s42_std_r0,breakhis_effb3_s42_std_r0,breakhis,effb3,CNN,0,ok,1831,513,504,4.8042852889090435,17.215150087637216,1.0,17.215150087637216,13.775777938744575,10.652557611715135,7.648128672074372,4.765341588623108,2.675838295405997,14.691792283351575,1.0,14.691792283351575,11.849501592139854,9.01856634677715,5.979620109012327,2.6513310862088253
d3|breakhis_effb3_s42_std_r0,breakhis_effb3_s42_std_r0,breakhis,effb3,CNN,1,ok,1830,504,513,4.039339551001258,20.607999650948646,1.0,20.445582837551846,15.769376927186986,11.67450834443005,7.9199632098904065,4.039339551001258,1.52521366124067,19.403790315516133,1.0,19.270919924042325,14.120471127270234,9.794116715418097,5.764362892465049,1.5252136612406688
d3|breakhis_convnext_tiny_s43_std_r0,breakhis_convnext_tiny_s43_std_r0,breakhis,convnext_tiny,CNN,0,ok,1831,513,504,5.31983107257625,13.431177617700907,1.0,13.431177617700907,11.234878758500486,9.280199945134598,7.209655174830586,5.285509921459001,2.2582186020872563,10.51514126857284,1.0,10.51514126857284,8.633226573160275,6.734360135131936,4.6978300827961865,2.270031400415885
d3|breakhis_convnext_tiny_s43_std_r0,breakhis_convnext_tiny_s43_std_r0,breakhis,convnext_tiny,CNN,1,ok,1830,504,513,4.057781608632712,16.910106082725168,1.0,16.78756226846706,13.234339874882584,10.085564390670594,7.067226263856951,4.057781608632712,2.2274025119049106,11.152139531138687,1.0,11.072586335207788,8.814242695010655,6.703413778151023,4.530191422402217,2.22740251190491
d3|breakhis_densenet121_s42_std_r4,breakhis_densenet121_s42_std_r4,breakhis,densenet121,CNN,0,ok,2132,558,622,0.6226064559756814,26.290639351445233,1.0,25.127217505820536,17.488762858226263,11.65911190911146,6.347063641734994,0.6226064559756809,0.016339817493540344,19.940162535072446,1.0,18.944137381081617,14.238715551496826,9.962688598321957,5.482302521864981,0.01633981749354014
d3|breakhis_densenet121_s42_std_r4,breakhis_densenet121_s42_std_r4,breakhis,densenet121,CNN,1,ok,2114,622,558,2.85809440490454,21.808790078294738,1.0,21.808790078294734,16.083129936416682,11.421336202656237,7.078296311547141,2.68882299584006,-0.35193507607688895,12.951685073468438,1.0,12.951685073468438,9.872423078449128,6.836009965466628,3.51834597394924,-0.39173915784344904
d3|breakhis_resnet50_s43_std_r2,breakhis_resnet50_s43_std_r2,breakhis,resnet50,CNN,0,ok,1951,558,529,3.7453924548647457,23.255441317073895,1.0,23.255441317073895,17.27539562728863,12.474973568256052,8.125507364520852,3.649851194915324,1.0261879825934752,13.104044142777687,1.0,13.104044142777688,10.96374958289006,8.489891886182514,5.562373179627292,0.9777167839885079
d3|breakhis_resnet50_s43_std_r2,breakhis_resnet50_s43_std_r2,breakhis,resnet50,CNN,1,ok,1963,529,558,2.848729392933826,21.65644927854074,1.0,21.16830060044002,16.044402265891573,11.594315828116855,7.366727411117629,2.848729392933826,1.341323396595792,15.746266633753226,1.0,15.368013518443426,12.327896555761841,9.260672766083124,5.820244424065477,1.3413233965957914
d3|breakhis_convnext_tiny_s43_std_r4,breakhis_convnext_tiny_s43_std_r4,breakhis,convnext_tiny,CNN,0,ok,2132,558,622,1.5273041039647905,19.873480949988142,1.0,19.006132361359224,14.110343617444968,9.793290081383898,5.780479930394035,1.5273041039647899,0.4037822375757542,12.923394116612613,1.0,12.310023461134138,9.838267744601776,7.2165963669656445,4.108852542803707,0.4037822375757541
d3|breakhis_convnext_tiny_s43_std_r4,breakhis_convnext_tiny_s43_std_r4,breakhis,convnext_tiny,CNN,1,ok,2114,622,558,2.206208190975462,14.275489265889846,1.0,14.275489265889842,10.799927255858165,7.773459597744911,4.94659524594102,2.1234626269487444,-0.2031505440379544,10.135697858531387,1.0,10.135697858531387,7.82661681177657,5.400310277007714,2.7533513763236965,-0.22646443645083916
d3|breakhis_convnext_tiny_s42_std_r4,breakhis_convnext_tiny_s42_std_r4,breakhis,convnext_tiny,CNN,0,ok,2132,558,622,2.0635030086923183,18.834975952982255,1.0,17.99434157031164,13.436805284589804,9.463608875385127,5.785028961421398,2.0635030086923183,0.42046491374630485,17.634604708487544,1.0,16.75251957108304,12.892785458899082,9.142015997702554,5.303157026748746,0.4204649137463056
d3|breakhis_convnext_tiny_s42_std_r4,breakhis_convnext_tiny_s42_std_r4,breakhis,convnext_tiny,CNN,1,ok,2114,622,558,2.7940788174432902,15.876618048230721,1.0,15.876618048230721,12.202450729152764,8.864172548983712,5.89352734182955,2.671072123829201,0.8074089411623394,14.210492643109578,1.0,14.210492643109578,10.838944042568091,7.654587938677834,4.427620014197575,0.7947674187132923
d3|breakhis_convnext_tiny_s42_std_r0,breakhis_convnext_tiny_s42_std_r0,breakhis,convnext_tiny,CNN,0,ok,1831,513,504,5.49157185754432,13.919964523195597,1.0,13.919964523195596,11.789233007025873,9.746293961666144,7.5883615827676385,5.47071203495245,2.926814156546817,11.232794164909032,1.0,11.232794164909032,9.517392832819095,7.659825234309564,5.3717488173545735,2.907804532095939
d3|breakhis_convnext_tiny_s42_std_r0,breakhis_convnext_tiny_s42_std_r0,breakhis,convnext_tiny,CNN,1,ok,1830,504,513,4.3725551431743295,18.13875116720648,1.0,18.010061464867047,14.19308823672082,10.696349686981389,7.475210075179116,4.3725551431743295,2.1298825828307595,13.573104526036186,1.0,13.473003226476273,10.623832874940375,7.784751163548343,4.976415230563753,2.129882582830758
d3|isic2019_resnet18_s43_std,isic2019_resnet18_s43_std,isic2019,resnet18,CNN,0,ok,8936,1483,1421,-4.6860418888212205,27.02094425270733,1.0,27.020944252707324,17.532508142054095,9.835337605827906,2.6893126640996297,-4.54125695871481,-6.935295574060742,14.840776397384497,1.0,14.840776397384497,9.593649717738955,4.359253107020103,-0.8414534580831727,-6.735511461935536
d3|isic2019_resnet18_s43_std,isic2019_resnet18_s43_std,isic2019,resnet18,CNN,1,ok,8948,1421,1483,-3.5636217693525625,28.746434220901065,1.0,28.222723062773916,18.487099837492426,10.676619204065254,3.4505951071841294,-3.5636217693525625,-8.342191766281154,14.553847226489916,1.0,14.309809452749302,9.68278429279355,4.665874119437633,-1.177108245180005,-8.34219176628115
d3|breakhis_resnet18_s42_std_r3,breakhis_resnet18_s42_std_r3,breakhis,resnet18,CNN,0,ok,2086,560,591,0.9342037430352679,19.131608853966906,1.0,18.7391621733315,13.453939178767842,9.073343031884464,4.981163395613822,0.9342037430352679,0.09775230167611744,14.149756544717729,1.0,13.789318002843839,10.672730451848063,7.6201346401171834,4.242574285351617,0.09775230167611795
d3|breakhis_resnet18_s42_std_r3,breakhis_resnet18_s42_std_r3,breakhis,resnet18,CNN,1,ok,2056,591,560,1.5432536533955652,16.6839161521139,1.0,16.683916152113902,12.688212602522423,9.140006633749815,5.545288188298798,1.4649392809635804,-0.6862377603685921,12.525098175796588,1.0,12.525098175796591,9.536258143485123,6.585259730311787,3.2350930620049443,-0.6637402675703332
d3|isic2019_fm_conch_v1_5_s42_std,isic2019_fm_conch_v1_5_s42_std,isic2019,fm_conch_v1_5,FM,0,ok,8936,1483,1421,-10.263489821954977,15.01025691195673,1.0,15.010256911956729,7.886437721278787,1.5777834852268282,-4.279173039964848,-10.03341252190856,-10.253180703207219,15.013791694416772,1.0,15.013791694416772,7.893354767773631,1.5861926489319087,-4.269371153568801,-10.02348127612092
d3|isic2019_fm_conch_v1_5_s42_std,isic2019_fm_conch_v1_5_s42_std,isic2019,fm_conch_v1_5,FM,1,ok,8948,1421,1483,-9.76857274952158,16.94115801424771,1.0,16.59952032560664,8.99618276464664,2.4660959723060056,-3.651462727419185,-9.768572749521581,-9.763504512973123,16.938557169639292,1.0,16.59690005291785,8.997875504078515,2.4697792973526074,-3.646512142471634,-9.763504512973123
d3|breakhis_resnet18_s42_std_r0,breakhis_resnet18_s42_std_r0,breakhis,resnet18,CNN,0,ok,1831,513,504,3.2624772486811673,17.97928996040048,1.0,17.97928996040048,14.138806160903162,10.668127946737473,7.058523557639415,3.246376467038445,1.3995761563138103,9.793592657898687,1.0,9.793592657898687,8.25397302684856,6.55116169335446,4.356336174549023,1.433050223431913
d3|breakhis_resnet18_s42_std_r0,breakhis_resnet18_s42_std_r0,breakhis,resnet18,CNN,1,ok,1830,504,513,3.6646941668066004,21.952176809638395,1.0,21.780892873032226,16.283330876844687,11.749480850485577,7.712928921363763,3.6646941668066004,0.9164247556363095,12.472008180949988,1.0,12.38831336493102,9.966919979088368,7.416218220298171,4.524246150194219,0.9164247556363092
d3|breakhis_effb3_s42_std_r4,breakhis_effb3_s42_std_r4,breakhis,effb3,CNN,0,ok,2132,558,622,2.176757747478094,24.386073562848583,1.0,23.413995792507265,16.64372928124497,11.341894173028418,6.658741441379834,2.176757747478094,0.40311140713972576,20.26581858459175,1.0,19.3674557236232,14.388068911802213,9.865971551896099,5.390890397961845,0.4031114071397253
d3|breakhis_effb3_s42_std_r4,breakhis_effb3_s42_std_r4,breakhis,effb3,CNN,1,ok,2114,622,558,3.858013005583652,18.47840318362822,1.0,18.47840318362822,14.323674890112478,10.71564802919196,7.175149856187361,3.7140867503769073,-0.11284871504323413,12.838423845850148,1.0,12.838423845850148,9.695472073459879,6.763265642954324,3.4415805925561362,-0.1251639131493494
d3|isic2019_convnext_tiny_s42_std,isic2019_convnext_tiny_s42_std,isic2019,convnext_tiny,CNN,0,ok,8936,1483,1421,-2.402868164782198,39.72057977856328,1.0,39.72057977856328,24.89168060338761,14.65336133774273,6.044642957250335,-2.3315589788765414,-2.4198320966279017,21.171984341400343,1.0,21.171984341400343,14.81139570511969,9.018316698880533,3.362080413677881,-2.339675524405315
d3|isic2019_convnext_tiny_s42_std,isic2019_convnext_tiny_s42_std,isic2019,convnext_tiny,CNN,1,ok,8948,1421,1483,-1.7871994228244932,41.02174134505526,1.0,40.269531582350595,25.7233321500662,15.576675427290564,6.927106018854294,-1.7871994228244927,-2.191983018094602,23.238136255871304,1.0,22.785421282344963,16.12798143797398,10.048404302367985,4.19197216232099,-2.191983018094603
d3|breakhis_resnet50_s42_std_r4,breakhis_resnet50_s42_std_r4,breakhis,resnet50,CNN,0,ok,2132,558,622,0.9840977768646492,24.6484305772685,1.0,23.54288107346557,16.87346755368919,11.43415518623687,6.477635590214374,0.984097776864649,-0.529668446456859,19.793426061927473,1.0,18.78801881972548,14.249115003690424,9.985037779528412,5.555465716102609,-0.5296684464568574
d3|breakhis_resnet50_s42_std_r4,breakhis_resnet50_s42_std_r4,breakhis,resnet50,CNN,1,ok,2114,622,558,3.9191800328290545,21.225252185639405,1.0,21.225252185639405,15.994526226998426,11.759913178011375,7.866168016326601,3.693528691317622,0.6232399880153755,16.4447445494747,1.0,16.4447445494747,12.41590152285042,8.75654026943292,5.034069560620087,0.5483972839279933
d3|kermany_efficientnet_v2_s_s42_std,kermany_efficientnet_v2_s_s42_std,kermany,efficientnet_v2_s,CNN,0,ok,33699,335,324,-19.842143684946656,4.485274223967831,1.0,4.485274223967834,-0.15494504692808228,-4.711930877470772,-10.275759386938162,-19.63782134740814,-26.604230328257728,7.209830647629462,1.0,7.209830647629462,2.3602567866818798,-2.797452656890142,-9.731066647922537,-26.250587416129942
d3|kermany_efficientnet_v2_s_s42_std,kermany_efficientnet_v2_s_s42_std,kermany,efficientnet_v2_s,CNN,1,ok,33682,324,335,-18.139286976945613,3.2127103582934846,1.0,3.1677543768410295,-0.9521577721499592,-5.235027656335503,-10.473834827411592,-18.139286976945613,-22.69493893459021,7.208101644836262,1.0,7.095430153932861,1.4096211138788914,-3.8372261234090517,-10.425885745247953,-22.69493893459021
d3|breakhis_fm_conch_v1_5_s42_std_r1,breakhis_fm_conch_v1_5_s42_std_r1,breakhis,fm_conch_v1_5,FM,0,ok,1938,539,543,0.9141105699958595,14.537825091422624,1.0,14.494734346349059,10.397189271528815,6.949313365019816,3.7540599511001447,0.9141105699958598,0.9135928107854437,14.579132348067583,1.0,14.53596696210711,10.422941040107782,6.964544814769555,3.7611410327111248,0.9135928107854434
d3|breakhis_fm_conch_v1_5_s42_std_r1,breakhis_fm_conch_v1_5_s42_std_r1,breakhis,fm_conch_v1_5,FM,1,ok,1959,543,539,-0.12344932141526024,21.15107078035547,1.0,21.15107078035547,15.149944260328079,9.96983048386412,5.153155065490994,-0.13582469819607154,-0.12191879856808738,21.18179774887962,1.0,21.181797748879617,15.168565644897553,9.981119526482566,5.159300641211981,-0.13431421938840774
d3|breakhis_mobilenet_v3_large_s42_std_r2,breakhis_mobilenet_v3_large_s42_std_r2,breakhis,mobilenet_v3_large,CNN,0,ok,1951,558,529,1.2803640233791285,22.54818675897993,1.0,22.54818675897993,16.226890978751683,11.00938480617449,6.155038935375948,1.2507563697050068,-0.3758634300232637,14.713095824938192,1.0,14.713095824938192,10.905357952982719,7.294864442999194,3.5424823536692607,-0.36838558860698534
d3|breakhis_mobilenet_v3_large_s42_std_r2,breakhis_mobilenet_v3_large_s42_std_r2,breakhis,mobilenet_v3_large,CNN,1,ok,1963,529,558,0.5410781038488405,19.612073179291087,1.0,19.195945065280437,13.370357788575513,8.867711134497108,4.566522597651005,0.5410781038488413,-1.1385632760814135,14.270993354121458,1.0,13.944918550053677,10.348300474208521,6.960282092227431,3.247310717658036,-1.1385632760814135
d3|camelyon_conch_v1_5_s44,camelyon_conch_v1_5_s44,camelyon,conch_v1_5,FM,0,ok,186847,20577,12983,0.6839497894119557,46.28652378795642,1.0,46.272119740567796,36.30876220962509,26.407464412426453,15.357310868998695,0.8126437258436487,0.6853736689782427,46.348221400671164,1.0,46.33322419477303,36.353604622067955,26.439187034520305,15.376552951796123,0.8135498822292859
d3|camelyon_conch_v1_5_s44,camelyon_conch_v1_5_s44,camelyon,conch_v1_5,FM,1,ok,115589,12983,20577,0.9537446793755112,54.87908899535246,1.0,54.82973659779866,42.27648029049988,30.41062811581686,17.833869903974826,0.8248388045744085,0.9516030770027344,54.94249485462193,1.0,54.89357306381728,42.32134075573464,30.441782264146674,17.852480498533588,0.8226086754755232
d3|breakhis_fm_conch_v1_5_s42_std_r2,breakhis_fm_conch_v1_5_s42_std_r2,breakhis,fm_conch_v1_5,FM,0,ok,1951,558,529,-0.8087438526213454,16.62217967002489,1.0,16.62217967002489,11.989503154218458,7.840221720401318,3.7435464876214324,-0.7566484038814342,-0.808456598043594,16.64592221044136,1.0,16.64592221044136,12.004841654390672,7.849913854679279,3.7486208402591683,-0.7562671280580366
d3|breakhis_fm_conch_v1_5_s42_std_r2,breakhis_fm_conch_v1_5_s42_std_r2,breakhis,fm_conch_v1_5,FM,1,ok,1963,529,558,-0.09361428489579325,17.415893727070948,1.0,17.054122065279465,12.179756170901355,7.940280169471696,3.8409012623696834,-0.09361428489579314,-0.09310046196376799,17.462323190592144,1.0,17.099625998232593,12.20867273597108,7.958414266430838,3.8505492614953596,-0.0931004619637685
d3|dermamnist_convnext_tiny_s43_std,dermamnist_convnext_tiny_s43_std,dermamnist,convnext_tiny,CNN,0,ok,3514,356,337,4.611921938734912,22.021164769374664,1.0,22.021164769374664,15.98621921584695,11.624825407208364,7.8787205740731405,4.504250618708366,-3.6092215251163213,8.622036997935918,1.0,8.622036997935918,5.41282220198568,2.538535164231389,-0.42097199763189425,-3.465967993743149
d3|dermamnist_convnext_tiny_s43_std,dermamnist_convnext_tiny_s43_std,dermamnist,convnext_tiny,CNN,1,ok,3493,337,356,4.860117670648906,22.598762785894042,1.0,22.050162133821356,16.16598605295917,11.802511881939118,8.205449534207906,4.860117670648906,-4.166533631084005,8.02777090348141,1.0,7.810625758568844,5.004895553533786,2.1200240667237424,-0.7781625149167649,-4.166533631084005
d3|breakhis_fm_dinov2_vitb14_s42_std_r3,breakhis_fm_dinov2_vitb14_s42_std_r3,breakhis,fm_dinov2_vitb14,FM,0,ok,2086,560,591,0.5949154958653393,11.025265678892893,1.0,10.72907918635169,8.411725800896926,6.0269033011629745,3.4898012338087456,0.5949154958653393,0.6215894255819578,11.229921531848902,1.0,10.93008341617468,8.548416580095733,6.108009199139327,3.532751116358586,0.6215894255819576
d3|breakhis_fm_dinov2_vitb14_s42_std_r3,breakhis_fm_dinov2_vitb14_s42_std_r3,breakhis,fm_dinov2_vitb14,FM,1,ok,2056,591,560,-1.461323095504922,5.120417755619696,1.0,5.1204177556196955,3.3946322324462592,1.7814486927015445,0.15126972318127005,-1.4416499742095683,-1.4544381370371593,5.338897343402903,1.0,5.338897343402903,3.56698425889521,1.8991479134235505,0.21459763784247352,-1.4370183156806808
d3|breakhis_densenet121_s42_std_r0,breakhis_densenet121_s42_std_r0,breakhis,densenet121,CNN,0,ok,1831,513,504,3.2117401123122398,20.772437760664385,1.0,20.772437760664385,15.855355589790618,11.568217602724468,7.528175854365271,3.2068358557624896,1.3990804918480826,11.481930832825537,1.0,11.481930832825533,9.435528395808639,7.266343784912841,4.776202376468051,1.4004873310183783
d3|breakhis_densenet121_s42_std_r0,breakhis_densenet121_s42_std_r0,breakhis,densenet121,CNN,1,ok,1830,504,513,4.181854000165592,24.557905070827363,1.0,24.380219423195904,17.996573626071378,12.842946674738453,8.607830870172686,4.1818540001655915,1.2467535666465244,15.904476265715507,1.0,15.794515834493405,12.155102139280576,8.748972049258137,5.2027020240400335,1.2467535666465246
d3|breakhis_resnet50_s42_std_r2,breakhis_resnet50_s42_std_r2,breakhis,resnet50,CNN,0,ok,1951,558,529,2.7085197377868218,21.548990607473243,1.0,21.548990607473243,16.10577892703358,11.521293567636988,7.1817238473161,2.659560468291806,0.04841274745165327,14.247219718155474,1.0,14.247219718155474,11.388437683443891,8.501138834660184,5.053598166376705,0.03964609519999708
d3|breakhis_resnet50_s42_std_r2,breakhis_resnet50_s42_std_r2,breakhis,resnet50,CNN,1,ok,1963,529,558,2.391902801209734,21.409004504775268,1.0,20.94040107984959,15.587451288586726,11.19240515024391,6.863242738187347,2.391902801209734,1.1319331670398183,15.715694325117825,1.0,15.384497098835487,12.19617792739605,9.033655093068964,5.552007103717875,1.1319331670398178
d3|breakhis_fm_dinov2_vitl14_s42_std_r3,breakhis_fm_dinov2_vitl14_s42_std_r3,breakhis,fm_dinov2_vitl14,FM,0,ok,2086,560,591,1.1775961102495411,8.787907928991961,1.0,8.570703625310408,7.070244532711033,5.37707416042785,3.4370433999364662,1.177596110249541,1.2022061111804632,8.797291901770926,1.0,8.577526941061926,7.083749168254591,5.394327596836965,3.45652248605686,1.2022061111804625
d3|breakhis_fm_dinov2_vitl14_s42_std_r3,breakhis_fm_dinov2_vitl14_s42_std_r3,breakhis,fm_dinov2_vitl14,FM,1,ok,2056,591,560,-1.6894300507522417,5.05568577657045,1.0,5.05568577657045,3.366330855326086,1.5359058245035158,-0.17262211621233597,-1.6190081168351558,-1.7101589781615685,5.049933148555811,1.0,5.0499331485558105,3.3654375833987147,1.5360878776173985,-0.18288309667460584,-1.6390200222184803
d3|dermamnist_resnet50_s42_std,dermamnist_resnet50_s42_std,dermamnist,resnet50,CNN,0,ok,3514,356,337,1.619805773619195,10.467268811092486,1.0,10.467268811092483,7.965543063513895,5.643167386951319,3.597050242088279,1.605031034870137,-2.0620516425787803,7.297330796227667,1.0,7.297330796227664,5.131580983075288,2.879800406502541,0.5086643769242601,-2.008845209563704
d3|dermamnist_resnet50_s42_std,dermamnist_resnet50_s42_std,dermamnist,resnet50,CNN,1,ok,3493,337,356,1.5158797138136106,10.942931772567494,1.0,10.655629796195704,8.25097512879027,5.98815287858512,3.6146591089371536,1.515879713813611,-0.36484155247313366,6.089130916746485,1.0,5.973687897525037,4.636274428692323,3.192905284512705,1.3890405743919174,-0.36484155247313305
d3|isic2019_densenet121_s42_std,isic2019_densenet121_s42_std,isic2019,densenet121,CNN,0,ok,8936,1483,1421,-8.187464075366407,33.44994283211609,1.0,33.44994283211609,19.173160580484264,9.264608627264465,0.6708820205629382,-8.033684347598639,-3.2457669718343203,23.230456408918318,1.0,23.230456408918318,16.37121056260089,10.081491162414322,3.643392534980937,-3.1808824081725366
d3|isic2019_densenet121_s42_std,isic2019_densenet121_s42_std,isic2019,densenet121,CNN,1,ok,8948,1421,1483,-6.893493846485678,36.64327909484178,1.0,36.04168766803418,20.6928338423138,10.495393068186171,1.718759669958656,-6.893493846485676,-3.2797165102788144,24.731978917659262,1.0,24.2642099144506,17.248455926226477,10.751214996231345,4.1114056864283866,-3.2797165102788153
d3|camelyon_dinov2_vitb14_s42,camelyon_dinov2_vitb14_s42,camelyon,dinov2_vitb14,FM,0,ok,97099,11021,22539,1.5775980814142236,4.718600019096298,0.9996,4.7366109721508165,3.8257778267831024,3.080472595585164,2.3036071442657984,1.6797530353286891,1.5513386278070922,5.787676970155672,1.0,5.801046116350513,4.58669820464258,3.557126343560641,2.5269898478954276,1.6655763531467596
d3|camelyon_dinov2_vitb14_s42,camelyon_dinov2_vitb14_s42,camelyon,dinov2_vitb14,FM,1,ok,205337,22539,11021,0.815914477476887,37.34910319123517,1.0,37.38125691163705,29.46205325982826,21.19677942127888,12.083988357978457,0.7145376236262007,0.8364571260435325,39.74428262616686,1.0,39.72753847871208,31.206692079729432,22.406596576305873,12.76643525215841,0.7190451468328998
d3|breakhis_efficientnet_v2_s_s42_std_r1,breakhis_efficientnet_v2_s_s42_std_r1,breakhis,efficientnet_v2_s,CNN,0,ok,1938,539,543,5.249045066366091,19.260950446384168,1.0,19.18588177206086,15.140510556463838,11.517359280806634,8.18792497102118,5.249045066366091,3.8846225728151147,20.6514123285269,1.0,20.577774539173866,15.376530263880882,11.029765351415984,7.20439640504159,3.8846225728151147
d3|breakhis_efficientnet_v2_s_s42_std_r1,breakhis_efficientnet_v2_s_s42_std_r1,breakhis,efficientnet_v2_s,CNN,1,ok,1959,543,539,5.170228411736593,18.921874138902613,1.0,18.921874138902616,14.765069487764364,11.131441111107712,8.026636605109633,5.170396187569773,2.0702444575988106,19.346790527447464,1.0,19.346790527447464,14.55105410641408,10.273055277816573,6.288427359629832,2.0789926169209614
d3|breakhis_efficientnet_v2_s_s42_std_r3,breakhis_efficientnet_v2_s_s42_std_r3,breakhis,efficientnet_v2_s,CNN,0,ok,2086,560,591,4.453739318311083,14.967988928709646,1.0,14.625119858297946,11.939270134177198,9.174115055764311,6.724009966787634,4.453739318311082,2.868307898645373,18.10846034400013,1.0,17.74562576314848,13.484201468126464,9.525754142486495,6.065911241759569,2.868307898645372
d3|breakhis_efficientnet_v2_s_s42_std_r3,breakhis_efficientnet_v2_s_s42_std_r3,breakhis,efficientnet_v2_s,CNN,1,ok,2056,591,560,6.689511846860882,13.559365369228672,1.0,13.559365369228672,11.706913141961598,9.935296721318121,8.191317142340521,6.462658449541434,5.045473237158679,14.196529943724117,1.0,14.196529943724116,11.71860985947825,9.444433569315125,7.1421686732380545,4.901102538775946
d3|camelyon_densenet121_s42,camelyon_densenet121_s42,camelyon,densenet121,CNN,0,ok,97099,11021,22539,2.208657618041832,57.41703551547831,1.0,57.31743646016218,45.645094695318505,34.39683970311433,22.140899700174685,2.206020494969684,-1.300021020227578,44.46544789966949,1.0,44.66389816010042,36.588711754110896,28.099446145377566,18.22866391800089,-1.1933973003532914
d3|camelyon_densenet121_s42,camelyon_densenet121_s42,camelyon,densenet121,CNN,1,ok,205337,22539,11021,1.4303123702774403,40.30010268705377,1.0,40.4470601743174,31.955118110655846,23.322495757218555,13.733074452608493,1.6661711851689731,0.06313266654549989,31.5866938654946,1.0,32.01257095184088,26.536154127366146,20.811265908470805,13.356096082534018,0.13335143216621764
d3|dermamnist_resnet50_s43_std,dermamnist_resnet50_s43_std,dermamnist,resnet50,CNN,0,ok,3514,356,337,4.189725818877121,11.662737861969145,1.0,11.662737861969145,9.368067550773539,7.440627437346762,5.638698874813183,4.115354261010816,3.281886846493458,12.65944417075806,1.0,12.65944417075806,9.944482893698348,7.608416588323781,5.303634320086169,3.231779481347676
d3|dermamnist_resnet50_s43_std,dermamnist_resnet50_s43_std,dermamnist,resnet50,CNN,1,ok,3493,337,356,2.2050399728735046,13.039956671943983,1.0,12.69784677559726,9.726013823282072,7.014245697606838,4.547235295118596,2.2050399728735037,2.747026685969163,11.861598292294934,1.0,11.563438667663604,9.229751025011394,6.896913308812758,4.798406666976771,2.747026685969163
d3|camelyon_mobilenet_v3_large_s42,camelyon_mobilenet_v3_large_s42,camelyon,mobilenet_v3_large,CNN,0,ok,97099,11021,22539,4.712037049534722,50.946121962998696,1.0,50.748551646498136,40.106800741387644,29.61938543481605,18.5750041370542,4.841421087604608,1.4301981986564232,54.97112167670024,1.0,54.96293976158129,43.76221295045197,32.821834975732116,20.937411969966437,1.7205217450633117
d3|camelyon_mobilenet_v3_large_s42,camelyon_mobilenet_v3_large_s42,camelyon,mobilenet_v3_large,CNN,1,ok,205337,22539,11021,3.4086372703780734,37.7289654314144,1.0,37.91266118434372,29.346761503125837,21.061305766755414,12.569678012286168,3.3341603097818053,1.587667142434936,30.071765821514695,1.0,29.887311878544782,23.741586821592023,17.182838339863512,10.256324183879642,1.5510727698179247
d3|isic2019_mobilenet_v3_large_s42_std,isic2019_mobilenet_v3_large_s42_std,isic2019,mobilenet_v3_large,CNN,0,ok,8936,1483,1421,-7.756546529462632,26.827294606057013,1.0,26.827294606057002,15.828156345521881,7.3936554378225665,-0.12645062680061972,-7.648752559966977,-7.074969409857008,18.557407049569388,1.0,18.557407049569388,12.061196156547503,5.943723335066908,-0.197397863183639,-6.954613853434015
d3|isic2019_mobilenet_v3_large_s42_std,isic2019_mobilenet_v3_large_s42_std,isic2019,mobilenet_v3_large,CNN,1,ok,8948,1421,1483,-7.165132674885447,27.752240830905375,1.0,27.257637066217466,16.177416110833427,7.599222792303519,0.14421640229783045,-7.165132674885449,-6.346881977457965,18.24852295508919,1.0,17.891675172244682,11.739095798337923,5.897899150492813,0.007436768386106126,-6.346881977457964
d3|breakhis_densenet121_s43_std_r2,breakhis_densenet121_s43_std_r2,breakhis,densenet121,CNN,0,ok,1951,558,529,2.2477080935900715,22.15786917466352,1.0,22.15786917466352,16.19086905126537,11.343551749036052,6.829665921763461,2.1801643920449925,0.4693253215110456,13.606855136495401,1.0,13.606855136495401,10.806522581845481,7.9163936979715395,4.665415712228192,0.46053267730538167
d3|breakhis_densenet121_s43_std_r2,breakhis_densenet121_s43_std_r2,breakhis,densenet121,CNN,1,ok,1963,529,558,1.3467284180602115,23.148159231418422,1.0,22.635166955335034,15.961993909196183,10.841227529836669,6.14270972891328,1.346728418060211,0.6305632678102279,15.409645208878741,1.0,15.061590844592306,11.42233806070242,8.10112469008754,4.528331647713511,0.6305632678102278
d3|breakhis_convnext_tiny_s43_std_r3,breakhis_convnext_tiny_s43_std_r3,breakhis,convnext_tiny,CNN,0,ok,2086,560,591,1.524416241505731,14.617467884152932,1.0,14.285305479310484,10.981435871091355,7.860919571585089,4.816475260619925,1.5244162415057303,1.1171950727290876,14.385310563227028,1.0,14.064913248955087,10.724458642323272,7.5794687387996,4.530352979709071,1.117195072729087
d3|breakhis_convnext_tiny_s43_std_r3,breakhis_convnext_tiny_s43_std_r3,breakhis,convnext_tiny,CNN,1,ok,2056,591,560,2.127631798635208,12.698046217600012,1.0,12.698046217600012,9.987075433921401,7.257768032030495,4.723888310325087,2.0537853408962796,0.1697672974763173,12.36894601487386,1.0,12.36894601487386,9.491053469183948,6.554335976818185,3.6603181780969516,0.09862542190648299
d3|isic2019_resnet50_s43_std,isic2019_resnet50_s43_std,isic2019,resnet50,CNN,0,ok,8936,1483,1421,-2.144688569881042,24.66052085705998,1.0,24.66052085705998,16.83896956754666,10.150028027737282,4.030150572672534,-2.1166743095550404,-5.42258740168798,15.804031734487166,1.0,15.804031734487161,10.586515836548116,5.450691017809825,0.2393629081811856,-5.312082833045956
d3|isic2019_resnet50_s43_std,isic2019_resnet50_s43_std,isic2019,resnet50,CNN,1,ok,8948,1421,1483,-1.3767551720418447,25.846211219075652,1.0,25.399910374552096,17.425005073663883,10.72918728464982,4.66953373601629,-1.3767551720418447,-5.223981748741522,17.436943687127222,1.0,17.11443678723265,11.899456577902995,6.5856006493628625,1.0279863058029286,-5.223981748741522
d3|breakhis_fm_uni_s42_std_r1,breakhis_fm_uni_s42_std_r1,breakhis,fm_uni,FM,0,ok,1938,539,543,0.9569884692135235,39.44908660810182,1.0,39.357544272671866,22.822027948440972,14.054670933205914,7.46991104833462,0.9569884692135243,0.9698508589810534,39.98133135892711,1.0,39.88890736396318,22.976664810545408,14.118684675722678,7.503064529333845,0.9698508589810534
d3|breakhis_fm_uni_s42_std_r1,breakhis_fm_uni_s42_std_r1,breakhis,fm_uni,FM,1,ok,1959,543,539,-0.8989294067559714,40.926455385652254,1.0,40.926455385652254,24.072366235119144,14.872588895471111,7.547193514213485,-0.8879181268944939,-0.8973028068839697,41.03283324734193,1.0,41.03283324734191,24.199832507229317,14.987002364423617,7.64750482035647,-0.8868934207619003
d3|breakhis_resnet50_s43_std_r4,breakhis_resnet50_s43_std_r4,breakhis,resnet50,CNN,0,ok,2132,558,622,1.749603180110846,25.273861109146907,1.0,24.070855814136806,17.48674449473212,12.19350331966381,7.252717133301219,1.7496031801108467,-0.16349661092044065,20.83531834268817,1.0,19.77456727944675,15.14977879551278,10.813650487933316,6.276235238641984,-0.16349661092044113
d3|breakhis_resnet50_s43_std_r4,breakhis_resnet50_s43_std_r4,breakhis,resnet50,CNN,1,ok,2114,622,558,3.954320013938993,22.344814253664907,1.0,22.344814253664907,16.8946464910618,12.255262693174467,8.067287515339935,3.8433087796869363,0.8811726593042379,17.525764456206158,1.0,17.52576445620616,13.290357508052125,9.360315115008582,5.42007674299553,0.910253897682254
d3|breakhis_densenet121_s43_std_r1,breakhis_densenet121_s43_std_r1,breakhis,densenet121,CNN,0,ok,1938,539,543,1.990118317459033,24.726701540338073,1.0,24.647371951708486,17.805421869348876,12.308986682524985,7.402383278069276,1.9901183174590338,0.24075172557309316,15.437236143681876,1.0,15.380950432213622,11.986075766915105,8.61703713615268,5.04731986326465,0.24075172557309316
d3|breakhis_densenet121_s43_std_r1,breakhis_densenet121_s43_std_r1,breakhis,densenet121,CNN,1,ok,1959,543,539,1.6755716503102593,27.642510002993266,1.0,27.642510002993266,19.047100470068816,12.66136691216012,7.302812708805916,1.666264353139808,-0.7641328111908746,18.196638656940813,1.0,18.196638656940813,13.694040858013336,9.495007509937487,5.039303040337492,-0.7779553933878531
d3|camelyon_resnet50_s42,camelyon_resnet50_s42,camelyon,resnet50,CNN,0,ok,97099,11021,22539,1.4193532149533346,44.16466426952806,1.0,44.46076797862354,36.48985774728789,28.10200721974018,18.45965955978389,1.4187712609872236,0.9418312818692529,46.908311462905985,1.0,47.504884280170245,38.97384292619403,30.110163363693843,20.274778505314128,0.9979257007317787
d3|camelyon_resnet50_s42,camelyon_resnet50_s42,camelyon,resnet50,CNN,1,ok,205337,22539,11021,1.0252874028274086,18.661256399573436,1.0,18.62915815268304,15.618427881748728,12.063396674863181,7.711833829297071,0.8450615449559946,1.8892958186218523,21.86885209723388,1.0,22.823224280823524,20.280835357447053,16.728022579800975,12.075488729720972,1.8368898873166253
d3|breakhis_convnext_tiny_s42_std_r1,breakhis_convnext_tiny_s42_std_r1,breakhis,convnext_tiny,CNN,0,ok,1938,539,543,3.9509736259036514,16.763385755807004,1.0,16.7142817748561,13.169169842532742,10.021723923511253,6.962048172656273,3.950973625903653,2.9307647365877427,17.985818496775693,1.0,17.9277598356386,14.401863058794985,11.086208438964247,7.445298125312958,2.9307647365877436
d3|breakhis_convnext_tiny_s42_std_r1,breakhis_convnext_tiny_s42_std_r1,breakhis,convnext_tiny,CNN,1,ok,1959,543,539,2.9833033910233153,21.838548574865015,1.0,21.838548574865015,16.068798832498913,11.382882658964114,7.077243371033417,2.9648150553935757,2.0295738647533996,17.47587580286188,1.0,17.47587580286188,13.353612476464171,9.644861252990767,5.992568377456394,2.015344573078065
d3|breakhis_mobilenet_v3_large_s42_std_r3,breakhis_mobilenet_v3_large_s42_std_r3,breakhis,mobilenet_v3_large,CNN,0,ok,2086,560,591,0.3787655325856521,15.902047041869718,1.0,15.601961246424336,11.109856685661125,7.1480881307248465,3.635291916578264,0.37876553258565093,-0.033864838713001576,15.238718488462046,1.0,14.89739715226458,11.178860508368361,7.514186959420693,3.9692965068840804,-0.033864838713002034
d3|breakhis_mobilenet_v3_large_s42_std_r3,breakhis_mobilenet_v3_large_s42_std_r3,breakhis,mobilenet_v3_large,CNN,1,ok,2056,591,560,1.6112976033498905,17.617283306919486,1.0,17.617283306919486,13.592477098704302,9.781980858898248,5.87593507313913,1.5641481177884882,-0.7326547036338108,11.40711810382547,1.0,11.40711810382547,8.854289043269427,6.185032036450418,3.1630929462961017,-0.7190573196228438
d3|breakhis_fm_virchow2_s42_std_r0,breakhis_fm_virchow2_s42_std_r0,breakhis,fm_virchow2,FM,0,ok,1831,513,504,0.7655772511227298,22.339426789519177,1.0,22.339426789519177,15.834069619670151,10.584032155478154,5.8402003261920825,0.7593020718952508,-0.1457354603586541,26.515740162181654,1.0,26.515740162181654,17.60112594596394,11.221292886521919,5.725604542741104,-0.149633354375296
d3|breakhis_fm_virchow2_s42_std_r0,breakhis_fm_virchow2_s42_std_r0,breakhis,fm_virchow2,FM,1,ok,1830,504,513,0.13199559244174122,25.30826896653917,1.0,25.14996330578271,17.07111182012522,11.027316990515933,5.687647679214134,0.13199559244174108,0.10945850295169583,29.93922840403133,1.0,29.745931524789356,19.281678808292344,12.251801112342648,6.330219740185038,0.10945850295169698
d3|breakhis_convnext_tiny_s43_std_r2,breakhis_convnext_tiny_s43_std_r2,breakhis,convnext_tiny,CNN,0,ok,1951,558,529,3.724294904520867,16.399857716549423,1.0,16.399857716549423,13.043663159685883,9.931180135598611,6.8551221918510405,3.6750050968069297,3.02541503333527,10.394641888803697,1.0,10.394641888803699,8.75849446553226,6.990399618717769,5.057568084084329,2.992009596465816
d3|breakhis_convnext_tiny_s43_std_r2,breakhis_convnext_tiny_s43_std_r2,breakhis,convnext_tiny,CNN,1,ok,1963,529,558,2.2823014674380486,15.385765547380283,1.0,15.03591154064153,11.356186911926997,8.147187543716319,5.234002825264367,2.2823014674380486,1.958096855839014,18.459745044226903,1.0,17.964198453563075,13.985034694357578,10.283399893379372,6.522852120109636,1.958096855839014
d3|dermamnist_resnet18_s42_std,dermamnist_resnet18_s42_std,dermamnist,resnet18,CNN,0,ok,3514,356,337,1.2430896495863375,14.659159748418496,1.0,14.6591597484185,10.278578593316047,6.993237106065371,3.9613583330924262,1.2323272121407405,1.3054631672066392,9.980080538794443,1.0,9.980080538794443,7.617493503508232,5.517805506959928,3.3412160921516953,1.3061645868214533
d3|dermamnist_resnet18_s42_std,dermamnist_resnet18_s42_std,dermamnist,resnet18,CNN,1,ok,3493,337,356,0.9689367713824563,17.15347472174639,1.0,16.737974116539874,11.365251575923356,7.4011294198363995,4.092962444061466,0.968936771382456,1.7554470819029517,8.867662485783724,1.0,8.632423554950408,7.071626391525177,5.349610601311717,3.6035591147368717,1.755447081902951
d3|breakhis_efficientnet_v2_s_s42_std_r0,breakhis_efficientnet_v2_s_s42_std_r0,breakhis,efficientnet_v2_s,CNN,0,ok,1831,513,504,7.660941341867369,13.860895502393038,1.0,13.860895502393037,12.16904762437194,10.635013400012937,9.165849934365625,7.595495567842904,4.563257063680876,14.079671575899283,1.0,14.079671575899283,11.615703753800412,9.384134283470084,7.159281559380563,4.532117100665694
d3|breakhis_efficientnet_v2_s_s42_std_r0,breakhis_efficientnet_v2_s_s42_std_r0,breakhis,efficientnet_v2_s,CNN,1,ok,1830,504,513,7.33323626547922,17.62255733540632,1.0,17.492535460681797,14.661097593391437,11.992198012358934,9.638447544473264,7.33323626547922,4.58397627754203,16.92018131713605,1.0,16.788940704187013,13.463887548651774,10.354664534173505,7.484351900138502,4.58397627754203
d3|breakhis_fm_uni_s42_std_r4,breakhis_fm_uni_s42_std_r4,breakhis,fm_uni,FM,0,ok,2132,558,622,-0.3403213394539085,38.08594342127022,1.0,36.78676464442426,21.681110307297203,13.215269081828383,6.4695178557892135,-0.3403213394539085,-0.27285183023404874,38.74224997351023,1.0,37.42280392338696,21.90295534685515,13.341424124531287,6.556069220608672,-0.27285183023404996
d3|breakhis_fm_uni_s42_std_r4,breakhis_fm_uni_s42_std_r4,breakhis,fm_uni,FM,1,ok,2114,622,558,-1.3173123680722756,33.801168057156694,1.0,33.801168057156694,20.749099576877576,12.751293283278608,6.016487338421054,-1.223384543914963,-1.2425634585813077,34.394550741643755,1.0,34.394550741643755,21.07501820619239,12.965818217103665,6.166469030100213,-1.152585812501727
d3|camelyon_uni_s43,camelyon_uni_s43,camelyon,uni,FM,0,ok,145378,16225,17335,-0.10503602840917135,119.76600531340583,1.0,119.85379972392047,77.21016674329788,51.57001296803508,30.10543460950836,0.02494372435511185,-0.15466664548017664,120.67495488615718,1.0,120.73068502245174,77.58993753789582,51.79677266694512,30.256326536305874,-0.03543435105779044
d3|camelyon_uni_s43,camelyon_uni_s43,camelyon,uni,FM,1,ok,157058,17335,16225,0.3899859626856199,123.16300420113252,1.0,123.3183165733124,75.50294510858113,48.22101999918419,26.365956136101364,0.4054901397426784,0.33118075674484004,128.41806320768785,1.0,128.59362133457518,77.47771710388942,49.317028090417665,27.018281469179655,0.35539985158482396
d3|breakhis_resnet18_s42_std_r2,breakhis_resnet18_s42_std_r2,breakhis,resnet18,CNN,0,ok,1951,558,529,2.549209084136111,21.015218529845825,1.0,21.01521852984583,15.702167637679011,11.160386097603519,6.949008468224471,2.4463875831646957,0.0380199607787953,12.805439129834735,1.0,12.805439129834735,9.958487550565927,7.054121658284066,3.894311161678994,0.0063064254024221824
d3|breakhis_resnet18_s42_std_r2,breakhis_resnet18_s42_std_r2,breakhis,resnet18,CNN,1,ok,1963,529,558,1.548768982163399,21.205652184562968,1.0,20.719976891650084,15.056440806888723,10.262390939279436,5.851638237767666,1.5487689821633994,-0.0882544979182604,11.919682400660081,1.0,11.621460251772554,9.214100591271112,6.652887837625133,3.586946695812459,-0.08825449791826027
d3|camelyon_resnet50_s44,camelyon_resnet50_s44,camelyon,resnet50,CNN,0,ok,186847,20577,12983,1.7833362548751766,19.542561117005746,1.0,19.520129551949484,16.16845720693759,12.323762152303923,7.694476242513258,1.6866672449391262,1.8261657588463027,33.37917780785628,1.0,33.158283090028554,27.18314243025849,20.604638003362208,12.740815633777475,1.6084088849136546
d3|camelyon_resnet50_s44,camelyon_resnet50_s44,camelyon,resnet50,CNN,1,ok,115589,12983,20577,2.3642445059149706,31.627047898930236,1.0,31.646104147159726,26.643895714792073,21.13044957307644,14.483099390809686,2.2435491216566645,1.8286505922088716,33.96303514008857,1.0,33.82712576157101,28.53672091754395,22.613809323169377,15.685512305649514,1.6172998168449342
d3|camelyon_convnext_tiny_s44,camelyon_convnext_tiny_s44,camelyon,convnext_tiny,CNN,0,ok,186847,20577,12983,-0.24899091064083026,30.581527615888668,1.0,30.483310278063154,22.94012028040566,15.530901327487074,7.816290004739335,-0.39955072228335964,1.0616414729445816,27.99982454765198,1.0,27.928551306589153,23.145710347250674,17.572299666337706,11.001360369623285,0.9357950373675518
d3|camelyon_convnext_tiny_s44,camelyon_convnext_tiny_s44,camelyon,convnext_tiny,CNN,1,ok,115589,12983,20577,1.2185274420231704,35.80461857166208,1.0,35.769175801992866,28.364074709815945,20.623958116541836,12.030276945892746,1.1589095042375546,1.3372046342503299,58.50876287854433,1.0,58.59240637382958,46.023876898257306,34.08699800792794,21.13405359248866,1.2130238365879649
d3|camelyon_resnet18_s42,camelyon_resnet18_s42,camelyon,resnet18,CNN,0,ok,97099,11021,22539,2.3048295324241295,29.805334666299036,1.0,29.520738925730846,24.99678667900025,20.154176545424665,13.888626187127329,2.376862968721381,0.557668576791171,26.15873796888651,1.0,25.769275553002895,21.98421308108709,18.02845197069398,12.772996652476762,0.6254649147180745
d3|camelyon_resnet18_s42,camelyon_resnet18_s42,camelyon,resnet18,CNN,1,ok,205337,22539,11021,-0.30857610039017336,18.97742236533139,1.0,19.363623079531028,16.28485824809283,12.81544423299892,8.067371484560983,0.023946623490799644,1.3015744504650275,33.39978085464909,1.0,33.21321825423113,27.933494221874735,21.69972052463095,14.123747368322867,1.5123626907014003
d3|dermamnist_efficientnet_v2_s_s42_std,dermamnist_efficientnet_v2_s_s42_std,dermamnist,efficientnet_v2_s,CNN,0,ok,3514,356,337,3.803847107775282,12.99745301455463,1.0,12.99745301455463,10.181492173962345,7.781246295669047,5.65984441792042,3.7288798823064253,1.618495932136827,12.062911258248004,1.0,12.062911258248008,8.83913417814529,6.109355382642933,3.749122316251534,1.5999463942910972
d3|dermamnist_efficientnet_v2_s_s42_std,dermamnist_efficientnet_v2_s_s42_std,dermamnist,efficientnet_v2_s,CNN,1,ok,3493,337,356,3.635385790742828,12.88626037335362,1.0,12.525305147139827,10.026996679558954,7.742343842863787,5.666823746711669,3.635385790742827,1.5949575203580975,11.703101542045404,1.0,11.421141446316643,8.657317744332556,6.149213539601085,3.8001271449782053,1.5949575203580975
d3|breakhis_fm_conch_v1_5_s42_std_r0,breakhis_fm_conch_v1_5_s42_std_r0,breakhis,fm_conch_v1_5,FM,0,ok,1831,513,504,-0.2763034432405656,11.879167583861594,1.0,11.8791675838616,8.675128562300861,5.756238410801334,2.7634798926760133,-0.2839566380882299,-0.2761273618123091,11.921615466228037,1.0,11.921615466228037,8.705608663535275,5.777077774482458,2.7750417654422743,-0.28378039139303424
d3|breakhis_fm_conch_v1_5_s42_std_r0,breakhis_fm_conch_v1_5_s42_std_r0,breakhis,fm_conch_v1_5,FM,1,ok,1830,504,513,-1.0124480401218015,15.810173442167628,1.0,15.69638912240075,11.171563189040453,7.208898292201666,3.2714791635218563,-1.012448040121802,-1.0155914586660404,15.832713684182782,1.0,15.718819746607375,11.185495453260812,7.217106544206306,3.27454520439759,-1.0155914586660415
d3|breakhis_resnet50_s43_std_r3,breakhis_resnet50_s43_std_r3,breakhis,resnet50,CNN,0,ok,2086,560,591,2.6053812623000154,19.705731998322936,1.0,19.322065935647828,14.21090542689457,10.103239890393997,6.308110035905778,2.6053812623000154,1.2052335788931707,15.660381959211454,1.0,15.310898731179229,11.751262634322048,8.406990704510454,4.97475677844001,1.2052335788931707
d3|breakhis_resnet50_s43_std_r3,breakhis_resnet50_s43_std_r3,breakhis,resnet50,CNN,1,ok,2056,591,560,4.203109945615936,18.300507046640337,1.0,18.300507046640337,14.595126668179683,11.199034090477074,7.8091412648287015,4.124726325315088,1.62401439760885,16.174062982996432,1.0,16.174062982996432,12.93778872553906,9.610492697322236,6.086896575358415,1.639438590929613
d3|breakhis_resnet50_s42_std_r3,breakhis_resnet50_s42_std_r3,breakhis,resnet50,CNN,0,ok,2086,560,591,2.4516810216780796,20.511611458937804,1.0,20.01298446157602,14.83936806171673,10.52246409886497,6.467860203909549,2.4516810216780787,1.6741413266854592,15.471652916774506,1.0,15.142562527528307,12.11224103716896,9.049786777829924,5.654496744822102,1.6741413266854586
d3|breakhis_resnet50_s42_std_r3,breakhis_resnet50_s42_std_r3,breakhis,resnet50,CNN,1,ok,2056,591,560,1.7649839801229878,16.32756730326378,1.0,16.32756730326378,12.814197058047274,9.410817400057832,5.87886869067089,1.730028005835776,-0.740703569648227,13.720385337121106,1.0,13.720385337121106,10.943829560576912,7.935097819746845,4.41588792368467,-0.7329557539281175
d3|breakhis_resnet50_s43_std_r0,breakhis_resnet50_s43_std_r0,breakhis,resnet50,CNN,0,ok,1831,513,504,4.312086620313665,18.830523181604676,1.0,18.830523181604676,14.932787808734936,11.43067142324301,8.054954376653058,4.266464669117992,1.814544039543974,12.556688010088529,1.0,12.556688010088529,10.450687698993256,8.28578273375853,5.8125894965174485,1.7971697124807913
d3|breakhis_resnet50_s43_std_r0,breakhis_resnet50_s43_std_r0,breakhis,resnet50,CNN,1,ok,1830,504,513,4.431410902655755,23.157215637228802,1.0,23.011617791670524,17.42380762816989,12.946796560637777,8.626121710669938,4.431410902655756,2.716381986643533,16.047862715665723,1.0,15.936865220955962,12.90997106439077,9.88863507418195,6.6593656338911735,2.7163819866435337
d3|isic2019_fm_virchow2_s42_std,isic2019_fm_virchow2_s42_std,isic2019,fm_virchow2,FM,0,ok,8936,1483,1421,-8.886322706260582,14.323557977549763,1.0,14.323557977549761,8.029730446641539,2.311091187138581,-3.196296010712438,-8.742283128226395,-8.579336859260778,15.539356759100526,1.0,15.539356759100526,8.892486426183766,2.9488480135889876,-2.7327045184405914,-8.433882091053437
d3|isic2019_fm_virchow2_s42_std,isic2019_fm_virchow2_s42_std,isic2019,fm_virchow2,FM,1,ok,8948,1421,1483,-9.306113547389463,16.476205208454704,1.0,16.18848498301139,9.249114804768237,3.2127612929533758,-2.9220433905942893,-9.306113547389463,-8.874407249190604,17.464841551415276,1.0,17.158919457087237,9.978963391679237,3.7655820570889387,-2.447523217860357,-8.874407249190604
d3|kermany_densenet121_s43_std,kermany_densenet121_s43_std,kermany,densenet121,CNN,0,ok,33699,335,324,-19.068464751715183,6.090824842091745,1.0,6.090824842091745,0.3911382335040931,-4.70855818249495,-10.469182030599077,-18.848069227864187,-12.442378400033958,11.650750133132215,1.0,11.650750133132215,4.997670816324305,-0.2600730605395067,-5.610886612611936,-12.303102498785712
d3|kermany_densenet121_s43_std,kermany_densenet121_s43_std,kermany,densenet121,CNN,1,ok,33682,324,335,-21.653313128800516,6.048374244981692,1.0,5.979108796102162,-0.42959983707535393,-5.883464400275807,-12.014776589242853,-21.653313128800516,-12.795130956078767,12.970065255005995,1.0,12.780136737832914,4.551720932926175,-0.99236726137269,-6.182557798673762,-12.795130956078767
d3|kermany_convnext_tiny_s42_std,kermany_convnext_tiny_s42_std,kermany,convnext_tiny,CNN,0,ok,33699,335,324,-12.788108508725651,9.466539175819591,1.0,9.466539175819591,4.395346571958754,-0.1540338105819509,-5.271297280215084,-12.563825781878236,-13.640823650221225,10.051286283737172,1.0,10.051286283737172,5.322352455947932,0.7562529965739437,-4.51289647093493,-13.408961549671035
d3|kermany_convnext_tiny_s42_std,kermany_convnext_tiny_s42_std,kermany,convnext_tiny,CNN,1,ok,33682,324,335,-12.323879577860007,9.592466834547022,1.0,9.475410017544974,3.959260055583428,-0.7621341414761486,-5.852170552754354,-12.323879577860007,-10.906880697265183,9.968094148561203,1.0,9.841346559840222,5.154311421921059,0.8153217395501723,-4.028678256926965,-10.906880697265183
d3|breakhis_regnet_y_3_2gf_s42_std_r0,breakhis_regnet_y_3_2gf_s42_std_r0,breakhis,regnet_y_3_2gf,CNN,0,ok,1831,513,504,1.8157787677027941,22.759549257123624,1.0,22.759549257123624,16.532156652510686,11.65254663915553,6.946954368432724,1.7982314431627011,0.6403033691095728,21.8953403829146,1.0,21.89534038291461,15.734173130125834,10.736611689196495,5.946842466328114,0.6329523147226602
d3|breakhis_regnet_y_3_2gf_s42_std_r0,breakhis_regnet_y_3_2gf_s42_std_r0,breakhis,regnet_y_3_2gf,CNN,1,ok,1830,504,513,2.239885865295476,28.226815756626355,1.0,28.047285372544124,18.832678301930002,12.542909860065313,7.370633952431887,2.2398858652954754,2.2258730360151096,21.69205679805811,1.0,21.5451001553784,15.441892103633236,10.651615003183275,6.462433377424536,2.2258730360151087
d3|camelyon_dinov2_vitb14_s43,camelyon_dinov2_vitb14_s43,camelyon,dinov2_vitb14,FM,0,ok,145378,16225,17335,1.3201560960692509,26.400429305137838,1.0,26.629623912608423,20.33317109938798,13.953881523992154,7.580097893008969,0.9644855360891559,1.3145223444554848,29.084598694920274,1.0,29.30102052157248,22.27463912906452,15.262271123987018,8.270543842836732,0.9752152585292011
d3|camelyon_dinov2_vitb14_s43,camelyon_dinov2_vitb14_s43,camelyon,dinov2_vitb14,FM,1,ok,157058,17335,16225,2.4879279869834634,24.375696477872555,1.0,24.33999606128949,19.02921517533455,13.748250503021895,8.3875068432235,2.5647163041918737,2.537316147208716,25.696446769486457,1.0,25.686162661525394,20.00421724457492,14.406389925425083,8.733490937672958,2.6100023592206254
d3|camelyon_efficientnet_v2_s_s42,camelyon_efficientnet_v2_s_s42,camelyon,efficientnet_v2_s,CNN,0,ok,97099,11021,22539,3.3176631142154553,27.798395762328663,1.0,27.827807330598787,22.362082081884882,16.691431780044343,10.595515319128415,3.4595792254030657,2.5698522680595604,45.944383924142905,1.0,45.84890528322258,37.822364638223775,29.388514268418476,20.028400548679194,2.7324356257113105
d3|camelyon_efficientnet_v2_s_s42,camelyon_efficientnet_v2_s_s42,camelyon,efficientnet_v2_s,CNN,1,ok,205337,22539,11021,1.137469558238146,19.55099341250828,1.0,19.557921113648074,15.404202449440323,10.910267037755778,6.292520291996661,1.269552317847027,4.466466599587491,14.584815100940839,1.0,14.619913265275919,12.455091608927951,10.07677952299264,7.393418493563136,4.413051956375032
d3|breakhis_fm_dinov2_vitl14_s42_std_r0,breakhis_fm_dinov2_vitl14_s42_std_r0,breakhis,fm_dinov2_vitl14,FM,0,ok,1831,513,504,-1.2814087968039036,4.523274902458031,1.0,4.5232749024580325,3.637104596889909,2.4111393583559173,0.8561614123367228,-1.2784459468312408,-1.2967493322732582,4.5340300551947985,1.0,4.534030055194799,3.642113098262466,2.4094396427646054,0.8486838387115963,-1.294071983893898
d3|breakhis_fm_dinov2_vitl14_s42_std_r0,breakhis_fm_dinov2_vitl14_s42_std_r0,breakhis,fm_dinov2_vitl14,FM,1,ok,1830,504,513,1.374686276160893,9.034172812405068,1.0,8.96911915929598,6.457827985139909,4.552198213015979,2.8611760576565013,1.3746862761608927,1.381147063273611,9.018960793222266,1.0,8.95391064926474,6.4537046417096215,4.556364033248388,2.8680497457367924,1.3811470632736116
d3|breakhis_fm_virchow2_s42_std_r1,breakhis_fm_virchow2_s42_std_r1,breakhis,fm_virchow2,FM,0,ok,1938,539,543,1.493762161735004,26.669198139813872,1.0,26.606902029162015,17.926390867790438,11.722909463786365,6.621383126698897,1.4937621617350034,1.6571592821421899,33.48324704451767,1.0,33.401623630254626,20.954240172409282,13.348235554416947,7.425168966130575,1.6571592821421905
d3|breakhis_fm_virchow2_s42_std_r1,breakhis_fm_virchow2_s42_std_r1,breakhis,fm_virchow2,FM,1,ok,1959,543,539,-0.9368117513438666,31.589488924632942,1.0,31.589488924632942,20.34261863617122,12.932645245663943,6.55366636947213,-0.9295837296948329,-0.6063279026302208,35.28165453178115,1.0,35.28165453178115,22.034132884949287,13.967909052678326,7.20229432127388,-0.6003489530301076
d3|isic2019_densenet121_s43_std,isic2019_densenet121_s43_std,isic2019,densenet121,CNN,0,ok,8936,1483,1421,-8.623974413941433,32.65558668081825,1.0,32.65558668081825,18.32875867256164,8.529088833112736,0.04928063759451382,-8.448149424191154,-3.770856534478073,24.266328851119315,1.0,24.266328851119315,16.58630221714323,9.832832028032387,3.2997317848151497,-3.68040453736492
d3|isic2019_densenet121_s43_std,isic2019_densenet121_s43_std,isic2019,densenet121,CNN,1,ok,8948,1421,1483,-7.888700857653012,35.3885538539912,1.0,34.76231868179912,19.989088122358982,9.789998825404421,0.9890314405987821,-7.888700857653012,-4.15936571302661,25.680016127076016,1.0,25.187897756395287,17.429931297906286,10.474897703978977,3.4845396719530966,-4.15936571302661
d3|camelyon_virchow2_s44,camelyon_virchow2_s44,camelyon,virchow2,FM,0,ok,186847,20577,12983,0.481056494508837,62.42023547179121,1.0,62.488914899157734,47.35412238231871,33.64800393380693,19.55373603171025,0.5055483123488628,0.3477194205913639,71.55716245280998,1.0,71.73668910722024,53.15472345894946,37.365931472550145,21.680422309111233,0.27227554192117753
d3|camelyon_virchow2_s44,camelyon_virchow2_s44,camelyon,virchow2,FM,1,ok,115589,12983,20577,1.9395979497703226,65.11529663889552,1.0,65.08402918277682,49.234305784037076,35.1994249917425,20.983644339759497,1.9305006351761145,1.9262176854560085,72.67275675561315,1.0,72.66281980895408,54.4529572971681,39.03442905526244,23.691565625922966,1.9131414102551967
d3|isic2019_resnet50_s42_std,isic2019_resnet50_s42_std,isic2019,resnet50,CNN,0,ok,8936,1483,1421,-2.311010123682375,23.043874836700297,1.0,23.043874836700297,15.848582734793194,9.554855347133918,3.691341817930711,-2.25704812517123,-6.21382342409321,14.81835830392279,1.0,14.81835830392279,9.605136242776384,4.543085009602934,-0.5013335437192176,-6.076244737963657
d3|isic2019_resnet50_s42_std,isic2019_resnet50_s42_std,isic2019,resnet50,CNN,1,ok,8948,1421,1483,-0.9597678842555775,25.40729304671966,1.0,24.953811194017398,17.075873103697276,10.634952197020775,4.716606985652193,-0.9597678842555762,-7.049550099210612,16.70244593767961,1.0,16.404779075467847,10.496392780377919,4.9215063316434,-0.8187714659033897,-7.0495500992106095
d3|breakhis_mobilenet_v3_large_s42_std_r4,breakhis_mobilenet_v3_large_s42_std_r4,breakhis,mobilenet_v3_large,CNN,0,ok,2132,558,622,1.040943151391062,23.71836884630253,1.0,22.734217840460225,15.949152968769235,10.593269590829694,5.814183291483036,1.0409431513910627,-1.0791669622742415,15.501987198794737,1.0,14.765886051163552,11.160411092361649,7.599355649007412,3.8180961614098705,-1.0791669622742426
d3|breakhis_mobilenet_v3_large_s42_std_r4,breakhis_mobilenet_v3_large_s42_std_r4,breakhis,mobilenet_v3_large,CNN,1,ok,2114,622,558,2.263409952351483,19.70011902307277,1.0,19.700119023072766,14.379287087820613,10.01814567476712,6.1022249576214564,2.193363842744462,-0.46398822823621955,11.529538411510412,1.0,11.529538411510412,8.53435989978838,5.646964871639002,2.7076267422401923,-0.47752851968597626
d3|breakhis_fm_dinov2_vitl14_s42_std_r1,breakhis_fm_dinov2_vitl14_s42_std_r1,breakhis,fm_dinov2_vitl14,FM,0,ok,1938,539,543,1.8805107022656478,6.844742990202563,1.0,6.821840042167971,5.668125268487772,4.465263335887993,3.1398443657900343,1.8805107022656478,1.8861475929336229,6.871781630432274,1.0,6.8487143677090225,5.685831104387515,4.476517162541396,3.1468497607389065,1.8861475929336229
d3|breakhis_fm_dinov2_vitl14_s42_std_r1,breakhis_fm_dinov2_vitl14_s42_std_r1,breakhis,fm_dinov2_vitl14,FM,1,ok,1959,543,539,0.2736078977255307,10.224159294337426,1.0,10.224159294337426,7.722693357598665,5.269799725584088,2.8591853387321837,0.2821482714199021,0.28679337311547426,10.265200027782093,1.0,10.265200027782093,7.75228727364485,5.2910892711170625,2.873916923901116,0.2951909645274452
d3|breakhis_fm_uni_s42_std_r2,breakhis_fm_uni_s42_std_r2,breakhis,fm_uni,FM,0,ok,1951,558,529,-1.3472692543659943,33.94973831943752,1.0,33.94973831943752,20.76198672236951,12.718979953250289,5.979440381175178,-1.2854475824322253,-1.3779383180267148,34.36381893793707,1.0,34.36381893793707,20.92357291447611,12.801928674225676,6.007217654709617,-1.3155499277796685
d3|breakhis_fm_uni_s42_std_r2,breakhis_fm_uni_s42_std_r2,breakhis,fm_uni,FM,1,ok,1963,529,558,0.0312176982282985,37.128483557775915,1.0,36.453472888068596,21.374116648263488,13.168447779911096,6.5431404731217295,0.031217698228298597,0.025791546455088923,37.69301079648846,1.0,37.01020124414142,21.56644444407699,13.26735636204262,6.5974764003322335,0.02579154645508852
d3|breakhis_resnet18_s43_std_r2,breakhis_resnet18_s43_std_r2,breakhis,resnet18,CNN,0,ok,1951,558,529,1.4948354761858484,20.1481643712092,1.0,20.148164371209205,14.866717366498175,10.326433388687025,6.053221925941106,1.4925963815093386,-0.591471369086928,11.5944902130447,1.0,11.5944902130447,9.277532438670745,6.783215846381977,3.8144603323439554,-0.5685492352484638
d3|breakhis_resnet18_s43_std_r2,breakhis_resnet18_s43_std_r2,breakhis,resnet18,CNN,1,ok,1963,529,558,0.37728172138117183,19.718223295228587,1.0,19.300682131926248,13.88552127526427,9.183112318269082,4.934535717422752,0.37728172138117183,0.2886960144512283,12.81143994098657,1.0,12.50606635756384,9.811855250581244,6.982048671527211,4.009110251310984,0.2886960144512283
d3|breakhis_convnext_tiny_s42_std_r2,breakhis_convnext_tiny_s42_std_r2,breakhis,convnext_tiny,CNN,0,ok,1951,558,529,3.053025937275286,15.8288498491275,1.0,15.828849849127502,12.46028766255702,9.408830284771433,6.209299457944121,3.013867394130876,2.2241537048487965,11.707241447971132,1.0,11.707241447971132,9.49184587155706,7.215190654520427,4.827413865335122,2.1763013605244255
d3|breakhis_convnext_tiny_s42_std_r2,breakhis_convnext_tiny_s42_std_r2,breakhis,convnext_tiny,CNN,1,ok,1963,529,558,1.744262110987202,15.643967178279908,1.0,15.2973464708256,11.55644046431411,8.18715369860258,4.92321869392018,1.744262110987202,1.8705991280795997,18.781170032439128,1.0,18.363121295396457,14.075453617883927,10.24356195256522,6.348037342706798,1.8705991280795997
d3|camelyon_effb3_s42,camelyon_effb3_s42,camelyon,effb3,CNN,0,ok,97099,11021,22539,5.50692981377471,47.27481485791086,1.0,47.31781098332586,38.351272815804016,29.481214431604247,19.401247504208342,5.56737264347957,5.493903181816198,24.315320677731684,1.0,24.505931267796285,21.39740657844603,17.415186572723545,12.930294359088567,5.446717093298798
d3|camelyon_effb3_s42,camelyon_effb3_s42,camelyon,effb3,CNN,1,ok,205337,22539,11021,5.860567176923479,30.408182923158957,1.0,30.624066812794382,25.67205245167078,20.18464711940082,13.934325037665149,5.806935145098424,6.577541610846875,29.258199985800093,1.0,28.996008379605286,25.09893760830448,20.570429703881977,15.066560996966505,6.646520692482378
