arch,seed,score,cal_source,split,qhat,n_cal_patches,n_cal_slides,n_test_patches,n_test_slides,acc_seen,acc_unseen,coverage,cov_normal,cov_tumour,slide_mean_cov,slide_min_cov,mean_set_size,frac_empty,frac_both,cov_seen_heldout
resnet50,42,LAC,seen,0,0.010202354159475013,19099,15,7524,8,0.9942405361537253,0.9137680658322385,0.8383838383838383,0.8068659504904251,0.8800123380629241,0.75457221847535,0.4402332361516035,0.8421052631578947,0.15789473684210525,0.0,
resnet50,42,LAC,unseen,0,0.9999446901404919,6937,7,7524,8,0.9942405361537253,0.9137680658322385,0.9997341839447103,1.0,0.999383096853794,0.9997070135812629,0.9983739837398374,1.5507708665603404,0.0,0.5507708665603402,1.0
resnet50,42,LAC,seen,1,0.010202354159475013,19099,15,7976,8,0.9942405361537253,0.9137680658322385,0.7986459378134403,0.9273648648648649,0.5396525679758308,0.8165559593690896,0.3995420721236405,0.8892928786359077,0.11070712136409228,0.0,
resnet50,42,LAC,unseen,1,0.19964425896804883,6485,7,7976,8,0.9942405361537253,0.9137680658322385,0.8560682046138415,0.982545045045045,0.6015861027190332,0.8995385647415721,0.4275901545506583,0.9745486459378134,0.02545135406218656,0.0,0.9884810723074506
resnet50,42,LAC,seen,2,0.010202354159475013,19099,15,7682,8,0.9942405361537253,0.9137680658322385,0.8687841707888571,0.8390996248436848,0.9181692094313454,0.8017913457754317,0.4402332361516035,0.8713876594636814,0.12861234053631868,0.0,
resnet50,42,LAC,unseen,2,0.9999551307092366,6779,7,7682,8,0.9942405361537253,0.9137680658322385,0.9998698255662588,1.0,0.9996532593619972,0.9998978758169934,0.9991830065359477,1.5182244207237698,0.0,0.5182244207237698,1.0
resnet50,42,LAC,seen,3,0.010202354159475013,19099,15,7443,8,0.9942405361537253,0.9137680658322385,0.8900980787316942,0.8737928007023705,0.915829580879806,0.8586906629206443,0.4402332361516035,0.8934569394061534,0.10654306059384656,0.0,
resnet50,42,LAC,unseen,3,0.9999416711727904,7018,7,7443,8,0.9942405361537253,0.9137680658322385,0.9998656455730216,1.0,0.9996536196744025,0.9997967479674796,0.9983739837398374,1.507322316270321,0.0,0.5073223162703211,1.0
resnet50,42,LAC,seen,4,0.010202354159475013,19099,15,6999,8,0.9942405361537253,0.9137680658322385,0.837833976282326,0.7848566527811811,0.9119259766963673,0.7573358928379464,0.4402332361516035,0.8411201600228604,0.1588798399771396,0.0,
resnet50,42,LAC,unseen,4,0.9999247939368991,7462,7,6999,8,0.9942405361537253,0.9137680658322385,0.9998571224460637,1.0,0.9996572995202193,0.9997967479674796,0.9983739837398374,1.521217316759537,0.0,0.5212173167595371,1.0
resnet50,42,LAC,seen,5,0.010202354159475013,19099,15,7876,8,0.9942405361537253,0.9137680658322385,0.8774758760792281,0.8775113415424498,0.8774253156760087,0.8203742981734691,0.4402332361516035,0.8816658202133062,0.11833417978669375,0.0,
resnet50,42,LAC,unseen,5,0.9999594239428132,6585,7,7876,8,0.9942405361537253,0.9137680658322385,0.999746063991874,1.0,0.9993840468124423,0.9997070135812629,0.9983739837398374,1.5571356018283393,0.0,0.5571356018283392,1.0
resnet50,42,LAC,seen,6,0.010202354159475013,19099,15,8463,8,0.9942405361537253,0.9137680658322385,0.9326479971641262,0.9416935773232867,0.9151955694011769,0.9367546854623724,0.8892831795599716,0.9352475481507739,0.06475245184922604,0.0,
resnet50,42,LAC,unseen,6,0.9999774222601489,5998,7,8463,8,0.9942405361537253,0.9137680658322385,0.999881838591516,1.0,0.9996538594669436,0.9998978758169934,0.9991830065359477,1.533616920713695,0.0,0.5336169207136949,1.0
resnet50,42,LAC,seen,7,0.010202354159475013,19099,15,7326,8,0.9942405361537253,0.9137680658322385,0.773000273000273,0.9059225999572376,0.5383163457908645,0.797313679446829,0.3995420721236405,0.8727818727818728,0.12721812721812722,0.0,
resnet50,42,LAC,unseen,7,0.11614018221062306,7135,7,7326,8,0.9942405361537253,0.9137680658322385,0.8289653289653289,0.9645071627111396,0.5896564741411854,0.8731915308537672,0.41900400686891814,0.9548184548184548,0.04518154518154518,0.0,0.9842923713283418
resnet50,42,LAC,seen,8,0.010202354159475013,19099,15,7994,8,0.9942405361537253,0.9137680658322385,0.7915936952714536,0.9158563949139865,0.5404383975812547,0.8095756222904379,0.3995420721236405,0.8820365273955466,0.11796347260445333,0.0,
resnet50,42,LAC,unseen,8,0.1662945077782444,6467,7,7994,8,0.9942405361537253,0.9137680658322385,0.8510132599449587,0.9760658189977561,0.5982615268329554,0.8928063806225568,0.42472810532341154,0.9678508881661246,0.03214911183387541,0.0,0.9870150269647625
resnet50,42,LAC,seen,9,0.010202354159475013,19099,15,8364,8,0.9942405361537253,0.9137680658322385,0.8236489717838354,0.9557305336832896,0.5386938467346168,0.8683973649099054,0.3995420721236405,0.9106886657101865,0.08931133428981348,0.0,
resnet50,42,LAC,unseen,9,0.27291851531899824,6097,7,8364,8,0.9942405361537253,0.9137680658322385,0.8694404591104734,0.9926509186351706,0.6036240090600227,0.9161413341645493,0.4310246136233543,0.9846963175514108,0.015303682448589193,0.0,0.9908895753704382
resnet50,42,LAC,seen,10,0.010202354159475013,19099,15,7854,8,0.9942405361537253,0.9137680658322385,0.9272981920040744,0.9345417925478349,0.9148494288681205,0.9348322599881176,0.8892831795599716,0.9300993124522536,0.06990068754774637,0.0,
resnet50,42,LAC,unseen,10,0.9999594239428132,6607,7,7854,8,0.9942405361537253,0.9137680658322385,0.9998726763432646,1.0,0.9996538594669436,0.9997967479674796,0.9983739837398374,1.504201680672269,0.0,0.5042016806722689,1.0
resnet50,42,LAC,seen,11,0.010202354159475013,19099,15,8577,8,0.9942405361537253,0.9137680658322385,0.8953013874315029,0.902348117778606,0.8835253815010901,0.8578494140323027,0.4402332361516035,0.8987991139092923,0.10120088609070771,0.0,
resnet50,42,LAC,unseen,11,0.9999790907524021,5884,7,8577,8,0.9942405361537253,0.9137680658322385,0.999883409117407,1.0,0.9996885705387729,0.9998978758169934,0.9991830065359477,1.578290777661187,0.0,0.5782907776611869,1.0
resnet50,42,LAC,seen,12,0.010202354159475013,19099,15,7598,8,0.9942405361537253,0.9137680658322385,0.8565411950513293,0.8357630979498861,0.8849750623441397,0.7971052459385805,0.4402332361516035,0.8598315346143722,0.1401684653856278,0.0,
resnet50,42,LAC,unseen,12,0.9999473070644378,6863,7,7598,8,0.9942405361537253,0.9137680658322385,0.9997367728349565,1.0,0.9993765586034913,0.9997070135812629,0.9983739837398374,1.5534351145038168,0.0,0.5534351145038168,1.0
resnet50,42,LAC,seen,13,0.010202354159475013,19099,15,8559,8,0.9942405361537253,0.9137680658322385,0.9020913658137633,0.9137673026561915,0.8826641767818239,0.8648297511109544,0.4402332361516035,0.905596448183199,0.09440355181680103,0.0,
resnet50,42,LAC,unseen,13,0.9999786168166875,5902,7,8559,8,0.9942405361537253,0.9137680658322385,0.9998831639210188,1.0,0.9996887643946467,0.9998978758169934,0.9991830065359477,1.5875686411964014,0.0,0.5875686411964014,1.0
resnet50,42,LAC,seen,14,0.010202354159475013,19099,15,8815,8,0.9942405361537253,0.9137680658322385,0.8091888825865002,0.946969696969697,0.543066178915863,0.8231006630840785,0.3995420721236405,0.8926829268292683,0.1073170731707317,0.0,
resnet50,42,LAC,unseen,14,0.14331708138865995,5646,7,8815,8,0.9942405361537253,0.9137680658322385,0.8560408394781622,0.977961432506887,0.6205520452278018,0.8791973687492519,0.4212936462507155,0.9656267725467952,0.034373227453204765,0.0,0.9859154929577465
resnet50,42,LAC,seen,15,0.010202354159475013,19099,15,7960,8,0.9942405361537253,0.9137680658322385,0.889070351758794,0.8773079213817748,0.9093397194663018,0.8250603980103203,0.4402332361516035,0.8925879396984925,0.10741206030150753,0.0,
resnet50,42,LAC,unseen,15,0.9999640292692107,6501,7,7960,8,0.9942405361537253,0.9137680658322385,0.9998743718592965,1.0,0.9996578857338351,0.9998978758169934,0.9991830065359477,1.5197236180904523,0.0,0.5197236180904523,1.0
resnet50,42,LAC,seen,16,0.010202354159475013,19099,15,8072,8,0.9942405361537253,0.9137680658322385,0.7678394449950446,0.8974509803921569,0.5454239569313594,0.7446310250176716,0.3995420721236405,0.8583994053518335,0.1416005946481665,0.0,
resnet50,42,LAC,unseen,16,0.06903143892712338,6389,7,8072,8,0.9942405361537253,0.9137680658322385,0.8217294350842418,0.9488235294117647,0.6036339165545087,0.8322381183867609,0.41213508872352606,0.9321110009910802,0.06788899900891972,0.0,0.9796848002513221
resnet50,42,LAC,seen,17,0.010202354159475013,19099,15,8407,8,0.9942405361537253,0.9137680658322385,0.9100749375520399,0.909952606635071,0.9103046901745977,0.8872413209204901,0.550761421319797,0.9130486499345783,0.08695135006542168,0.0,
resnet50,42,LAC,unseen,17,0.9999745662762155,6054,7,8407,8,0.9942405361537253,0.9137680658322385,0.9998810515046984,1.0,0.999657651489216,0.9998978758169934,0.9991830065359477,1.5095753538717736,0.0,0.5095753538717736,1.0
resnet50,42,LAC,seen,18,0.010202354159475013,19099,15,6956,8,0.9942405361537253,0.9137680658322385,0.7334675100632547,0.8522041763341067,0.5400604686318972,0.7384919368273616,0.3995420721236405,0.8378378378378378,0.16216216216216217,0.0,
resnet50,42,LAC,unseen,18,0.04755006573929843,7505,7,6956,8,0.9942405361537253,0.9137680658322385,0.7850776308223116,0.9155452436194895,0.572562358276644,0.8133950281347444,0.40812821980538067,0.9078493387004025,0.09215066129959747,0.0,0.9760720456568407
resnet50,42,LAC,seen,19,0.010202354159475013,19099,15,7428,8,0.9942405361537253,0.9137680658322385,0.8723747980613893,0.8467849223946785,0.9119259766963673,0.826497152826768,0.4885844748858447,0.8750673128702208,0.12493268712977922,0.0,
resnet50,42,LAC,unseen,19,0.9999405655720909,7033,7,7428,8,0.9942405361537253,0.9137680658322385,0.9998653742595585,1.0,0.9996572995202193,0.9997967479674796,0.9983739837398374,1.4942110931610124,0.0,0.49421109316101236,1.0
resnet50,42,APS,seen,0,0.9999999988014694,19099,15,7524,8,0.9942405361537253,0.9137680658322385,0.9614566719829878,0.9631013545072397,0.959284392350401,0.9429167419438316,0.850253807106599,0.9937533227006912,0.006246677299308878,0.0,
resnet50,42,APS,unseen,0,1.0,6937,7,7524,8,0.9942405361537253,0.9137680658322385,0.9984051036682615,0.998598785614199,0.9981492905613819,0.9975011057631245,0.9873096446700508,1.941786283891547,0.0,0.9417862838915471,0.9998952824755223
resnet50,42,APS,seen,1,0.9999999988014694,19099,15,7976,8,0.9942405361537253,0.9137680658322385,0.847542627883651,0.9658408408408409,0.6095166163141994,0.8961692553142868,0.42301087578706353,0.973420260782347,0.02657973921765296,0.0,
resnet50,42,APS,unseen,1,0.9999999947886296,6485,7,7976,8,0.9942405361537253,0.9137680658322385,0.8366349047141425,0.9521396396396397,0.6042296072507553,0.8854086426000181,0.41614195764167144,0.9601303911735206,0.03986960882647944,0.0,0.9080056547463218
resnet50,42,APS,seen,2,0.9999999988014694,19099,15,7682,8,0.9942405361537253,0.9137680658322385,0.9662848216610258,0.9693622342642768,0.9611650485436893,0.9573354243373215,0.8688046647230321,0.9876334287945847,0.012366571205415256,0.0,
resnet50,42,APS,unseen,2,1.0,6779,7,7682,8,0.9942405361537253,0.9137680658322385,0.9993491278312939,0.9997915798249271,0.9986130374479889,0.9993679968013154,0.997716894977169,1.9438948190575371,0.0,0.9438948190575371,0.9998952824755223
resnet50,42,APS,seen,3,0.9999999988014694,19099,15,7443,8,0.9942405361537253,0.9137680658322385,0.9688297729410184,0.9754170324846356,0.9584343609282993,0.9617042438670211,0.8688046647230321,0.9888485825607953,0.011151417439204623,0.0,
resnet50,42,APS,unseen,3,1.0,7018,7,7443,8,0.9942405361537253,0.9137680658322385,0.9993282278651081,1.0,0.9982680983720125,0.9993975541093585,0.9983739837398374,1.9437054950960635,0.0,0.9437054950960634,0.9998952824755223
resnet50,42,APS,seen,4,0.9999999988014694,19099,15,6999,8,0.9942405361537253,0.9137680658322385,0.9595656522360337,0.9615290370007351,0.9568197395476353,0.9415367139235458,0.850253807106599,0.9911415916559508,0.00885840834404915,0.0,
resnet50,42,APS,unseen,4,1.0,7462,7,6999,8,0.9942405361537253,0.9137680658322385,0.9985712244606373,0.9987748100955648,0.9982864976010967,0.997680574535558,0.9873096446700508,1.9429918559794257,0.0,0.9429918559794256,0.9998952824755223
resnet50,42,APS,seen,5,0.9999999988014694,19099,15,7876,8,0.9942405361537253,0.9137680658322385,0.9647028948704927,0.9701879455605963,0.9568832768709578,0.9473030201789463,0.850253807106599,0.9926358557643474,0.007364144235652616,0.0,
resnet50,42,APS,unseen,5,1.0,6585,7,7876,8,0.9942405361537253,0.9137680658322385,0.9984763839512443,0.9989198531000216,0.9978441638435479,0.9976317909206812,0.9873096446700508,1.941467750126968,0.0,0.941467750126968,0.9998952824755223
resnet50,42,APS,seen,6,0.9999999988014694,19099,15,8463,8,0.9942405361537253,0.9137680658322385,0.967860096892355,0.9727305346250449,0.9584631360332295,0.9667869225908656,0.9093264248704663,0.9793217535153019,0.0206782464846981,0.0,
resnet50,42,APS,unseen,6,1.0,5998,7,8463,8,0.9942405361537253,0.9137680658322385,0.99940919295758,1.0,0.9982692973347179,0.9994986819588723,0.9985805535841022,1.9441096537870732,0.0,0.9441096537870731,0.9998952824755223
resnet50,42,APS,seen,7,0.9999999988014694,19099,15,7326,8,0.9942405361537253,0.9137680658322385,0.838929838929839,0.9700662818045755,0.6073990184975463,0.8936042084906187,0.42301087578706353,0.9806169806169807,0.01938301938301938,0.0,
resnet50,42,APS,unseen,7,0.9999999969961102,7135,7,7326,8,0.9942405361537253,0.9137680658322385,0.8351078351078352,0.9668590977122087,0.6024915062287656,0.8898730235852828,0.42072123640526615,0.9754299754299754,0.02457002457002457,0.0,0.9261741452432064
resnet50,42,APS,seen,8,0.9999999988014694,19099,15,7994,8,0.9942405361537253,0.9137680658322385,0.8458844133099825,0.9626028421839941,0.6099773242630385,0.8943006089793484,0.42301087578706353,0.9721040780585439,0.02789592194145609,0.0,
resnet50,42,APS,unseen,8,0.9999999913507568,6467,7,7994,8,0.9942405361537253,0.9137680658322385,0.8266199649737302,0.9373597606581899,0.6027966742252456,0.8754077882465177,0.4127074985689754,0.9494620965724293,0.050537903427570675,0.0,0.8878998900465993
resnet50,42,APS,seen,9,0.9999999988014694,19099,15,8364,8,0.9942405361537253,0.9137680658322385,0.8522238163558106,0.9653543307086614,0.608154020385051,0.8968182408795246,0.42301087578706353,0.9707077953132472,0.02929220468675275,0.0,
resnet50,42,APS,unseen,9,0.9999999918557655,6097,7,8364,8,0.9942405361537253,0.9137680658322385,0.8329746532759446,0.9403324584426946,0.6013590033975085,0.8765271818751426,0.41385231825987406,0.9483500717360115,0.05164992826398852,0.0,0.8908843394942143
resnet50,42,APS,seen,10,0.9999999988014694,19099,15,7854,8,0.9942405361537253,0.9137680658322385,0.9693149987267634,0.9760322255790533,0.9577708549671167,0.9686381102203889,0.9093264248704663,0.9820473644003056,0.017952635599694424,0.0,
resnet50,42,APS,unseen,10,1.0,6607,7,7854,8,0.9942405361537253,0.9137680658322385,0.9993633817163229,1.0,0.9982692973347179,0.9993975541093585,0.9983739837398374,1.9432136490960021,0.0,0.943213649096002,0.9998952824755223
resnet50,42,APS,seen,11,0.9999999988014694,19099,15,8577,8,0.9942405361537253,0.9137680658322385,0.968520461699895,0.9727916511367872,0.9613827468078481,0.9612330842577836,0.8688046647230321,0.9881077299755159,0.011892270024484085,0.0,
resnet50,42,APS,unseen,11,1.0,5884,7,8577,8,0.9942405361537253,0.9137680658322385,0.9991838638218491,0.9998136414461424,0.9981314232326378,0.9993192131864388,0.9985642498205313,1.943453421942404,0.0,0.9434534219424041,0.9998952824755223
resnet50,42,APS,seen,12,0.9999999988014694,19099,15,7598,8,0.9942405361537253,0.9137680658322385,0.9690708081073967,0.9738041002277904,0.9625935162094763,0.9605666399871307,0.8688046647230321,0.9939457752040011,0.006054224795998947,0.0,
resnet50,42,APS,unseen,12,1.0,6863,7,7598,8,0.9942405361537253,0.9137680658322385,0.999078704922348,0.9995444191343964,0.9984413965087282,0.999087400179368,0.997716894977169,1.9416951829428797,0.0,0.9416951829428797,0.9998952824755223
resnet50,42,APS,seen,13,0.9999999988014694,19099,15,8559,8,0.9942405361537253,0.9137680658322385,0.9703236359387779,0.9760568649457538,0.9607843137254902,0.9631017305927221,0.8688046647230321,0.9893679168127117,0.010632083187288234,0.0,
resnet50,42,APS,unseen,13,1.0,5902,7,8559,8,0.9942405361537253,0.9137680658322385,0.9991821474471316,0.9998129442573886,0.9981325863678805,0.9993192131864388,0.9985642498205313,1.9423998130622737,0.0,0.9423998130622736,0.9998952824755223
resnet50,42,APS,seen,14,0.9999999988014694,19099,15,8815,8,0.9942405361537253,0.9137680658322385,0.8527509926262054,0.9583333333333334,0.6488194213501829,0.8805483708565114,0.42301087578706353,0.97379466817924,0.02620533182076007,0.0,
resnet50,42,APS,unseen,14,0.9999999869087455,5646,7,8815,8,0.9942405361537253,0.9137680658322385,0.8318774815655133,0.9269972451790633,0.6481543066178916,0.8581496212220177,0.41099026903262736,0.9494044242768009,0.050595575723199095,0.0,0.8717733912770302
resnet50,42,APS,seen,15,0.9999999988014694,19099,15,7960,8,0.9942405361537253,0.9137680658322385,0.9620603015075377,0.9662497518364106,0.9548409168662333,0.9440718045291373,0.850253807106599,0.9865577889447236,0.013442211055276381,0.0,
resnet50,42,APS,unseen,15,1.0,6501,7,7960,8,0.9942405361537253,0.9137680658322385,0.9987437185929648,0.9992058765137979,0.9979473144030107,0.9979123875426287,0.9873096446700508,1.9435929648241206,0.0,0.9435929648241206,0.9998952824755223
resnet50,42,APS,seen,16,0.9999999988014694,19099,15,8072,8,0.9942405361537253,0.9137680658322385,0.8515857284440039,0.9690196078431372,0.6500672947510094,0.8924840633161433,0.42301087578706353,0.9841427155599604,0.015857284440039643,0.0,
resnet50,42,APS,unseen,16,0.9999999977593099,6389,7,8072,8,0.9942405361537253,0.9137680658322385,0.8491080277502477,0.9650980392156863,0.6500672947510094,0.8905580781065681,0.4212936462507155,0.9809217046580773,0.019078295341922697,0.0,0.9359128750196345
resnet50,42,APS,seen,17,0.9999999988014694,19099,15,8407,8,0.9942405361537253,0.9137680658322385,0.9592006661115737,0.9611738971928545,0.9554946935980828,0.9472683782126281,0.850253807106599,0.977756631378613,0.022243368621386938,0.0,
resnet50,42,APS,unseen,17,1.0,6054,7,8407,8,0.9942405361537253,0.9137680658322385,0.9988105150469847,0.999270871308786,0.9979459089352961,0.9979123875426287,0.9873096446700508,1.9452836921612942,0.0,0.9452836921612942,0.9998952824755223
resnet50,42,APS,seen,18,0.9999999988014694,19099,15,6956,8,0.9942405361537253,0.9137680658322385,0.8309373202990225,0.9670533642691416,0.6092214663643235,0.8910865765904423,0.42301087578706353,0.9827487061529615,0.017251293847038527,0.0,
resnet50,42,APS,unseen,18,0.9999999964095636,7505,7,6956,8,0.9942405361537253,0.9137680658322385,0.8260494537090282,0.9621809744779583,0.6043083900226758,0.8869480896807636,0.4184315970234688,0.9757044278320874,0.024295572167912595,0.0,0.9206764752081261
resnet50,42,APS,seen,19,0.9999999988014694,19099,15,7428,8,0.9942405361537253,0.9137680658322385,0.9585352719439957,0.9596452328159645,0.9568197395476353,0.9466019339419751,0.850253807106599,0.982364028002154,0.017635971997845987,0.0,
resnet50,42,APS,unseen,19,1.0,7033,7,7428,8,0.9942405361537253,0.9137680658322385,0.9986537425955843,0.9988913525498891,0.9982864976010967,0.9976805745355581,0.9873096446700508,1.9437264404954226,0.0,0.9437264404954228,0.9998952824755223
resnet50,43,LAC,seen,0,0.007852438943068307,19099,15,7524,8,0.993978742342531,0.9148053384966461,0.8262892078681552,0.798225128444652,0.8633559531153608,0.7389095649188404,0.4227405247813411,0.8310738968633705,0.16892610313662945,0.0,
resnet50,43,LAC,unseen,0,0.99994299301467,6937,7,7524,8,0.993978742342531,0.9148053384966461,1.0,1.0,1.0,1.0,1.0,1.5606060606060606,0.0,0.5606060606060606,0.9999476412377611
resnet50,43,LAC,seen,1,0.007852438943068307,19099,15,7976,8,0.993978742342531,0.9148053384966461,0.7818455366098295,0.9159159159159159,0.5120845921450151,0.7976384779302821,0.3972524327418432,0.8776328986960883,0.12236710130391174,0.0,
resnet50,43,LAC,unseen,1,0.12740284905195176,6485,7,7976,8,0.993978742342531,0.9148053384966461,0.8449097291875627,0.9806681681681682,0.5717522658610272,0.8925488282069782,0.4127074985689754,0.9662738214643932,0.03372617853560682,0.0,0.9861772867689408
resnet50,43,LAC,seen,2,0.007852438943068307,19099,15,7682,8,0.993978742342531,0.9148053384966461,0.8521218432699817,0.8278449353897457,0.8925104022191401,0.781968730769845,0.4227405247813411,0.8545951575110649,0.14540484248893518,0.0,
resnet50,43,LAC,unseen,2,0.9999508178653977,6779,7,7682,8,0.993978742342531,0.9148053384966461,0.9998698255662588,1.0,0.9996532593619972,0.9998978758169934,0.9991830065359477,1.5387919812548816,0.0,0.5387919812548816,0.9999476412377611
resnet50,43,LAC,seen,3,0.007852438943068307,19099,15,7443,8,0.993978742342531,0.9148053384966461,0.8737068386403332,0.8630377524143986,0.8905438171111881,0.8407561969091006,0.4227405247813411,0.8770656993147924,0.12293430068520758,0.0,
resnet50,43,LAC,unseen,3,0.9999404101573275,7018,7,7443,8,0.993978742342531,0.9148053384966461,1.0,1.0,1.0,1.0,1.0,1.5278785435980116,0.0,0.5278785435980116,0.9999476412377611
resnet50,43,LAC,seen,4,0.007852438943068307,19099,15,6999,8,0.993978742342531,0.9148053384966461,0.8216888126875268,0.7745650575839255,0.8875942426319396,0.7395362582935481,0.4227405247813411,0.8251178739819974,0.17488212601800257,0.0,
resnet50,43,LAC,unseen,4,0.999922482372354,7462,7,6999,8,0.993978742342531,0.9148053384966461,1.0,1.0,1.0,1.0,1.0,1.5205029289898557,0.0,0.5205029289898557,0.9999476412377611
resnet50,43,LAC,seen,5,0.007852438943068307,19099,15,7876,8,0.993978742342531,0.9148053384966461,0.8651599796851194,0.8682220782026355,0.8607945796119495,0.8058626064597191,0.4227405247813411,0.8704926358557643,0.12950736414423566,0.0,
resnet50,43,LAC,unseen,5,0.9999559152548652,6585,7,7876,8,0.993978742342531,0.9148053384966461,1.0,1.0,1.0,1.0,1.0,1.6023362112747588,0.0,0.6023362112747588,0.9999476412377611
resnet50,43,LAC,seen,6,0.007852438943068307,19099,15,8463,8,0.993978742342531,0.9148053384966461,0.9174051754696916,0.9318263365626122,0.8895811699550017,0.9201077041223824,0.837473385379702,0.9202410492733073,0.07975895072669266,0.0,
resnet50,43,LAC,unseen,6,0.9999694846636052,5998,7,8463,8,0.993978742342531,0.9148053384966461,0.999881838591516,1.0,0.9996538594669436,0.9998978758169934,0.9991830065359477,1.5591397849462365,0.0,0.5591397849462365,0.9999476412377611
resnet50,43,LAC,seen,7,0.007852438943068307,19099,15,7326,8,0.993978742342531,0.9148053384966461,0.7558012558012558,0.8943767372247167,0.5111362778406946,0.7790930085125606,0.3972524327418432,0.8609063609063609,0.1390936390936391,0.0,
resnet50,43,LAC,unseen,7,0.07623916569395839,7135,7,7326,8,0.993978742342531,0.9148053384966461,0.8184548184548185,0.9640795381654907,0.5613439033597584,0.8682104842593197,0.40927303949627936,0.9466284466284466,0.053371553371553374,0.0,0.9813602806429657
resnet50,43,LAC,seen,8,0.007852438943068307,19099,15,7994,8,0.993978742342531,0.9148053384966461,0.7757067800850638,0.9057591623036649,0.5128495842781557,0.7914914741849638,0.3972524327418432,0.8711533650237678,0.12884663497623217,0.0,
resnet50,43,LAC,unseen,8,0.11341981240680765,6467,7,7994,8,0.993978742342531,0.9148053384966461,0.841506129597198,0.9760658189977561,0.5695389266817839,0.8884353457983192,0.4115626788780767,0.9603452589442082,0.039654741055791844,0.0,0.9848683177129692
resnet50,43,LAC,seen,9,0.007852438943068307,19099,15,8364,8,0.993978742342531,0.9148053384966461,0.8085844093735055,0.9464566929133859,0.5111362778406946,0.8522975119805242,0.3972524327418432,0.9004065040650406,0.09959349593495935,0.0,
resnet50,43,LAC,unseen,9,0.17998517961222682,6097,7,8364,8,0.993978742342531,0.9148053384966461,0.8607125777140124,0.9912510936132983,0.5790864477161193,0.9104909063398875,0.41785918717801945,0.9776422764227642,0.022357723577235773,0.0,0.9890046599298392
resnet50,43,LAC,seen,10,0.007852438943068307,19099,15,7854,8,0.993978742342531,0.9148053384966461,0.9115100585688821,0.924269889224572,0.8895811699550017,0.9180891324660777,0.837473385379702,0.9146931499872676,0.08530685001273236,0.0,
resnet50,43,LAC,unseen,10,0.9999552732897482,6607,7,7854,8,0.993978742342531,0.9148053384966461,1.0,1.0,1.0,1.0,1.0,1.54227145403616,0.0,0.54227145403616,0.9999476412377611
resnet50,43,LAC,seen,11,0.007852438943068307,19099,15,8577,8,0.993978742342531,0.9148053384966461,0.8830593447592399,0.8934029071934402,0.8657739022111491,0.8421480751906978,0.4227405247813411,0.8872566165325871,0.11274338346741285,0.0,
resnet50,43,LAC,unseen,11,0.9999706431428397,5884,7,8577,8,0.993978742342531,0.9148053384966461,0.999883409117407,1.0,0.9996885705387729,0.9998978758169934,0.9991830065359477,1.5901830476856709,0.0,0.590183047685671,0.9999476412377611
resnet50,43,LAC,seen,12,0.007852438943068307,19099,15,7598,8,0.993978742342531,0.9148053384966461,0.843248223216636,0.8255125284738041,0.8675187032418953,0.7793234657388326,0.4227405247813411,0.8474598578573309,0.15254014214266912,0.0,
resnet50,43,LAC,unseen,12,0.9999478271733857,6863,7,7598,8,0.993978742342531,0.9148053384966461,1.0,1.0,1.0,1.0,1.0,1.570939720979205,0.0,0.5709397209792051,0.9999476412377611
resnet50,43,LAC,seen,13,0.007852438943068307,19099,15,8559,8,0.993978742342531,0.9148053384966461,0.8890057249678701,0.9034792368125701,0.8649237472766884,0.8482950789360161,0.4227405247813411,0.8933286598901741,0.10667134010982592,0.0,
resnet50,43,LAC,unseen,13,0.9999706342247406,5902,7,8559,8,0.993978742342531,0.9148053384966461,0.9998831639210188,1.0,0.9996887643946467,0.9998978758169934,0.9991830065359477,1.6237878256805702,0.0,0.6237878256805701,0.9999476412377611
resnet50,43,LAC,seen,14,0.007852438943068307,19099,15,8815,8,0.993978742342531,0.9148053384966461,0.7985252410663641,0.9400826446280992,0.5251080811439973,0.8112569177858243,0.3972524327418432,0.8874645490640953,0.11253545093590471,0.0,
resnet50,43,LAC,unseen,14,0.0961863224874705,5646,7,8815,8,0.993978742342531,0.9148053384966461,0.8457175269427113,0.9758953168044077,0.5942800133022946,0.8710109717260368,0.41099026903262736,0.9560975609756097,0.04390243902439024,0.0,0.9832451960835645
resnet50,43,LAC,seen,15,0.007852438943068307,19099,15,7960,8,0.993978742342531,0.9148053384966461,0.8734924623115577,0.8669843160611475,0.8847074923024291,0.8085078714907314,0.4227405247813411,0.8771356783919598,0.1228643216080402,0.0,
resnet50,43,LAC,unseen,15,0.9999575994542504,6501,7,7960,8,0.993978742342531,0.9148053384966461,0.9998743718592965,1.0,0.9996578857338351,0.9998978758169934,0.9991830065359477,1.567713567839196,0.0,0.567713567839196,0.9999476412377611
resnet50,43,LAC,seen,16,0.007852438943068307,19099,15,8072,8,0.993978742342531,0.9148053384966461,0.7533448959365708,0.8854901960784314,0.5265814266487214,0.7258258527439156,0.3972524327418432,0.849603567888999,0.15039643211100098,0.0,
resnet50,43,LAC,unseen,16,0.047919506827238556,6389,7,8072,8,0.993978742342531,0.9148053384966461,0.8135530227948464,0.9494117647058824,0.5804172274562585,0.8312642968621811,0.4058385804235833,0.9267839444995044,0.07321605550049554,0.0,0.9768574270904236
resnet50,43,LAC,seen,17,0.007852438943068307,19099,15,8407,8,0.993978742342531,0.9148053384966461,0.8967527060782681,0.9026613197229311,0.8856555973981514,0.873546799557072,0.5228426395939086,0.8999643154514095,0.10003568454859046,0.0,
resnet50,43,LAC,unseen,17,0.9999687710588814,6054,7,8407,8,0.993978742342531,0.9148053384966461,0.9998810515046984,1.0,0.999657651489216,0.9998978758169934,0.9991830065359477,1.519685975972404,0.0,0.519685975972404,0.9999476412377611
resnet50,43,LAC,seen,18,0.007852438943068307,19099,15,6956,8,0.993978742342531,0.9148053384966461,0.7152098907418056,0.8394431554524362,0.5128495842781557,0.7182869707170002,0.3972524327418432,0.8251868890166763,0.17481311098332375,0.0,
resnet50,43,LAC,unseen,18,0.03511625798750195,7505,7,6956,8,0.993978742342531,0.9148053384966461,0.7767395054629097,0.9187935034802784,0.5453514739229025,0.8126779822095878,0.4046937607326846,0.9023864289821737,0.09761357101782633,0.0,0.9730352374469867
resnet50,43,LAC,seen,19,0.007852438943068307,19099,15,7428,8,0.993978742342531,0.9148053384966461,0.8578352180936996,0.8385809312638581,0.8875942426319396,0.8107221901052069,0.45662100456621,0.8609316101238557,0.1390683898761443,0.0,
resnet50,43,LAC,unseen,19,0.9999392772685939,7033,7,7428,8,0.993978742342531,0.9148053384966461,1.0,1.0,1.0,1.0,1.0,1.492460958535272,0.0,0.49246095853527194,0.9999476412377611
resnet50,43,APS,seen,0,0.9999999999806073,19099,15,7524,8,0.993978742342531,0.9148053384966461,0.9706273258904838,0.9780476412891173,0.9608266502159161,0.9604023024720214,0.8984771573604061,0.9986709197235513,0.0013290802764486975,0.0,
resnet50,43,APS,unseen,0,1.0,6937,7,7524,8,0.993978742342531,0.9148053384966461,0.9992025518341308,0.9997664642690332,0.9984577421344849,0.9994863059535255,0.9978463747307968,1.9431153641679957,0.0,0.9431153641679958,0.9998952824755223
resnet50,43,APS,seen,1,0.9999999999806073,19099,15,7976,8,0.993978742342531,0.9148053384966461,0.8608324974924775,0.9930555555555556,0.5947885196374623,0.9125117931306637,0.4310246136233543,0.9952357071213641,0.004764292878635908,0.0,
resnet50,43,APS,unseen,1,0.9999999951219916,6485,7,7976,8,0.993978742342531,0.9148053384966461,0.8447843530591775,0.9827327327327328,0.5672205438066465,0.8960033344568972,0.4184315970234688,0.9776830491474423,0.022316950852557672,0.0,0.7397769516728625
resnet50,43,APS,seen,2,0.9999999999806073,19099,15,7682,8,0.993978742342531,0.9148053384966461,0.9765686019265816,0.9849937473947478,0.9625520110957004,0.9716951916259027,0.9212827988338192,0.9955740692527988,0.0044259307472012495,0.0,
resnet50,43,APS,unseen,2,1.0,6779,7,7682,8,0.993978742342531,0.9148053384966461,0.9996094766987763,0.9997915798249271,0.9993065187239945,0.9997555091121759,0.9985805535841022,1.9485810986722207,0.0,0.9485810986722207,0.9998952824755223
resnet50,43,APS,seen,3,0.9999999999806073,19099,15,7443,8,0.993978742342531,0.9148053384966461,0.9763536208518071,0.9868305531167691,0.9598198822306893,0.9736485220191806,0.9212827988338192,0.9950288862018003,0.004971113798199651,0.0,
resnet50,43,APS,unseen,3,1.0,7018,7,7443,8,0.993978742342531,0.9148053384966461,0.9995969367190649,0.9997805092186128,0.9993072393488049,0.9997555091121759,0.9985805535841022,1.9451833937928256,0.0,0.9451833937928255,0.9998952824755223
resnet50,43,APS,seen,4,0.9999999999806073,19099,15,6999,8,0.993978742342531,0.9148053384966461,0.9687098156879554,0.9759862778730704,0.9585332419465388,0.9586278773510246,0.8984771573604061,0.9949992856122303,0.005000714387769682,0.0,
resnet50,43,APS,unseen,4,1.0,7462,7,6999,8,0.993978742342531,0.9148053384966461,0.9995713673381912,0.999754962019113,0.9993145990404386,0.9997555091121759,0.9985805535841022,1.9458494070581511,0.0,0.9458494070581511,0.9998952824755223
resnet50,43,APS,seen,5,0.9999999999806073,19099,15,7876,8,0.993978742342531,0.9148053384966461,0.9728288471305231,0.983149708360337,0.9581151832460733,0.9634928365592368,0.8984771573604061,0.9983494159471813,0.0016505840528186896,0.0,
resnet50,43,APS,unseen,5,1.0,6585,7,7876,8,0.993978742342531,0.9148053384966461,0.9992381919756221,0.9997839706200043,0.9984601170311056,0.9994863059535255,0.9978463747307968,1.9434992381919756,0.0,0.9434992381919757,0.9998952824755223
resnet50,43,APS,seen,6,0.9999999999806073,19099,15,8463,8,0.993978742342531,0.9148053384966461,0.9821576273189176,0.9939002511661285,0.9595015576323987,0.9838157903666628,0.9585253456221198,0.9951553822521565,0.004844617747843554,0.0,
resnet50,43,APS,unseen,6,1.0,5998,7,8463,8,0.993978742342531,0.9148053384966461,0.9996455157745481,0.9998205956225332,0.9993077189338871,0.9997555091121759,0.9985805535841022,1.946591043365237,0.0,0.9465910433652369,0.9998952824755223
resnet50,43,APS,seen,7,0.9999999999806073,19099,15,7326,8,0.993978742342531,0.9148053384966461,0.8457548457548457,0.988881761813128,0.5930539826349566,0.9052090021555763,0.4310246136233543,0.9949494949494949,0.005050505050505051,0.0,
resnet50,43,APS,unseen,7,0.9999999877037339,7135,7,7326,8,0.993978742342531,0.9148053384966461,0.8203658203658204,0.9692110327132777,0.5575688939222349,0.8826695780628012,0.41556954779622207,0.9666939666939667,0.03330603330603331,0.0,0.6939630347138593
resnet50,43,APS,seen,8,0.9999999999806073,19099,15,7994,8,0.993978742342531,0.9148053384966461,0.8608956717538153,0.9921465968586387,0.5956160241874527,0.912285736415843,0.4310246136233543,0.9952464348261196,0.0047535651738804105,0.0,
resnet50,43,APS,unseen,8,0.9999999883322205,6467,7,7994,8,0.993978742342531,0.9148053384966461,0.8331248436327245,0.9680254300673149,0.5604686318972033,0.8840356381188672,0.41671436748712076,0.964848636477358,0.03515136352264198,0.0,0.6966856903502802
resnet50,43,APS,seen,9,0.9999999999806073,19099,15,8364,8,0.993978742342531,0.9148053384966461,0.8676470588235294,0.9945756780402449,0.5938089845224613,0.9151502137882377,0.4310246136233543,0.9950980392156863,0.004901960784313725,0.0,
resnet50,43,APS,unseen,9,0.9999999933492234,6097,7,8364,8,0.993978742342531,0.9148053384966461,0.8455284552845529,0.9765529308836396,0.5628539071347678,0.8917746047760813,0.41728677733257014,0.9713055954088953,0.028694404591104734,0.0,0.7244358343368763
resnet50,43,APS,seen,10,0.9999999999806073,19099,15,7854,8,0.993978742342531,0.9148053384966461,0.980646804176216,0.9933534743202417,0.9588092765662859,0.9829046433875459,0.9585253456221198,0.9947797300738477,0.0052202699261522795,0.0,
resnet50,43,APS,unseen,10,1.0,6607,7,7854,8,0.993978742342531,0.9148053384966461,0.9996180290297937,0.9997985901309164,0.9993077189338871,0.9997555091121759,0.9985805535841022,1.9447415329768272,0.0,0.9447415329768271,0.9998952824755223
resnet50,43,APS,seen,11,0.9999999999806073,19099,15,8577,8,0.993978742342531,0.9148053384966461,0.9793634137810423,0.9893775624301155,0.9626284646527562,0.9763340941192942,0.9212827988338192,0.9986009094088842,0.0013990905911157748,0.0,
resnet50,43,APS,unseen,11,1.0,5884,7,8577,8,0.993978742342531,0.9148053384966461,0.9993004547044421,0.9998136414461424,0.9984428526938648,0.9994863059535255,0.9978463747307968,1.944619330768334,0.0,0.9446193307683339,0.9998952824755223
resnet50,43,APS,seen,12,0.9999999999806073,19099,15,7598,8,0.993978742342531,0.9148053384966461,0.975914714398526,0.9847380410022779,0.9638403990024937,0.9725584697677825,0.9212827988338192,0.9988154777573045,0.0011845222426954461,0.0,
resnet50,43,APS,unseen,12,1.0,6863,7,7598,8,0.993978742342531,0.9148053384966461,0.9992103185048697,0.9997722095671981,0.9984413965087282,0.9994863059535255,0.9978463747307968,1.943932613845749,0.0,0.9439326138457489,0.9998952824755223
resnet50,43,APS,seen,13,0.9999999999806073,19099,15,8559,8,0.993978742342531,0.9148053384966461,0.9795536861782919,0.9902731013842125,0.96171802054155,0.9765601508341148,0.9212827988338192,0.9985979670522257,0.0014020329477742728,0.0,
resnet50,43,APS,unseen,13,1.0,5902,7,8559,8,0.993978742342531,0.9148053384966461,0.9992989835261129,0.9998129442573886,0.9984438219732338,0.9994863059535255,0.9978463747307968,1.9461385675896716,0.0,0.9461385675896717,0.9998952824755223
resnet50,43,APS,seen,14,0.9999999999806073,19099,15,8815,8,0.993978742342531,0.9148053384966461,0.8698808848553602,0.9907024793388429,0.6365147988027935,0.9047684716134732,0.4310246136233543,0.9980714690867839,0.001928530913216109,0.0,
resnet50,43,APS,unseen,14,0.9999999962930923,5646,7,8815,8,0.993978742342531,0.9148053384966461,0.8581962563811685,0.9757231404958677,0.6311938809444629,0.8915997771941649,0.41900400686891814,0.9850255246738514,0.01497447532614861,0.0,0.7545421226242212
resnet50,43,APS,seen,15,0.9999999999806073,19099,15,7960,8,0.993978742342531,0.9148053384966461,0.9734924623115578,0.9835219376613064,0.9562093739308929,0.962629558417357,0.8984771573604061,0.9952261306532664,0.004773869346733669,0.0,
resnet50,43,APS,unseen,15,1.0,6501,7,7960,8,0.993978742342531,0.9148053384966461,0.9996231155778894,0.9998014691284495,0.9993157714676703,0.9997555091121759,0.9985805535841022,1.9479899497487436,0.0,0.9479899497487437,0.9998952824755223
resnet50,43,APS,seen,16,0.9999999999806073,19099,15,8072,8,0.993978742342531,0.9148053384966461,0.8595143706640238,0.9892156862745098,0.6369448183041723,0.9052561535981158,0.4310246136233543,0.9988850346878098,0.0011149653121902874,0.0,
resnet50,43,APS,unseen,16,0.999999997710634,6389,7,8072,8,0.993978742342531,0.9148053384966461,0.8551783944499505,0.9837254901960785,0.6345895020188426,0.9021847725831029,0.42072123640526615,0.9931863230921705,0.006813676907829534,0.0,0.7789936645897692
resnet50,43,APS,seen,17,0.9999999999806073,19099,15,8407,8,0.993978742342531,0.9148053384966461,0.9772808373974069,0.987969376594969,0.9572064361520027,0.9714335663560808,0.8984771573604061,0.9950041631973355,0.004995836802664446,0.0,
resnet50,43,APS,unseen,17,1.0,6054,7,8407,8,0.993978742342531,0.9148053384966461,0.9996431545140954,0.9998177178271965,0.9993153029784321,0.9997555091121759,0.9985805535841022,1.944332104198882,0.0,0.9443321041988819,0.9998952824755223
resnet50,43,APS,seen,18,0.9999999999806073,19099,15,6956,8,0.993978742342531,0.9148053384966461,0.8368315123634272,0.9853828306264502,0.5948601662887377,0.9023445247831815,0.4310246136233543,0.9951121334100057,0.00488786658999425,0.0,
resnet50,43,APS,unseen,18,0.9999999856120703,7505,7,6956,8,0.993978742342531,0.9148053384966461,0.8087981598619897,0.9638051044083527,0.5563114134542706,0.8787371898903061,0.41499713795077275,0.9636285221391604,0.036371477860839566,0.0,0.6863186554269857
resnet50,43,APS,seen,19,0.9999999999806073,19099,15,7428,8,0.993978742342531,0.9148053384966461,0.9734787291330103,0.9831485587583149,0.9585332419465388,0.9676579420045692,0.8984771573604061,0.9947495961227787,0.005250403877221325,0.0,
resnet50,43,APS,unseen,19,1.0,7033,7,7428,8,0.993978742342531,0.9148053384966461,0.9995961227786753,0.9997782705099778,0.9993145990404386,0.9997555091121759,0.9985805535841022,1.943591814754981,0.0,0.9435918147549811,0.9998952824755223
resnet50,44,LAC,seen,0,0.00659865370655599,19099,15,7524,8,0.9946594062516362,0.9164649747596985,0.8506113769271664,0.8101354507239608,0.9040715607649599,0.7698994798255469,0.5072886297376094,0.8553960659223817,0.1446039340776183,0.0,
resnet50,44,LAC,unseen,0,0.9998545603253062,6937,7,7524,8,0.9946594062516362,0.9164649747596985,0.9998670919723551,1.0,0.999691548426897,0.9999112845990064,0.9992902767920511,1.3911483253588517,0.0,0.3911483253588517,0.9999476412377611
resnet50,44,LAC,seen,1,0.00659865370655599,19099,15,7976,8,0.9946594062516362,0.9164649747596985,0.7957622868605817,0.9228603603603603,0.5400302114803626,0.8152773667487435,0.3955352032054951,0.8836509528585758,0.11634904714142427,0.0,
resnet50,44,LAC,unseen,1,0.10827852865162424,6485,7,7976,8,0.9946594062516362,0.9164649747596985,0.8509277833500501,0.9862987987987988,0.5785498489425982,0.9009128677362391,0.40927303949627936,0.9694082246740221,0.030591775325977934,0.0,0.9859678517199854
resnet50,44,LAC,seen,2,0.00659865370655599,19099,15,7682,8,0.9946594062516362,0.9164649747596985,0.8691746940900807,0.838474364318466,0.920249653259362,0.8088558768389172,0.5072886297376094,0.8715178338974225,0.12848216610257746,0.0,
resnet50,44,LAC,unseen,2,0.9998585284278114,6779,7,7682,8,0.9946594062516362,0.9164649747596985,0.9997396511325176,1.0,0.9993065187239945,0.9998091604159998,0.9991830065359477,1.3866180682114033,0.0,0.38661806821140327,0.9999476412377611
resnet50,44,LAC,seen,3,0.00659865370655599,19099,15,7443,8,0.9946594062516362,0.9164649747596985,0.8868735724842134,0.8669885864793678,0.9182542431589885,0.8586960633521148,0.5072886297376094,0.8899637243047158,0.11003627569528417,0.0,
resnet50,44,LAC,unseen,3,0.9998500606914533,7018,7,7443,8,0.9946594062516362,0.9164649747596985,0.9998656455730216,1.0,0.9996536196744025,0.9999112845990064,0.9992902767920511,1.384925433293027,0.0,0.38492543329302703,0.9999476412377611
resnet50,44,LAC,seen,4,0.00659865370655599,19099,15,6999,8,0.9946594062516362,0.9164649747596985,0.8398342620374339,0.7875520705709385,0.9129540781357094,0.7649582992683831,0.5072886297376094,0.8439777111015859,0.15602228889841405,0.0,
resnet50,44,LAC,unseen,4,0.9998158149250166,7462,7,6999,8,0.9946594062516362,0.9164649747596985,0.9998571224460637,1.0,0.9996572995202193,0.9999112845990064,0.9992902767920511,1.4030575796542364,0.0,0.40305757965423633,0.9999476412377611
resnet50,44,LAC,seen,5,0.00659865370655599,19099,15,7876,8,0.9946594062516362,0.9164649747596985,0.8861097003555104,0.8751350183624973,0.9017554665845395,0.8290674159824951,0.5072886297376094,0.8909344845099035,0.10906551549009649,0.0,
resnet50,44,LAC,unseen,5,0.9998854172917737,6585,7,7876,8,0.9946594062516362,0.9164649747596985,0.999873031995937,1.0,0.9996920234062211,0.9999112845990064,0.9992902767920511,1.404393092940579,0.0,0.40439309294057896,0.9999476412377611
resnet50,44,LAC,seen,6,0.00659865370655599,19099,15,8463,8,0.9946594062516362,0.9164649747596985,0.9268580881484108,0.9316469321851453,0.9176185531325718,0.9279935632942085,0.8717948717948718,0.9292213163180905,0.07077868368190948,0.0,
resnet50,44,LAC,unseen,6,0.9999216458008371,5998,7,8463,8,0.9946594062516362,0.9164649747596985,0.999763677183032,1.0,0.9993077189338871,0.9998091604159998,0.9991830065359477,1.3948954271534917,0.0,0.3948954271534917,0.9999476412377611
resnet50,44,LAC,seen,7,0.00659865370655599,19099,15,7326,8,0.9946594062516362,0.9164649747596985,0.767949767949768,0.8977977335899081,0.5386938467346168,0.7964158607485098,0.3955352032054951,0.8643188643188643,0.13568113568113568,0.0,
resnet50,44,LAC,unseen,7,0.05299192974345146,7135,7,7326,8,0.9946594062516362,0.9164649747596985,0.8199563199563199,0.9640795381654907,0.5654964137410343,0.870275383004706,0.4029765311963366,0.9436254436254436,0.05637455637455637,0.0,0.9794753652023667
resnet50,44,LAC,seen,8,0.00659865370655599,19099,15,7994,8,0.9946594062516362,0.9164649747596985,0.7868401300975731,0.9087509349289454,0.5404383975812547,0.8065454245336553,0.3955352032054951,0.8745308981736303,0.12546910182636978,0.0,
resnet50,44,LAC,unseen,8,0.09669175696634014,6467,7,7994,8,0.9946594062516362,0.9164649747596985,0.8482611958969227,0.9818623784592371,0.5782312925170068,0.8975090294154817,0.40870062965083,0.9652239179384539,0.03477608206154616,0.0,0.9850253939996858
resnet50,44,LAC,seen,9,0.00659865370655599,19099,15,8364,8,0.9946594062516362,0.9164649747596985,0.8144428503108561,0.9422572178477691,0.5386938467346168,0.8569814184755152,0.3955352032054951,0.898493543758967,0.101506456241033,0.0,
resnet50,44,LAC,unseen,9,0.13480903341669626,6097,7,8364,8,0.9946594062516362,0.9164649747596985,0.8614299378287901,0.9910761154855643,0.5817289543223858,0.9104412027852213,0.4115626788780767,0.9764466762314682,0.0235533237685318,0.0,0.9871721032514791
resnet50,44,LAC,seen,10,0.00659865370655599,19099,15,7854,8,0.9946594062516362,0.9164649747596985,0.9225872167048638,0.9254783484390735,0.9176185531325718,0.927397755865546,0.8717948717948718,0.9255156608097784,0.07448433919022154,0.0,
resnet50,44,LAC,unseen,10,0.9998850221761204,6607,7,7854,8,0.9946594062516362,0.9164649747596985,0.9998726763432646,1.0,0.9996538594669436,0.9999112845990064,0.9992902767920511,1.3860453272217979,0.0,0.3860453272217978,0.9999476412377611
resnet50,44,LAC,seen,11,0.00659865370655599,19099,15,8577,8,0.9946594062516362,0.9164649747596985,0.9001982045004081,0.8950801341781588,0.9087511678604796,0.8642330513379409,0.5072886297376094,0.9033461583304185,0.09665384166958144,0.0,
resnet50,44,LAC,unseen,11,0.9999273464439449,5884,7,8577,8,0.9946594062516362,0.9164649747596985,0.9997668182348141,1.0,0.9993771410775459,0.9998091604159998,0.9991830065359477,1.3945435466946485,0.0,0.3945435466946485,0.9999476412377611
resnet50,44,LAC,seen,12,0.00659865370655599,19099,15,7598,8,0.9946594062516362,0.9164649747596985,0.868781258225849,0.8382687927107062,0.9105361596009975,0.8132012499674185,0.5072886297376094,0.872466438536457,0.12753356146354303,0.0,
resnet50,44,LAC,unseen,12,0.9998557234213619,6863,7,7598,8,0.9946594062516362,0.9164649747596985,0.9998683864174783,1.0,0.9996882793017456,0.9999112845990064,0.9992902767920511,1.3894445906817583,0.0,0.38944459068175835,0.9999476412377611
resnet50,44,LAC,seen,13,0.00659865370655599,19099,15,8559,8,0.9946594062516362,0.9164649747596985,0.908751022315691,0.9090909090909091,0.9081854964207905,0.8729649935530293,0.5072886297376094,0.9119055964481833,0.0880944035518168,0.0,
resnet50,44,LAC,unseen,13,0.9999270233548824,5902,7,8559,8,0.9946594062516362,0.9164649747596985,0.9997663278420377,1.0,0.9993775287892935,0.9998091604159998,0.9991830065359477,1.418857343147564,0.0,0.41885734314756395,0.9999476412377611
resnet50,44,LAC,seen,14,0.00659865370655599,19099,15,8815,8,0.9946594062516362,0.9164649747596985,0.8091888825865002,0.9347451790633609,0.5666777519122048,0.8186208288908072,0.3955352032054951,0.8906409529211571,0.10935904707884288,0.0,
resnet50,44,LAC,unseen,14,0.06419035546304686,5646,7,8815,8,0.9946594062516362,0.9164649747596985,0.8478729438457175,0.974862258953168,0.6025939474559362,0.87107007815793,0.4046937607326846,0.9550765740215542,0.044923425978445834,0.0,0.9810461280695324
resnet50,44,LAC,seen,15,0.00659865370655599,19099,15,7960,8,0.9946594062516362,0.9164649747596985,0.8863065326633166,0.8723446495930117,0.9103660622647964,0.8247220428539939,0.5072886297376094,0.8898241206030151,0.11017587939698492,0.0,
resnet50,44,LAC,unseen,15,0.9998874902449384,6501,7,7960,8,0.9946594062516362,0.9164649747596985,0.999748743718593,1.0,0.9993157714676703,0.9998091604159998,0.9991830065359477,1.4006281407035175,0.0,0.4006281407035176,0.9999476412377611
resnet50,44,LAC,seen,16,0.00659865370655599,19099,15,8072,8,0.9946594062516362,0.9164649747596985,0.7781219028741329,0.8988235294117647,0.5709959623149394,0.7602487970075643,0.3955352032054951,0.865832507433102,0.13416749256689792,0.0,
resnet50,44,LAC,unseen,16,0.04820856690695097,6389,7,8072,8,0.9946594062516362,0.9164649747596985,0.8297819623389494,0.9627450980392157,0.6016150740242261,0.8564107854406275,0.4029765311963366,0.9416501486620417,0.05834985133795838,0.0,0.9782711136708728
resnet50,44,LAC,seen,17,0.00659865370655599,19099,15,8407,8,0.9946594062516362,0.9164649747596985,0.9023432853574402,0.8977397010572365,0.9109893871961657,0.8759598509372484,0.5253807106598984,0.9056738432258832,0.0943261567741168,0.0,
resnet50,44,LAC,unseen,17,0.9999110648504618,6054,7,8407,8,0.9946594062516362,0.9164649747596985,0.9997621030093969,1.0,0.9993153029784321,0.9998091604159998,0.9991830065359477,1.362317116688474,0.0,0.3623171166884739,0.9999476412377611
resnet50,44,LAC,seen,18,0.00659865370655599,19099,15,6956,8,0.9946594062516362,0.9164649747596985,0.7337550316273721,0.8524361948955916,0.5404383975812547,0.7459798668066497,0.3955352032054951,0.8349626221966647,0.16503737780333524,0.0,
resnet50,44,LAC,unseen,18,0.028470730267016187,7505,7,6956,8,0.9946594062516362,0.9164649747596985,0.78953421506613,0.9299303944315546,0.5608465608465608,0.8324095435476346,0.4006868918145392,0.9108683151236343,0.08913168487636573,0.0,0.9729828786847479
resnet50,44,LAC,seen,19,0.00659865370655599,19099,15,7428,8,0.9946594062516362,0.9164649747596985,0.8704900376952073,0.8430155210643016,0.9129540781357094,0.8249280495667259,0.5253807106598984,0.874394184168013,0.12560581583198707,0.0,
resnet50,44,LAC,unseen,19,0.9998495961728866,7033,7,7428,8,0.9946594062516362,0.9164649747596985,0.9998653742595585,1.0,0.9996572995202193,0.9999112845990064,0.9992902767920511,1.3717016693591815,0.0,0.3717016693591815,0.9999476412377611
resnet50,44,APS,seen,0,0.9999999992833857,19099,15,7524,8,0.9946594062516362,0.9164649747596985,0.9710260499734183,0.9803829985987856,0.958667489204195,0.9613251601284913,0.8705583756345178,0.9964114832535885,0.0035885167464114833,0.0,
resnet50,44,APS,unseen,0,1.0,6937,7,7524,8,0.9946594062516362,0.9164649747596985,0.9996012759170654,1.0,0.9990746452806909,0.9997318158265728,0.9985642498205313,1.9444444444444444,0.0,0.9444444444444444,0.999633488664328
resnet50,44,APS,seen,1,0.9999999992833857,19099,15,7976,8,0.9946594062516362,0.9164649747596985,0.8627131394182548,0.9921171171171171,0.6023413897280967,0.9158282244876785,0.42873497424155693,0.9944834503510531,0.005516549648946841,0.0,
resnet50,44,APS,unseen,1,0.9999999916222208,6485,7,7976,8,0.9946594062516362,0.9164649747596985,0.8472918756268807,0.9817942942942943,0.5766616314199395,0.9023116680944998,0.4115626788780767,0.9783099297893681,0.021690070210631896,0.0,0.8539190533535788
resnet50,44,APS,seen,2,0.9999999992833857,19099,15,7682,8,0.9946594062516362,0.9164649747596985,0.9778703462639937,0.9879116298457691,0.9611650485436893,0.9761214614546208,0.9329446064139941,0.9942723249153866,0.005727675084613382,0.0,
resnet50,44,APS,unseen,2,1.0,6779,7,7682,8,0.9946594062516362,0.9164649747596985,0.9998698255662588,1.0,0.9996532593619972,0.9999112845990064,0.9992902767920511,1.9440249934912783,0.0,0.9440249934912783,0.999633488664328
resnet50,44,APS,seen,3,0.9999999992833857,19099,15,7443,8,0.9946594062516362,0.9164649747596985,0.9752787854359801,0.9863915715539947,0.9577416002771043,0.9740128441150266,0.9329446064139941,0.9926105065161898,0.007389493483810292,0.0,
resnet50,44,APS,unseen,3,1.0,7018,7,7443,8,0.9946594062516362,0.9164649747596985,0.9997312911460433,1.0,0.9993072393488049,0.9997565816287093,0.9987623762376238,1.9443772672309552,0.0,0.9443772672309553,0.999633488664328
resnet50,44,APS,seen,4,0.9999999992833857,19099,15,6999,8,0.9946594062516362,0.9164649747596985,0.9685669381340192,0.9781916197010536,0.955106237148732,0.9594631716144928,0.8705583756345178,0.9937133876268038,0.006286612373196171,0.0,
resnet50,44,APS,unseen,4,1.0,7462,7,6999,8,0.9946594062516362,0.9164649747596985,0.9998571224460637,1.0,0.9996572995202193,0.9999112845990064,0.9992902767920511,1.945277896842406,0.0,0.945277896842406,0.999633488664328
resnet50,44,APS,seen,5,0.9999999992833857,19099,15,7876,8,0.9946594062516362,0.9164649747596985,0.9707973590655155,0.9807733851803845,0.956575300277179,0.9603398395543925,0.8705583756345178,0.9949212798374809,0.005078720162519045,0.0,
resnet50,44,APS,unseen,5,1.0,6585,7,7876,8,0.9946594062516362,0.9164649747596985,0.9994921279837481,1.0,0.9987680936248845,0.9995771128562757,0.9985642498205313,1.9441340782122905,0.0,0.9441340782122905,0.999633488664328
resnet50,44,APS,seen,6,0.9999999992833857,19099,15,8463,8,0.9946594062516362,0.9164649747596985,0.9803852061916578,0.99156799425906,0.9588092765662859,0.9823846453896534,0.9642857142857143,0.9925558312655087,0.007444168734491315,0.0,
resnet50,44,APS,unseen,6,1.0,5998,7,8463,8,0.9946594062516362,0.9164649747596985,0.999763677183032,1.0,0.9993077189338871,0.9997565816287093,0.9987623762376238,1.9417464256173933,0.0,0.9417464256173934,0.999633488664328
resnet50,44,APS,seen,7,0.9999999992833857,19099,15,7326,8,0.9946594062516362,0.9164649747596985,0.8463008463008463,0.9863160145392346,0.5990939977349944,0.9063600807020882,0.42873497424155693,0.9933114933114933,0.006688506688506689,0.0,
resnet50,44,APS,unseen,7,0.9999999867206724,7135,7,7326,8,0.9946594062516362,0.9164649747596985,0.8282828282828283,0.9784049604447296,0.5632314080785202,0.8922297989480575,0.41099026903262736,0.9743379743379743,0.02566202566202566,0.0,0.8258023980313105
resnet50,44,APS,seen,8,0.9999999992833857,19099,15,7994,8,0.9946594062516362,0.9164649747596985,0.8628971728796597,0.9917726252804787,0.6024187452758881,0.9157172025508139,0.42873497424155693,0.994495871903928,0.0055041280960720545,0.0,
resnet50,44,APS,unseen,8,0.9999999916222208,6467,7,7994,8,0.9946594062516362,0.9164649747596985,0.8475106329747311,0.9814884068810771,0.5767195767195767,0.9022006461576352,0.4115626788780767,0.9783587690768076,0.021641230923192395,0.0,0.8539190533535788
resnet50,44,APS,seen,9,0.9999999992833857,19099,15,8364,8,0.9946594062516362,0.9164649747596985,0.8674079387852702,0.9910761154855643,0.6006040015100038,0.9146208600398504,0.42873497424155693,0.9931850789096126,0.0068149210903873745,0.0,
resnet50,44,APS,unseen,9,0.999999991754733,6097,7,8364,8,0.9946594062516362,0.9164649747596985,0.8525824964131994,0.9807524059492564,0.5760664401661004,0.9008823231260215,0.4115626788780767,0.9776422764227642,0.022357723577235773,0.0,0.8548091523116393
resnet50,44,APS,seen,10,0.9999999992833857,19099,15,7854,8,0.9946594062516362,0.9164649747596985,0.9787369493251846,0.9911379657603222,0.9574247144340602,0.9813723705610229,0.9642857142857143,0.9922332569391393,0.0077667430608607075,0.0,
resnet50,44,APS,unseen,10,1.0,6607,7,7854,8,0.9946594062516362,0.9164649747596985,0.9997453526865292,1.0,0.9993077189338871,0.9997565816287093,0.9987623762376238,1.940794499618029,0.0,0.9407944996180291,0.999633488664328
resnet50,44,APS,seen,11,0.9999999992833857,19099,15,8577,8,0.9946594062516362,0.9164649747596985,0.9788970502506704,0.9888184867685427,0.9623170351915291,0.9768871074576558,0.9329446064139941,0.9953363646962807,0.00466363530371925,0.0,
resnet50,44,APS,unseen,11,1.0,5884,7,8577,8,0.9946594062516362,0.9164649747596985,0.9995336364696281,1.0,0.9987542821550919,0.9995771128562757,0.9985642498205313,1.944386149003148,0.0,0.944386149003148,0.999633488664328
resnet50,44,APS,seen,12,0.9999999992833857,19099,15,7598,8,0.9946594062516362,0.9164649747596985,0.9777573045538299,0.9886104783599089,0.9629052369077307,0.9769711751399885,0.9329446064139941,0.9967096604369571,0.003290339563042906,0.0,
resnet50,44,APS,unseen,12,1.0,6863,7,7598,8,0.9946594062516362,0.9164649747596985,0.9996051592524349,1.0,0.9990648379052369,0.9997318158265728,0.9985642498205313,1.94248486443801,0.0,0.94248486443801,0.999633488664328
resnet50,44,APS,seen,13,0.9999999992833857,19099,15,8559,8,0.9946594062516362,0.9164649747596985,0.9789695057833859,0.9891507669285448,0.9620292561469032,0.9769981293945205,0.9329446064139941,0.9953265568407524,0.004673443159247575,0.0,
resnet50,44,APS,unseen,13,1.0,5902,7,8559,8,0.9946594062516362,0.9164649747596985,0.9995326556840752,1.0,0.998755057578587,0.9995771128562757,0.9985642498205313,1.9431008295361607,0.0,0.9431008295361608,0.999633488664328
resnet50,44,APS,seen,14,0.9999999992833857,19099,15,8815,8,0.9946594062516362,0.9164649747596985,0.8688598979013046,0.9862258953168044,0.6421682740272697,0.9008368335423518,0.42873497424155693,0.9952353942144072,0.00476460578559274,0.0,
resnet50,44,APS,unseen,14,0.9999999917962642,5646,7,8815,8,0.9946594062516362,0.9164649747596985,0.8578559273964833,0.9757231404958677,0.6301962088460259,0.8908791633106976,0.4115626788780767,0.9835507657402155,0.016449234259784458,0.0,0.8549662285983559
resnet50,44,APS,seen,15,0.9999999992833857,19099,15,7960,8,0.9946594062516362,0.9164649747596985,0.9709798994974874,0.980742505459599,0.9541566883339035,0.9594901258690247,0.8705583756345178,0.9925879396984925,0.0074120603015075375,0.0,
resnet50,44,APS,unseen,15,1.0,6501,7,7960,8,0.9946594062516362,0.9164649747596985,0.999748743718593,1.0,0.9993157714676703,0.9997565816287093,0.9987623762376238,1.945603015075377,0.0,0.9456030150753769,0.999633488664328
resnet50,44,APS,seen,16,0.9999999992833857,19099,15,8072,8,0.9946594062516362,0.9164649747596985,0.862611496531219,0.9896078431372549,0.6446837146702558,0.9104417084925455,0.42873497424155693,0.997398414271556,0.002601585728444004,0.0,
resnet50,44,APS,unseen,16,0.9999999933842567,6389,7,8072,8,0.9946594062516362,0.9164649747596985,0.8540634291377601,0.9819607843137255,0.6345895020188426,0.9044173499969914,0.41385231825987406,0.9881070366699702,0.011892963330029732,0.0,0.8671134614377716
resnet50,44,APS,seen,17,0.9999999992833857,19099,15,8407,8,0.9946594062516362,0.9164649747596985,0.9743071250148686,0.9848705796573095,0.9544676480657309,0.9666276084412916,0.8705583756345178,0.9922683478054003,0.0077316521945997385,0.0,
resnet50,44,APS,unseen,17,1.0,6054,7,8407,8,0.9946594062516362,0.9164649747596985,0.9997621030093969,1.0,0.9993153029784321,0.9997565816287093,0.9987623762376238,1.944807898180088,0.0,0.944807898180088,0.999633488664328
resnet50,44,APS,seen,18,0.9999999992833857,19099,15,6956,8,0.9946594062516362,0.9164649747596985,0.8399942495687176,0.9867749419953596,0.6009070294784581,0.9074564232130515,0.42873497424155693,0.9948246118458884,0.005175388154111558,0.0,
resnet50,44,APS,unseen,18,0.9999999866763754,7505,7,6956,8,0.9946594062516362,0.9164649747596985,0.8217366302472685,0.9793503480278423,0.5650037792894935,0.8939689711529493,0.41099026903262736,0.9755606670500288,0.02443933294997125,0.0,0.8257500392690716
resnet50,44,APS,seen,19,0.9999999992833857,19099,15,7428,8,0.9946594062516362,0.9164649747596985,0.9725363489499192,0.9838137472283813,0.955106237148732,0.9667116761236245,0.8705583756345178,0.9932687129779214,0.006731287022078622,0.0,
resnet50,44,APS,unseen,19,1.0,7033,7,7428,8,0.9946594062516362,0.9164649747596985,0.9998653742595585,1.0,0.9996572995202193,0.9999112845990064,0.9992902767920511,1.9429186860527732,0.0,0.9429186860527733,0.999633488664328
convnext_tiny,42,LAC,seen,0,0.0005257217478503717,19099,15,7524,8,0.9960730928320854,0.9569186086715995,0.893806485911749,0.8724894908921065,0.9219617520049352,0.8557176062089507,0.6822157434402333,0.8976608187134503,0.1023391812865497,0.0,
convnext_tiny,42,LAC,unseen,0,0.9787268722732336,6937,7,7524,8,0.9960730928320854,0.9569186086715995,0.9901648059542797,0.9967304997664642,0.9814929056138186,0.9903277956546817,0.9813352476669059,1.0279106858054226,0.0,0.027910685805422646,0.9985863134195507
convnext_tiny,42,LAC,seen,1,0.0005257217478503717,19099,15,7976,8,0.9960730928320854,0.9569186086715995,0.8612086258776329,0.9536411411411412,0.675226586102719,0.8820528995860937,0.5844304522037779,0.8905466399197592,0.10945336008024072,0.0,
convnext_tiny,42,LAC,unseen,1,0.005161975858990253,6485,7,7976,8,0.9960730928320854,0.9569186086715995,0.8976930792377131,0.9799174174174174,0.7322507552870091,0.9245354884230634,0.6416714367487121,0.9378134403209629,0.062186559679037114,0.0,0.9790564951044557
convnext_tiny,42,LAC,seen,2,0.0005257217478503717,19099,15,7682,8,0.9960730928320854,0.9569186086715995,0.9026295235615726,0.885785744060025,0.9306518723994452,0.8739840968477878,0.6822157434402333,0.9045821400676907,0.09541785993230929,0.0,
convnext_tiny,42,LAC,unseen,2,0.9938792104069823,6779,7,7682,8,0.9960730928320854,0.9569186086715995,0.9955740692527988,0.9985410587744894,0.9906380027739251,0.9958014854634347,0.9900638750887154,1.0391825045561052,0.0,0.03918250455610518,0.9990575422797006
convnext_tiny,42,LAC,seen,3,0.0005257217478503717,19099,15,7443,8,0.9960730928320854,0.9569186086715995,0.9048770656993148,0.8898156277436348,0.9286456529269137,0.8879478058820627,0.6822157434402333,0.9070267365309687,0.0929732634690313,0.0,
convnext_tiny,42,LAC,unseen,3,0.9893242870398204,7018,7,7443,8,0.9960730928320854,0.9569186086715995,0.9942227596399301,0.9982440737489026,0.9878766886040873,0.9946311770487546,0.9872249822569198,1.0325137713287653,0.0,0.03251377132876528,0.9989004659929839
convnext_tiny,42,LAC,seen,4,0.0005257217478503717,19099,15,6999,8,0.9960730928320854,0.9569186086715995,0.8831261608801257,0.8510169076206812,0.9280328992460589,0.8488565439853906,0.6822157434402333,0.8854122017431062,0.11458779825689384,0.0,
convnext_tiny,42,LAC,unseen,4,0.9722706709165639,7462,7,6999,8,0.9960730928320854,0.9569186086715995,0.9921417345335047,0.9963244302866945,0.9862919808087731,0.9917081189957856,0.9850958126330731,1.0271467352478925,0.0,0.027146735247892555,0.9985339546573119
convnext_tiny,42,LAC,seen,5,0.0005257217478503717,19099,15,7876,8,0.9960730928320854,0.9569186086715995,0.914931437277806,0.9118600129617628,0.9193101324299353,0.8831673044594108,0.6822157434402333,0.9189944134078212,0.08100558659217877,0.0,
convnext_tiny,42,LAC,unseen,5,0.9872650240113983,6585,7,7876,8,0.9960730928320854,0.9569186086715995,0.9911122397155917,0.9980557355800389,0.9812134277794887,0.9912814674013994,0.9820531227566404,1.0285678009141697,0.0,0.02856780091416963,0.998848107230745
convnext_tiny,42,LAC,seen,6,0.0005257217478503717,19099,15,8463,8,0.9960730928320854,0.9569186086715995,0.9389105518137776,0.9447434517402225,0.927656628591208,0.9400234074790995,0.8803418803418803,0.9409192957580055,0.05908070424199457,0.0,
convnext_tiny,42,LAC,unseen,6,0.9979275881046766,5998,7,8463,8,0.9960730928320854,0.9569186086715995,0.9970459647879003,1.0,0.9913464866735895,0.997485414501067,0.992902767920511,1.0378116507148765,0.0,0.03781165071487652,0.9991622598041783
convnext_tiny,42,LAC,seen,7,0.0005257217478503717,19099,15,7326,8,0.9960730928320854,0.9569186086715995,0.8303303303303303,0.9187513363267051,0.6742166855417139,0.8488100888023846,0.5844304522037779,0.8622713622713623,0.13772863772863772,0.0,
convnext_tiny,42,LAC,unseen,7,0.001923300922786253,7135,7,7326,8,0.9960730928320854,0.9569186086715995,0.8633633633633634,0.9518922386144965,0.7070592676481691,0.8882028906681382,0.6170578133943904,0.9025389025389026,0.09746109746109746,0.0,0.9690036127545945
convnext_tiny,42,LAC,seen,8,0.0005257217478503717,19099,15,7994,8,0.9960730928320854,0.9569186086715995,0.8522641981486114,0.9394166043380703,0.6761148904006047,0.8734359921489615,0.5844304522037779,0.881285964473355,0.11871403552664499,0.0,
convnext_tiny,42,LAC,unseen,8,0.00397315189137637,6467,7,7994,8,0.9960730928320854,0.9569186086715995,0.8920440330247685,0.9727000747943156,0.7290249433106576,0.9185964354301908,0.6376645678305667,0.9309482111583688,0.06905178884163123,0.0,0.977066862139379
convnext_tiny,42,LAC,seen,9,0.0005257217478503717,19099,15,8364,8,0.9960730928320854,0.9569186086715995,0.8653754184600669,0.9539807524059493,0.6742166855417139,0.8922687829622894,0.5844304522037779,0.8932329029172644,0.10676709708273553,0.0,
convnext_tiny,42,LAC,unseen,9,0.005775725238420515,6097,7,8364,8,0.9960730928320854,0.9569186086715995,0.9029172644667623,0.9807524059492564,0.7349943374858438,0.929340383510339,0.6462507155123068,0.9414155906264945,0.0585844093735055,0.0,0.9794753652023667
convnext_tiny,42,LAC,seen,10,0.0005257217478503717,19099,15,7854,8,0.9960730928320854,0.9569186086715995,0.9322638146167558,0.934944612286002,0.927656628591208,0.9351543257000464,0.8803418803418803,0.9344283167812579,0.06557168321874204,0.0,
convnext_tiny,42,LAC,unseen,10,0.9946401266671677,6607,7,7854,8,0.9960730928320854,0.9569186086715995,0.9954163483575248,0.9995971802618329,0.9882312218760817,0.9959733516264033,0.9900638750887154,1.0294117647058822,0.0,0.029411764705882353,0.9990575422797006
convnext_tiny,42,LAC,seen,11,0.0005257217478503717,19099,15,8577,8,0.9960730928320854,0.9569186086715995,0.9214177451323307,0.9207976146105106,0.9224540641544691,0.8996779498846759,0.6822157434402333,0.9247988807275271,0.07520111927247289,0.0,
convnext_tiny,42,LAC,unseen,11,0.9972012816951988,5884,7,8577,8,0.9960730928320854,0.9569186086715995,0.9953363646962807,0.9996272828922848,0.9881656804733728,0.9961707596123591,0.9856424982053122,1.0431386265594031,0.0,0.04313862655940306,0.9991622598041783
convnext_tiny,42,LAC,seen,12,0.0005257217478503717,19099,15,7598,8,0.9960730928320854,0.9569186086715995,0.9020794946038431,0.885876993166287,0.9242518703241895,0.8759760772922949,0.6822157434402333,0.9057646749144511,0.09423532508554883,0.0,
convnext_tiny,42,LAC,unseen,12,0.9832234083029816,6863,7,7598,8,0.9960730928320854,0.9569186086715995,0.9911818899710451,0.9974943052391799,0.9825436408977556,0.9920925398581357,0.9820531227566404,1.0261911029218216,0.0,0.026191102921821533,0.9986910309440284
convnext_tiny,42,LAC,seen,13,0.0005257217478503717,19099,15,8559,8,0.9960730928320854,0.9569186086715995,0.9298983526112864,0.9349046015712682,0.9215686274509803,0.908294857321808,0.6822157434402333,0.9335202710597033,0.06647972894029676,0.0,
convnext_tiny,42,LAC,unseen,13,0.9967396422748858,5902,7,8559,8,0.9960730928320854,0.9569186086715995,0.9949760486038088,0.9996258885147774,0.9872393401805166,0.9958136167552163,0.9856424982053122,1.0368033648790747,0.0,0.03680336487907466,0.9991099010419394
convnext_tiny,42,LAC,seen,14,0.0005257217478503717,19099,15,8815,8,0.9960730928320854,0.9569186086715995,0.8681792399319342,0.9576446280991735,0.6953774526105754,0.8788713741025054,0.5844304522037779,0.8961996596710153,0.10380034032898469,0.0,
convnext_tiny,42,LAC,unseen,14,0.004097984643551378,5646,7,8815,8,0.9960730928320854,0.9569186086715995,0.8988088485536018,0.9791666666666666,0.743598270701696,0.9128752439308386,0.6393817973669147,0.9364719228587635,0.06352807714123652,0.0,0.9772762971883344
convnext_tiny,42,LAC,seen,15,0.0005257217478503717,19099,15,7960,8,0.9960730928320854,0.9569186086715995,0.9153266331658292,0.9096684534445106,0.9250769757098871,0.8811753240149036,0.6822157434402333,0.917713567839196,0.08228643216080402,0.0,
convnext_tiny,42,LAC,unseen,15,0.9950911063077488,6501,7,7960,8,0.9960730928320854,0.9569186086715995,0.9957286432160805,0.9990073456422474,0.990078686281218,0.9957689399897856,0.9907735982966643,1.0399497487437186,0.0,0.039949748743718594,0.9990575422797006
convnext_tiny,42,LAC,seen,16,0.0005257217478503717,19099,15,8072,8,0.9960730928320854,0.9569186086715995,0.8525768087215064,0.9437254901960784,0.696164199192463,0.8503243494288022,0.5844304522037779,0.8833002973240832,0.11669970267591676,0.0,
convnext_tiny,42,LAC,unseen,16,0.003050394104157639,6389,7,8072,8,0.9960730928320854,0.9569186086715995,0.8849108027750248,0.9711764705882353,0.7368775235531628,0.8988080120121618,0.6290784201488265,0.9246778989098117,0.0753221010901883,0.0,0.9745536415519137
convnext_tiny,42,LAC,seen,17,0.0005257217478503717,19099,15,8407,8,0.9960730928320854,0.9569186086715995,0.9231592720352088,0.9216186656944951,0.9260527216706608,0.9111480289586231,0.7182741116751269,0.9250624479600333,0.0749375520399667,0.0,
convnext_tiny,42,LAC,unseen,17,0.9978923420353515,6054,7,8407,8,0.9960730928320854,0.9569186086715995,0.9971452361127632,0.9998177178271965,0.9921259842519685,0.9972080395917123,0.992902767920511,1.0484120375877246,0.0,0.04841203758772451,0.9991622598041783
convnext_tiny,42,LAC,seen,18,0.0005257217478503717,19099,15,6956,8,0.9960730928320854,0.9569186086715995,0.8133985048878666,0.8976798143851508,0.6761148904006047,0.8299772979890567,0.5844304522037779,0.8468947671075331,0.15310523289246694,0.0,
convnext_tiny,42,LAC,unseen,18,0.001006334638377182,7505,7,6956,8,0.9960730928320854,0.9569186086715995,0.8356814261069581,0.9225058004640371,0.6942554799697657,0.8573674041364345,0.6016027475672582,0.8736342725704428,0.1263657274295572,0.0,0.9608880046075711
convnext_tiny,42,LAC,seen,19,0.0005257217478503717,19099,15,7428,8,0.9960730928320854,0.9569186086715995,0.9036079698438342,0.8878048780487805,0.9280328992460589,0.8874461563662421,0.7182741116751269,0.9056273559504577,0.09437264404954228,0.0,
convnext_tiny,42,LAC,unseen,19,0.9886065901928957,7033,7,7428,8,0.9960730928320854,0.9569186086715995,0.9939418416801292,0.9982261640798226,0.9873200822481152,0.9940074919355955,0.9872249822569198,1.0327140549273022,0.0,0.0327140549273021,0.9989004659929839
convnext_tiny,42,APS,seen,0,0.9999985758114344,19099,15,7524,8,0.9960730928320854,0.9569186086715995,0.9467038809144073,0.9894908921064923,0.8901912399753239,0.958893021870249,0.8985095812633073,0.9654439128123339,0.03455608718766613,0.0,
convnext_tiny,42,APS,unseen,0,1.0,6937,7,7524,8,0.9960730928320854,0.9569186086715995,0.9993354598617756,0.9997664642690332,0.9987661937075879,0.9995250402418541,0.9978463747307968,1.936602870813397,0.0,0.9366028708133971,0.9998429237132834
convnext_tiny,42,APS,seen,1,0.9999985758114344,19099,15,7976,8,0.9960730928320854,0.9569186086715995,0.9210130391173521,0.9971846846846847,0.7677492447129909,0.9493795849411305,0.7384087006296508,0.9855817452357071,0.014418254764292879,0.0,
convnext_tiny,42,APS,unseen,1,0.9999985093729808,6485,7,7976,8,0.9960730928320854,0.9569186086715995,0.9147442326980942,0.9971846846846847,0.7488670694864048,0.9447779334446611,0.7384087006296508,0.9793129388164493,0.020687061183550653,0.0,0.9322477616629143
convnext_tiny,42,APS,seen,2,0.9999985758114344,19099,15,7682,8,0.9960730928320854,0.9569186086715995,0.9528768549856809,0.9910379324718632,0.8893897364771152,0.9656917602503678,0.8985095812633073,0.9658942983598021,0.03410570164019786,0.0,
convnext_tiny,42,APS,unseen,2,1.0,6779,7,7682,8,0.9960730928320854,0.9569186086715995,0.9996094766987763,0.9997915798249271,0.9993065187239945,0.9996502341839146,0.9988479262672811,1.9342619109606873,0.0,0.9342619109606873,0.9998429237132834
convnext_tiny,42,APS,seen,3,0.9999985758114344,19099,15,7443,8,0.9960730928320854,0.9569186086715995,0.9513636974338304,0.9918788410886743,0.8874263941808105,0.9656938996039133,0.8985095812633073,0.9647991401316673,0.035200859868332664,0.0,
convnext_tiny,42,APS,unseen,3,1.0,7018,7,7443,8,0.9960730928320854,0.9569186086715995,0.9995969367190649,0.9997805092186128,0.9993072393488049,0.9996502341839146,0.9988479262672811,1.9351068117694479,0.0,0.9351068117694478,0.9998429237132834
convnext_tiny,42,APS,seen,4,0.9999985758114344,19099,15,6999,8,0.9960730928320854,0.9569186086715995,0.9459922846120874,0.9879931389365352,0.8872515421521591,0.9602513399583856,0.8985095812633073,0.9625660808686956,0.03743391913130447,0.0,
convnext_tiny,42,APS,unseen,4,1.0,7462,7,6999,8,0.9960730928320854,0.9569186086715995,0.9995713673381912,0.999754962019113,0.9993145990404386,0.9996502341839146,0.9988479262672811,1.9361337333904844,0.0,0.9361337333904843,0.9998429237132834
convnext_tiny,42,APS,seen,5,0.9999985758114344,19099,15,7876,8,0.9960730928320854,0.9569186086715995,0.9498476383951244,0.9926550010801469,0.888820449645827,0.9603556609027928,0.8985095812633073,0.9669883189436262,0.033011681056373796,0.0,
convnext_tiny,42,APS,unseen,5,1.0,6585,7,7876,8,0.9960730928320854,0.9569186086715995,0.9994921279837481,1.0,0.9987680936248845,0.9996420814403559,0.9978463747307968,1.9355002539360082,0.0,0.9355002539360081,0.9998429237132834
convnext_tiny,42,APS,seen,6,0.9999985758114344,19099,15,8463,8,0.9960730928320854,0.9569186086715995,0.9593524754815077,0.9964119124506639,0.8878504672897196,0.9715275771254772,0.8985095812633073,0.9690417109771948,0.030958289022805154,0.0,
convnext_tiny,42,APS,unseen,6,1.0,5998,7,8463,8,0.9960730928320854,0.9569186086715995,0.999763677183032,1.0,0.9993077189338871,0.9997672753824165,0.9988479262672811,1.9334751270235142,0.0,0.9334751270235141,0.9998429237132834
convnext_tiny,42,APS,seen,7,0.9999985758114344,19099,15,7326,8,0.9960730928320854,0.9569186086715995,0.911957411957412,0.9942270686337396,0.766704416761042,0.944663442118242,0.7384087006296508,0.9843024843024843,0.015697515697515697,0.0,
convnext_tiny,42,APS,unseen,7,0.9999984570738562,7135,7,7326,8,0.9960730928320854,0.9569186086715995,0.8985803985803986,0.9942270686337396,0.7297093242733107,0.9356375699272905,0.7384087006296508,0.9709254709254709,0.029074529074529076,0.0,0.9186868422430494
convnext_tiny,42,APS,seen,8,0.9999985758114344,19099,15,7994,8,0.9960730928320854,0.9569186086715995,0.9208156117087816,0.9960732984293194,0.7687074829931972,0.9490344806072621,0.7384087006296508,0.9856142106579935,0.014385789342006504,0.0,
convnext_tiny,42,APS,unseen,8,0.9999985062977992,6467,7,7994,8,0.9960730928320854,0.9569186086715995,0.9144358268701526,0.9960732984293194,0.7494331065759637,0.9443441137097992,0.7384087006296508,0.9792344258193645,0.020765574180635477,0.0,0.9314623802293314
convnext_tiny,42,APS,seen,9,0.9999985758114344,19099,15,8364,8,0.9960730928320854,0.9569186086715995,0.9246771879483501,0.9972003499562555,0.7682144205360514,0.9501520153059375,0.7384087006296508,0.9862505978000956,0.013749402199904353,0.0,
convnext_tiny,42,APS,unseen,9,0.9999985277575655,6097,7,8364,8,0.9960730928320854,0.9569186086715995,0.9200143472022956,0.9972003499562555,0.7534918837297093,0.9465262332203979,0.7384087006296508,0.9815877570540411,0.018412242945958873,0.0,0.9363841038797843
convnext_tiny,42,APS,seen,10,0.9999985758114344,19099,15,7854,8,0.9960730928320854,0.9569186086715995,0.9558186911128087,0.9961732124874119,0.8864659051574939,0.9704121817803473,0.8985095812633073,0.9666412019353195,0.033358798064680416,0.0,
convnext_tiny,42,APS,unseen,10,1.0,6607,7,7854,8,0.9960730928320854,0.9569186086715995,0.9997453526865292,1.0,0.9993077189338871,0.9997672753824165,0.9988479262672811,1.9349376114081998,0.0,0.9349376114081996,0.9998429237132834
convnext_tiny,42,APS,seen,11,0.9999985758114344,19099,15,8577,8,0.9960730928320854,0.9569186086715995,0.9554622828494812,0.9936638091688409,0.8916225474929929,0.9654509768609068,0.8985095812633073,0.9696863705258248,0.03031362947417512,0.0,
convnext_tiny,42,APS,unseen,11,1.0,5884,7,8577,8,0.9960730928320854,0.9569186086715995,0.9994170455870351,0.9998136414461424,0.9987542821550919,0.9995250402418541,0.9978463747307968,1.9341261513349657,0.0,0.9341261513349656,0.9998429237132834
convnext_tiny,42,APS,seen,12,0.9999985758114344,19099,15,7598,8,0.9960730928320854,0.9569186086715995,0.9489339299815741,0.9913439635535307,0.8908977556109726,0.9632180468171014,0.8985095812633073,0.9657804685443537,0.03421953145564622,0.0,
convnext_tiny,42,APS,unseen,12,1.0,6863,7,7598,8,0.9960730928320854,0.9569186086715995,0.9993419320873914,0.9997722095671981,0.9987531172069826,0.9995250402418541,0.9978463747307968,1.936430639642011,0.0,0.936430639642011,0.9998429237132834
convnext_tiny,42,APS,seen,13,0.9999985758114344,19099,15,8559,8,0.9960730928320854,0.9569186086715995,0.9557191260661292,0.9947624392068837,0.8907563025210085,0.9657960811947751,0.8985095812633073,0.9696226194648908,0.03037738053510924,0.0,
convnext_tiny,42,APS,unseen,13,1.0,5902,7,8559,8,0.9960730928320854,0.9569186086715995,0.9995326556840752,1.0,0.998755057578587,0.9996420814403559,0.9978463747307968,1.9338707792966467,0.0,0.9338707792966469,0.9998429237132834
convnext_tiny,42,APS,seen,14,0.9999985758114344,19099,15,8815,8,0.9960730928320854,0.9569186086715995,0.9244469653998866,0.996728650137741,0.7848353841037579,0.9444686722709486,0.7384087006296508,0.9871809415768577,0.012819058423142371,0.0,
convnext_tiny,42,APS,unseen,14,0.9999985163033249,5646,7,8815,8,0.9960730928320854,0.9569186086715995,0.9196823596142938,0.996728650137741,0.7708679747256402,0.9407426254292168,0.7384087006296508,0.9824163357912649,0.01758366420873511,0.0,0.9333472956699304
convnext_tiny,42,APS,seen,15,0.9999985758114344,19099,15,7960,8,0.9960730928320854,0.9569186086715995,0.953643216080402,0.9922572960095295,0.8871022921655833,0.9628293743360593,0.8985095812633073,0.9670854271356784,0.03291457286432161,0.0,
convnext_tiny,42,APS,unseen,15,1.0,6501,7,7960,8,0.9960730928320854,0.9569186086715995,0.999748743718593,1.0,0.9993157714676703,0.9997672753824165,0.9988479262672811,1.9334170854271358,0.0,0.9334170854271356,0.9998429237132834
convnext_tiny,42,APS,seen,16,0.9999985758114344,19099,15,8072,8,0.9960730928320854,0.9569186086715995,0.9176164519326065,0.9954901960784314,0.7839838492597577,0.9436480890104284,0.7384087006296508,0.9860009910802775,0.013999008919722498,0.0,
convnext_tiny,42,APS,unseen,16,0.9999984849334634,6389,7,8072,8,0.9960730928320854,0.9569186086715995,0.9093161546085233,0.9954901960784314,0.7614401076716016,0.9377041571438564,0.7384087006296508,0.9777006937561943,0.022299306243805748,0.0,0.9257029163830567
convnext_tiny,42,APS,seen,17,0.9999985758114344,19099,15,8407,8,0.9960730928320854,0.9569186086715995,0.9571785416914476,0.9939846882974845,0.8880520369736392,0.9668574478447565,0.8985095812633073,0.968835494230998,0.031164505769002024,0.0,
convnext_tiny,42,APS,unseen,17,1.0,6054,7,8407,8,0.9960730928320854,0.9569186086715995,0.9996431545140954,0.9998177178271965,0.9993153029784321,0.9996502341839146,0.9988479262672811,1.9338646366123469,0.0,0.9338646366123469,0.9998429237132834
convnext_tiny,42,APS,seen,18,0.9999985758114344,19099,15,6956,8,0.9960730928320854,0.9569186086715995,0.9068430132259919,0.9925754060324826,0.7671957671957672,0.9435459074195667,0.7384087006296508,0.9834675100632547,0.016532489936745255,0.0,
convnext_tiny,42,APS,unseen,18,0.99999843633994,7505,7,6956,8,0.9960730928320854,0.9569186086715995,0.8907418056354227,0.9925754060324826,0.7248677248677249,0.9332227257991084,0.7384087006296508,0.9673663024726854,0.03263369752731455,0.0,0.9127703021100582
convnext_tiny,42,APS,seen,19,0.9999985758114344,19099,15,7428,8,0.9960730928320854,0.9569186086715995,0.9507269789983845,0.9917960088691796,0.8872515421521591,0.9646245178009513,0.8985095812633073,0.964728056004308,0.03527194399569197,0.0,
convnext_tiny,42,APS,unseen,19,1.0,7033,7,7428,8,0.9960730928320854,0.9569186086715995,0.9995961227786753,0.9997782705099778,0.9993145990404386,0.9996502341839146,0.9988479262672811,1.9361873990306946,0.0,0.9361873990306947,0.9998429237132834
convnext_tiny,43,LAC,seen,0,0.0005689631059105915,19099,15,7524,8,0.9956542227341746,0.9674296383375977,0.8944710260499734,0.8748248482017749,0.9204194941394201,0.8541637086371817,0.682741116751269,0.8984582668793195,0.10154173312068049,0.0,
convnext_tiny,43,LAC,unseen,0,0.49360252324778087,6937,7,7524,8,0.9956542227341746,0.9674296383375977,0.9831206804891015,0.9901914992993928,0.973781616286243,0.980011262790742,0.9517766497461929,0.9998670919723551,0.00013290802764486976,0.0,0.9956542227341746
convnext_tiny,43,LAC,seen,1,0.0005689631059105915,19099,15,7976,8,0.9956542227341746,0.9674296383375977,0.8627131394182548,0.9433183183183184,0.7005287009063444,0.877149985885793,0.6262163709215799,0.8786359077231695,0.1213640922768305,0.0,
convnext_tiny,43,LAC,unseen,1,0.006135109841958752,6485,7,7976,8,0.9956542227341746,0.9674296383375977,0.9088515546639919,0.9801051051051051,0.7654833836858006,0.9313019569718687,0.6931883228391529,0.933926780341023,0.06607321965897693,0.0,0.9782711136708728
convnext_tiny,43,LAC,seen,2,0.0005689631059105915,19099,15,7682,8,0.9956542227341746,0.9674296383375977,0.8978130695131477,0.8832847019591497,0.9219833564493759,0.8686219037477226,0.6997084548104956,0.9005467326217131,0.0994532673782869,0.0,
convnext_tiny,43,LAC,unseen,2,0.7085643424539572,6779,7,7682,8,0.9956542227341746,0.9674296383375977,0.9895860453007029,0.9945810754481034,0.9812760055478502,0.9893693581113516,0.9766763848396501,1.0053371517833898,0.0,0.005337151783389742,0.9965443216922352
convnext_tiny,43,LAC,seen,3,0.0005689631059105915,19099,15,7443,8,0.9956542227341746,0.9674296383375977,0.9023243315867258,0.891352063213345,0.9196397644613786,0.8864711991490007,0.6997084548104956,0.9054144834072283,0.09458551659277173,0.0,
convnext_tiny,43,LAC,unseen,3,0.6629118026329901,7018,7,7443,8,0.9956542227341746,0.9674296383375977,0.988714228133817,0.9942932396839332,0.9799099411153447,0.9888053906588243,0.9766763848396501,1.0041649872363294,0.0,0.004164987236329437,0.9964919629299963
convnext_tiny,43,LAC,seen,4,0.0005689631059105915,19099,15,6999,8,0.9956542227341746,0.9674296383375977,0.8782683240462923,0.8507718696397941,0.9167237834132967,0.8428803332348243,0.682741116751269,0.8816973853407629,0.11830261465923704,0.0,
convnext_tiny,43,LAC,unseen,4,0.37174582499203446,7462,7,6999,8,0.9956542227341746,0.9674296383375977,0.9811401628804115,0.9862778730703259,0.973954763536669,0.9777493175591203,0.949238578680203,0.9965709387055294,0.0034290612944706386,0.0,0.9949212000628305
convnext_tiny,43,LAC,seen,5,0.0005689631059105915,19099,15,7876,8,0.9956542227341746,0.9674296383375977,0.9141696292534282,0.9112119248217757,0.9183862026485987,0.8815812519551474,0.682741116751269,0.9183595733875064,0.08164042661249366,0.0,
convnext_tiny,43,LAC,unseen,5,0.6638467451810361,6585,7,7876,8,0.9956542227341746,0.9674296383375977,0.9867953275774505,0.9950313242600993,0.9750538959039113,0.9841562337104607,0.9568527918781726,1.0031742001015744,0.0,0.0031742001015744033,0.9964919629299963
convnext_tiny,43,LAC,seen,6,0.0005689631059105915,19099,15,8463,8,0.9956542227341746,0.9674296383375977,0.9321753515301903,0.9386437029063509,0.9196953963309104,0.9319567192299203,0.8611111111111112,0.934893063925322,0.065106936074678,0.0,
convnext_tiny,43,LAC,unseen,6,0.915409338318739,5998,7,8463,8,0.9956542227341746,0.9674296383375977,0.9938556067588326,0.9992823824901328,0.9833852544132918,0.9949734741166607,0.9879347054648687,1.0086257828193312,0.0,0.008625782819331207,0.997748573223729
convnext_tiny,43,LAC,seen,7,0.0005689631059105915,19099,15,7326,8,0.9956542227341746,0.9674296383375977,0.8385203385203385,0.9174684626897583,0.6991317478293696,0.8529590824240695,0.6262163709215799,0.855992355992356,0.14400764400764401,0.0,
convnext_tiny,43,LAC,unseen,7,0.0020588474492239106,7135,7,7326,8,0.9956542227341746,0.9674296383375977,0.8748293748293748,0.9518922386144965,0.7387693469233673,0.8948545799747082,0.6639954207212364,0.8973518973518974,0.10264810264810265,0.0,0.9679564375098173
convnext_tiny,43,LAC,seen,8,0.0005689631059105915,19099,15,7994,8,0.9956542227341746,0.9674296383375977,0.8563922942206655,0.9330590875093493,0.7014361300075586,0.8710270591870235,0.6262163709215799,0.8720290217663248,0.12797097823367526,0.0,
convnext_tiny,43,LAC,unseen,8,0.004512690037543954,6467,7,7994,8,0.9956542227341746,0.9674296383375977,0.9015511633725294,0.9719521316379955,0.7592592592592593,0.9236229788137603,0.6851745850028621,0.9253189892419315,0.07468101075806854,0.0,0.9750248704120634
convnext_tiny,43,LAC,seen,9,0.0005689631059105915,19099,15,8364,8,0.9956542227341746,0.9674296383375977,0.8705164992826399,0.9494313210848644,0.7002642506606267,0.8923216758062197,0.6262163709215799,0.8855810616929699,0.11441893830703014,0.0,
convnext_tiny,43,LAC,unseen,9,0.00667729766349856,6097,7,8364,8,0.9956542227341746,0.9674296383375977,0.913558106169297,0.9804024496937883,0.7693469233673084,0.9358556338158008,0.6971951917572983,0.9378287900526064,0.06217120994739359,0.0,0.9788994188177391
convnext_tiny,43,LAC,seen,10,0.0005689631059105915,19099,15,7854,8,0.9956542227341746,0.9674296383375977,0.9260249554367201,0.9303121852970796,0.9186569747317411,0.9285113980120023,0.8611111111111112,0.9290807231983702,0.07091927680162974,0.0,
convnext_tiny,43,LAC,unseen,10,0.8085305296498573,6607,7,7854,8,0.9956542227341746,0.9674296383375977,0.991851285968933,0.9985901309164149,0.980269989615784,0.9929487508955621,0.9836763662171752,1.0059842118665647,0.0,0.0059842118665648075,0.9968584742656683
convnext_tiny,43,LAC,seen,11,0.0005689631059105915,19099,15,8577,8,0.9956542227341746,0.9674296383375977,0.9228168357234464,0.9221021244875139,0.9240112114606042,0.9011998957692762,0.6997084548104956,0.9260813804360499,0.0739186195639501,0.0,
convnext_tiny,43,LAC,unseen,11,0.8943456758409191,5884,7,8577,8,0.9956542227341746,0.9674296383375977,0.9919552291010842,0.9973909802459933,0.9828713796325133,0.9923118687696466,0.9825072886297376,1.0097936341378104,0.0,0.009793634137810424,0.9975914969370124
convnext_tiny,43,LAC,seen,12,0.0005689631059105915,19099,15,7598,8,0.9956542227341746,0.9674296383375977,0.9033956304290602,0.8881548974943052,0.9242518703241895,0.876459957932162,0.6997084548104956,0.9070808107396683,0.09291918926033167,0.0,
convnext_tiny,43,LAC,unseen,12,0.6378809793009974,6863,7,7598,8,0.9956542227341746,0.9674296383375977,0.9872334824953936,0.9938496583143508,0.9781795511221946,0.9875487456765843,0.9737609329446064,1.0031587259805212,0.0,0.0031587259805211897,0.9963872454055186
convnext_tiny,43,LAC,seen,13,0.0005689631059105915,19099,15,8559,8,0.9956542227341746,0.9674296383375977,0.9288468279004557,0.93228582117471,0.9231248054777467,0.9073228224680456,0.6997084548104956,0.9323519102698914,0.06764808973010866,0.0,
convnext_tiny,43,LAC,unseen,13,0.8944091556681462,5902,7,8559,8,0.9956542227341746,0.9674296383375977,0.9921719827082603,0.9983164983164983,0.9819483348895114,0.9925399319050132,0.9825072886297376,1.0084121976866456,0.0,0.008412197686645636,0.9975914969370124
convnext_tiny,43,LAC,seen,14,0.0005689631059105915,19099,15,8815,8,0.9956542227341746,0.9674296383375977,0.8769143505388542,0.9550619834710744,0.7259727302959761,0.8813088019135967,0.6262163709215799,0.892115711854793,0.10788428814520704,0.0,
convnext_tiny,43,LAC,unseen,14,0.006095138116556487,5646,7,8815,8,0.9956542227341746,0.9674296383375977,0.9126488939307997,0.9793388429752066,0.7838377120053209,0.9218058998049576,0.6931883228391529,0.9370391378332388,0.06296086216676121,0.0,0.9782711136708728
convnext_tiny,43,LAC,seen,15,0.0005689631059105915,19099,15,7960,8,0.9956542227341746,0.9674296383375977,0.9086683417085427,0.9047051816557474,0.9154977762572699,0.873743197770708,0.682741116751269,0.9119346733668342,0.08806532663316582,0.0,
convnext_tiny,43,LAC,unseen,15,0.729160075115118,6501,7,7960,8,0.9956542227341746,0.9674296383375977,0.989321608040201,0.9958308516974389,0.9781046869654465,0.9866166766146567,0.9619289340101523,1.0055276381909548,0.0,0.005527638190954774,0.9966490392167129
convnext_tiny,43,LAC,seen,16,0.0005689631059105915,19099,15,8072,8,0.9956542227341746,0.9674296383375977,0.860009910802775,0.9368627450980392,0.7281292059219381,0.8525160891239182,0.6262163709215799,0.8766105054509415,0.12338949454905847,0.0,
convnext_tiny,43,LAC,unseen,16,0.00419107363648985,6389,7,8072,8,0.9956542227341746,0.9674296383375977,0.9006442021803767,0.972156862745098,0.7779273216689099,0.9094239488246318,0.6840297653119634,0.9252973240832507,0.07470267591674926,0.0,0.974448924027436
convnext_tiny,43,LAC,seen,17,0.0005689631059105915,19099,15,8407,8,0.9956542227341746,0.9674296383375977,0.9182823837278459,0.9192489974480496,0.9164669633687094,0.9035375432361706,0.682741116751269,0.9210181991197811,0.07898180088021886,0.0,
convnext_tiny,43,LAC,unseen,17,0.8808068027306003,6054,7,8407,8,0.9956542227341746,0.9674296383375977,0.9919115023194957,0.997083485235144,0.9821978774392331,0.9904770362824709,0.9670050761421319,1.0103485190912336,0.0,0.010348519091233495,0.9974867794125347
convnext_tiny,43,LAC,seen,18,0.0005689631059105915,19099,15,6956,8,0.9956542227341746,0.9674296383375977,0.8205865439907993,0.894431554524362,0.700302343159486,0.8316644658048733,0.6262163709215799,0.8388441633122484,0.16115583668775157,0.0,
convnext_tiny,43,LAC,unseen,18,0.0012083618027103338,7505,7,6956,8,0.9956542227341746,0.9674296383375977,0.8489074180563543,0.9236658932714618,0.72713529856387,0.8661346278812592,0.6508299942759015,0.870184013801035,0.12981598619896492,0.0,0.9617781035656318
convnext_tiny,43,LAC,seen,19,0.0005689631059105915,19099,15,7428,8,0.9956542227341746,0.9674296383375977,0.8978190630048465,0.8855875831485588,0.9167237834132967,0.8787976053990564,0.682741116751269,0.9009154550350027,0.0990845449649973,0.0,
convnext_tiny,43,LAC,unseen,19,0.5600926806354012,7033,7,7428,8,0.9956542227341746,0.9674296383375977,0.9854604200323102,0.9920177383592018,0.9753255654557916,0.98390585389871,0.9517766497461929,1.0010770059235325,0.0,0.0010770059235325794,0.9960207340698466
convnext_tiny,43,APS,seen,0,0.9999982405580666,19099,15,7524,8,0.9956542227341746,0.9674296383375977,0.9590643274853801,0.9901914992993928,0.917951881554596,0.9657944769992179,0.9134137686302342,0.9759436469962786,0.024056353003721425,0.0,
convnext_tiny,43,APS,unseen,0,0.9999978850682104,6937,7,7524,8,0.9956542227341746,0.9674296383375977,0.8955342902711324,0.9901914992993928,0.770512029611351,0.9274260689278864,0.7146912704045423,0.9124136097820308,0.08758639021796917,0.0,0.8574270904235823
convnext_tiny,43,APS,seen,1,0.9999982405580666,19099,15,7976,8,0.9956542227341746,0.9674296383375977,0.9411985957873621,0.9979354354354354,0.8270392749244713,0.9619279950124234,0.8168288494562106,0.9879638916750251,0.012036108324974924,0.0,
convnext_tiny,43,APS,unseen,1,0.9999979758780725,6485,7,7976,8,0.9956542227341746,0.9674296383375977,0.9152457372116349,0.9979354354354354,0.7488670694864048,0.9435639070067456,0.7665010645848119,0.9620110330992979,0.03798896690070211,0.0,0.8829258076339075
convnext_tiny,43,APS,seen,2,0.9999982405580666,19099,15,7682,8,0.9956542227341746,0.9674296383375977,0.9639416818536839,0.9924968736973739,0.9164355062413315,0.9728205831427146,0.9134137686302342,0.9764384274928404,0.023561572507159595,0.0,
convnext_tiny,43,APS,unseen,2,0.9999999999999999,6779,7,7682,8,0.9956542227341746,0.9674296383375977,0.9899765686019266,0.9931221342225928,0.984743411927878,0.9886803859274207,0.967930029154519,1.2486331684457173,0.0,0.24863316844571726,0.9963348866432797
convnext_tiny,43,APS,seen,3,0.9999982405580666,19099,15,7443,8,0.9956542227341746,0.9674296383375977,0.9626494693000134,0.992756804214223,0.915136820228611,0.9725899131556965,0.9134137686302342,0.9756818487169152,0.024318151283084777,0.0,
convnext_tiny,43,APS,unseen,3,0.9999999999999999,7018,7,7443,8,0.9956542227341746,0.9674296383375977,0.9897890635496439,0.9934152765583846,0.9840665050225147,0.9889573478549573,0.967930029154519,1.2489587531909176,0.0,0.24895875319091765,0.9963348866432797
convnext_tiny,43,APS,seen,4,0.9999982405580666,19099,15,6999,8,0.9956542227341746,0.9674296383375977,0.9572796113730533,0.9887282528791963,0.9132967786154901,0.9658422388499462,0.9134137686302342,0.974139162737534,0.025860837262466067,0.0,
convnext_tiny,43,APS,unseen,4,0.9999964647868258,7462,7,6999,8,0.9956542227341746,0.9674296383375977,0.7202457493927704,0.9884832148983093,0.3450993831391364,0.8287410136691752,0.39815471965933286,0.737105300757251,0.26289469924274894,0.0,0.6113409079009372
convnext_tiny,43,APS,seen,5,0.9999982405580666,19099,15,7876,8,0.9956542227341746,0.9674296383375977,0.9619095987811072,0.9935191186001296,0.9168463196797043,0.9673605132712086,0.9134137686302342,0.9770187912646013,0.02298120873539868,0.0,
convnext_tiny,43,APS,unseen,5,0.9999999999999999,6585,7,7876,8,0.9956542227341746,0.9674296383375977,0.9883189436262062,0.9948152948801037,0.9790575916230366,0.9852681202998984,0.9644670050761421,1.2577450482478416,0.0,0.25774504824784156,0.9963348866432797
convnext_tiny,43,APS,seen,6,0.9999982405580666,19099,15,8463,8,0.9956542227341746,0.9674296383375977,0.9693961952026469,0.9974883387154646,0.9151955694011769,0.9782334486719447,0.9134137686302342,0.978612785064398,0.02138721493560203,0.0,
convnext_tiny,43,APS,unseen,6,1.0,5998,7,8463,8,0.9956542227341746,0.9674296383375977,0.999881838591516,1.0,0.9996538594669436,0.9999329399141631,0.9994635193133047,1.9366654850525817,0.0,0.9366654850525818,1.0
convnext_tiny,43,APS,seen,7,0.9999982405580666,19099,15,7326,8,0.9956542227341746,0.9674296383375977,0.9337974337974339,0.994440880906564,0.8267270668176671,0.9572713090372937,0.8168288494562106,0.9868959868959869,0.013104013104013105,0.0,
convnext_tiny,43,APS,unseen,7,0.9999979009953048,7135,7,7326,8,0.9956542227341746,0.9674296383375977,0.8966693966693967,0.994440880906564,0.7240468101170253,0.933085426151435,0.7210787792760823,0.9497679497679498,0.050232050232050234,0.0,0.8619823027383633
convnext_tiny,43,APS,seen,8,0.9999982405580666,19099,15,7994,8,0.9956542227341746,0.9674296383375977,0.9407055291468601,0.9964472700074795,0.828042328042328,0.9613488082815513,0.8168288494562106,0.9879909932449337,0.0120090067550663,0.0,
convnext_tiny,43,APS,unseen,8,0.9999979732182356,6467,7,7994,8,0.9956542227341746,0.9674296383375977,0.9148111083312485,0.9964472700074795,0.7498110355253212,0.9429847202758735,0.7665010645848119,0.962096572429322,0.03790342757067801,0.0,0.881983349913608
convnext_tiny,43,APS,seen,9,0.9999982405580666,19099,15,8364,8,0.9956542227341746,0.9674296383375977,0.943687230989957,0.9973753280839895,0.8278595696489242,0.9623356578226698,0.8168288494562106,0.9885222381635581,0.011477761836441894,0.0,
convnext_tiny,43,APS,unseen,9,0.9999980099909944,6097,7,8364,8,0.9956542227341746,0.9674296383375977,0.9214490674318508,0.9973753280839895,0.7576443941109853,0.9458345932378578,0.7814052519517388,0.966284074605452,0.03371592539454806,0.0,0.8919838735012304
convnext_tiny,43,APS,seen,10,0.9999982405580666,19099,15,7854,8,0.9956542227341746,0.9674296383375977,0.9665138782785841,0.9969788519637462,0.9141571478020076,0.9770159291438083,0.9134137686302342,0.9769544181308887,0.023045581869111282,0.0,
convnext_tiny,43,APS,unseen,10,0.9999999999999999,6607,7,7854,8,0.9956542227341746,0.9674296383375977,0.9921059332824038,0.9973816717019134,0.9830391138802353,0.993266322644567,0.985805535841022,1.254647313470843,0.0,0.2546473134708429,0.9963348866432797
convnext_tiny,43,APS,seen,11,0.9999982405580666,19099,15,8577,8,0.9956542227341746,0.9674296383375977,0.9670047802261863,0.9947819604919865,0.9205854873871068,0.9737596708331049,0.9134137686302342,0.9788970502506704,0.0211029497493296,0.0,
convnext_tiny,43,APS,unseen,11,0.9999999999999999,5884,7,8577,8,0.9956542227341746,0.9674296383375977,0.9905561385099685,0.9953410361535594,0.9825599501712862,0.9896903927294984,0.967930029154519,1.2510201702226886,0.0,0.2510201702226886,0.9963348866432797
convnext_tiny,43,APS,seen,12,0.9999982405580666,19099,15,7598,8,0.9956542227341746,0.9674296383375977,0.9618320610687023,0.9924829157175399,0.9198877805486284,0.9715553017638499,0.9134137686302342,0.9761779415635694,0.02382205843643064,0.0,
convnext_tiny,43,APS,unseen,12,0.9999999999999999,6863,7,7598,8,0.9956542227341746,0.9674296383375977,0.9886812319031324,0.9931662870159453,0.9825436408977556,0.9879936555747979,0.967930029154519,1.255067122927086,0.0,0.25506712292708605,0.9963348866432797
convnext_tiny,43,APS,seen,13,0.9999982405580666,19099,15,8559,8,0.9956542227341746,0.9674296383375977,0.9675195700432293,0.996258885147774,0.9197012138188608,0.974338857563977,0.9134137686302342,0.9788526697044048,0.02114733029559528,0.0,
convnext_tiny,43,APS,unseen,13,0.9999999999999999,5902,7,8559,8,0.9956542227341746,0.9674296383375977,0.9910036219184484,0.9966329966329966,0.9816370992841581,0.9901525382618687,0.967930029154519,1.2563383572847295,0.0,0.25633835728472953,0.9963348866432797
convnext_tiny,43,APS,seen,14,0.9999982405580666,19099,15,8815,8,0.9956542227341746,0.9674296383375977,0.9435053885422575,0.9965564738292011,0.8410375789823744,0.9565270712073095,0.8168288494562106,0.9891094724900737,0.010890527509926261,0.0,
convnext_tiny,43,APS,unseen,14,0.9999980032956461,5646,7,8815,8,0.9956542227341746,0.9674296383375977,0.9218377765173,0.9965564738292011,0.7775191220485533,0.9393538861352745,0.7785663591199432,0.9674418604651163,0.03255813953488372,0.0,0.8903083931095869
convnext_tiny,43,APS,seen,15,0.9999982405580666,19099,15,7960,8,0.9956542227341746,0.9674296383375977,0.9639447236180905,0.9934484812388327,0.9131029763941156,0.9686257946500734,0.9134137686302342,0.9772613065326633,0.022738693467336684,0.0,
convnext_tiny,43,APS,unseen,15,0.9999999999999999,6501,7,7960,8,0.9956542227341746,0.9674296383375977,0.9895728643216081,0.9946396664681358,0.9808416010947657,0.9859548506525213,0.9644670050761421,1.2515075376884421,0.0,0.2515075376884422,0.9963348866432797
convnext_tiny,43,APS,seen,16,0.9999982405580666,19099,15,8072,8,0.9956542227341746,0.9674296383375977,0.9395441030723488,0.9966666666666667,0.8415208613728129,0.9580334039044556,0.8168288494562106,0.9881070366699702,0.011892963330029732,0.0,
convnext_tiny,43,APS,unseen,16,0.9999979632646397,6389,7,8072,8,0.9956542227341746,0.9674296383375977,0.9126610505450942,0.9966666666666667,0.7685060565275909,0.9387821618888417,0.759403832505323,0.9612239841427156,0.03877601585728444,0.0,0.8795748468506205
convnext_tiny,43,APS,seen,17,0.9999982405580666,19099,15,8407,8,0.9956542227341746,0.9674296383375977,0.9664565243249673,0.9943492526430915,0.9140705237932215,0.9718934371764407,0.9134137686302342,0.9784703223504223,0.021529677649577732,0.0,
convnext_tiny,43,APS,unseen,17,0.9999999999999999,6054,7,8407,8,0.9956542227341746,0.9674296383375977,0.9908409658617818,0.995625227852716,0.9818555289284492,0.9893395343773905,0.9644670050761421,1.2458665397882718,0.0,0.24586653978827167,0.9963348866432797
convnext_tiny,43,APS,seen,18,0.9999982405580666,19099,15,6956,8,0.9956542227341746,0.9674296383375977,0.9298447383553766,0.9930394431554525,0.8269085411942555,0.9562844594961752,0.8168288494562106,0.9861989649223691,0.013801035077630822,0.0,
convnext_tiny,43,APS,unseen,18,0.9999978619872366,7505,7,6956,8,0.9956542227341746,0.9674296383375977,0.8875790684301322,0.9930394431554525,0.7157974300831443,0.9300915439728608,0.7061745919091554,0.9439332949971247,0.056066705002875215,0.0,0.8493638410387978
convnext_tiny,43,APS,seen,19,0.9999982405580666,19099,15,7428,8,0.9956542227341746,0.9674296383375977,0.9610931610123856,0.9920177383592018,0.9132967786154901,0.9696890681071858,0.9134137686302342,0.9756327409800754,0.02436725901992461,0.0,
convnext_tiny,43,APS,unseen,19,0.9999999999999999,7033,7,7428,8,0.9956542227341746,0.9674296383375977,0.9889606892837911,0.993569844789357,0.9818368745716244,0.98764279722269,0.9644670050761421,1.249326871297792,0.0,0.24932687129779213,0.9963348866432797
convnext_tiny,44,LAC,seen,0,0.000372043397017241,19099,15,7524,8,0.9960730928320854,0.9709563653965839,0.8931419457735247,0.8701541335824381,0.9235040098704503,0.8496385648648477,0.6345177664974619,0.8967304625199362,0.1032695374800638,0.0,
convnext_tiny,44,LAC,unseen,0,0.20258926241662212,6937,7,7524,8,0.9960730928320854,0.9709563653965839,0.9787347155768208,0.9873890705277908,0.9673041332510796,0.9748320092064207,0.9365482233502538,0.9909622541201488,0.009037745879851143,0.0,0.9942928949159642
convnext_tiny,44,LAC,seen,1,0.000372043397017241,19099,15,7976,8,0.9960730928320854,0.9709563653965839,0.8694834503510531,0.9442567567567568,0.7190332326283988,0.8820348370401048,0.6445334859759588,0.8826479438314945,0.11735205616850551,0.0,
convnext_tiny,44,LAC,unseen,1,0.0032973307080068626,6485,7,7976,8,0.9960730928320854,0.9709563653965839,0.9146188565697091,0.9804804804804805,0.7820996978851964,0.9353143632318333,0.7183743560389239,0.934679037111334,0.065320962888666,0.0,0.9766479920414681
convnext_tiny,44,LAC,seen,2,0.000372043397017241,19099,15,7682,8,0.9960730928320854,0.9709563653965839,0.9040614423327259,0.8893288870362651,0.9285714285714286,0.8766441594424705,0.7288629737609329,0.9062744077063265,0.09372559229367353,0.0,
convnext_tiny,44,LAC,unseen,2,0.4354567630757462,6779,7,7682,8,0.9960730928320854,0.9709563653965839,0.9880239520958084,0.9945810754481034,0.9771151178918169,0.988713287289158,0.9772888573456352,0.9986982556625879,0.0013017443374121322,0.0,0.9959683753076077
convnext_tiny,44,LAC,seen,3,0.000372043397017241,19099,15,7443,8,0.9960730928320854,0.9709563653965839,0.9044740024183797,0.8902546093064091,0.9269137512989262,0.8889049194063623,0.7288629737609329,0.9072954453849255,0.09270455461507457,0.0,
convnext_tiny,44,LAC,unseen,3,0.3134664247547325,7018,7,7443,8,0.9960730928320854,0.9709563653965839,0.9848179497514443,0.9925373134328358,0.972635954277797,0.9849765591725848,0.967930029154519,0.9947601773478436,0.005239822652156389,0.0,0.9954447876852192
convnext_tiny,44,LAC,seen,4,0.000372043397017241,19099,15,6999,8,0.9960730928320854,0.9709563653965839,0.8792684669238463,0.8473413379073756,0.9239204934886909,0.8404776971622795,0.6345177664974619,0.8822688955565081,0.11773110444349193,0.0,
convnext_tiny,44,LAC,unseen,4,0.14602734256211702,7462,7,6999,8,0.9960730928320854,0.9709563653965839,0.9768538362623231,0.9840725312423426,0.9667580534612749,0.9722726280662107,0.9289340101522843,0.9871410201457351,0.012858979854264894,0.0,0.9937169485313367
convnext_tiny,44,LAC,seen,5,0.000372043397017241,19099,15,7876,8,0.9960730928320854,0.9709563653965839,0.909598781107161,0.9014906027219702,0.9211579919926086,0.8736817488150508,0.6345177664974619,0.9135347892331133,0.08646521076688675,0.0,
convnext_tiny,44,LAC,unseen,5,0.28561000150653537,6585,7,7876,8,0.9960730928320854,0.9709563653965839,0.9815896394108684,0.9917908835601642,0.9670465044656607,0.9777618352592369,0.9390862944162437,0.994286439817166,0.005713560182833925,0.0,0.9953400701607414
convnext_tiny,44,LAC,seen,6,0.000372043397017241,19099,15,8463,8,0.9960730928320854,0.9709563653965839,0.9335932884319981,0.93756727664155,0.9259259259259259,0.9329603006881012,0.8653846153846154,0.9358383551931939,0.0641616448068061,0.0,
convnext_tiny,44,LAC,unseen,6,0.7095810426536595,5998,7,8463,8,0.9960730928320854,0.9709563653965839,0.9922013470400567,0.9989235737351991,0.9792315680166147,0.993614298398819,0.9801277501774308,1.0035448422545197,0.0,0.003544842254519674,0.996963191790146
convnext_tiny,44,LAC,seen,7,0.000372043397017241,19099,15,7326,8,0.9960730928320854,0.9709563653965839,0.8447993447993448,0.9163994013256361,0.7183842959607399,0.8575483218915546,0.6445334859759588,0.8595413595413596,0.14045864045864045,0.0,
convnext_tiny,44,LAC,unseen,7,0.0012708388224135225,7135,7,7326,8,0.9960730928320854,0.9709563653965839,0.8798798798798799,0.9499679281590764,0.7561343903359758,0.8979351528690289,0.6897538637664568,0.8985803985803986,0.10141960141960142,0.0,0.9681658725587727
convnext_tiny,44,LAC,seen,8,0.000372043397017241,19099,15,7994,8,0.9960730928320854,0.9709563653965839,0.8648986740055041,0.9366118175018698,0.719954648526077,0.8775605192230904,0.6445334859759588,0.877658243682762,0.12234175631723793,0.0,
convnext_tiny,44,LAC,unseen,8,0.0026729698043573835,6467,7,7994,8,0.9960730928320854,0.9709563653965839,0.9093069802351764,0.974756918474196,0.7770219198790628,0.930194941489825,0.7120778477389811,0.9280710532899675,0.07192894671003253,0.0,0.97518194669878
convnext_tiny,44,LAC,seen,9,0.000372043397017241,19099,15,8364,8,0.9960730928320854,0.9709563653965839,0.8772118603538976,0.9508311461067367,0.7183842959607399,0.897129385356279,0.6445334859759588,0.8895265423242468,0.11047345767575323,0.0,
convnext_tiny,44,LAC,unseen,9,0.003707262561012059,6097,7,8364,8,0.9960730928320854,0.9709563653965839,0.9194165471066476,0.9818022747156605,0.7848244620611552,0.9399472277834353,0.7223812249570692,0.9386657101865137,0.06133428981348637,0.0,0.9777475260484843
convnext_tiny,44,LAC,seen,10,0.000372043397017241,19099,15,7854,8,0.9960730928320854,0.9709563653965839,0.9250063661828368,0.9244712990936556,0.9259259259259259,0.9256521945188043,0.8653846153846154,0.9278074866310161,0.07219251336898395,0.0,
convnext_tiny,44,LAC,unseen,10,0.5364747831720885,6607,7,7854,8,0.9960730928320854,0.9709563653965839,0.9899414311179017,0.9977844914400805,0.9764624437521634,0.9916445782685542,0.978708303761533,1.000636618283677,0.0,0.0006366182836771072,0.9962825278810409
convnext_tiny,44,LAC,seen,11,0.000372043397017241,19099,15,8577,8,0.9960730928320854,0.9709563653965839,0.9250320624927131,0.9243384271338054,0.9261912176891934,0.9053738932782274,0.7288629737609329,0.9278302436749446,0.07216975632505539,0.0,
convnext_tiny,44,LAC,unseen,11,0.6417777811684875,5884,7,8577,8,0.9960730928320854,0.9709563653965839,0.9897400023318177,0.9973909802459933,0.9769542198691996,0.9903443366729447,0.9794180269694819,1.0027981811822315,0.0,0.0027981811822315496,0.9966490392167129
convnext_tiny,44,LAC,seen,12,0.000372043397017241,19099,15,7598,8,0.9960730928320854,0.9709563653965839,0.9048433798367992,0.8881548974943052,0.9276807980049875,0.8784969209757418,0.7288629737609329,0.9082653329823638,0.09173466701763622,0.0,
convnext_tiny,44,LAC,unseen,12,0.30404404609595914,6863,7,7598,8,0.9960730928320854,0.9709563653965839,0.9835483021847855,0.9920273348519362,0.9719451371571073,0.9841911283633518,0.967930029154519,0.9947354566991313,0.0052645433008686494,0.0,0.9954447876852192
convnext_tiny,44,LAC,seen,13,0.000372043397017241,19099,15,8559,8,0.9960730928320854,0.9709563653965839,0.9294310082953616,0.9319117096894874,0.9253034547152195,0.9098482110952419,0.7288629737609329,0.9325855824278537,0.06741441757214628,0.0,
convnext_tiny,44,LAC,unseen,13,0.6166180001054334,5902,7,8559,8,0.9960730928320854,0.9709563653965839,0.9893679168127117,0.9973812196034418,0.9760348583877996,0.9900145006280869,0.9794180269694819,1.001869377263699,0.0,0.0018693772636990303,0.9965443216922352
convnext_tiny,44,LAC,seen,14,0.000372043397017241,19099,15,8815,8,0.9960730928320854,0.9709563653965839,0.8789563244469654,0.9519628099173554,0.7379447954772198,0.8774318969479529,0.6345177664974619,0.8914350538854225,0.10856494611457743,0.0,
convnext_tiny,44,LAC,unseen,14,0.0033674749678855864,5646,7,8815,8,0.9960730928320854,0.9709563653965839,0.9187748156551333,0.981404958677686,0.7978051213834386,0.927230250380902,0.7200915855752719,0.9382870107770845,0.06171298922291549,0.0,0.9769621446149013
convnext_tiny,44,LAC,seen,15,0.000372043397017241,19099,15,7960,8,0.9960730928320854,0.9709563653965839,0.9087939698492462,0.9015286877109391,0.9213137187820732,0.8718289872817796,0.6345177664974619,0.9115577889447236,0.08844221105527639,0.0,
convnext_tiny,44,LAC,unseen,15,0.3866783281529934,6501,7,7960,8,0.9960730928320854,0.9709563653965839,0.9855527638190955,0.9934484812388327,0.9719466301744782,0.9820711991950641,0.9441624365482234,0.9973618090452261,0.0026381909547738692,0.0,0.9956018639719357
convnext_tiny,44,LAC,seen,16,0.000372043397017241,19099,15,8072,8,0.9960730928320854,0.9709563653965839,0.865832507433102,0.9386274509803921,0.7409152086137282,0.8589227474472455,0.6445334859759588,0.8798315163528245,0.12016848364717542,0.0,
convnext_tiny,44,LAC,unseen,16,0.002533470190421494,6389,7,8072,8,0.9960730928320854,0.9709563653965839,0.9080773042616452,0.9747058823529412,0.7937415881561238,0.9172392753229045,0.7109330280480824,0.9285183349851338,0.0714816650148662,0.0,0.9749725116498246
convnext_tiny,44,LAC,seen,17,0.000372043397017241,19099,15,8407,8,0.9960730928320854,0.9709563653965839,0.9188771262043535,0.9170616113744076,0.922286888052037,0.8996276267601926,0.6345177664974619,0.9208992506244796,0.0791007493755204,0.0,
convnext_tiny,44,LAC,unseen,17,0.6125555819278727,6054,7,8407,8,0.9960730928320854,0.9709563653965839,0.9898893778993696,0.996718920889537,0.9770626497774735,0.9879670402560665,0.9543147208121827,1.0027358153919352,0.0,0.002735815391935292,0.9965443216922352
convnext_tiny,44,LAC,seen,18,0.000372043397017241,19099,15,6956,8,0.9960730928320854,0.9709563653965839,0.8289246693502013,0.8958236658932714,0.719954648526077,0.837979455758366,0.6445334859759588,0.8443070730304773,0.15569292696952272,0.0,
convnext_tiny,44,LAC,unseen,18,0.0008525845137679067,7505,7,6956,8,0.9960730928320854,0.9709563653965839,0.8586831512363428,0.928538283062645,0.7448979591836735,0.8748334347905813,0.6748712077847739,0.8760782058654399,0.12392179413456009,0.0,0.9632441489083198
convnext_tiny,44,LAC,seen,19,0.000372043397017241,19099,15,7428,8,0.9960730928320854,0.9709563653965839,0.8974151857835219,0.8802660753880266,0.9239204934886909,0.8727506544577068,0.6345177664974619,0.8999730748519117,0.10002692514808831,0.0,
convnext_tiny,44,LAC,unseen,19,0.2665001177908136,7033,7,7428,8,0.9960730928320854,0.9709563653965839,0.9824986537425956,0.991130820399113,0.9691569568197396,0.9806815408420727,0.9390862944162437,0.9924609585352719,0.007539041464728056,0.0,0.9949212000628305
convnext_tiny,44,APS,seen,0,0.9999989709876363,19099,15,7524,8,0.9960730928320854,0.9709563653965839,0.965311004784689,0.992760392340028,0.9290561381863047,0.971623864141123,0.9281115879828327,0.9815257841573631,0.018474215842636896,0.0,
convnext_tiny,44,APS,unseen,0,0.9999986718048157,6937,7,7524,8,0.9960730928320854,0.9709563653965839,0.9044391281233386,0.992760392340028,0.7877853177051203,0.937130329659864,0.7703862660944206,0.9206539074960127,0.07934609250398723,0.0,0.8701502696476255
convnext_tiny,44,APS,seen,1,0.9999989709876363,19099,15,7976,8,0.9960730928320854,0.9709563653965839,0.9533600802407222,0.9983108108108109,0.8629154078549849,0.9694475828885143,0.8437321121923297,0.9947342026078235,0.00526579739217653,0.0,
convnext_tiny,44,APS,unseen,1,0.9999988306261195,6485,7,7976,8,0.9960730928320854,0.9709563653965839,0.9423269809428285,0.9983108108108109,0.8296827794561934,0.9606881355666286,0.8437321121923297,0.9837011033099298,0.01629889669007021,0.0,0.9123514320121472
convnext_tiny,44,APS,seen,2,0.9999989709876363,19099,15,7682,8,0.9960730928320854,0.9709563653965839,0.96888831033585,0.9952063359733222,0.9251040221914009,0.977567057414303,0.9281115879828327,0.9802134860713356,0.01978651392866441,0.0,
convnext_tiny,44,APS,unseen,2,0.999998285986132,6779,7,7682,8,0.9960730928320854,0.9709563653965839,0.823613642280656,0.9952063359733222,0.5381414701803051,0.8869786804698654,0.5987124463519313,0.8349388180161417,0.16506118198385836,0.0,0.7939159118278444
convnext_tiny,44,APS,seen,3,0.9999989709876363,19099,15,7443,8,0.9960730928320854,0.9709563653965839,0.9676205830982131,0.9956101843722563,0.9234499480429511,0.9768151565672933,0.9281115879828327,0.9795781270992879,0.02042187290071208,0.0,
convnext_tiny,44,APS,unseen,3,0.9999979743988848,7018,7,7443,8,0.9960730928320854,0.9709563653965839,0.7793900309015183,0.9953906935908692,0.43851749220644265,0.8621433529200202,0.5300429184549357,0.791347574902593,0.20865242509740695,0.0,0.7428137598827164
convnext_tiny,44,APS,seen,4,0.9999989709876363,19099,15,6999,8,0.9960730928320854,0.9709563653965839,0.9627089584226318,0.9921587846116148,0.9215215901302262,0.9701584437210504,0.9281115879828327,0.9781397342477497,0.02186026575225032,0.0,
convnext_tiny,44,APS,unseen,4,0.9999976341717863,7462,7,6999,8,0.9960730928320854,0.9709563653965839,0.7312473210458637,0.9921587846116148,0.36634681288553805,0.8348577685461835,0.48605150214592274,0.7466780968709815,0.2533219031290184,0.0,0.6888842347766899
convnext_tiny,44,APS,seen,5,0.9999989709876363,19099,15,7876,8,0.9960730928320854,0.9709563653965839,0.9667343829355003,0.9941672067401166,0.9276255004619649,0.9717621739960977,0.9281115879828327,0.9823514474352463,0.017648552564753683,0.0,
convnext_tiny,44,APS,unseen,5,0.9999988063904267,6585,7,7876,8,0.9960730928320854,0.9709563653965839,0.9365159979685119,0.9941672067401166,0.8543270711425932,0.9535160751447712,0.8513948497854077,0.952133062468258,0.047866937531742,0.0,0.9058065867322896
convnext_tiny,44,APS,seen,6,0.9999989709876363,19099,15,8463,8,0.9960730928320854,0.9709563653965839,0.9724683918232305,0.9978471474703983,0.923502942194531,0.9802563876774409,0.9281115879828327,0.9820394659104337,0.017960534089566348,0.0,
convnext_tiny,44,APS,unseen,6,0.9999999999999999,5998,7,8463,8,0.9960730928320854,0.9709563653965839,0.9930284768994446,0.9985647649802655,0.9823468328141225,0.9942198805729514,0.9843860894251242,1.2451849226042775,0.0,0.24518492260427743,0.9966490392167129
convnext_tiny,44,APS,seen,7,0.9999989709876363,19099,15,7326,8,0.9960730928320854,0.9709563653965839,0.9481299481299481,0.9967928159076331,0.8622121555303889,0.9662677220934804,0.8437321121923297,0.9942669942669943,0.005733005733005733,0.0,
convnext_tiny,44,APS,unseen,7,0.9999987894649177,7135,7,7326,8,0.9960730928320854,0.9709563653965839,0.9312039312039312,0.9967928159076331,0.8154020385050963,0.9539827574422471,0.8437321121923297,0.9773409773409774,0.02265902265902266,0.0,0.9005707105084035
convnext_tiny,44,APS,seen,8,0.9999989709876363,19099,15,7994,8,0.9960730928320854,0.9709563653965839,0.9535901926444834,0.9979431563201197,0.8639455782312925,0.9695706433486535,0.8437321121923297,0.9947460595446584,0.005253940455341506,0.0,
convnext_tiny,44,APS,unseen,8,0.9999988348939911,6467,7,7994,8,0.9960730928320854,0.9709563653965839,0.9429572179134351,0.9979431563201197,0.8318216175359032,0.9610773422297485,0.8437321121923297,0.9841130848136103,0.015886915186389794,0.0,0.9134509660191633
convnext_tiny,44,APS,seen,9,0.9999989709876363,19099,15,8364,8,0.9960730928320854,0.9709563653965839,0.9556432329029173,0.9984251968503937,0.8633446583616459,0.9698320136637671,0.8437321121923297,0.9949784791965567,0.005021520803443328,0.0,
convnext_tiny,44,APS,unseen,9,0.9999988539036481,6097,7,8364,8,0.9960730928320854,0.9709563653965839,0.9470349115255858,0.9984251968503937,0.8361645904114761,0.9625473065733754,0.8437321121923297,0.9863701578192252,0.013629842180774749,0.0,0.9181108958584219
convnext_tiny,44,APS,seen,10,0.9999989709876363,19099,15,7854,8,0.9960730928320854,0.9709563653965839,0.9700789406671759,0.9977844914400805,0.9224645205953618,0.9792431165153175,0.9281115879828327,0.980646804176216,0.01935319582378406,0.0,
convnext_tiny,44,APS,unseen,10,0.9999999999999999,6607,7,7854,8,0.9960730928320854,0.9709563653965839,0.9922332569391393,0.9985901309164149,0.9813084112149533,0.9933077372603418,0.9843860894251242,1.2408963585434174,0.0,0.24089635854341737,0.9966490392167129
convnext_tiny,44,APS,seen,11,0.9999989709876363,19099,15,8577,8,0.9960730928320854,0.9709563653965839,0.9721347790602775,0.9962728289228475,0.93179694799128,0.9792938481494895,0.9281115879828327,0.9839104582021686,0.01608954179783141,0.0,
convnext_tiny,44,APS,unseen,11,0.9999999999999999,5884,7,8577,8,0.9960730928320854,0.9709563653965839,0.9917220473358983,0.9973909802459933,0.9822485207100592,0.9922620687494805,0.9843860894251242,1.2523026699312114,0.0,0.25230266993121137,0.9966490392167129
convnext_tiny,44,APS,seen,12,0.9999989709876363,19099,15,7598,8,0.9960730928320854,0.9709563653965839,0.9682811266122664,0.9952164009111617,0.9314214463840399,0.9780192066722524,0.9281115879828327,0.9818373256120032,0.01816267438799684,0.0,
convnext_tiny,44,APS,unseen,12,0.9999988662909699,6863,7,7598,8,0.9960730928320854,0.9709563653965839,0.9505132929718347,0.9952164009111617,0.8893391521197007,0.9676399847648639,0.8841201716738197,0.9640694919715714,0.03593050802842854,0.0,0.9217236504529033
convnext_tiny,44,APS,seen,13,0.9999989709876363,19099,15,8559,8,0.9960730928320854,0.9709563653965839,0.9719593410445145,0.9966329966329966,0.930905695611578,0.9791707876893503,0.9281115879828327,0.9838766211005958,0.016123378899404135,0.0,
convnext_tiny,44,APS,unseen,13,0.9999999999999999,5902,7,8559,8,0.9960730928320854,0.9709563653965839,0.9917046383923356,0.9977553310886644,0.9816370992841581,0.9922580559083891,0.9843860894251242,1.2508470615726137,0.0,0.2508470615726136,0.9966490392167129
convnext_tiny,44,APS,seen,14,0.9999989709876363,19099,15,8815,8,0.9960730928320854,0.9709563653965839,0.9556437889960295,0.996900826446281,0.8759561024276687,0.9649020915527105,0.8437321121923297,0.9967101531480431,0.0032898468519568917,0.0,
convnext_tiny,44,APS,unseen,14,0.9999988640507004,5646,7,8815,8,0.9960730928320854,0.9709563653965839,0.9496313102665911,0.996900826446281,0.8583305620219488,0.9602001753000491,0.8437321121923297,0.9906976744186047,0.009302325581395349,0.0,0.9209382690193204
convnext_tiny,44,APS,seen,15,0.9999989709876363,19099,15,7960,8,0.9960730928320854,0.9709563653965839,0.9673366834170855,0.9942426047250348,0.9209716045159083,0.9713100247381483,0.9281115879828327,0.9807788944723618,0.019221105527638192,0.0,
convnext_tiny,44,APS,unseen,15,0.999997924813233,6501,7,7960,8,0.9960730928320854,0.9709563653965839,0.786180904522613,0.9932499503672821,0.4293534040369483,0.8518318282140316,0.5241416309012875,0.7996231155778895,0.20037688442211055,0.0,0.7359024032671868
convnext_tiny,44,APS,seen,16,0.9999989709876363,19099,15,8072,8,0.9960730928320854,0.9709563653965839,0.9530475718533201,0.9970588235294118,0.8775235531628532,0.9683619829004237,0.8437321121923297,0.9965312190287413,0.003468780971258672,0.0,
convnext_tiny,44,APS,unseen,16,0.9999988473631166,6389,7,8072,8,0.9960730928320854,0.9709563653965839,0.9452428146679881,0.9970588235294118,0.8563257065948856,0.9625945340217257,0.8437321121923297,0.9887264618434093,0.011273538156590684,0.0,0.9165401329912561
convnext_tiny,44,APS,seen,17,0.9999989709876363,19099,15,8407,8,0.9960730928320854,0.9709563653965839,0.9700249791840133,0.995625227852716,0.921944539541253,0.9739841056064507,0.9281115879828327,0.9818008802188652,0.018199119781134768,0.0,
convnext_tiny,44,APS,unseen,17,0.9999999999999999,6054,7,8407,8,0.9960730928320854,0.9709563653965839,0.991316759842988,0.9969012030623405,0.9808284833960972,0.989732104182406,0.9619289340101523,1.2462233852741762,0.0,0.24622338527417628,0.9966490392167129
convnext_tiny,44,APS,seen,18,0.9999989709876363,19099,15,6956,8,0.9960730928320854,0.9709563653965839,0.9453709028177113,0.9960556844547563,0.86281179138322,0.9660063517783668,0.8437321121923297,0.9939620471535365,0.0060379528464634845,0.0,
convnext_tiny,44,APS,unseen,18,0.9999987725815402,7505,7,6956,8,0.9960730928320854,0.9709563653965839,0.9258194364577343,0.9960556844547563,0.8114134542705971,0.9526015084996138,0.8437321121923297,0.9744105807935595,0.02558941920644048,0.0,0.8960678569558616
convnext_tiny,44,APS,seen,19,0.9999989709876363,19099,15,7428,8,0.9960730928320854,0.9709563653965839,0.9658050619278407,0.9944567627494457,0.9215215901302262,0.9727094641292136,0.9281115879828327,0.9794022617124394,0.02059773828756058,0.0,
convnext_tiny,44,APS,unseen,19,0.9999977803650401,7033,7,7428,8,0.9960730928320854,0.9709563653965839,0.7595584275713516,0.9942350332594235,0.3968471555860178,0.8452047838169665,0.5026824034334764,0.7731556273559504,0.22684437264404955,0.0,0.713283417979999
densenet121,42,LAC,seen,0,0.0028745719325544705,19099,15,7524,8,0.9958112990208912,0.9135606112993568,0.7707336523125997,0.811303129378795,0.7171499074645281,0.7174220392582371,0.5068493150684932,0.7736576289207868,0.22634237107921318,0.0,
densenet121,42,LAC,unseen,0,0.9996905024201863,6937,7,7524,8,0.9958112990208912,0.9135606112993568,0.9993354598617756,0.9997664642690332,0.9987661937075879,0.9991631133219488,0.9970845481049563,1.3720095693779903,0.0,0.37200956937799046,0.9997905649510446
densenet121,42,LAC,seen,1,0.0028745719325544705,19099,15,7976,8,0.9958112990208912,0.9135606112993568,0.7635406218655968,0.9196696696696697,0.44939577039274925,0.7867647134455011,0.3921007441327991,0.829864593781344,0.17013540621865597,0.0,
densenet121,42,LAC,unseen,1,0.23187309293260128,6485,7,7976,8,0.9958112990208912,0.9135606112993568,0.8594533600802408,0.9924924924924925,0.5917673716012085,0.9116257290669119,0.4356038923869491,0.978184553660983,0.021815446339017053,0.0,0.9931410021467093
densenet121,42,LAC,seen,2,0.0028745719325544705,19099,15,7682,8,0.9958112990208912,0.9135606112993568,0.8312939338713876,0.838474364318466,0.8193481276005548,0.7797469920349557,0.5068493150684932,0.8332465503775058,0.16675344962249414,0.0,
densenet121,42,LAC,unseen,2,0.9997228889200211,6779,7,7682,8,0.9958112990208912,0.9135606112993568,0.9993491278312939,0.9997915798249271,0.9986130374479889,0.9991433017139267,0.9970845481049563,1.3148919552199947,0.0,0.3148919552199948,0.9998429237132834
densenet121,42,LAC,seen,3,0.0028745719325544705,19099,15,7443,8,0.9958112990208912,0.9135606112993568,0.8464328899637243,0.8650131694468832,0.8171111880845168,0.8295976128205853,0.521865889212828,0.8491199785032917,0.15088002149670832,0.0,
densenet121,42,LAC,unseen,3,0.9996786683956569,7018,7,7443,8,0.9958112990208912,0.9135606112993568,0.9991938734381298,0.9997805092186128,0.9982680983720125,0.9989008796761288,0.9970845481049563,1.294639258363563,0.0,0.2946392583635631,0.9997905649510446
densenet121,42,LAC,seen,4,0.0028745719325544705,19099,15,6999,8,0.9958112990208912,0.9135606112993568,0.7989712816116588,0.7875520705709385,0.8149417409184373,0.7405843658682456,0.5068493150684932,0.8014002000285755,0.1985997999714245,0.0,
densenet121,42,LAC,unseen,4,0.9996201676877149,7462,7,6999,8,0.9958112990208912,0.9135606112993568,0.9992856122303186,0.999754962019113,0.9986291980808774,0.9990555826464258,0.9970845481049563,1.3359051293041864,0.0,0.3359051293041863,0.9997905649510446
densenet121,42,LAC,seen,5,0.0028745719325544705,19099,15,7876,8,0.9958112990208912,0.9135606112993568,0.8111985779583545,0.8788075178224238,0.7148136741607638,0.7796914807739491,0.521865889212828,0.8146267140680549,0.18537328593194516,0.0,
densenet121,42,LAC,unseen,5,0.9997548606135636,6585,7,7876,8,0.9958112990208912,0.9135606112993568,0.9996190959878111,0.9997839706200043,0.9993840468124423,0.9994560997406859,0.9970845481049563,1.3280853224987303,0.0,0.32808532249873035,0.9998952824755223
densenet121,42,LAC,seen,6,0.0028745719325544705,19099,15,8463,8,0.9958112990208912,0.9135606112993568,0.8931820867304738,0.932902762827413,0.816545517480097,0.9001640264146082,0.7359829666430092,0.8954271534916696,0.10457284650833037,0.0,
densenet121,42,LAC,unseen,6,0.9998290736060564,5998,7,8463,8,0.9958112990208912,0.9135606112993568,0.9996455157745481,1.0,0.9989615784008308,0.9996517424173971,0.9983660130718954,1.2551104809169324,0.0,0.2551104809169325,0.9998952824755223
densenet121,42,LAC,seen,7,0.0028745719325544705,19099,15,7326,8,0.9958112990208912,0.9135606112993568,0.7325962325962326,0.8937353004062433,0.4480936202340506,0.770106986953065,0.3921007441327991,0.8054873054873055,0.1945126945126945,0.0,
densenet121,42,LAC,unseen,7,0.14483926117641333,7135,7,7326,8,0.9958112990208912,0.9135606112993568,0.8372918372918373,0.9854607654479367,0.5756889392223481,0.897500392001912,0.4264453348597596,0.9620529620529621,0.037947037947037944,0.0,0.9912037279438715
densenet121,42,LAC,seen,8,0.0028745719325544705,19099,15,7994,8,0.9958112990208912,0.9135606112993568,0.7550662997247936,0.905946148092745,0.4501133786848073,0.7784039590313759,0.3921007441327991,0.8211158368776582,0.17888416312234176,0.0,
densenet121,42,LAC,unseen,8,0.2313547972370159,6467,7,7994,8,0.9958112990208912,0.9135606112993568,0.8595196397297974,0.9915856394913987,0.5925925925925926,0.9114056916137284,0.4356038923869491,0.977608206154616,0.022391793845384037,0.0,0.9931410021467093
densenet121,42,LAC,seen,9,0.0028745719325544705,19099,15,8364,8,0.9958112990208912,0.9135606112993568,0.7857484457197513,0.942082239720035,0.44847112117780297,0.8323126461329629,0.3921007441327991,0.8493543758967002,0.15064562410329985,0.0,
densenet121,42,LAC,unseen,9,0.29010218688905487,6097,7,8364,8,0.9958112990208912,0.9135606112993568,0.8688426590148255,0.994750656167979,0.5972064930162325,0.9162817761047176,0.4419004006868918,0.9857723577235772,0.014227642276422764,0.0,0.993978742342531
densenet121,42,LAC,seen,10,0.0028745719325544705,19099,15,7854,8,0.9958112990208912,0.9135606112993568,0.8832442067736186,0.9222557905337362,0.8161993769470405,0.896105960098651,0.7359829666430092,0.8857906799083269,0.11420932009167303,0.0,
densenet121,42,LAC,unseen,10,0.9997563042783608,6607,7,7854,8,0.9958112990208912,0.9135606112993568,0.9998726763432646,1.0,0.9996538594669436,0.9998559907834101,0.9988479262672811,1.2542653425006367,0.0,0.2542653425006366,0.9998952824755223
densenet121,42,LAC,seen,11,0.0028745719325544705,19099,15,8577,8,0.9958112990208912,0.9135606112993568,0.8311764020053631,0.8986209467014536,0.718467767050763,0.810493352526534,0.521865889212828,0.8339745831875948,0.16602541681240526,0.0,
densenet121,42,LAC,unseen,11,0.9998328478287763,5884,7,8577,8,0.9958112990208912,0.9135606112993568,0.9994170455870351,0.9998136414461424,0.9987542821550919,0.9992518513746729,0.9970845481049563,1.3374140142240876,0.0,0.3374140142240877,0.9998952824755223
densenet121,42,LAC,seen,12,0.0028745719325544705,19099,15,7598,8,0.9958112990208912,0.9135606112993568,0.7858647012371677,0.8341685649202734,0.7197630922693267,0.7525265991089898,0.5068493150684932,0.7886285864701237,0.2113714135298763,0.0,
densenet121,42,LAC,unseen,12,0.999707599739942,6863,7,7598,8,0.9958112990208912,0.9135606112993568,0.9993419320873914,0.9997722095671981,0.9987531172069826,0.9991631133219488,0.9970845481049563,1.3631218741774151,0.0,0.3631218741774151,0.9997905649510446
densenet121,42,LAC,seen,13,0.0028745719325544705,19099,15,8559,8,0.9958112990208912,0.9135606112993568,0.8392335553218834,0.9122708567153012,0.7177093059446,0.8188541069406592,0.521865889212828,0.8421544572964131,0.15784554270358686,0.0,
densenet121,42,LAC,unseen,13,0.9998314341428707,5902,7,8559,8,0.9958112990208912,0.9135606112993568,0.9994158196050941,0.9998129442573886,0.998755057578587,0.9992518513746729,0.9970845481049563,1.316508937960042,0.0,0.31650893796004204,0.9998952824755223
densenet121,42,LAC,seen,14,0.0028745719325544705,19099,15,8815,8,0.9958112990208912,0.9135606112993568,0.749517867271696,0.9393939393939394,0.3827735284336548,0.7740457596722015,0.3921007441327991,0.810550198525241,0.18944980147475893,0.0,
densenet121,42,LAC,unseen,14,0.04023950331564008,5646,7,8815,8,0.9958112990208912,0.9135606112993568,0.8163357912648894,0.9757231404958677,0.5084802128367143,0.8460097759244205,0.41327990841442475,0.9100397050482133,0.08996029495178673,0.0,0.9828263259856537
densenet121,42,LAC,seen,15,0.0028745719325544705,19099,15,7960,8,0.9958112990208912,0.9135606112993568,0.8547738693467337,0.8792932300972801,0.8125213821416353,0.8069118736999149,0.521865889212828,0.8574120603015075,0.14258793969849246,0.0,
densenet121,42,LAC,unseen,15,0.9997612269879436,6501,7,7960,8,0.9958112990208912,0.9135606112993568,0.9994974874371859,0.9998014691284495,0.9989736572015053,0.9992873109305166,0.9970845481049563,1.2801507537688441,0.0,0.28015075376884424,0.9998952824755223
densenet121,42,LAC,seen,16,0.0028745719325544705,19099,15,8072,8,0.9958112990208912,0.9135606112993568,0.7078790882061446,0.8974509803921569,0.3825706594885599,0.705454793971552,0.3921007441327991,0.7741575817641229,0.2258424182358771,0.0,
densenet121,42,LAC,unseen,16,0.03154472196275582,6389,7,8072,8,0.9958112990208912,0.9135606112993568,0.79298810703667,0.9649019607843137,0.4979811574697174,0.8308925239824673,0.4115626788780767,0.8912289395441031,0.10877106045589693,0.0,0.9808890517828158
densenet121,42,LAC,seen,17,0.0028745719325544705,19099,15,8407,8,0.9958112990208912,0.9135606112993568,0.872249316046152,0.9035727305869486,0.813420061622732,0.8566987121497304,0.5482233502538071,0.8745093374568812,0.12549066254311883,0.0,
densenet121,42,LAC,unseen,17,0.9998258950696176,6054,7,8407,8,0.9958112990208912,0.9135606112993568,0.9996431545140954,1.0,0.9989729544676481,0.9996517424173971,0.9983660130718954,1.2834542643035565,0.0,0.2834542643035566,0.9998952824755223
densenet121,42,LAC,seen,18,0.0028745719325544705,19099,15,6956,8,0.9958112990208912,0.9135606112993568,0.6945083381253594,0.8447795823665893,0.4497354497354497,0.7161982998514781,0.3921007441327991,0.7707015526164462,0.22929844738355376,0.0,
densenet121,42,LAC,unseen,18,0.11089221339931343,7505,7,6956,8,0.9958112990208912,0.9135606112993568,0.8214491086831512,0.9749419953596288,0.5714285714285714,0.886112542535892,0.4212936462507155,0.9489649223691777,0.05103507763082231,0.0,0.9898947588878999
densenet121,42,LAC,seen,19,0.0028745719325544705,19099,15,7428,8,0.9958112990208912,0.9135606112993568,0.8313139472267097,0.8419068736141907,0.8149417409184373,0.7987319587321862,0.5068493150684932,0.8334679590737749,0.1665320409262251,0.0,
densenet121,42,LAC,unseen,19,0.9996853810651125,7033,7,7428,8,0.9958112990208912,0.9135606112993568,0.9995961227786753,1.0,0.9989718985606579,0.9995087295342999,0.9976958525345622,1.3039849219170705,0.0,0.30398492191707055,0.9997905649510446
densenet121,42,APS,seen,0,0.999999993752138,19099,15,7524,8,0.9958112990208912,0.9135606112993568,0.9509569377990431,0.9778141055581504,0.9154842689697718,0.9527944869762615,0.9195979899497487,0.9853801169590644,0.014619883040935672,0.0,
densenet121,42,APS,unseen,0,1.0,6937,7,7524,8,0.9958112990208912,0.9135606112993568,0.9992025518341308,1.0,0.9981492905613819,0.9993501140068421,0.9978463747307968,1.9405901116427433,0.0,0.9405901116427432,0.9998952824755223
densenet121,42,APS,seen,1,0.999999993752138,19099,15,7976,8,0.9958112990208912,0.9135606112993568,0.858074222668004,0.9806681681681682,0.611404833836858,0.9091181307071926,0.44934172867773325,0.9889669007021064,0.011033099297893681,0.0,
densenet121,42,APS,unseen,1,0.9999999926535086,6485,7,7976,8,0.9958112990208912,0.9135606112993568,0.8575727181544633,0.9799174174174174,0.611404833836858,0.9085150579490612,0.44876931883228394,0.9884653961885657,0.011534603811434303,0.0,0.944761505838002
densenet121,42,APS,seen,2,0.999999993752138,19099,15,7682,8,0.9958112990208912,0.9135606112993568,0.9622494142150482,0.9749895789912464,0.9410540915395285,0.9652563224912976,0.9431330472103004,0.9800833116375943,0.019916688362405625,0.0,
densenet121,42,APS,unseen,2,1.0,6779,7,7682,8,0.9958112990208912,0.9135606112993568,0.9994793022650351,0.9997915798249271,0.9989597780859917,0.999534550764833,0.9976958525345622,1.9410309815152305,0.0,0.9410309815152305,0.9998952824755223
densenet121,42,APS,seen,3,0.999999993752138,19099,15,7443,8,0.9958112990208912,0.9135606112993568,0.9639930135697972,0.9804653204565408,0.9379979217180464,0.9666146507117495,0.9431330472103004,0.9825339244928121,0.017466075507187963,0.0,
densenet121,42,APS,unseen,3,1.0,7018,7,7443,8,0.9958112990208912,0.9135606112993568,0.9993282278651081,0.9997805092186128,0.99861447869761,0.9993312987323126,0.9976958525345622,1.9422275963993014,0.0,0.9422275963993013,0.9998952824755223
densenet121,42,APS,seen,4,0.999999993752138,19099,15,6999,8,0.9958112990208912,0.9135606112993568,0.9588512644663524,0.974025974025974,0.9376285126799178,0.9583804525182571,0.9263959390862944,0.982426060865838,0.017573939134162022,0.0,
densenet121,42,APS,unseen,4,1.0,7462,7,6999,8,0.9958112990208912,0.9135606112993568,0.9992856122303186,0.999754962019113,0.9986291980808774,0.9993312987323127,0.9976958525345622,1.9404200600085726,0.0,0.9404200600085727,0.9998952824755223
densenet121,42,APS,seen,5,0.999999993752138,19099,15,7876,8,0.9958112990208912,0.9135606112993568,0.9534027425088878,0.981853532080363,0.912842623960579,0.9544319969571129,0.9195979899497487,0.9861604875571356,0.013839512442864398,0.0,
densenet121,42,APS,unseen,5,1.0,6585,7,7876,8,0.9958112990208912,0.9135606112993568,0.9992381919756221,1.0,0.9981521404373268,0.999350114006842,0.9978463747307968,1.9424834941594717,0.0,0.9424834941594719,0.9998952824755223
densenet121,42,APS,seen,6,0.999999993752138,19099,15,8463,8,0.9958112990208912,0.9135606112993568,0.967387451258419,0.9825977753857195,0.9380408445829007,0.9722795822568889,0.9431330472103004,0.9816849816849816,0.018315018315018316,0.0,
densenet121,42,APS,unseen,6,1.0,5998,7,8463,8,0.9958112990208912,0.9135606112993568,0.999527354366064,0.9998205956225332,0.9989615784008308,0.999534550764833,0.9976958525345622,1.9434006853361692,0.0,0.9434006853361692,0.9998952824755223
densenet121,42,APS,seen,7,0.999999993752138,19099,15,7326,8,0.9958112990208912,0.9135606112993568,0.8465738465738466,0.980970707718623,0.609286523216308,0.9048907358951785,0.44934172867773325,0.9911274911274911,0.008872508872508872,0.0,
densenet121,42,APS,unseen,7,0.99999999092832,7135,7,7326,8,0.9958112990208912,0.9135606112993568,0.8443898443898444,0.9781911481719051,0.608154020385051,0.9028078196767343,0.44762449914138525,0.9889434889434889,0.011056511056511056,0.0,0.9363841038797843
densenet121,42,APS,seen,8,0.999999993752138,19099,15,7994,8,0.9958112990208912,0.9135606112993568,0.8581436077057794,0.9798055347793567,0.6122448979591837,0.9089181574594666,0.44934172867773325,0.98861646234676,0.01138353765323993,0.0,
densenet121,42,APS,unseen,8,0.9999999919583523,6467,7,7994,8,0.9958112990208912,0.9135606112993568,0.8558919189392044,0.9766267763649963,0.6118669690098262,0.9065477182128945,0.44819690898683456,0.9863647735801852,0.013635226419814862,0.0,0.9407822399078486
densenet121,42,APS,seen,9,0.999999993752138,19099,15,8364,8,0.9958112990208912,0.9135606112993568,0.8644189383070301,0.9821522309711286,0.6104190260475651,0.9103556941925919,0.44934172867773325,0.9888809182209469,0.011119081779053085,0.0,
densenet121,42,APS,unseen,9,0.9999999952788803,6097,7,8364,8,0.9958112990208912,0.9135606112993568,0.867168818747011,0.9861767279090113,0.6104190260475651,0.9128722463108812,0.45048654836863194,0.9916307986609277,0.008369201339072214,0.0,0.9591078066914498
densenet121,42,APS,seen,10,0.999999993752138,19099,15,7854,8,0.9958112990208912,0.9135606112993568,0.967659791189203,0.9854984894259818,0.9370024229837314,0.9722003737442155,0.9431330472103004,0.9834479246243952,0.016552075375604786,0.0,
densenet121,42,APS,unseen,10,1.0,6607,7,7854,8,0.9958112990208912,0.9135606112993568,0.9993633817163229,0.9997985901309164,0.9986154378677743,0.9993312987323127,0.9976958525345622,1.9439775910364145,0.0,0.9439775910364145,0.9998952824755223
densenet121,42,APS,seen,11,0.999999993752138,19099,15,8577,8,0.9958112990208912,0.9135606112993568,0.956744782558004,0.980805068952665,0.9165369043911554,0.9611078936824271,0.9195979899497487,0.9834440946717967,0.016555905328203335,0.0,
densenet121,42,APS,unseen,11,1.0,5884,7,8577,8,0.9958112990208912,0.9135606112993568,0.9994170455870351,1.0,0.9984428526938648,0.9995533660393623,0.9978463747307968,1.9418211495861024,0.0,0.9418211495861024,0.9998952824755223
densenet121,42,APS,seen,12,0.999999993752138,19099,15,7598,8,0.9958112990208912,0.9135606112993568,0.954066859699921,0.9808656036446469,0.9173940149625935,0.9595911484366284,0.9195979899497487,0.9848644380100027,0.015135561989997368,0.0,
densenet121,42,APS,unseen,12,1.0,6863,7,7598,8,0.9958112990208912,0.9135606112993568,0.9992103185048697,1.0,0.9981296758104738,0.9993501140068421,0.9978463747307968,1.941563569360358,0.0,0.941563569360358,0.9998952824755223
densenet121,42,APS,seen,13,0.999999993752138,19099,15,8559,8,0.9958112990208912,0.9135606112993568,0.9568874868559412,0.9816685372240928,0.9156551509492686,0.9613078669301532,0.9195979899497487,0.9837597850216147,0.016240214978385327,0.0,
densenet121,42,APS,unseen,13,1.0,5902,7,8559,8,0.9958112990208912,0.9135606112993568,0.9994158196050941,1.0,0.9984438219732338,0.9995533660393623,0.9978463747307968,1.9428671573781984,0.0,0.9428671573781984,0.9998952824755223
densenet121,42,APS,seen,14,0.999999993752138,19099,15,8815,8,0.9958112990208912,0.9135606112993568,0.8598979013045944,0.9824380165289256,0.623212504156967,0.8979730671902292,0.44934172867773325,0.9914917753828701,0.008508224617129892,0.0,
densenet121,42,APS,unseen,14,0.9999999847418897,5646,7,8815,8,0.9958112990208912,0.9135606112993568,0.8499149177538287,0.9679752066115702,0.6218822746923844,0.8882461687812611,0.43961076130509447,0.9815087918321044,0.018491208167895633,0.0,0.914288706214985
densenet121,42,APS,seen,15,0.999999993752138,19099,15,7960,8,0.9958112990208912,0.9135606112993568,0.9613065326633166,0.9761762954139369,0.935682517960999,0.9600971710117819,0.9263959390862944,0.981532663316583,0.018467336683417084,0.0,
densenet121,42,APS,unseen,15,1.0,6501,7,7960,8,0.9958112990208912,0.9135606112993568,0.9994974874371859,0.9998014691284495,0.9989736572015053,0.999534550764833,0.9976958525345622,1.9419597989949748,0.0,0.9419597989949748,0.9998952824755223
densenet121,42,APS,seen,16,0.999999993752138,19099,15,8072,8,0.9958112990208912,0.9135606112993568,0.8482408325074331,0.9796078431372549,0.6228129205921938,0.898146415380457,0.44934172867773325,0.9910802775024777,0.008919722497522299,0.0,
densenet121,42,APS,unseen,16,0.9999999830832788,6389,7,8072,8,0.9958112990208912,0.9135606112993568,0.8378344895936571,0.9639215686274509,0.6214670255720054,0.8892997934752465,0.4384659416141958,0.9805500495540139,0.019449950445986124,0.0,0.9082150897952772
densenet121,42,APS,seen,17,0.999999993752138,19099,15,8407,8,0.9958112990208912,0.9135606112993568,0.9645533484001427,0.9794021144732045,0.9366655255049641,0.9652829475487958,0.9263959390862944,0.9818008802188652,0.018199119781134768,0.0,
densenet121,42,APS,unseen,17,1.0,6054,7,8407,8,0.9958112990208912,0.9135606112993568,0.9995242060187939,0.9998177178271965,0.9989729544676481,0.999534550764833,0.9976958525345622,1.941477340311645,0.0,0.9414773403116451,0.9998952824755223
densenet121,42,APS,seen,18,0.999999993752138,19099,15,6956,8,0.9958112990208912,0.9135606112993568,0.8384128809660725,0.9779582366589327,0.6111111111111112,0.9034531991620532,0.44934172867773325,0.9909430707303047,0.009056929269695228,0.0,
densenet121,42,APS,unseen,18,0.9999999886920307,7505,7,6956,8,0.9958112990208912,0.9135606112993568,0.8332374928119609,0.9707656612529002,0.6092214663643235,0.8987773511245118,0.44476244991413855,0.9857676825761932,0.014232317423806786,0.0,0.9274307555369391
densenet121,42,APS,seen,19,0.999999993752138,19099,15,7428,8,0.9958112990208912,0.9135606112993568,0.962843295638126,0.9791574279379157,0.9376285126799178,0.9637662023029971,0.9263959390862944,0.9830371567043619,0.016962843295638127,0.0,
densenet121,42,APS,unseen,19,1.0,7033,7,7428,8,0.9958112990208912,0.9135606112993568,0.9993268712977922,0.9997782705099778,0.9986291980808774,0.9993312987323126,0.9976958525345622,1.941168551427033,0.0,0.9411685514270328,0.9998952824755223
densenet121,43,LAC,seen,0,0.0023071499304906373,19099,15,7524,8,0.9957065814964134,0.9210289744830925,0.7708665603402446,0.8031293787949556,0.7282541640962369,0.712985211280371,0.4839650145772595,0.7729930887825625,0.22700691121743755,0.0,
densenet121,43,LAC,unseen,0,0.9985910829485444,6937,7,7524,8,0.9957065814964134,0.9210289744830925,0.9978734715576821,0.9997664642690332,0.9953732264034546,0.9981129609541362,0.9956927494615937,1.2577086656034024,0.0,0.25770866560340244,0.9997905649510446
densenet121,43,LAC,seen,1,0.0023071499304906373,19099,15,7976,8,0.9957065814964134,0.9210289744830925,0.769307923771314,0.9230480480480481,0.45996978851963743,0.7940525477443978,0.39038351459645104,0.8192076228686058,0.18079237713139418,0.0,
densenet121,43,LAC,unseen,1,0.14076798010970237,6485,7,7976,8,0.9957065814964134,0.9210289744830925,0.8585757271815446,0.9913663663663663,0.5913897280966768,0.9097980200595439,0.4315970234688037,0.9607572718154463,0.03924272818455366,0.0,0.9901565526990942
densenet121,43,LAC,seen,2,0.0023071499304906373,19099,15,7682,8,0.9957065814964134,0.9210289744830925,0.8251757354855507,0.8343059608170071,0.8099861303744799,0.7762740584813385,0.4839650145772595,0.8268680031241864,0.1731319968758136,0.0,
densenet121,43,LAC,unseen,2,0.9987178466422902,6779,7,7682,8,0.9957065814964134,0.9210289744830925,0.9984379067951055,0.9997915798249271,0.9961858529819695,0.998488655406532,0.9964513839602555,1.2091903150221297,0.0,0.20919031502212965,0.9997905649510446
densenet121,43,LAC,seen,3,0.0023071499304906373,19099,15,7443,8,0.9957065814964134,0.9210289744830925,0.8422679027273948,0.8636962247585601,0.8084516799445791,0.8283103484011365,0.4839650145772595,0.844148864705092,0.15585113529490796,0.0,
densenet121,43,LAC,unseen,3,0.9985586289343437,7018,7,7443,8,0.9957065814964134,0.9210289744830925,0.9981190380223028,0.9997805092186128,0.9954970557672325,0.9980646366513704,0.9964513839602555,1.1827220206905817,0.0,0.18272202069058174,0.9997905649510446
densenet121,43,LAC,seen,4,0.0023071499304906373,19099,15,6999,8,0.9957065814964134,0.9210289744830925,0.7896842406058008,0.7784856652781181,0.8053461274845785,0.7298994194178325,0.4839650145772595,0.7915416488069724,0.20845835119302758,0.0,
densenet121,43,LAC,unseen,4,0.9981411454126956,7462,7,6999,8,0.9957065814964134,0.9210289744830925,0.9981425917988284,0.999754962019113,0.995887594242632,0.9982193396216674,0.9964513839602555,1.2234604943563365,0.0,0.2234604943563366,0.9996858474265669
densenet121,43,LAC,seen,5,0.0023071499304906373,19099,15,7876,8,0.9957065814964134,0.9210289744830925,0.8132300660233621,0.8740548714625189,0.726516784724361,0.776846294628091,0.4839650145772595,0.8153885220924327,0.1846114779075673,0.0,
densenet121,43,LAC,unseen,5,0.9987841489202532,6585,7,7876,8,0.9957065814964134,0.9210289744830925,0.9979685119349924,0.9997839706200043,0.9953803510933169,0.9980253180696761,0.9956927494615937,1.2211782630777044,0.0,0.2211782630777044,0.9997905649510446
densenet121,43,LAC,seen,6,0.0023071499304906373,19099,15,8463,8,0.9957065814964134,0.9210289744830925,0.890937019969278,0.9339791890922139,0.8078920041536864,0.9030203440224451,0.759403832505323,0.8924731182795699,0.10752688172043011,0.0,
densenet121,43,LAC,unseen,6,0.9991917877735351,5998,7,8463,8,0.9957065814964134,0.9210289744830925,0.9989365473236441,1.0,0.9968847352024922,0.9989428748109395,0.9965437788018433,1.1615266453976132,0.0,0.16152664539761313,0.9998429237132834
densenet121,43,LAC,seen,7,0.0023071499304906373,19099,15,7326,8,0.9957065814964134,0.9210289744830925,0.7375102375102375,0.8950181740431901,0.45941864854662134,0.7732992748501564,0.39038351459645104,0.7921102921102922,0.2078897078897079,0.0,
densenet121,43,LAC,unseen,7,0.08322034391138522,7135,7,7326,8,0.9957065814964134,0.9210289744830925,0.8326508326508326,0.9766944622621339,0.5783314458286146,0.8878665391076657,0.4224384659416142,0.9376194376194377,0.06238056238056238,0.0,0.9875909733493901
densenet121,43,LAC,seen,8,0.0023071499304906373,19099,15,7994,8,0.9957065814964134,0.9210289744830925,0.7591943957968477,0.9068810770381451,0.46069538926681786,0.784148187123745,0.39038351459645104,0.8089817363022267,0.19101826369777333,0.0,
densenet121,43,LAC,unseen,8,0.13285062659796898,6467,7,7994,8,0.9957065814964134,0.9210289744830925,0.8572679509632224,0.9884068810770381,0.592214663643235,0.9080622271956745,0.4315970234688037,0.9587190392794596,0.041280960720540404,0.0,0.9899471176501388
densenet121,43,LAC,seen,9,0.0023071499304906373,19099,15,8364,8,0.9957065814964134,0.9210289744830925,0.7899330463892874,0.9429571303587052,0.45979614949037373,0.8381049098508122,0.39038351459645104,0.837637494021999,0.16236250597800095,0.0,
densenet121,43,LAC,unseen,9,0.16976589622545601,6097,7,8364,8,0.9957065814964134,0.9210289744830925,0.8678861788617886,0.9935258092738408,0.5968289920724802,0.9156989275726397,0.4356038923869491,0.9684361549497847,0.03156384505021521,0.0,0.9912560867061103
densenet121,43,LAC,seen,10,0.0023071499304906373,19099,15,7854,8,0.9957065814964134,0.9210289744830925,0.8826075884899415,0.9262839879154079,0.80754586362063,0.9010999112151759,0.759403832505323,0.8842627960275019,0.11573720397249809,0.0,
densenet121,43,LAC,unseen,10,0.9987978831278069,6607,7,7854,8,0.9957065814964134,0.9210289744830925,0.998472116119175,1.0,0.995846313603323,0.9984961282240878,0.9964513839602555,1.148332060096766,0.0,0.14833206009676597,0.9997905649510446
densenet121,43,LAC,seen,11,0.0023071499304906373,19099,15,8577,8,0.9957065814964134,0.9210289744830925,0.8336248105398157,0.8952664927320164,0.7306135160386172,0.8133165730709442,0.4839650145772595,0.8356068555438965,0.16439314445610353,0.0,
densenet121,43,LAC,unseen,11,0.9992133719697293,5884,7,8577,8,0.9957065814964134,0.9210289744830925,0.9986009094088842,0.9998136414461424,0.9965742759265026,0.9986267676268248,0.9956927494615937,1.228984493412615,0.0,0.22898449341261512,0.9998429237132834
densenet121,43,LAC,seen,12,0.0023071499304906373,19099,15,7598,8,0.9957065814964134,0.9210289744830925,0.7902079494603843,0.833257403189066,0.7312967581047382,0.7574394175366077,0.4839650145772595,0.7923137667807317,0.20768623321926824,0.0,
densenet121,43,LAC,unseen,12,0.9986672238984956,6863,7,7598,8,0.9957065814964134,0.9210289744830925,0.9978941826796526,0.9997722095671981,0.9953241895261845,0.9981129609541362,0.9956927494615937,1.242037378257436,0.0,0.24203737825743618,0.9997905649510446
densenet121,43,LAC,seen,13,0.0023071499304906373,19099,15,8559,8,0.9957065814964134,0.9210289744830925,0.8432059820072438,0.9113355780022446,0.7298474945533769,0.823220933691597,0.4839650145772595,0.8451921953499241,0.15480780465007593,0.0,
densenet121,43,LAC,unseen,13,0.9991917877735351,5902,7,8559,8,0.9957065814964134,0.9210289744830925,0.9984811309732445,0.9998129442573886,0.996265172735761,0.9984720646565278,0.9956927494615937,1.2136931884565954,0.0,0.2136931884565954,0.9998429237132834
densenet121,43,LAC,seen,14,0.0023071499304906373,19099,15,8815,8,0.9957065814964134,0.9210289744830925,0.7573454339194555,0.9352617079889807,0.4137013634852012,0.776736495457114,0.39038351459645104,0.8029495178672716,0.1970504821327283,0.0,
densenet121,43,LAC,unseen,14,0.04534148515440117,5646,7,8815,8,0.9957065814964134,0.9210289744830925,0.8352807714123653,0.9767561983471075,0.5620219487861656,0.8623551219587178,0.41385231825987406,0.918207600680658,0.08179239931934203,0.0,0.9843970888528195
densenet121,43,LAC,seen,15,0.0023071499304906373,19099,15,7960,8,0.9957065814964134,0.9210289744830925,0.8467336683417085,0.8717490569783601,0.8036264112213479,0.7956809355728218,0.4839650145772595,0.8484924623115578,0.15150753768844222,0.0,
densenet121,43,LAC,unseen,15,0.9988339714541546,6501,7,7960,8,0.9957065814964134,0.9210289744830925,0.9984924623115577,0.9998014691284495,0.9962367430721861,0.9984226678372286,0.9965437788018433,1.1883165829145728,0.0,0.18831658291457287,0.9997905649510446
densenet121,43,LAC,seen,16,0.0023071499304906373,19099,15,8072,8,0.9957065814964134,0.9210289744830925,0.7201437066402379,0.8988235294117647,0.4135262449528937,0.7142531374135497,0.39038351459645104,0.7699454905847374,0.23005450941526265,0.0,
densenet121,43,LAC,unseen,16,0.034543965663823784,6389,7,8072,8,0.9957065814964134,0.9210289744830925,0.8120664023785926,0.9649019607843137,0.5497981157469717,0.8440339987582954,0.40927303949627936,0.8986620416253717,0.10133795837462835,0.0,0.982355097125504
densenet121,43,LAC,seen,17,0.0023071499304906373,19099,15,8407,8,0.9957065814964134,0.9210289744830925,0.8646366123468539,0.8966460080204156,0.8045190003423485,0.8486617771455556,0.5076142131979695,0.8661829427857738,0.13381705721422624,0.0,
densenet121,43,LAC,unseen,17,0.9991662383719331,6054,7,8407,8,0.9957065814964134,0.9210289744830925,0.9989294635422862,1.0,0.9969188634029442,0.9989428748109395,0.9965437788018433,1.1885333650529322,0.0,0.18853336505293208,0.9998429237132834
densenet121,43,LAC,seen,18,0.0023071499304906373,19099,15,6956,8,0.9957065814964134,0.9210289744830925,0.6993962047153537,0.8461716937354988,0.4603174603174603,0.7193425521230892,0.39038351459645104,0.7567567567567568,0.24324324324324326,0.0,
densenet121,43,LAC,unseen,18,0.05522825875701165,7505,7,6956,8,0.9957065814964134,0.9210289744830925,0.8122484186313974,0.9596287703016241,0.5721844293272865,0.8673452767808996,0.41614195764167144,0.9166187464059804,0.08338125359401956,0.0,0.9850253939996858
densenet121,43,LAC,seen,19,0.0023071499304906373,19099,15,7428,8,0.9957065814964134,0.9210289744830925,0.824313408723748,0.8365853658536585,0.8053461274845785,0.7927846216112191,0.5076142131979695,0.8259289176090469,0.17407108239095315,0.0,
densenet121,43,LAC,unseen,19,0.9985851207095624,7033,7,7428,8,0.9957065814964134,0.9210289744830925,0.9983844911147012,1.0,0.995887594242632,0.9985837711085479,0.9964513839602555,1.2023424878836833,0.0,0.20234248788368336,0.9997905649510446
densenet121,43,APS,seen,0,0.9999999983596957,19099,15,7524,8,0.9957065814964134,0.9210289744830925,0.960127591706539,0.9638019617001401,0.9552745219000617,0.9546857100355866,0.9060913705583756,0.9860446570972887,0.013955342902711323,0.0,
densenet121,43,APS,unseen,0,1.0,6937,7,7524,8,0.9957065814964134,0.9210289744830925,0.9993354598617756,0.9992993928070995,0.999383096853794,0.9989827614285487,0.9949238578680203,1.9465709728867624,0.0,0.9465709728867624,0.9998429237132834
densenet121,43,APS,seen,1,0.9999999983596957,19099,15,7976,8,0.9957065814964134,0.9210289744830925,0.8485456369107321,0.9553303303303303,0.6336858006042296,0.8989695055772331,0.4728105323411563,0.9712888665997994,0.0287111334002006,0.0,
densenet121,43,APS,unseen,1,0.9999999959582986,6485,7,7976,8,0.9957065814964134,0.9210289744830925,0.8400200601805417,0.9427552552552553,0.6333081570996979,0.8904541551326225,0.4699484831139096,0.9626379137412236,0.03736208625877633,0.0,0.9205193989214095
densenet121,43,APS,seen,2,0.9999999983596957,19099,15,7682,8,0.9957065814964134,0.9210289744830925,0.9532673782869044,0.9441433930804501,0.9684466019417476,0.9563451909188274,0.886437908496732,0.96888831033585,0.031111689664149962,0.0,
densenet121,43,APS,unseen,2,1.0,6779,7,7682,8,0.9957065814964134,0.9210289744830925,0.9996094766987763,0.9995831596498541,0.9996532593619972,0.9996098573838137,0.9976958525345622,1.941421504816454,0.0,0.941421504816454,0.9998429237132834
densenet121,43,APS,seen,3,0.9999999983596957,19099,15,7443,8,0.9957065814964134,0.9210289744830925,0.9664113932554078,0.9664179104477612,0.966401108417042,0.9654847096666967,0.9307116104868914,0.9828026333467688,0.017197366653231225,0.0,
densenet121,43,APS,unseen,3,1.0,7018,7,7443,8,0.9957065814964134,0.9210289744830925,0.9995969367190649,0.9997805092186128,0.9993072393488049,0.9995087295342999,0.9976958525345622,1.9416901786913878,0.0,0.9416901786913879,0.9998429237132834
densenet121,43,APS,seen,4,0.9999999983596957,19099,15,6999,8,0.9957065814964134,0.9210289744830925,0.9602800400057151,0.9571183533447685,0.9647018505825908,0.9545974229781797,0.9060913705583756,0.9825689384197742,0.017431061580225747,0.0,
densenet121,43,APS,unseen,4,1.0,7462,7,6999,8,0.9957065814964134,0.9210289744830925,0.9992856122303186,0.9992648860573389,0.9993145990404386,0.9988742117678024,0.9949238578680203,1.942134590655808,0.0,0.942134590655808,0.9998429237132834
densenet121,43,APS,seen,5,0.9999999983596957,19099,15,7876,8,0.9957065814964134,0.9210289744830925,0.9696546470289487,0.9814214733203716,0.9528795811518325,0.962167322654895,0.9060913705583756,0.9947943118334179,0.005205688166582022,0.0,
densenet121,43,APS,unseen,5,1.0,6585,7,7876,8,0.9957065814964134,0.9210289744830925,0.9993651599796851,0.9993519118600129,0.9993840468124423,0.9989827614285487,0.9949238578680203,1.9441340782122905,0.0,0.9441340782122905,0.9998429237132834
densenet121,43,APS,seen,6,0.9999999983596957,19099,15,8463,8,0.9957065814964134,0.9210289744830925,0.9600614439324117,0.9571223537854323,0.9657320872274143,0.9614004073690094,0.886437908496732,0.9723502304147466,0.027649769585253458,0.0,
densenet121,43,APS,unseen,6,1.0,5998,7,8463,8,0.9957065814964134,0.9210289744830925,0.9996455157745481,0.9996411912450663,0.9996538594669436,0.9996098573838137,0.9976958525345622,1.9400921658986174,0.0,0.9400921658986175,0.9998429237132834
densenet121,43,APS,seen,7,0.9999999983596957,19099,15,7326,8,0.9957065814964134,0.9210289744830925,0.846027846027846,0.9668590977122087,0.6326915817289543,0.9024696099003284,0.4728105323411563,0.9825279825279826,0.017472017472017473,0.0,
densenet121,43,APS,unseen,7,0.9999999980476493,7135,7,7326,8,0.9957065814964134,0.9210289744830925,0.8446628446628447,0.964720974983964,0.6326915817289543,0.9010728402110968,0.4728105323411563,0.9811629811629812,0.018837018837018837,0.0,0.9448662233624797
densenet121,43,APS,seen,8,0.9999999983596957,19099,15,7994,8,0.9957065814964134,0.9210289744830925,0.8402551913935452,0.9420344053851907,0.6345427059712774,0.8909036949833327,0.4728105323411563,0.9627220415311484,0.03727795846885164,0.0,
densenet121,43,APS,unseen,8,0.9999999861569411,6467,7,7994,8,0.9957065814964134,0.9210289744830925,0.8056042031523643,0.8917352281226627,0.6315192743764172,0.8567624861047125,0.4636519748139668,0.9279459594696022,0.0720540405303978,0.0,0.8589454945285093
densenet121,43,APS,seen,9,0.9999999983596957,19099,15,8364,8,0.9957065814964134,0.9210289744830925,0.84636537541846,0.9452318460192476,0.6330690826727067,0.8903194970087407,0.4728105323411563,0.9637733142037302,0.036226685796269725,0.0,
densenet121,43,APS,unseen,9,0.9999999860012283,6097,7,8364,8,0.9957065814964134,0.9210289744830925,0.8112147297943567,0.8951881014873141,0.6300490751226878,0.8537983537464746,0.4636519748139668,0.9285031085604973,0.07149689143950264,0.0,0.8581077543326876
densenet121,43,APS,seen,10,0.9999999983596957,19099,15,7854,8,0.9957065814964134,0.9210289744830925,0.9718614718614719,0.9756294058408862,0.965385946694358,0.9711241240914708,0.9222797927461139,0.9849758085052203,0.01502419149477973,0.0,
densenet121,43,APS,unseen,10,1.0,6607,7,7854,8,0.9957065814964134,0.9210289744830925,0.9996180290297937,0.9997985901309164,0.9993077189338871,0.9995087295342999,0.9976958525345622,1.9416857652151769,0.0,0.941685765215177,0.9998429237132834
densenet121,43,APS,seen,11,0.9999999983596957,19099,15,8577,8,0.9957065814964134,0.9210289744830925,0.9546461466713303,0.9532240029817368,0.9570227343506695,0.9558492800016423,0.886437908496732,0.9735338696513932,0.026466130348606738,0.0,
densenet121,43,APS,unseen,11,1.0,5884,7,8577,8,0.9957065814964134,0.9210289744830925,0.9996502273522211,0.9996272828922848,0.9996885705387729,0.9997184070445599,0.9985642498205313,1.944036376355369,0.0,0.944036376355369,0.9998429237132834
densenet121,43,APS,seen,12,0.9999999983596957,19099,15,7598,8,0.9957065814964134,0.9210289744830925,0.9652540142142669,0.9703872437357631,0.9582294264339152,0.9661571946986957,0.9307116104868914,0.9860489602526981,0.013951039747301922,0.0,
densenet121,43,APS,unseen,12,1.0,6863,7,7598,8,0.9957065814964134,0.9210289744830925,0.9996051592524349,0.9997722095671981,0.9993765586034913,0.9996172791950462,0.9983739837398374,1.9476177941563568,0.0,0.9476177941563569,0.9998429237132834
densenet121,43,APS,seen,13,0.9999999983596957,19099,15,8559,8,0.9957065814964134,0.9210289744830925,0.9626124547260194,0.9665170220725776,0.9561157796451915,0.9639150905955427,0.886437908496732,0.9815398995209721,0.018460100479027925,0.0,
densenet121,43,APS,unseen,13,1.0,5902,7,8559,8,0.9957065814964134,0.9210289744830925,0.9996494917630564,0.9996258885147774,0.9996887643946467,0.9997184070445599,0.9985642498205313,1.9433345016941233,0.0,0.9433345016941231,0.9998429237132834
densenet121,43,APS,seen,14,0.9999999983596957,19099,15,8815,8,0.9957065814964134,0.9210289744830925,0.8476460578559274,0.9452479338842975,0.6591286997006983,0.8789362994030384,0.4728105323411563,0.9676687464549064,0.03233125354509359,0.0,
densenet121,43,APS,unseen,14,0.9999999841741825,5646,7,8815,8,0.9957065814964134,0.9210289744830925,0.813953488372093,0.8941115702479339,0.6591286997006983,0.8435244598968594,0.46307956496851743,0.9338627339761769,0.06613726602382303,0.0,0.8506728100947694
densenet121,43,APS,seen,15,0.9999999983596957,19099,15,7960,8,0.9957065814964134,0.9210289744830925,0.9580402010050251,0.9555290847726822,0.9623674307218612,0.9523553188750269,0.886437908496732,0.978140703517588,0.021859296482412062,0.0,
densenet121,43,APS,unseen,15,1.0,6501,7,7960,8,0.9957065814964134,0.9210289744830925,0.9993718592964824,0.9992058765137979,0.9996578857338351,0.9989753396173162,0.9949238578680203,1.9381909547738694,0.0,0.9381909547738694,0.9998429237132834
densenet121,43,APS,seen,16,0.9999999983596957,19099,15,8072,8,0.9957065814964134,0.9210289744830925,0.8525768087215064,0.9650980392156863,0.6594885598923284,0.9014841888037664,0.4728105323411563,0.9810455896927651,0.018954410307234885,0.0,
densenet121,43,APS,unseen,16,0.9999999975015976,6389,7,8072,8,0.9957065814964134,0.9210289744830925,0.8508424182358771,0.9623529411764706,0.6594885598923284,0.9001279859431154,0.4716657126502576,0.9793111992071358,0.020688800792864222,0.0,0.9377977904602335
densenet121,43,APS,seen,17,0.9999999983596957,19099,15,8407,8,0.9957065814964134,0.9210289744830925,0.9473058165814202,0.938753189938024,0.9633687093461143,0.941863112112,0.886437908496732,0.9640775544189366,0.035922445581063396,0.0,
densenet121,43,APS,unseen,17,1.0,6054,7,8407,8,0.9957065814964134,0.9210289744830925,0.9994052575234923,0.999270871308786,0.999657651489216,0.9989753396173162,0.9949238578680203,1.9398120613774237,0.0,0.9398120613774236,0.9998429237132834
densenet121,43,APS,seen,18,0.9999999983596957,19099,15,6956,8,0.9957065814964134,0.9210289744830925,0.8389879240943071,0.9647331786542923,0.6341647770219199,0.9030538078749204,0.4728105323411563,0.9823174238067856,0.01768257619321449,0.0,
densenet121,43,APS,unseen,18,0.999999997737826,7505,7,6956,8,0.9957065814964134,0.9210289744830925,0.8364002300172513,0.9605568445475638,0.6341647770219199,0.9006122988471903,0.4716657126502576,0.9797297297297297,0.02027027027027027,0.0,0.9408345986700875
densenet121,43,APS,seen,19,0.9999999983596957,19099,15,7428,8,0.9957065814964134,0.9210289744830925,0.9571890145395799,0.9523281596452328,0.9647018505825908,0.9521710268090533,0.9060913705583756,0.9756327409800754,0.02436725901992461,0.0,
densenet121,43,APS,unseen,19,1.0,7033,7,7428,8,0.9957065814964134,0.9210289744830925,0.9993268712977922,0.9993348115299335,0.9993145990404386,0.9988742117678024,0.9949238578680203,1.9429186860527732,0.0,0.9429186860527733,0.9998429237132834
densenet121,44,LAC,seen,0,0.0036142072777014533,19099,15,7524,8,0.9954447876852192,0.9150127930295276,0.835725677830941,0.7926202709014479,0.8926588525601481,0.7554734601746236,0.4897959183673469,0.838782562466773,0.161217437533227,0.0,
densenet121,44,LAC,unseen,0,0.9999530255119888,6937,7,7524,8,0.9954447876852192,0.9150127930295276,0.9997341839447103,0.9997664642690332,0.999691548426897,0.9995458341269028,0.9970845481049563,1.4609250398724083,0.0,0.4609250398724083,1.0
densenet121,44,LAC,seen,1,0.0036142072777014533,19099,15,7976,8,0.9954447876852192,0.9150127930295276,0.7897442326980942,0.9198573573573574,0.5279456193353474,0.8081070185485733,0.38866628506010303,0.8889167502507522,0.11108324974924774,0.0,
densenet121,44,LAC,unseen,1,0.07945426485045515,6485,7,7976,8,0.9954447876852192,0.9150127930295276,0.8476680040120361,0.9851726726726727,0.5709969788519638,0.8989455106788288,0.3978248425872925,0.9735456369107321,0.026454363089267803,0.0,0.9863867218178962
densenet121,44,LAC,seen,2,0.0036142072777014533,19099,15,7682,8,0.9954447876852192,0.9150127930295276,0.8562874251497006,0.823051271363068,0.9115811373092927,0.7942571549874333,0.4897959183673469,0.8582400416558188,0.1417599583441812,0.0,
densenet121,44,LAC,unseen,2,0.9999565794250093,6779,7,7682,8,0.9954447876852192,0.9150127930295276,0.9997396511325176,0.9997915798249271,0.9996532593619972,0.9995334443301129,0.9970845481049563,1.4398594116115595,0.0,0.4398594116115595,1.0
densenet121,44,LAC,seen,3,0.0036142072777014533,19099,15,7443,8,0.9954447876852192,0.9150127930295276,0.8731694209324197,0.8500877963125548,0.909594735019051,0.845345385684336,0.4897959183673469,0.875453446191052,0.12454655380894801,0.0,
densenet121,44,LAC,unseen,3,0.9999500217411169,7018,7,7443,8,0.9954447876852192,0.9150127930295276,0.9998656455730216,0.9997805092186128,1.0,0.9996355685131195,0.9970845481049563,1.442832191320704,0.0,0.442832191320704,1.0
densenet121,44,LAC,seen,4,0.0036142072777014533,19099,15,6999,8,0.9954447876852192,0.9150127930295276,0.8248321188741249,0.7667238421955404,0.906100068540096,0.7510518706602314,0.4897959183673469,0.8275467923989142,0.17245320760108587,0.0,
densenet121,44,LAC,unseen,4,0.9999398355370588,7462,7,6999,8,0.9954447876852192,0.9150127930295276,0.9998571224460637,0.999754962019113,1.0,0.9996355685131195,0.9970845481049563,1.4649235605086441,0.0,0.4649235605086441,0.9999476412377611
densenet121,44,LAC,seen,5,0.0036142072777014533,19099,15,7876,8,0.9954447876852192,0.9150127930295276,0.8792534281361097,0.8716785482825664,0.8900523560209425,0.8237705914912425,0.4897959183673469,0.882554596241747,0.11744540375825292,0.0,
densenet121,44,LAC,unseen,5,0.9999616044660976,6585,7,7876,8,0.9954447876852192,0.9150127930295276,0.999746063991874,0.9997839706200043,0.9996920234062211,0.9995458341269028,0.9970845481049563,1.436389029964449,0.0,0.43638902996444895,1.0
densenet121,44,LAC,seen,6,0.0036142072777014533,19099,15,8463,8,0.9954447876852192,0.9150127930295276,0.9228406002599551,0.9302116971654109,0.9086188992731049,0.9248725426221236,0.8696581196581197,0.9247311827956989,0.07526881720430108,0.0,
densenet121,44,LAC,unseen,6,0.9999701093342577,5998,7,8463,8,0.9954447876852192,0.9150127930295276,0.999881838591516,1.0,0.9996538594669436,0.9998978758169934,0.9991830065359477,1.3985584308164953,0.0,0.39855843081649533,1.0
densenet121,44,LAC,seen,7,0.0036142072777014533,19099,15,7326,8,0.9954447876852192,0.9150127930295276,0.754026754026754,0.8826170622193714,0.5269913174782936,0.7830112893426,0.38866628506010303,0.8622713622713623,0.13772863772863772,0.0,
densenet121,44,LAC,unseen,7,0.03346152352894849,7135,7,7326,8,0.9954447876852192,0.9150127930295276,0.8119028119028119,0.9546717981612145,0.5598338995847489,0.8629095923011445,0.39439038351459643,0.944034944034944,0.055965055965055965,0.0,0.9790041363422168
densenet121,44,LAC,seen,8,0.0036142072777014533,19099,15,7994,8,0.9954447876852192,0.9150127930295276,0.775331498623968,0.8973448017950636,0.5287226001511716,0.7942413149637684,0.38866628506010303,0.8740305228921691,0.12596947710783088,0.0,
densenet121,44,LAC,unseen,8,0.05684818876449105,6467,7,7994,8,0.9954447876852192,0.9150127930295276,0.839754816112084,0.9738219895287958,0.5687830687830688,0.889139904722021,0.3955352032054951,0.9638478859144358,0.03615211408556417,0.0,0.9842400125661029
densenet121,44,LAC,seen,9,0.0036142072777014533,19099,15,8364,8,0.9954447876852192,0.9150127930295276,0.8051171688187471,0.9340332458442695,0.5269913174782936,0.8486727426955827,0.38866628506010303,0.8995695839311334,0.10043041606886657,0.0,
densenet121,44,LAC,unseen,9,0.08068288669402168,6097,7,8364,8,0.9954447876852192,0.9150127930295276,0.852702056432329,0.9835520559930009,0.570403926009815,0.90241713040073,0.3978248425872925,0.9727403156384505,0.027259684361549498,0.0,0.9864390805801351
densenet121,44,LAC,seen,10,0.0036142072777014533,19099,15,7854,8,0.9954447876852192,0.9150127930295276,0.9160937102113572,0.9204431017119838,0.9086188992731049,0.921529345587212,0.8696581196581197,0.9182582123758595,0.08174178762414057,0.0,
densenet121,44,LAC,unseen,10,0.9999624006105475,6607,7,7854,8,0.9954447876852192,0.9150127930295276,1.0,1.0,1.0,1.0,1.0,1.409982174688057,0.0,0.40998217468805703,1.0
densenet121,44,LAC,seen,11,0.0036142072777014533,19099,15,8577,8,0.9954447876852192,0.9150127930295276,0.8894718433018538,0.8857622064852777,0.8956711304889442,0.8531101722336397,0.4897959183673469,0.8918036609537134,0.10819633904628657,0.0,
densenet121,44,LAC,unseen,11,0.9999714121615745,5884,7,8577,8,0.9954447876852192,0.9150127930295276,0.9996502273522211,0.9998136414461424,0.9993771410775459,0.9994437099438962,0.9970845481049563,1.4396642182581323,0.0,0.43966421825813223,1.0
densenet121,44,LAC,seen,12,0.0036142072777014533,19099,15,7598,8,0.9954447876852192,0.9150127930295276,0.8525927875756778,0.8198177676537586,0.8974438902743143,0.7953355474669139,0.4897959183673469,0.8552250592261121,0.14477494077388786,0.0,
densenet121,44,LAC,unseen,12,0.9999541966255414,6863,7,7598,8,0.9954447876852192,0.9150127930295276,0.9997367728349565,0.9997722095671981,0.9996882793017456,0.9995458341269028,0.9970845481049563,1.4553829955251383,0.0,0.45538299552513817,1.0
densenet121,44,LAC,seen,13,0.0036142072777014533,19099,15,8559,8,0.9954447876852192,0.9150127930295276,0.903142890524594,0.9081556303778526,0.8948023653906007,0.8669758758184445,0.4897959183673469,0.9057132842621801,0.09428671573781984,0.0,
densenet121,44,LAC,unseen,13,0.9999712678925735,5902,7,8559,8,0.9954447876852192,0.9150127930295276,0.9996494917630564,0.9998129442573886,0.9993775287892935,0.9994437099438962,0.9970845481049563,1.4218950812010749,0.0,0.4218950812010749,1.0
densenet121,44,LAC,seen,14,0.0036142072777014533,19099,15,8815,8,0.9954447876852192,0.9150127930295276,0.8007941009642655,0.9294077134986226,0.5523777851679414,0.8132322449176848,0.38866628506010303,0.8912081678956324,0.10879183210436756,0.0,
densenet121,44,LAC,unseen,14,0.04833577984937476,5646,7,8815,8,0.9954447876852192,0.9150127930295276,0.8454906409529211,0.9722796143250688,0.6005986032590622,0.8723965589116165,0.3955352032054951,0.9596142938173567,0.04038570618264322,0.0,0.9825645321744594
densenet121,44,LAC,seen,15,0.0036142072777014533,19099,15,7960,8,0.9954447876852192,0.9150127930295276,0.882537688442211,0.870557871749057,0.9031816626753335,0.8226921990117619,0.4897959183673469,0.8851758793969849,0.11482412060301507,0.0,
densenet121,44,LAC,unseen,15,0.9999628304532253,6501,7,7960,8,0.9954447876852192,0.9150127930295276,0.999748743718593,0.9998014691284495,0.9996578857338351,0.9995334443301129,0.9970845481049563,1.4192211055276382,0.0,0.4192211055276382,1.0
densenet121,44,LAC,seen,16,0.0036142072777014533,19099,15,8072,8,0.9954447876852192,0.9150127930295276,0.7704410307234886,0.8962745098039215,0.5545087483176312,0.7502103517448941,0.38866628506010303,0.869177403369673,0.13082259663032705,0.0,
densenet121,44,LAC,unseen,16,0.04068280070368013,6389,7,8072,8,0.9954447876852192,0.9150127930295276,0.8310208126858275,0.9666666666666667,0.598250336473755,0.8619060345011089,0.3949627933600458,0.9536669970267592,0.04633300297324083,0.0,0.9809937693072935
densenet121,44,LAC,seen,17,0.0036142072777014533,19099,15,8407,8,0.9954447876852192,0.9150127930295276,0.8943737361722374,0.8891724389354722,0.9041424169804861,0.8711447517450286,0.550761421319797,0.8963958605923635,0.10360413940763649,0.0,
densenet121,44,LAC,unseen,17,0.999969989387039,6054,7,8407,8,0.9954447876852192,0.9150127930295276,0.9998810515046984,1.0,0.999657651489216,0.9998978758169934,0.9991830065359477,1.4201260854050197,0.0,0.4201260854050196,1.0
densenet121,44,LAC,seen,18,0.0036142072777014533,19099,15,6956,8,0.9954447876852192,0.9150127930295276,0.7170787809085681,0.8327146171693736,0.5287226001511716,0.7285798616107857,0.38866628506010303,0.8309373202990225,0.16906267970097758,0.0,
densenet121,44,LAC,unseen,18,0.017769184588902753,7505,7,6956,8,0.9954447876852192,0.9150127930295276,0.7767395054629097,0.9148491879350348,0.5517762660619804,0.8191789571332055,0.39324556382369774,0.9095744680851063,0.09042553191489362,0.0,0.9728781611602701
densenet121,44,LAC,seen,19,0.0036142072777014533,19099,15,7428,8,0.9954447876852192,0.9150127930295276,0.8572967151319332,0.825720620842572,0.906100068540096,0.8133701269783027,0.4977168949771689,0.8595853527194399,0.14041464728056005,0.0,
densenet121,44,LAC,unseen,19,0.9999500217411169,7033,7,7428,8,0.9954447876852192,0.9150127930295276,1.0,1.0,1.0,1.0,1.0,1.4316101238556813,0.0,0.4316101238556812,1.0
densenet121,44,APS,seen,0,0.9999999990269832,19099,15,7524,8,0.9954447876852192,0.9150127930295276,0.967304625199362,0.9836524988323213,0.945712523133868,0.9670863663426206,0.9263959390862944,0.9892344497607656,0.01076555023923445,0.0,
densenet121,44,APS,unseen,0,1.0,6937,7,7524,8,0.9954447876852192,0.9150127930295276,0.9992025518341308,0.9992993928070995,0.9990746452806909,0.9988345842326013,0.9949238578680203,1.9479000531632111,0.0,0.947900053163211,0.9997905649510446
densenet121,44,APS,seen,1,0.9999999990269832,19099,15,7976,8,0.9954447876852192,0.9150127930295276,0.8528084252758275,0.9834834834834835,0.5898791540785498,0.909754561331864,0.4075558099599313,0.9909729187562688,0.009027081243731194,0.0,
densenet121,44,APS,unseen,1,0.9999999936122947,6485,7,7976,8,0.9954447876852192,0.9150127930295276,0.8424022066198595,0.9692192192192193,0.5872356495468278,0.9006557128323296,0.4058385804235833,0.9803159478435306,0.019684052156469407,0.0,0.8916697209277973
densenet121,44,APS,seen,2,0.9999999990269832,19099,15,7682,8,0.9954447876852192,0.9150127930295276,0.9661546472272846,0.9754064193413923,0.9507628294036061,0.9716656415597977,0.9444444444444444,0.981645404842489,0.018354595157511065,0.0,
densenet121,44,APS,unseen,2,1.0,6779,7,7682,8,0.9954447876852192,0.9150127930295276,0.9996094766987763,0.9997915798249271,0.9993065187239945,0.9995588363853156,0.997716894977169,1.9446758656599843,0.0,0.9446758656599844,0.9997905649510446
densenet121,44,APS,seen,3,0.9999999990269832,19099,15,7443,8,0.9954447876852192,0.9150127930295276,0.9724573424694344,0.9883669885864794,0.9473501905091791,0.9769797038088225,0.9458154506437768,0.9888485825607953,0.011151417439204623,0.0,
densenet121,44,APS,unseen,3,1.0,7018,7,7443,8,0.9954447876852192,0.9150127930295276,0.9997312911460433,1.0,0.9993072393488049,0.9998442245131695,0.9992902767920511,1.9441085583769986,0.0,0.9441085583769985,0.9997905649510446
densenet121,44,APS,seen,4,0.9999999990269832,19099,15,6999,8,0.9954447876852192,0.9150127930295276,0.9671381625946563,0.9811320754716981,0.9475668265935572,0.9677079940664934,0.9263959390862944,0.9884269181311616,0.011573081868838405,0.0,
densenet121,44,APS,unseen,4,1.0,7462,7,6999,8,0.9954447876852192,0.9150127930295276,0.9992856122303186,0.9992648860573389,0.9993145990404386,0.9989243186188181,0.9949238578680203,1.9444206315187884,0.0,0.9444206315187884,0.9997905649510446
densenet121,44,APS,seen,5,0.9999999990269832,19099,15,7876,8,0.9954447876852192,0.9150127930295276,0.9699085830370746,0.9887664722402246,0.9430243301509086,0.968973190426808,0.9263959390862944,0.989461655662773,0.010538344337227019,0.0,
densenet121,44,APS,unseen,5,1.0,6585,7,7876,8,0.9954447876852192,0.9150127930295276,0.9993651599796851,0.9995679412400087,0.9990760702186634,0.9991199723604551,0.9949238578680203,1.9448958862366683,0.0,0.9448958862366683,0.9997905649510446
densenet121,44,APS,seen,6,0.9999999990269832,19099,15,8463,8,0.9954447876852192,0.9150127930295276,0.9714049391468746,0.9836742016505202,0.9477327795084804,0.9776424065796487,0.9444444444444444,0.9827484343613376,0.017251565638662415,0.0,
densenet121,44,APS,unseen,6,1.0,5998,7,8463,8,0.9954447876852192,0.9150127930295276,0.999763677183032,1.0,0.9993077189338871,0.9998442245131695,0.9992902767920511,1.9398558430816495,0.0,0.9398558430816495,0.9997905649510446
densenet121,44,APS,seen,7,0.9999999990269832,19099,15,7326,8,0.9954447876852192,0.9150127930295276,0.8445263445263446,0.9901646354500748,0.5873914684786712,0.9096972487233418,0.4075558099599313,0.9984984984984985,0.0015015015015015015,0.0,
densenet121,44,APS,unseen,7,0.9999999965381328,7135,7,7326,8,0.9954447876852192,0.9150127930295276,0.8432978432978433,0.9890955740859525,0.5858814647036618,0.908186756896477,0.4075558099599313,0.996996996996997,0.003003003003003003,0.0,0.9151264464108069
densenet121,44,APS,seen,8,0.9999999990269832,19099,15,7994,8,0.9954447876852192,0.9150127930295276,0.8517638228671504,0.9809274495138369,0.590702947845805,0.9084731274099807,0.4075558099599313,0.9909932449337002,0.009006755066299724,0.0,
densenet121,44,APS,unseen,8,0.9999999932220769,6467,7,7994,8,0.9954447876852192,0.9150127930295276,0.8412559419564674,0.9667165295437546,0.5876795162509448,0.8992471931298975,0.4058385804235833,0.9802351763822867,0.019764823617713284,0.0,0.8889470652913765
densenet121,44,APS,seen,9,0.9999999990269832,19099,15,8364,8,0.9954447876852192,0.9150127930295276,0.8580822572931611,0.9828521434820647,0.5889014722536806,0.9090785175722846,0.4075558099599313,0.9911525585844094,0.008847441415590627,0.0,
densenet121,44,APS,unseen,9,0.9999999938431918,6097,7,8364,8,0.9954447876852192,0.9150127930295276,0.8481587757054041,0.9695538057742782,0.5862589656474141,0.8998986490623588,0.4058385804235833,0.9809899569583931,0.019010043041606885,0.0,0.893292842557202
densenet121,44,APS,seen,10,0.9999999990269832,19099,15,7854,8,0.9954447876852192,0.9150127930295276,0.9764451235039471,0.9939577039274925,0.9463482173762547,0.9823510786663696,0.9458154506437768,0.9890501655207538,0.010949834479246244,0.0,
densenet121,44,APS,unseen,10,1.0,6607,7,7854,8,0.9954447876852192,0.9150127930295276,0.9997453526865292,1.0,0.9993077189338871,0.9998442245131695,0.9992902767920511,1.9386299974535268,0.0,0.9386299974535268,0.9997905649510446
densenet121,44,APS,seen,11,0.9999999990269832,19099,15,8577,8,0.9954447876852192,0.9150127930295276,0.9675877346391513,0.9800596347372345,0.9467455621301775,0.9716494039982289,0.9444444444444444,0.9833275037892036,0.016672496210796316,0.0,
densenet121,44,APS,unseen,11,1.0,5884,7,8577,8,0.9954447876852192,0.9150127930295276,0.9996502273522211,1.0,0.9990657116163189,0.9997544901269526,0.9992821249102656,1.9480004663635304,0.0,0.9480004663635304,0.9997905649510446
densenet121,44,APS,seen,12,0.9999999990269832,19099,15,7598,8,0.9954447876852192,0.9150127930295276,0.9711766254277442,0.9886104783599089,0.9473192019950125,0.9757526859226457,0.9458154506437768,0.989339299815741,0.010660700184259015,0.0,
densenet121,44,APS,unseen,12,1.0,6863,7,7598,8,0.9954447876852192,0.9150127930295276,0.9994735456699131,0.9997722095671981,0.9990648379052369,0.9994691019990988,0.997716894977169,1.9472229534087917,0.0,0.9472229534087918,0.9997905649510446
densenet121,44,APS,seen,13,0.9999999990269832,19099,15,8559,8,0.9954447876852192,0.9150127930295276,0.9688047669120224,0.9826038159371493,0.945845004668534,0.9729308379201123,0.9444444444444444,0.9832924407056899,0.016707559294310084,0.0,
densenet121,44,APS,unseen,13,1.0,5902,7,8559,8,0.9954447876852192,0.9150127930295276,0.9996494917630564,1.0,0.9990662931839402,0.9997544901269526,0.9992821249102656,1.945087042878841,0.0,0.9450870428788409,0.9997905649510446
densenet121,44,APS,seen,14,0.9999999990269832,19099,15,8815,8,0.9954447876852192,0.9150127930295276,0.8604651162790697,0.9808884297520661,0.6278683072830064,0.8997905702683866,0.4075558099599313,0.9916052183777652,0.008394781622234827,0.0,
densenet121,44,APS,unseen,14,0.9999999924859518,5646,7,8815,8,0.9954447876852192,0.9150127930295276,0.8495745887691435,0.9655647382920111,0.6255404057199867,0.8898191002870064,0.4046937607326846,0.9804878048780488,0.01951219512195122,0.0,0.8852819519346563
densenet121,44,APS,seen,15,0.9999999990269832,19099,15,7960,8,0.9954447876852192,0.9150127930295276,0.9650753768844221,0.9761762954139369,0.9459459459459459,0.9648861460639598,0.9263959390862944,0.982035175879397,0.017964824120603014,0.0,
densenet121,44,APS,unseen,15,1.0,6501,7,7960,8,0.9954447876852192,0.9150127930295276,0.9994974874371859,0.9996029382568989,0.9993157714676703,0.999209706746672,0.9949238578680203,1.942462311557789,0.0,0.9424623115577889,0.9997905649510446
densenet121,44,APS,seen,16,0.9999999990269832,19099,15,8072,8,0.9954447876852192,0.9150127930295276,0.8514618434093162,0.9823529411764705,0.6268506056527591,0.9050429926723276,0.4075558099599313,0.9914519326065411,0.00854806739345887,0.0,
densenet121,44,APS,unseen,16,0.9999999924859518,6389,7,8072,8,0.9954447876852192,0.9150127930295276,0.8403121902874133,0.966078431372549,0.6244952893674294,0.8959590754579247,0.4046937607326846,0.9800545094152626,0.019945490584737362,0.0,0.8852819519346563
densenet121,44,APS,seen,17,0.9999999990269832,19099,15,8407,8,0.9954447876852192,0.9150127930295276,0.9666944213155704,0.9772147283995625,0.9469359808284834,0.9676946530777402,0.9263959390862944,0.982633519685976,0.01736648031402403,0.0,
densenet121,44,APS,unseen,17,1.0,6054,7,8407,8,0.9954447876852192,0.9150127930295276,0.9995242060187939,0.999635435654393,0.9993153029784321,0.9992097067466721,0.9949238578680203,1.9433805162364697,0.0,0.9433805162364696,0.9997905649510446
densenet121,44,APS,seen,18,0.9999999990269832,19099,15,6956,8,0.9954447876852192,0.9150127930295276,0.83654399079931,0.988399071925754,0.5891912320483749,0.9090918585610379,0.4075558099599313,0.9987061529614721,0.0012938470385278895,0.0,
densenet121,44,APS,unseen,18,0.9999999961141937,7505,7,6956,8,0.9954447876852192,0.9150127930295276,0.8356814261069581,0.9879350348027842,0.5876795162509448,0.9080454756450641,0.4075558099599313,0.9975560667050029,0.002443933294997125,0.0,0.9109901041939369
densenet121,44,APS,seen,19,0.9999999990269832,19099,15,7428,8,0.9954447876852192,0.9150127930295276,0.9702477113624125,0.9849223946784922,0.9475668265935572,0.971797935002157,0.9263959390862944,0.9886914378029079,0.011308562197092083,0.0,
densenet121,44,APS,unseen,19,1.0,7033,7,7428,8,0.9954447876852192,0.9150127930295276,0.9993268712977922,0.9993348115299335,0.9993145990404386,0.9989243186188181,0.9949238578680203,1.9419763058696822,0.0,0.9419763058696823,0.9997905649510446
